id,split,diagnostic_type,diagnostic_subtype,source_mode,eval_eligible,split_policy
0133bcec,sft_train,symbol_transform,direct_template_template0134,real,true,auto
02a04b59,sft_train,symbol_transform,direct_template_template0134,real,true,auto
02b8d816,eval_holdout,symbol_transform,direct_template_template0134,real,true,auto
065abaf6,sft_train,symbol_transform,direct_template_template3401,real,true,auto
08111d57,sft_train,symbol_transform,ba_dc,real,true,auto
08f6216d,sft_train,symbol_transform,direct_template_template3401,real,true,auto
0babcba2,grpo_holdout,symbol_transform,ba_dc,real,true,auto
0d4b2baa,sft_train,symbol_transform,direct_template_template0134,real,true,auto
0dcfd566,eval_holdout,symbol_transform,direct_template_template0134,real,true,auto
0e009c6d,sft_train,symbol_transform,ba_dc,real,true,auto
0e2d6796,sft_train,symbol_transform,ba_dc,real,true,auto
0e375364,sft_train,symbol_transform,ba_dc,real,true,auto
12734c90,sft_train,symbol_transform,ba_dc,real,true,auto
16cf827a,eval_holdout,symbol_transform,ba_dc,real,true,auto
17d62f7a,eval_holdout,symbol_transform,ba_dc,real,true,auto
1a28140b,sft_train,symbol_transform,ba_dc,real,true,auto
1c7a0091,eval_holdout,symbol_transform,direct_template_template0134,real,true,auto
1d10ccaf,sft_train,symbol_transform,direct_template_template0134,real,true,auto
21b90d9f,sft_train,symbol_transform,direct_template_template0134,real,true,auto
226cbdf8,sft_train,symbol_transform,ba_dc,real,true,auto
23b0eb54,sft_train,symbol_transform,direct_template_template0134,real,true,auto
24750c4a,sft_train,symbol_transform,ba_dc,real,true,auto
24b2d8eb,sft_train,symbol_transform,ba_dc,real,true,auto
24e1f1d5,sft_train,symbol_transform,direct_template_template0134,real,true,auto
28827821,sft_train,symbol_transform,ba_dc,real,true,auto
2c017f70,sft_train,symbol_transform,direct_template_template0134,real,true,auto
2d7edafd,eval_holdout,symbol_transform,ba_dc,real,true,auto
2f6531cb,sft_train,symbol_transform,direct_template_template0134,real,true,auto
2fc5ef5b,grpo_holdout,symbol_transform,ba_dc,real,true,auto
3185fdeb,grpo_holdout,symbol_transform,direct_template_template0134,real,true,auto
321ef6ba,sft_train,symbol_transform,ba_dc,real,true,auto
34b4cf96,sft_train,symbol_transform,direct_template_template0134,real,true,auto
39a1f5e9,sft_train,symbol_transform,direct_template_template3401,real,true,auto
39c237c7,eval_holdout,symbol_transform,direct_template_template0134,real,true,auto
46c0e367,grpo_holdout,symbol_transform,ba_dc,real,true,auto
52395e9a,sft_train,symbol_transform,ba_dc,real,true,auto
524cb5c6,sft_train,symbol_transform,direct_template_template0134,real,true,auto
5bd9919c,sft_train,symbol_transform,direct_template_template0134,real,true,auto
60ed3f31,sft_train,symbol_transform,direct_template_template0134,real,true,auto
60f55291,sft_train,symbol_transform,ba_dc,real,true,auto
64d775e5,grpo_holdout,symbol_transform,direct_template_template3401,real,true,auto
6848a4e8,sft_train,symbol_transform,ba_dc,real,true,auto
6897f05e,eval_holdout,symbol_transform,direct_template_template0134,real,true,auto
6c7231ac,sft_train,symbol_transform,ba_dc,real,true,auto
6dacf247,sft_train,symbol_transform,ba_dc,real,true,auto
6e6c2ce8,sft_train,symbol_transform,ba_dc,real,true,auto
7c6fce02,sft_train,symbol_transform,ba_dc,real,true,auto
7d8f22b1,sft_train,symbol_transform,direct_template_template0134,real,true,auto
7eecd498,sft_train,symbol_transform,direct_template_template0134,real,true,auto
8043a9d2,sft_train,symbol_transform,direct_template_template3401,real,true,auto
81b6d789,sft_train,symbol_transform,direct_template_template3401,real,true,auto
85c5b2a2,sft_train,symbol_transform,direct_template_template0134,real,true,auto
85dc976c,sft_train,symbol_transform,ba_dc,real,true,auto
8dac3984,sft_train,symbol_transform,direct_template_template0134,real,true,auto
8e56a42e,grpo_holdout,symbol_transform,direct_template_template0134,real,true,auto
91a0e345,sft_train,symbol_transform,ba_dc,real,true,auto
92135360,sft_train,symbol_transform,ba_dc,real,true,auto
979071a0,sft_train,symbol_transform,ba_dc,real,true,auto
97d6db7a,sft_train,symbol_transform,direct_template_template0134,real,true,auto
9a19fc2d,sft_train,symbol_transform,ba_dc,real,true,auto
9a4f2f47,sft_train,symbol_transform,ba_dc,real,true,auto
9aa8dc92,sft_train,symbol_transform,direct_template_template0134,real,true,auto
9cc02bc1,sft_train,symbol_transform,direct_template_template0134,real,true,auto
9d20c8a7,sft_train,symbol_transform,ba_dc,real,true,auto
9dae880f,sft_train,symbol_transform,ba_dc,real,true,auto
9fc69c17,sft_train,symbol_transform,direct_template_template0134,real,true,auto
a08fbb68,sft_train,symbol_transform,direct_template_template0134,real,true,auto
a3da3c48,sft_train,symbol_transform,ba_dc,real,true,auto
a4ee9fa6,sft_train,symbol_transform,direct_template_template3401,real,true,auto
a85864a9,sft_train,symbol_transform,direct_template_template0134,real,true,auto
a88f9fe3,sft_train,symbol_transform,ba_dc,real,true,auto
ae4aef23,sft_train,symbol_transform,ba_dc,real,true,auto
af018681,sft_train,symbol_transform,direct_template_template0134,real,true,auto
af95c8aa,sft_train,symbol_transform,ba_dc,real,true,auto
b13d511a,sft_train,symbol_transform,direct_template_template0134,real,true,auto
b1b10e83,sft_train,symbol_transform,direct_template_template0134,real,true,auto
b391ffe1,sft_train,symbol_transform,ba_dc,real,true,auto
b4b73143,grpo_holdout,symbol_transform,ba_dc,real,true,auto
b4eab219,sft_train,symbol_transform,ba_dc,real,true,auto
b50cf853,sft_train,symbol_transform,direct_template_template0134,real,true,auto
b56d38be,sft_train,symbol_transform,ba_dc,real,true,auto
bc83b0a1,sft_train,symbol_transform,direct_template_template0134,real,true,auto
bca230fd,sft_train,symbol_transform,direct_template_template0134,real,true,auto
c87ce9ea,eval_holdout,symbol_transform,ba_dc,real,true,auto
cca882b8,sft_train,symbol_transform,ba_dc,real,true,auto
d0b1e41a,grpo_holdout,symbol_transform,direct_template_template0134,real,true,auto
d3d30b86,sft_train,symbol_transform,ba_dc,real,true,auto
d63c1fb0,sft_train,symbol_transform,direct_template_template0134,real,true,auto
d6c03e21,sft_train,symbol_transform,direct_template_template0134,real,true,auto
d72d8c1c,grpo_holdout,symbol_transform,direct_template_template0134,real,true,auto
d7662688,sft_train,symbol_transform,direct_template_template3401,real,true,auto
d9575f79,grpo_holdout,symbol_transform,direct_template_template0134,real,true,auto
d96607f8,sft_train,symbol_transform,direct_template_template0134,real,true,auto
da353dee,grpo_holdout,symbol_transform,ba_dc,real,true,auto
dac75343,sft_train,symbol_transform,direct_template_template0134,real,true,auto
dadc24d7,sft_train,symbol_transform,ba_dc,real,true,auto
db4f43ef,sft_train,symbol_transform,ba_dc,real,true,auto
dc0f5e5e,sft_train,symbol_transform,direct_template_template0134,real,true,auto
dcb9e01d,eval_holdout,symbol_transform,ba_dc,real,true,auto
dea42835,sft_train,symbol_transform,direct_template_template3401,real,true,auto
e4aeed67,sft_train,symbol_transform,ba_dc,real,true,auto
e585410a,sft_train,symbol_transform,direct_template_template0134,real,true,auto
e82ed6be,sft_train,symbol_transform,ba_dc,real,true,auto
e977d0b7,sft_train,symbol_transform,direct_template_template0134,real,true,auto
e9f8559a,sft_train,symbol_transform,ba_dc,real,true,auto
ea04ed35,sft_train,symbol_transform,ba_dc,real,true,auto
eac0e775,eval_holdout,symbol_transform,direct_template_template3401,real,true,auto
ed61a9d6,sft_train,symbol_transform,direct_template_template0134,real,true,auto
efa7edc3,eval_holdout,symbol_transform,ba_dc,real,true,auto
f01f112b,sft_train,symbol_transform,ba_dc,real,true,auto
f297547e,sft_train,symbol_transform,ba_dc,real,true,auto
f8bbabab,sft_train,symbol_transform,direct_template_template3401,real,true,auto
ff0e37ae,sft_train,symbol_transform,direct_template_template0134,real,true,auto
ff86cd34,sft_train,symbol_transform,ba_dc,real,true,auto
st_phase1_direct_contrast_0002,sft_train,symbol_transform,direct_template_template0134,phase1_synthetic_direct_template,false,train_only
st_phase1_direct_contrast_0004,sft_train,symbol_transform,direct_template_template3401,phase1_synthetic_direct_template,false,train_only
st_phase1_direct_contrast_0006,sft_train,symbol_transform,direct_template_template3401,phase1_synthetic_direct_template,false,train_only
st_phase1_direct_contrast_0007,sft_train,symbol_transform,direct_template_template0134,phase1_synthetic_direct_template,false,train_only
st_phase1_direct_contrast_0008,sft_train,symbol_transform,direct_template_template3401,phase1_synthetic_direct_template,false,train_only
st_phase1_direct_contrast_0009,sft_train,symbol_transform,direct_template_template3401,phase1_synthetic_direct_template,false,train_only
st_phase1_direct_contrast_0010,sft_train,symbol_transform,direct_template_template3401,phase1_synthetic_direct_template,false,train_only
st_phase1_direct_contrast_0012,sft_train,symbol_transform,direct_template_template0134,phase1_synthetic_direct_template,false,train_only
st_phase1_direct_contrast_0013,sft_train,symbol_transform,direct_template_template0134,phase1_synthetic_direct_template,false,train_only
st_phase1_direct_contrast_0014,sft_train,symbol_transform,direct_template_template0134,phase1_synthetic_direct_template,false,train_only
st_phase1_direct_contrast_0018,sft_train,symbol_transform,direct_template_template3401,phase1_synthetic_direct_template,false,train_only
st_phase1_direct_contrast_0020,sft_train,symbol_transform,direct_template_template3401,phase1_synthetic_direct_template,false,train_only
st_phase1_direct_contrast_0021,sft_train,symbol_transform,direct_template_template0134,phase1_synthetic_direct_template,false,train_only
st_phase1_direct_contrast_0022,sft_train,symbol_transform,direct_template_template0134,phase1_synthetic_direct_template,false,train_only
st_phase1_direct_contrast_0024,sft_train,symbol_transform,direct_template_template3401,phase1_synthetic_direct_template,false,train_only
st_phase1_direct_contrast_0025,sft_train,symbol_transform,direct_template_template3401,phase1_synthetic_direct_template,false,train_only
st_phase1_direct_contrast_0026,sft_train,symbol_transform,direct_template_template0134,phase1_synthetic_direct_template,false,train_only
st_phase1_direct_contrast_0027,sft_train,symbol_transform,direct_template_template3401,phase1_synthetic_direct_template,false,train_only
st_phase1_direct_contrast_0028,sft_train,symbol_transform,direct_template_template3401,phase1_synthetic_direct_template,false,train_only
st_phase1_direct_contrast_0030,sft_train,symbol_transform,direct_template_template3401,phase1_synthetic_direct_template,false,train_only
st_phase1_direct_contrast_0033,sft_train,symbol_transform,direct_template_template3401,phase1_synthetic_direct_template,false,train_only
st_phase1_direct_contrast_0034,sft_train,symbol_transform,direct_template_template3401,phase1_synthetic_direct_template,false,train_only
st_phase1_direct_contrast_0036,sft_train,symbol_transform,direct_template_template3401,phase1_synthetic_direct_template,false,train_only
st_phase1_direct_contrast_0039,sft_train,symbol_transform,direct_template_template0134,phase1_synthetic_direct_template,false,train_only
st_phase1_direct_contrast_0040,sft_train,symbol_transform,direct_template_template3401,phase1_synthetic_direct_template,false,train_only
st_phase1_direct_contrast_0043,sft_train,symbol_transform,direct_template_template0134,phase1_synthetic_direct_template,false,train_only
st_phase1_direct_contrast_0045,sft_train,symbol_transform,direct_template_template3401,phase1_synthetic_direct_template,false,train_only
st_phase1_direct_contrast_0046,sft_train,symbol_transform,direct_template_template3401,phase1_synthetic_direct_template,false,train_only
st_phase1_direct_contrast_0051,sft_train,symbol_transform,direct_template_template3401,phase1_synthetic_direct_template,false,train_only
st_phase1_direct_contrast_0054,sft_train,symbol_transform,direct_template_template0134,phase1_synthetic_direct_template,false,train_only
st_phase1_direct_contrast_0055,sft_train,symbol_transform,direct_template_template3401,phase1_synthetic_direct_template,false,train_only
st_phase1_direct_contrast_0056,sft_train,symbol_transform,direct_template_template0134,phase1_synthetic_direct_template,false,train_only
st_phase1_direct_contrast_0057,sft_train,symbol_transform,direct_template_template3401,phase1_synthetic_direct_template,false,train_only
st_phase1_direct_contrast_0058,sft_train,symbol_transform,direct_template_template3401,phase1_synthetic_direct_template,false,train_only
st_phase1_direct_contrast_0060,sft_train,symbol_transform,direct_template_template0134,phase1_synthetic_direct_template,false,train_only
st_phase1_direct_contrast_0062,sft_train,symbol_transform,direct_template_template3401,phase1_synthetic_direct_template,false,train_only
st_phase1_direct_contrast_0066,sft_train,symbol_transform,direct_template_template3401,phase1_synthetic_direct_template,false,train_only
st_phase1_direct_contrast_0068,sft_train,symbol_transform,direct_template_template0134,phase1_synthetic_direct_template,false,train_only
st_phase1_direct_contrast_0070,sft_train,symbol_transform,direct_template_template3401,phase1_synthetic_direct_template,false,train_only
st_phase1_direct_contrast_0072,sft_train,symbol_transform,direct_template_template3401,phase1_synthetic_direct_template,false,train_only
st_phase1_direct_contrast_0073,sft_train,symbol_transform,direct_template_template3401,phase1_synthetic_direct_template,false,train_only
st_phase1_direct_contrast_0074,sft_train,symbol_transform,direct_template_template3401,phase1_synthetic_direct_template,false,train_only
st_phase1_direct_contrast_0075,sft_train,symbol_transform,direct_template_template3401,phase1_synthetic_direct_template,false,train_only
st_phase1_direct_contrast_0078,sft_train,symbol_transform,direct_template_template0134,phase1_synthetic_direct_template,false,train_only
st_phase1_direct_contrast_0084,sft_train,symbol_transform,direct_template_template3401,phase1_synthetic_direct_template,false,train_only
st_phase1_direct_contrast_0085,sft_train,symbol_transform,direct_template_template3401,phase1_synthetic_direct_template,false,train_only
st_phase1_direct_contrast_0087,sft_train,symbol_transform,direct_template_template3401,phase1_synthetic_direct_template,false,train_only
st_phase1_direct_contrast_0088,sft_train,symbol_transform,direct_template_template0134,phase1_synthetic_direct_template,false,train_only
st_phase1_direct_contrast_0090,sft_train,symbol_transform,direct_template_template0134,phase1_synthetic_direct_template,false,train_only
st_phase1_direct_contrast_0091,sft_train,symbol_transform,direct_template_template0134,phase1_synthetic_direct_template,false,train_only
st_phase1_direct_contrast_0092,sft_train,symbol_transform,direct_template_template3401,phase1_synthetic_direct_template,false,train_only
st_phase1_direct_contrast_0094,sft_train,symbol_transform,direct_template_template3401,phase1_synthetic_direct_template,false,train_only
st_phase1_direct_contrast_0096,sft_train,symbol_transform,direct_template_template0134,phase1_synthetic_direct_template,false,train_only
st_phase1_direct_contrast_0099,sft_train,symbol_transform,direct_template_template0134,phase1_synthetic_direct_template,false,train_only
st_phase1_direct_contrast_0100,sft_train,symbol_transform,direct_template_template3401,phase1_synthetic_direct_template,false,train_only
st_phase1_direct_contrast_0103,sft_train,symbol_transform,direct_template_template0134,phase1_synthetic_direct_template,false,train_only
st_phase1_direct_contrast_0104,sft_train,symbol_transform,direct_template_template3401,phase1_synthetic_direct_template,false,train_only
st_phase1_direct_contrast_0105,sft_train,symbol_transform,direct_template_template0134,phase1_synthetic_direct_template,false,train_only
st_phase1_direct_contrast_0106,sft_train,symbol_transform,direct_template_template3401,phase1_synthetic_direct_template,false,train_only
st_phase1_direct_contrast_0109,sft_train,symbol_transform,direct_template_template3401,phase1_synthetic_direct_template,false,train_only
st_phase1_direct_contrast_0110,sft_train,symbol_transform,direct_template_template3401,phase1_synthetic_direct_template,false,train_only
st_phase1_direct_contrast_0112,sft_train,symbol_transform,direct_template_template3401,phase1_synthetic_direct_template,false,train_only
st_phase1_direct_contrast_0114,sft_train,symbol_transform,direct_template_template3401,phase1_synthetic_direct_template,false,train_only
st_phase1_direct_contrast_0115,sft_train,symbol_transform,direct_template_template3401,phase1_synthetic_direct_template,false,train_only
st_phase1_direct_contrast_0116,sft_train,symbol_transform,direct_template_template3401,phase1_synthetic_direct_template,false,train_only
st_phase1_direct_contrast_0118,sft_train,symbol_transform,direct_template_template3401,phase1_synthetic_direct_template,false,train_only
st_phase1_direct_contrast_0123,sft_train,symbol_transform,direct_template_template0134,phase1_synthetic_direct_template,false,train_only
st_phase1_direct_fresh_0004,sft_train,symbol_transform,direct_template_template3401,phase1_synthetic_direct_template,false,train_only
st_phase1_direct_fresh_0016,sft_train,symbol_transform,direct_template_template3401,phase1_synthetic_direct_template,false,train_only
st_phase1_direct_fresh_0024,sft_train,symbol_transform,direct_template_template3401,phase1_synthetic_direct_template,false,train_only
st_phase1_direct_fresh_0028,sft_train,symbol_transform,direct_template_template0134,phase1_synthetic_direct_template,false,train_only
st_phase1_direct_fresh_0033,sft_train,symbol_transform,direct_template_template0134,phase1_synthetic_direct_template,false,train_only
st_phase1_direct_fresh_0040,sft_train,symbol_transform,direct_template_template3401,phase1_synthetic_direct_template,false,train_only
st_phase1_direct_fresh_0057,sft_train,symbol_transform,direct_template_template3401,phase1_synthetic_direct_template,false,train_only
st_phase1_direct_fresh_0072,sft_train,symbol_transform,direct_template_template3401,phase1_synthetic_direct_template,false,train_only
st_phase1_direct_fresh_0076,sft_train,symbol_transform,direct_template_template3401,phase1_synthetic_direct_template,false,train_only
st_phase1_direct_fresh_0081,sft_train,symbol_transform,direct_template_template3401,phase1_synthetic_direct_template,false,train_only
st_phase1_direct_fresh_0084,sft_train,symbol_transform,direct_template_template3401,phase1_synthetic_direct_template,false,train_only
st_phase1_direct_fresh_0088,sft_train,symbol_transform,direct_template_template3401,phase1_synthetic_direct_template,false,train_only
st_phase1_direct_fresh_0093,sft_train,symbol_transform,direct_template_template3401,phase1_synthetic_direct_template,false,train_only
st_phase1_direct_fresh_0105,sft_train,symbol_transform,direct_template_template3401,phase1_synthetic_direct_template,false,train_only
st_phase1_direct_fresh_0112,sft_train,symbol_transform,direct_template_template3401,phase1_synthetic_direct_template,false,train_only
st_phase1_direct_fresh_0117,sft_train,symbol_transform,direct_template_template3401,phase1_synthetic_direct_template,false,train_only
st_phase1_direct_fresh_0124,sft_train,symbol_transform,direct_template_template3401,phase1_synthetic_direct_template,false,train_only
st_phase1_direct_fresh_0132,sft_train,symbol_transform,direct_template_template3401,phase1_synthetic_direct_template,false,train_only
st_phase1_direct_fresh_0136,sft_train,symbol_transform,direct_template_template0134,phase1_synthetic_direct_template,false,train_only
st_phase1_direct_fresh_0144,sft_train,symbol_transform,direct_template_template3401,phase1_synthetic_direct_template,false,train_only
st_phase1_direct_fresh_0148,sft_train,symbol_transform,direct_template_template3401,phase1_synthetic_direct_template,false,train_only
st_phase1_direct_fresh_0153,sft_train,symbol_transform,direct_template_template0134,phase1_synthetic_direct_template,false,train_only
st_phase1_direct_fresh_0156,sft_train,symbol_transform,direct_template_template3401,phase1_synthetic_direct_template,false,train_only
st_phase1_direct_fresh_0160,sft_train,symbol_transform,direct_template_template3401,phase1_synthetic_direct_template,false,train_only
st_phase1_direct_fresh_0168,sft_train,symbol_transform,direct_template_template0134,phase1_synthetic_direct_template,false,train_only
st_phase1_direct_fresh_0172,sft_train,symbol_transform,direct_template_template3401,phase1_synthetic_direct_template,false,train_only
st_phase1_direct_fresh_0192,sft_train,symbol_transform,direct_template_template3401,phase1_synthetic_direct_template,false,train_only
st_phase1_direct_fresh_0204,sft_train,symbol_transform,direct_template_template0134,phase1_synthetic_direct_template,false,train_only
st_phase1_direct_fresh_0208,sft_train,symbol_transform,direct_template_template0134,phase1_synthetic_direct_template,false,train_only
st_phase1_direct_fresh_0213,sft_train,symbol_transform,direct_template_template3401,phase1_synthetic_direct_template,false,train_only
st_phase1_direct_fresh_0220,sft_train,symbol_transform,direct_template_template3401,phase1_synthetic_direct_template,false,train_only
st_phase1_direct_fresh_0225,sft_train,symbol_transform,direct_template_template3401,phase1_synthetic_direct_template,false,train_only
st_phase1_direct_fresh_0228,sft_train,symbol_transform,direct_template_template0134,phase1_synthetic_direct_template,false,train_only
st_phase1_direct_real_remap_0133bcec_00,sft_train,symbol_transform,direct_template_template0134,phase1_synthetic_direct_template,false,train_only
st_phase1_direct_real_remap_0133bcec_01,sft_train,symbol_transform,direct_template_template0134,phase1_synthetic_direct_template,false,train_only
st_phase1_direct_real_remap_0133bcec_02,sft_train,symbol_transform,direct_template_template0134,phase1_synthetic_direct_template,false,train_only
st_phase1_direct_real_remap_02a04b59_00,sft_train,symbol_transform,direct_template_template0134,phase1_synthetic_direct_template,false,train_only
st_phase1_direct_real_remap_02a04b59_01,sft_train,symbol_transform,direct_template_template0134,phase1_synthetic_direct_template,false,train_only
st_phase1_direct_real_remap_02a04b59_02,sft_train,symbol_transform,direct_template_template0134,phase1_synthetic_direct_template,false,train_only
st_phase1_direct_real_remap_02b8d816_02,sft_train,symbol_transform,direct_template_template0134,phase1_synthetic_direct_template,false,train_only
st_phase1_direct_real_remap_065abaf6_00,sft_train,symbol_transform,direct_template_template3401,phase1_synthetic_direct_template,false,train_only
st_phase1_direct_real_remap_08f6216d_01,sft_train,symbol_transform,direct_template_template3401,phase1_synthetic_direct_template,false,train_only
st_phase1_direct_real_remap_08f6216d_02,sft_train,symbol_transform,direct_template_template3401,phase1_synthetic_direct_template,false,train_only
st_phase1_direct_real_remap_0d4b2baa_00,sft_train,symbol_transform,direct_template_template0134,phase1_synthetic_direct_template,false,train_only
st_phase1_direct_real_remap_0d4b2baa_02,sft_train,symbol_transform,direct_template_template0134,phase1_synthetic_direct_template,false,train_only
st_phase1_direct_real_remap_0dcfd566_00,sft_train,symbol_transform,direct_template_template0134,phase1_synthetic_direct_template,false,train_only
st_phase1_direct_real_remap_0dcfd566_01,sft_train,symbol_transform,direct_template_template0134,phase1_synthetic_direct_template,false,train_only
st_phase1_direct_real_remap_0dcfd566_02,sft_train,symbol_transform,direct_template_template0134,phase1_synthetic_direct_template,false,train_only
st_phase1_direct_real_remap_1c7a0091_00,sft_train,symbol_transform,direct_template_template0134,phase1_synthetic_direct_template,false,train_only
st_phase1_direct_real_remap_1c7a0091_01,sft_train,symbol_transform,direct_template_template0134,phase1_synthetic_direct_template,false,train_only
st_phase1_direct_real_remap_1c7a0091_02,sft_train,symbol_transform,direct_template_template0134,phase1_synthetic_direct_template,false,train_only
st_phase1_direct_real_remap_1d10ccaf_02,sft_train,symbol_transform,direct_template_template0134,phase1_synthetic_direct_template,false,train_only
st_phase1_direct_real_remap_21b90d9f_00,sft_train,symbol_transform,direct_template_template0134,phase1_synthetic_direct_template,false,train_only
st_phase1_direct_real_remap_21b90d9f_01,sft_train,symbol_transform,direct_template_template0134,phase1_synthetic_direct_template,false,train_only
st_phase1_direct_real_remap_24e1f1d5_00,sft_train,symbol_transform,direct_template_template0134,phase1_synthetic_direct_template,false,train_only
st_phase1_direct_real_remap_24e1f1d5_01,sft_train,symbol_transform,direct_template_template0134,phase1_synthetic_direct_template,false,train_only
st_phase1_direct_real_remap_24e1f1d5_02,sft_train,symbol_transform,direct_template_template0134,phase1_synthetic_direct_template,false,train_only
st_phase1_direct_real_remap_2c017f70_01,sft_train,symbol_transform,direct_template_template0134,phase1_synthetic_direct_template,false,train_only
st_phase1_direct_real_remap_2c017f70_02,sft_train,symbol_transform,direct_template_template0134,phase1_synthetic_direct_template,false,train_only
st_phase1_direct_real_remap_2f6531cb_00,sft_train,symbol_transform,direct_template_template0134,phase1_synthetic_direct_template,false,train_only
st_phase1_direct_real_remap_2f6531cb_01,sft_train,symbol_transform,direct_template_template0134,phase1_synthetic_direct_template,false,train_only
st_phase1_direct_real_remap_3185fdeb_01,sft_train,symbol_transform,direct_template_template0134,phase1_synthetic_direct_template,false,train_only
st_phase1_direct_real_remap_3185fdeb_02,sft_train,symbol_transform,direct_template_template0134,phase1_synthetic_direct_template,false,train_only
st_phase1_direct_real_remap_34b4cf96_00,sft_train,symbol_transform,direct_template_template0134,phase1_synthetic_direct_template,false,train_only
st_phase1_direct_real_remap_34b4cf96_02,sft_train,symbol_transform,direct_template_template0134,phase1_synthetic_direct_template,false,train_only
st_phase1_direct_real_remap_39a1f5e9_02,sft_train,symbol_transform,direct_template_template3401,phase1_synthetic_direct_template,false,train_only
st_phase1_direct_real_remap_39c237c7_00,sft_train,symbol_transform,direct_template_template0134,phase1_synthetic_direct_template,false,train_only
st_phase1_direct_real_remap_39c237c7_01,sft_train,symbol_transform,direct_template_template0134,phase1_synthetic_direct_template,false,train_only
st_phase1_direct_real_remap_39c237c7_02,sft_train,symbol_transform,direct_template_template0134,phase1_synthetic_direct_template,false,train_only
st_phase1_direct_real_remap_524cb5c6_01,sft_train,symbol_transform,direct_template_template0134,phase1_synthetic_direct_template,false,train_only
st_phase1_direct_real_remap_5bd9919c_00,sft_train,symbol_transform,direct_template_template0134,phase1_synthetic_direct_template,false,train_only
st_phase1_direct_real_remap_5bd9919c_01,sft_train,symbol_transform,direct_template_template0134,phase1_synthetic_direct_template,false,train_only
st_phase1_direct_real_remap_5bd9919c_02,sft_train,symbol_transform,direct_template_template0134,phase1_synthetic_direct_template,false,train_only
st_phase1_direct_real_remap_60ed3f31_01,sft_train,symbol_transform,direct_template_template0134,phase1_synthetic_direct_template,false,train_only
st_phase1_direct_real_remap_60ed3f31_02,sft_train,symbol_transform,direct_template_template0134,phase1_synthetic_direct_template,false,train_only
st_phase1_direct_real_remap_64d775e5_00,sft_train,symbol_transform,direct_template_template3401,phase1_synthetic_direct_template,false,train_only
st_phase1_direct_real_remap_64d775e5_01,sft_train,symbol_transform,direct_template_template3401,phase1_synthetic_direct_template,false,train_only
st_phase1_direct_real_remap_6897f05e_00,sft_train,symbol_transform,direct_template_template0134,phase1_synthetic_direct_template,false,train_only
st_phase1_direct_real_remap_7d8f22b1_01,sft_train,symbol_transform,direct_template_template0134,phase1_synthetic_direct_template,false,train_only
st_phase1_direct_real_remap_7eecd498_02,sft_train,symbol_transform,direct_template_template0134,phase1_synthetic_direct_template,false,train_only
st_phase1_direct_real_remap_8043a9d2_00,sft_train,symbol_transform,direct_template_template3401,phase1_synthetic_direct_template,false,train_only
st_phase1_direct_real_remap_8043a9d2_02,sft_train,symbol_transform,direct_template_template3401,phase1_synthetic_direct_template,false,train_only
st_phase1_direct_real_remap_81b6d789_00,sft_train,symbol_transform,direct_template_template3401,phase1_synthetic_direct_template,false,train_only
st_phase1_direct_real_remap_81b6d789_01,sft_train,symbol_transform,direct_template_template3401,phase1_synthetic_direct_template,false,train_only
st_phase1_direct_real_remap_85c5b2a2_01,sft_train,symbol_transform,direct_template_template0134,phase1_synthetic_direct_template,false,train_only
st_phase1_direct_real_remap_85c5b2a2_02,sft_train,symbol_transform,direct_template_template0134,phase1_synthetic_direct_template,false,train_only
st_phase1_direct_real_remap_8dac3984_00,sft_train,symbol_transform,direct_template_template0134,phase1_synthetic_direct_template,false,train_only
st_phase1_direct_real_remap_8dac3984_02,sft_train,symbol_transform,direct_template_template0134,phase1_synthetic_direct_template,false,train_only
st_phase1_direct_real_remap_97d6db7a_00,sft_train,symbol_transform,direct_template_template0134,phase1_synthetic_direct_template,false,train_only
st_phase1_direct_real_remap_9aa8dc92_00,sft_train,symbol_transform,direct_template_template0134,phase1_synthetic_direct_template,false,train_only
st_phase1_direct_real_remap_9cc02bc1_00,sft_train,symbol_transform,direct_template_template0134,phase1_synthetic_direct_template,false,train_only
st_phase1_direct_real_remap_9cc02bc1_01,sft_train,symbol_transform,direct_template_template0134,phase1_synthetic_direct_template,false,train_only
st_phase1_direct_real_remap_9cc02bc1_02,sft_train,symbol_transform,direct_template_template0134,phase1_synthetic_direct_template,false,train_only
st_phase1_direct_real_remap_9fc69c17_00,sft_train,symbol_transform,direct_template_template0134,phase1_synthetic_direct_template,false,train_only
st_phase1_direct_real_remap_9fc69c17_01,sft_train,symbol_transform,direct_template_template0134,phase1_synthetic_direct_template,false,train_only
st_phase1_direct_real_remap_9fc69c17_02,sft_train,symbol_transform,direct_template_template0134,phase1_synthetic_direct_template,false,train_only
st_phase1_direct_real_remap_a08fbb68_00,sft_train,symbol_transform,direct_template_template0134,phase1_synthetic_direct_template,false,train_only
st_phase1_direct_real_remap_a08fbb68_02,sft_train,symbol_transform,direct_template_template0134,phase1_synthetic_direct_template,false,train_only
st_phase1_direct_real_remap_a4ee9fa6_00,sft_train,symbol_transform,direct_template_template3401,phase1_synthetic_direct_template,false,train_only
st_phase1_direct_real_remap_a4ee9fa6_01,sft_train,symbol_transform,direct_template_template3401,phase1_synthetic_direct_template,false,train_only
st_phase1_direct_real_remap_a85864a9_00,sft_train,symbol_transform,direct_template_template0134,phase1_synthetic_direct_template,false,train_only
st_phase1_direct_real_remap_a85864a9_01,sft_train,symbol_transform,direct_template_template0134,phase1_synthetic_direct_template,false,train_only
st_phase1_direct_real_remap_af018681_02,sft_train,symbol_transform,direct_template_template0134,phase1_synthetic_direct_template,false,train_only
st_phase1_direct_real_remap_b13d511a_01,sft_train,symbol_transform,direct_template_template0134,phase1_synthetic_direct_template,false,train_only
st_phase1_direct_real_remap_b13d511a_02,sft_train,symbol_transform,direct_template_template0134,phase1_synthetic_direct_template,false,train_only
st_phase1_direct_real_remap_b1b10e83_00,sft_train,symbol_transform,direct_template_template0134,phase1_synthetic_direct_template,false,train_only
st_phase1_direct_real_remap_b1b10e83_01,sft_train,symbol_transform,direct_template_template0134,phase1_synthetic_direct_template,false,train_only
st_phase1_direct_real_remap_b1b10e83_02,sft_train,symbol_transform,direct_template_template0134,phase1_synthetic_direct_template,false,train_only
st_phase1_direct_real_remap_b50cf853_00,sft_train,symbol_transform,direct_template_template0134,phase1_synthetic_direct_template,false,train_only
st_phase1_direct_real_remap_b50cf853_01,sft_train,symbol_transform,direct_template_template0134,phase1_synthetic_direct_template,false,train_only
st_phase1_direct_real_remap_bc83b0a1_00,sft_train,symbol_transform,direct_template_template0134,phase1_synthetic_direct_template,false,train_only
st_phase1_direct_real_remap_bc83b0a1_01,sft_train,symbol_transform,direct_template_template0134,phase1_synthetic_direct_template,false,train_only
st_phase1_direct_real_remap_bc83b0a1_02,sft_train,symbol_transform,direct_template_template0134,phase1_synthetic_direct_template,false,train_only
st_phase1_direct_real_remap_bca230fd_00,sft_train,symbol_transform,direct_template_template0134,phase1_synthetic_direct_template,false,train_only
st_phase1_direct_real_remap_bca230fd_02,sft_train,symbol_transform,direct_template_template0134,phase1_synthetic_direct_template,false,train_only
st_phase1_direct_real_remap_d63c1fb0_00,sft_train,symbol_transform,direct_template_template0134,phase1_synthetic_direct_template,false,train_only
st_phase1_direct_real_remap_d63c1fb0_01,sft_train,symbol_transform,direct_template_template0134,phase1_synthetic_direct_template,false,train_only
st_phase1_direct_real_remap_d63c1fb0_02,sft_train,symbol_transform,direct_template_template0134,phase1_synthetic_direct_template,false,train_only
st_phase1_direct_real_remap_d6c03e21_00,sft_train,symbol_transform,direct_template_template0134,phase1_synthetic_direct_template,false,train_only
st_phase1_direct_real_remap_d6c03e21_01,sft_train,symbol_transform,direct_template_template0134,phase1_synthetic_direct_template,false,train_only
st_phase1_direct_real_remap_d6c03e21_02,sft_train,symbol_transform,direct_template_template0134,phase1_synthetic_direct_template,false,train_only
st_phase1_direct_real_remap_d72d8c1c_00,sft_train,symbol_transform,direct_template_template0134,phase1_synthetic_direct_template,false,train_only
st_phase1_direct_real_remap_d72d8c1c_02,sft_train,symbol_transform,direct_template_template0134,phase1_synthetic_direct_template,false,train_only
st_phase1_direct_real_remap_d7662688_01,sft_train,symbol_transform,direct_template_template3401,phase1_synthetic_direct_template,false,train_only
st_phase1_direct_real_remap_d7662688_02,sft_train,symbol_transform,direct_template_template3401,phase1_synthetic_direct_template,false,train_only
st_phase1_direct_real_remap_d9575f79_00,sft_train,symbol_transform,direct_template_template0134,phase1_synthetic_direct_template,false,train_only
st_phase1_direct_real_remap_d9575f79_01,sft_train,symbol_transform,direct_template_template0134,phase1_synthetic_direct_template,false,train_only
st_phase1_direct_real_remap_d96607f8_00,sft_train,symbol_transform,direct_template_template0134,phase1_synthetic_direct_template,false,train_only
st_phase1_direct_real_remap_d96607f8_02,sft_train,symbol_transform,direct_template_template0134,phase1_synthetic_direct_template,false,train_only
st_phase1_direct_real_remap_dac75343_00,sft_train,symbol_transform,direct_template_template0134,phase1_synthetic_direct_template,false,train_only
st_phase1_direct_real_remap_dac75343_01,sft_train,symbol_transform,direct_template_template0134,phase1_synthetic_direct_template,false,train_only
st_phase1_direct_real_remap_dac75343_02,sft_train,symbol_transform,direct_template_template0134,phase1_synthetic_direct_template,false,train_only
st_phase1_direct_real_remap_dc0f5e5e_00,sft_train,symbol_transform,direct_template_template0134,phase1_synthetic_direct_template,false,train_only
st_phase1_direct_real_remap_dc0f5e5e_01,sft_train,symbol_transform,direct_template_template0134,phase1_synthetic_direct_template,false,train_only
st_phase1_direct_real_remap_dea42835_00,sft_train,symbol_transform,direct_template_template3401,phase1_synthetic_direct_template,false,train_only
st_phase1_direct_real_remap_e585410a_00,sft_train,symbol_transform,direct_template_template0134,phase1_synthetic_direct_template,false,train_only
st_phase1_direct_real_remap_e585410a_02,sft_train,symbol_transform,direct_template_template0134,phase1_synthetic_direct_template,false,train_only
st_phase1_direct_real_remap_e977d0b7_00,sft_train,symbol_transform,direct_template_template0134,phase1_synthetic_direct_template,false,train_only
st_phase1_direct_real_remap_e977d0b7_02,sft_train,symbol_transform,direct_template_template0134,phase1_synthetic_direct_template,false,train_only
st_phase1_direct_real_remap_eac0e775_00,sft_train,symbol_transform,direct_template_template3401,phase1_synthetic_direct_template,false,train_only
st_phase1_direct_real_remap_eac0e775_01,sft_train,symbol_transform,direct_template_template3401,phase1_synthetic_direct_template,false,train_only
st_phase1_direct_real_remap_ed61a9d6_00,sft_train,symbol_transform,direct_template_template0134,phase1_synthetic_direct_template,false,train_only
st_phase1_direct_real_remap_ed61a9d6_01,sft_train,symbol_transform,direct_template_template0134,phase1_synthetic_direct_template,false,train_only
st_phase1_direct_real_remap_ed61a9d6_02,sft_train,symbol_transform,direct_template_template0134,phase1_synthetic_direct_template,false,train_only
st_phase1_direct_real_remap_f8bbabab_00,sft_train,symbol_transform,direct_template_template3401,phase1_synthetic_direct_template,false,train_only
st_phase1_direct_real_remap_f8bbabab_01,sft_train,symbol_transform,direct_template_template3401,phase1_synthetic_direct_template,false,train_only
st_phase1_direct_real_remap_ff0e37ae_00,sft_train,symbol_transform,direct_template_template0134,phase1_synthetic_direct_template,false,train_only
st_phase1_direct_real_remap_ff0e37ae_01,sft_train,symbol_transform,direct_template_template0134,phase1_synthetic_direct_template,false,train_only
st_phase1_direct_real_remap_ff0e37ae_02,sft_train,symbol_transform,direct_template_template0134,phase1_synthetic_direct_template,false,train_only
st_single_phase_direct_template_0134_0000,sft_train,symbol_transform,direct_template_template0134,single_phase_synthetic_direct_template,false,train_only
st_single_phase_direct_template_0134_0001,sft_train,symbol_transform,direct_template_template0134,single_phase_synthetic_direct_template,false,train_only
st_single_phase_direct_template_0134_0002,sft_train,symbol_transform,direct_template_template0134,single_phase_synthetic_direct_template,false,train_only
st_single_phase_direct_template_0134_0003,sft_train,symbol_transform,direct_template_template0134,single_phase_synthetic_direct_template,false,train_only
st_single_phase_direct_template_0134_0004,sft_train,symbol_transform,direct_template_template0134,single_phase_synthetic_direct_template,false,train_only
st_single_phase_direct_template_0134_0005,sft_train,symbol_transform,direct_template_template0134,single_phase_synthetic_direct_template,false,train_only
st_single_phase_direct_template_0134_0006,sft_train,symbol_transform,direct_template_template0134,single_phase_synthetic_direct_template,false,train_only
st_single_phase_direct_template_0134_0007,sft_train,symbol_transform,direct_template_template0134,single_phase_synthetic_direct_template,false,train_only
st_single_phase_direct_template_0134_0008,sft_train,symbol_transform,direct_template_template0134,single_phase_synthetic_direct_template,false,train_only
st_single_phase_direct_template_0134_0009,sft_train,symbol_transform,direct_template_template0134,single_phase_synthetic_direct_template,false,train_only
st_single_phase_direct_template_0134_0010,sft_train,symbol_transform,direct_template_template0134,single_phase_synthetic_direct_template,false,train_only
st_single_phase_direct_template_0134_0011,sft_train,symbol_transform,direct_template_template0134,single_phase_synthetic_direct_template,false,train_only
st_single_phase_direct_template_0134_0012,sft_train,symbol_transform,direct_template_template0134,single_phase_synthetic_direct_template,false,train_only
st_single_phase_direct_template_0134_0013,sft_train,symbol_transform,direct_template_template0134,single_phase_synthetic_direct_template,false,train_only
st_single_phase_direct_template_0134_0014,sft_train,symbol_transform,direct_template_template0134,single_phase_synthetic_direct_template,false,train_only
st_single_phase_direct_template_0134_0015,sft_train,symbol_transform,direct_template_template0134,single_phase_synthetic_direct_template,false,train_only
st_single_phase_direct_template_0134_0016,sft_train,symbol_transform,direct_template_template0134,single_phase_synthetic_direct_template,false,train_only
st_single_phase_direct_template_0134_0017,sft_train,symbol_transform,direct_template_template0134,single_phase_synthetic_direct_template,false,train_only
st_single_phase_direct_template_0134_0018,sft_train,symbol_transform,direct_template_template0134,single_phase_synthetic_direct_template,false,train_only
st_single_phase_direct_template_0134_0019,sft_train,symbol_transform,direct_template_template0134,single_phase_synthetic_direct_template,false,train_only
st_single_phase_direct_template_0134_0020,sft_train,symbol_transform,direct_template_template0134,single_phase_synthetic_direct_template,false,train_only
st_single_phase_direct_template_0134_0021,sft_train,symbol_transform,direct_template_template0134,single_phase_synthetic_direct_template,false,train_only
st_single_phase_direct_template_0134_0022,sft_train,symbol_transform,direct_template_template0134,single_phase_synthetic_direct_template,false,train_only
st_single_phase_direct_template_0134_0023,sft_train,symbol_transform,direct_template_template0134,single_phase_synthetic_direct_template,false,train_only
st_single_phase_direct_template_0134_0024,sft_train,symbol_transform,direct_template_template0134,single_phase_synthetic_direct_template,false,train_only
st_single_phase_direct_template_0134_0025,sft_train,symbol_transform,direct_template_template0134,single_phase_synthetic_direct_template,false,train_only
st_single_phase_direct_template_0134_0026,sft_train,symbol_transform,direct_template_template0134,single_phase_synthetic_direct_template,false,train_only
st_single_phase_direct_template_0134_0027,sft_train,symbol_transform,direct_template_template0134,single_phase_synthetic_direct_template,false,train_only
st_single_phase_direct_template_0134_0028,sft_train,symbol_transform,direct_template_template0134,single_phase_synthetic_direct_template,false,train_only
st_single_phase_direct_template_0134_0029,sft_train,symbol_transform,direct_template_template0134,single_phase_synthetic_direct_template,false,train_only
st_single_phase_direct_template_0134_0030,sft_train,symbol_transform,direct_template_template0134,single_phase_synthetic_direct_template,false,train_only
st_single_phase_direct_template_0134_0031,sft_train,symbol_transform,direct_template_template0134,single_phase_synthetic_direct_template,false,train_only
st_single_phase_direct_template_0134_0032,sft_train,symbol_transform,direct_template_template0134,single_phase_synthetic_direct_template,false,train_only
st_single_phase_direct_template_0134_0033,sft_train,symbol_transform,direct_template_template0134,single_phase_synthetic_direct_template,false,train_only
st_single_phase_direct_template_0134_0034,sft_train,symbol_transform,direct_template_template0134,single_phase_synthetic_direct_template,false,train_only
st_single_phase_direct_template_0134_0035,sft_train,symbol_transform,direct_template_template0134,single_phase_synthetic_direct_template,false,train_only
st_single_phase_direct_template_0134_0036,sft_train,symbol_transform,direct_template_template0134,single_phase_synthetic_direct_template,false,train_only
st_single_phase_direct_template_0134_0037,sft_train,symbol_transform,direct_template_template0134,single_phase_synthetic_direct_template,false,train_only
st_single_phase_direct_template_0134_0038,sft_train,symbol_transform,direct_template_template0134,single_phase_synthetic_direct_template,false,train_only
st_single_phase_direct_template_0134_0039,sft_train,symbol_transform,direct_template_template0134,single_phase_synthetic_direct_template,false,train_only
st_single_phase_direct_template_0134_0040,sft_train,symbol_transform,direct_template_template0134,single_phase_synthetic_direct_template,false,train_only
st_single_phase_direct_template_0134_0041,sft_train,symbol_transform,direct_template_template0134,single_phase_synthetic_direct_template,false,train_only
st_single_phase_direct_template_0134_0042,sft_train,symbol_transform,direct_template_template0134,single_phase_synthetic_direct_template,false,train_only
st_single_phase_direct_template_0134_0043,sft_train,symbol_transform,direct_template_template0134,single_phase_synthetic_direct_template,false,train_only
st_single_phase_direct_template_0134_0044,sft_train,symbol_transform,direct_template_template0134,single_phase_synthetic_direct_template,false,train_only
st_single_phase_direct_template_0134_0045,sft_train,symbol_transform,direct_template_template0134,single_phase_synthetic_direct_template,false,train_only
st_single_phase_direct_template_0134_0046,sft_train,symbol_transform,direct_template_template0134,single_phase_synthetic_direct_template,false,train_only
st_single_phase_direct_template_0134_0047,sft_train,symbol_transform,direct_template_template0134,single_phase_synthetic_direct_template,false,train_only
st_single_phase_direct_template_0134_0048,sft_train,symbol_transform,direct_template_template0134,single_phase_synthetic_direct_template,false,train_only
st_single_phase_direct_template_0134_0049,sft_train,symbol_transform,direct_template_template0134,single_phase_synthetic_direct_template,false,train_only
st_single_phase_direct_template_0134_0050,sft_train,symbol_transform,direct_template_template0134,single_phase_synthetic_direct_template,false,train_only
st_single_phase_direct_template_0134_0051,sft_train,symbol_transform,direct_template_template0134,single_phase_synthetic_direct_template,false,train_only
st_single_phase_direct_template_0134_0052,sft_train,symbol_transform,direct_template_template0134,single_phase_synthetic_direct_template,false,train_only
st_single_phase_direct_template_0134_0053,sft_train,symbol_transform,direct_template_template0134,single_phase_synthetic_direct_template,false,train_only
st_single_phase_direct_template_0134_0054,sft_train,symbol_transform,direct_template_template0134,single_phase_synthetic_direct_template,false,train_only
st_single_phase_direct_template_0134_0055,sft_train,symbol_transform,direct_template_template0134,single_phase_synthetic_direct_template,false,train_only
st_single_phase_direct_template_0134_0056,sft_train,symbol_transform,direct_template_template0134,single_phase_synthetic_direct_template,false,train_only
st_single_phase_direct_template_0134_0057,sft_train,symbol_transform,direct_template_template0134,single_phase_synthetic_direct_template,false,train_only
st_single_phase_direct_template_0134_0058,sft_train,symbol_transform,direct_template_template0134,single_phase_synthetic_direct_template,false,train_only
st_single_phase_direct_template_0134_0059,sft_train,symbol_transform,direct_template_template0134,single_phase_synthetic_direct_template,false,train_only
st_single_phase_direct_template_0134_0060,sft_train,symbol_transform,direct_template_template0134,single_phase_synthetic_direct_template,false,train_only
st_single_phase_direct_template_0134_0061,sft_train,symbol_transform,direct_template_template0134,single_phase_synthetic_direct_template,false,train_only
st_single_phase_direct_template_0134_0062,sft_train,symbol_transform,direct_template_template0134,single_phase_synthetic_direct_template,false,train_only
st_single_phase_direct_template_0134_0063,sft_train,symbol_transform,direct_template_template0134,single_phase_synthetic_direct_template,false,train_only
st_single_phase_direct_template_0134_0064,sft_train,symbol_transform,direct_template_template0134,single_phase_synthetic_direct_template,false,train_only
st_single_phase_direct_template_0134_0065,sft_train,symbol_transform,direct_template_template0134,single_phase_synthetic_direct_template,false,train_only
st_single_phase_direct_template_0134_0066,sft_train,symbol_transform,direct_template_template0134,single_phase_synthetic_direct_template,false,train_only
st_single_phase_direct_template_0134_0067,sft_train,symbol_transform,direct_template_template0134,single_phase_synthetic_direct_template,false,train_only
st_single_phase_direct_template_0134_0068,sft_train,symbol_transform,direct_template_template0134,single_phase_synthetic_direct_template,false,train_only
st_single_phase_direct_template_0134_0069,sft_train,symbol_transform,direct_template_template0134,single_phase_synthetic_direct_template,false,train_only
st_single_phase_direct_template_0134_0070,sft_train,symbol_transform,direct_template_template0134,single_phase_synthetic_direct_template,false,train_only
st_single_phase_direct_template_0134_0071,sft_train,symbol_transform,direct_template_template0134,single_phase_synthetic_direct_template,false,train_only
st_single_phase_direct_template_0134_0072,sft_train,symbol_transform,direct_template_template0134,single_phase_synthetic_direct_template,false,train_only
st_single_phase_direct_template_0134_0073,sft_train,symbol_transform,direct_template_template0134,single_phase_synthetic_direct_template,false,train_only
st_single_phase_direct_template_0134_0074,sft_train,symbol_transform,direct_template_template0134,single_phase_synthetic_direct_template,false,train_only
st_single_phase_direct_template_0134_0075,sft_train,symbol_transform,direct_template_template0134,single_phase_synthetic_direct_template,false,train_only
st_single_phase_direct_template_0134_0076,sft_train,symbol_transform,direct_template_template0134,single_phase_synthetic_direct_template,false,train_only
st_single_phase_direct_template_0134_0077,sft_train,symbol_transform,direct_template_template0134,single_phase_synthetic_direct_template,false,train_only
st_single_phase_direct_template_0134_0078,sft_train,symbol_transform,direct_template_template0134,single_phase_synthetic_direct_template,false,train_only
st_single_phase_direct_template_0134_0079,sft_train,symbol_transform,direct_template_template0134,single_phase_synthetic_direct_template,false,train_only
st_single_phase_direct_template_0134_0080,sft_train,symbol_transform,direct_template_template0134,single_phase_synthetic_direct_template,false,train_only
st_single_phase_direct_template_0134_0081,sft_train,symbol_transform,direct_template_template0134,single_phase_synthetic_direct_template,false,train_only
st_single_phase_direct_template_0134_0082,sft_train,symbol_transform,direct_template_template0134,single_phase_synthetic_direct_template,false,train_only
st_single_phase_direct_template_0134_0083,sft_train,symbol_transform,direct_template_template0134,single_phase_synthetic_direct_template,false,train_only
st_single_phase_direct_template_0134_0084,sft_train,symbol_transform,direct_template_template0134,single_phase_synthetic_direct_template,false,train_only
st_single_phase_direct_template_0134_0085,sft_train,symbol_transform,direct_template_template0134,single_phase_synthetic_direct_template,false,train_only
st_single_phase_direct_template_0134_0086,sft_train,symbol_transform,direct_template_template0134,single_phase_synthetic_direct_template,false,train_only
st_single_phase_direct_template_0134_0087,sft_train,symbol_transform,direct_template_template0134,single_phase_synthetic_direct_template,false,train_only
st_single_phase_direct_template_0134_0088,sft_train,symbol_transform,direct_template_template0134,single_phase_synthetic_direct_template,false,train_only
st_single_phase_direct_template_0134_0089,sft_train,symbol_transform,direct_template_template0134,single_phase_synthetic_direct_template,false,train_only
st_single_phase_direct_template_0134_0090,sft_train,symbol_transform,direct_template_template0134,single_phase_synthetic_direct_template,false,train_only
st_single_phase_direct_template_0134_0091,sft_train,symbol_transform,direct_template_template0134,single_phase_synthetic_direct_template,false,train_only
st_single_phase_direct_template_0134_0092,sft_train,symbol_transform,direct_template_template0134,single_phase_synthetic_direct_template,false,train_only
st_single_phase_direct_template_0134_0093,sft_train,symbol_transform,direct_template_template0134,single_phase_synthetic_direct_template,false,train_only
st_single_phase_direct_template_0134_0094,sft_train,symbol_transform,direct_template_template0134,single_phase_synthetic_direct_template,false,train_only
st_single_phase_direct_template_0134_0095,sft_train,symbol_transform,direct_template_template0134,single_phase_synthetic_direct_template,false,train_only
st_single_phase_direct_template_0134_0096,sft_train,symbol_transform,direct_template_template0134,single_phase_synthetic_direct_template,false,train_only
st_single_phase_direct_template_0134_0097,sft_train,symbol_transform,direct_template_template0134,single_phase_synthetic_direct_template,false,train_only
st_single_phase_direct_template_0134_0098,sft_train,symbol_transform,direct_template_template0134,single_phase_synthetic_direct_template,false,train_only
st_single_phase_direct_template_0134_0099,sft_train,symbol_transform,direct_template_template0134,single_phase_synthetic_direct_template,false,train_only
st_single_phase_direct_template_0134_0100,sft_train,symbol_transform,direct_template_template0134,single_phase_synthetic_direct_template,false,train_only
st_single_phase_direct_template_0134_0101,sft_train,symbol_transform,direct_template_template0134,single_phase_synthetic_direct_template,false,train_only
st_single_phase_direct_template_0134_0102,sft_train,symbol_transform,direct_template_template0134,single_phase_synthetic_direct_template,false,train_only
st_single_phase_direct_template_0134_0103,sft_train,symbol_transform,direct_template_template0134,single_phase_synthetic_direct_template,false,train_only
st_single_phase_direct_template_0134_0104,sft_train,symbol_transform,direct_template_template0134,single_phase_synthetic_direct_template,false,train_only
st_single_phase_direct_template_0134_0105,sft_train,symbol_transform,direct_template_template0134,single_phase_synthetic_direct_template,false,train_only
st_single_phase_direct_template_0134_0106,sft_train,symbol_transform,direct_template_template0134,single_phase_synthetic_direct_template,false,train_only
st_single_phase_direct_template_0134_0107,sft_train,symbol_transform,direct_template_template0134,single_phase_synthetic_direct_template,false,train_only
st_single_phase_direct_template_0134_0108,sft_train,symbol_transform,direct_template_template0134,single_phase_synthetic_direct_template,false,train_only
st_single_phase_direct_template_0134_0109,sft_train,symbol_transform,direct_template_template0134,single_phase_synthetic_direct_template,false,train_only
st_single_phase_direct_template_0134_0110,sft_train,symbol_transform,direct_template_template0134,single_phase_synthetic_direct_template,false,train_only
st_single_phase_direct_template_0134_0111,sft_train,symbol_transform,direct_template_template0134,single_phase_synthetic_direct_template,false,train_only
st_single_phase_direct_template_0134_0112,sft_train,symbol_transform,direct_template_template0134,single_phase_synthetic_direct_template,false,train_only
st_single_phase_direct_template_0134_0113,sft_train,symbol_transform,direct_template_template0134,single_phase_synthetic_direct_template,false,train_only
st_single_phase_direct_template_0134_0114,sft_train,symbol_transform,direct_template_template0134,single_phase_synthetic_direct_template,false,train_only
st_single_phase_direct_template_0134_0115,sft_train,symbol_transform,direct_template_template0134,single_phase_synthetic_direct_template,false,train_only
st_single_phase_direct_template_0134_0116,sft_train,symbol_transform,direct_template_template0134,single_phase_synthetic_direct_template,false,train_only
st_single_phase_direct_template_0134_0117,sft_train,symbol_transform,direct_template_template0134,single_phase_synthetic_direct_template,false,train_only
st_single_phase_direct_template_0134_0118,sft_train,symbol_transform,direct_template_template0134,single_phase_synthetic_direct_template,false,train_only
st_single_phase_direct_template_0134_0119,sft_train,symbol_transform,direct_template_template0134,single_phase_synthetic_direct_template,false,train_only
st_single_phase_direct_template_0134_0120,sft_train,symbol_transform,direct_template_template0134,single_phase_synthetic_direct_template,false,train_only
st_single_phase_direct_template_0134_0121,sft_train,symbol_transform,direct_template_template0134,single_phase_synthetic_direct_template,false,train_only
st_single_phase_direct_template_0134_0122,sft_train,symbol_transform,direct_template_template0134,single_phase_synthetic_direct_template,false,train_only
st_single_phase_direct_template_0134_0123,sft_train,symbol_transform,direct_template_template0134,single_phase_synthetic_direct_template,false,train_only
st_single_phase_direct_template_0134_0124,sft_train,symbol_transform,direct_template_template0134,single_phase_synthetic_direct_template,false,train_only
st_single_phase_direct_template_0134_0125,sft_train,symbol_transform,direct_template_template0134,single_phase_synthetic_direct_template,false,train_only
st_single_phase_direct_template_0134_0126,sft_train,symbol_transform,direct_template_template0134,single_phase_synthetic_direct_template,false,train_only
st_single_phase_direct_template_0134_0127,sft_train,symbol_transform,direct_template_template0134,single_phase_synthetic_direct_template,false,train_only
st_single_phase_direct_template_0134_0128,sft_train,symbol_transform,direct_template_template0134,single_phase_synthetic_direct_template,false,train_only
st_single_phase_direct_template_0134_0129,sft_train,symbol_transform,direct_template_template0134,single_phase_synthetic_direct_template,false,train_only
st_single_phase_direct_template_0134_0130,sft_train,symbol_transform,direct_template_template0134,single_phase_synthetic_direct_template,false,train_only
st_single_phase_direct_template_0134_0131,sft_train,symbol_transform,direct_template_template0134,single_phase_synthetic_direct_template,false,train_only
st_single_phase_direct_template_0134_0132,sft_train,symbol_transform,direct_template_template0134,single_phase_synthetic_direct_template,false,train_only
st_single_phase_direct_template_0134_0133,sft_train,symbol_transform,direct_template_template0134,single_phase_synthetic_direct_template,false,train_only
st_single_phase_direct_template_0134_0134,sft_train,symbol_transform,direct_template_template0134,single_phase_synthetic_direct_template,false,train_only
st_single_phase_direct_template_0134_0135,sft_train,symbol_transform,direct_template_template0134,single_phase_synthetic_direct_template,false,train_only
st_single_phase_direct_template_0134_0136,sft_train,symbol_transform,direct_template_template0134,single_phase_synthetic_direct_template,false,train_only
st_single_phase_direct_template_0134_0137,sft_train,symbol_transform,direct_template_template0134,single_phase_synthetic_direct_template,false,train_only
st_single_phase_direct_template_0134_0138,sft_train,symbol_transform,direct_template_template0134,single_phase_synthetic_direct_template,false,train_only
st_single_phase_direct_template_0134_0139,sft_train,symbol_transform,direct_template_template0134,single_phase_synthetic_direct_template,false,train_only
st_single_phase_direct_template_0134_0140,sft_train,symbol_transform,direct_template_template0134,single_phase_synthetic_direct_template,false,train_only
st_single_phase_direct_template_0134_0141,sft_train,symbol_transform,direct_template_template0134,single_phase_synthetic_direct_template,false,train_only
st_single_phase_direct_template_0134_0142,sft_train,symbol_transform,direct_template_template0134,single_phase_synthetic_direct_template,false,train_only
st_single_phase_direct_template_0134_0143,sft_train,symbol_transform,direct_template_template0134,single_phase_synthetic_direct_template,false,train_only
st_single_phase_direct_template_0134_0144,sft_train,symbol_transform,direct_template_template0134,single_phase_synthetic_direct_template,false,train_only
st_single_phase_direct_template_0134_0145,sft_train,symbol_transform,direct_template_template0134,single_phase_synthetic_direct_template,false,train_only
st_single_phase_direct_template_0134_0146,sft_train,symbol_transform,direct_template_template0134,single_phase_synthetic_direct_template,false,train_only
st_single_phase_direct_template_0134_0147,sft_train,symbol_transform,direct_template_template0134,single_phase_synthetic_direct_template,false,train_only
st_single_phase_direct_template_0134_0148,sft_train,symbol_transform,direct_template_template0134,single_phase_synthetic_direct_template,false,train_only
st_single_phase_direct_template_0134_0149,sft_train,symbol_transform,direct_template_template0134,single_phase_synthetic_direct_template,false,train_only
st_single_phase_direct_template_0134_0150,sft_train,symbol_transform,direct_template_template0134,single_phase_synthetic_direct_template,false,train_only
st_single_phase_direct_template_0134_0151,sft_train,symbol_transform,direct_template_template0134,single_phase_synthetic_direct_template,false,train_only
st_single_phase_direct_template_0134_0152,sft_train,symbol_transform,direct_template_template0134,single_phase_synthetic_direct_template,false,train_only
st_single_phase_direct_template_0134_0153,sft_train,symbol_transform,direct_template_template0134,single_phase_synthetic_direct_template,false,train_only
st_single_phase_direct_template_0134_0154,sft_train,symbol_transform,direct_template_template0134,single_phase_synthetic_direct_template,false,train_only
st_single_phase_direct_template_0134_0155,sft_train,symbol_transform,direct_template_template0134,single_phase_synthetic_direct_template,false,train_only
st_single_phase_direct_template_0134_0156,sft_train,symbol_transform,direct_template_template0134,single_phase_synthetic_direct_template,false,train_only
st_single_phase_direct_template_0134_0157,sft_train,symbol_transform,direct_template_template0134,single_phase_synthetic_direct_template,false,train_only
st_single_phase_direct_template_0134_0158,sft_train,symbol_transform,direct_template_template0134,single_phase_synthetic_direct_template,false,train_only
st_single_phase_direct_template_0134_0159,sft_train,symbol_transform,direct_template_template0134,single_phase_synthetic_direct_template,false,train_only
st_single_phase_direct_template_0134_0160,sft_train,symbol_transform,direct_template_template0134,single_phase_synthetic_direct_template,false,train_only
st_single_phase_direct_template_0134_0161,sft_train,symbol_transform,direct_template_template0134,single_phase_synthetic_direct_template,false,train_only
st_single_phase_direct_template_0134_0162,sft_train,symbol_transform,direct_template_template0134,single_phase_synthetic_direct_template,false,train_only
st_single_phase_direct_template_0134_0163,sft_train,symbol_transform,direct_template_template0134,single_phase_synthetic_direct_template,false,train_only
st_single_phase_direct_template_0134_0164,sft_train,symbol_transform,direct_template_template0134,single_phase_synthetic_direct_template,false,train_only
st_single_phase_direct_template_0134_0165,sft_train,symbol_transform,direct_template_template0134,single_phase_synthetic_direct_template,false,train_only
st_single_phase_direct_template_0134_0166,sft_train,symbol_transform,direct_template_template0134,single_phase_synthetic_direct_template,false,train_only
st_single_phase_direct_template_0134_0167,sft_train,symbol_transform,direct_template_template0134,single_phase_synthetic_direct_template,false,train_only
st_single_phase_direct_template_0134_0168,sft_train,symbol_transform,direct_template_template0134,single_phase_synthetic_direct_template,false,train_only
st_single_phase_direct_template_0134_0169,sft_train,symbol_transform,direct_template_template0134,single_phase_synthetic_direct_template,false,train_only
st_single_phase_direct_template_0134_0170,sft_train,symbol_transform,direct_template_template0134,single_phase_synthetic_direct_template,false,train_only
st_single_phase_direct_template_0134_0171,sft_train,symbol_transform,direct_template_template0134,single_phase_synthetic_direct_template,false,train_only
st_single_phase_direct_template_0134_0172,sft_train,symbol_transform,direct_template_template0134,single_phase_synthetic_direct_template,false,train_only
st_single_phase_direct_template_0134_0173,sft_train,symbol_transform,direct_template_template0134,single_phase_synthetic_direct_template,false,train_only
st_single_phase_direct_template_0134_0174,sft_train,symbol_transform,direct_template_template0134,single_phase_synthetic_direct_template,false,train_only
st_single_phase_direct_template_0134_0175,sft_train,symbol_transform,direct_template_template0134,single_phase_synthetic_direct_template,false,train_only
st_single_phase_direct_template_0134_0176,sft_train,symbol_transform,direct_template_template0134,single_phase_synthetic_direct_template,false,train_only
st_single_phase_direct_template_0134_0177,sft_train,symbol_transform,direct_template_template0134,single_phase_synthetic_direct_template,false,train_only
st_single_phase_direct_template_0134_0178,sft_train,symbol_transform,direct_template_template0134,single_phase_synthetic_direct_template,false,train_only
st_single_phase_direct_template_0134_0179,sft_train,symbol_transform,direct_template_template0134,single_phase_synthetic_direct_template,false,train_only
st_single_phase_direct_template_0134_0180,sft_train,symbol_transform,direct_template_template0134,single_phase_synthetic_direct_template,false,train_only
st_single_phase_direct_template_0134_0181,sft_train,symbol_transform,direct_template_template0134,single_phase_synthetic_direct_template,false,train_only
st_single_phase_direct_template_0134_0182,sft_train,symbol_transform,direct_template_template0134,single_phase_synthetic_direct_template,false,train_only
st_single_phase_direct_template_0134_0183,sft_train,symbol_transform,direct_template_template0134,single_phase_synthetic_direct_template,false,train_only
st_single_phase_direct_template_0134_0184,sft_train,symbol_transform,direct_template_template0134,single_phase_synthetic_direct_template,false,train_only
st_single_phase_direct_template_0134_0185,sft_train,symbol_transform,direct_template_template0134,single_phase_synthetic_direct_template,false,train_only
st_single_phase_direct_template_0134_0186,sft_train,symbol_transform,direct_template_template0134,single_phase_synthetic_direct_template,false,train_only
st_single_phase_direct_template_0134_0187,sft_train,symbol_transform,direct_template_template0134,single_phase_synthetic_direct_template,false,train_only
st_single_phase_direct_template_0134_0188,sft_train,symbol_transform,direct_template_template0134,single_phase_synthetic_direct_template,false,train_only
st_single_phase_direct_template_0134_0189,sft_train,symbol_transform,direct_template_template0134,single_phase_synthetic_direct_template,false,train_only
st_single_phase_direct_template_0134_0190,sft_train,symbol_transform,direct_template_template0134,single_phase_synthetic_direct_template,false,train_only
st_single_phase_direct_template_0134_0191,sft_train,symbol_transform,direct_template_template0134,single_phase_synthetic_direct_template,false,train_only
st_single_phase_direct_template_0134_0192,sft_train,symbol_transform,direct_template_template0134,single_phase_synthetic_direct_template,false,train_only
st_single_phase_direct_template_0134_0193,sft_train,symbol_transform,direct_template_template0134,single_phase_synthetic_direct_template,false,train_only
st_single_phase_direct_template_0134_0194,sft_train,symbol_transform,direct_template_template0134,single_phase_synthetic_direct_template,false,train_only
st_single_phase_direct_template_0134_0195,sft_train,symbol_transform,direct_template_template0134,single_phase_synthetic_direct_template,false,train_only
st_single_phase_direct_template_0134_0196,sft_train,symbol_transform,direct_template_template0134,single_phase_synthetic_direct_template,false,train_only
st_single_phase_direct_template_0134_0197,sft_train,symbol_transform,direct_template_template0134,single_phase_synthetic_direct_template,false,train_only
st_single_phase_direct_template_0134_0198,sft_train,symbol_transform,direct_template_template0134,single_phase_synthetic_direct_template,false,train_only
st_single_phase_direct_template_0134_0199,sft_train,symbol_transform,direct_template_template0134,single_phase_synthetic_direct_template,false,train_only
st_single_phase_direct_template_0134_0200,sft_train,symbol_transform,direct_template_template0134,single_phase_synthetic_direct_template,false,train_only
st_single_phase_direct_template_0134_0201,sft_train,symbol_transform,direct_template_template0134,single_phase_synthetic_direct_template,false,train_only
st_single_phase_direct_template_0134_0202,sft_train,symbol_transform,direct_template_template0134,single_phase_synthetic_direct_template,false,train_only
st_single_phase_direct_template_0134_0203,sft_train,symbol_transform,direct_template_template0134,single_phase_synthetic_direct_template,false,train_only
st_single_phase_direct_template_0134_0204,sft_train,symbol_transform,direct_template_template0134,single_phase_synthetic_direct_template,false,train_only
st_single_phase_direct_template_0134_0205,sft_train,symbol_transform,direct_template_template0134,single_phase_synthetic_direct_template,false,train_only
st_single_phase_direct_template_0134_0206,sft_train,symbol_transform,direct_template_template0134,single_phase_synthetic_direct_template,false,train_only
st_single_phase_direct_template_0134_0207,sft_train,symbol_transform,direct_template_template0134,single_phase_synthetic_direct_template,false,train_only
st_single_phase_direct_template_0134_0208,sft_train,symbol_transform,direct_template_template0134,single_phase_synthetic_direct_template,false,train_only
st_single_phase_direct_template_0134_0209,sft_train,symbol_transform,direct_template_template0134,single_phase_synthetic_direct_template,false,train_only
st_single_phase_direct_template_0134_0210,sft_train,symbol_transform,direct_template_template0134,single_phase_synthetic_direct_template,false,train_only
st_single_phase_direct_template_0134_0211,sft_train,symbol_transform,direct_template_template0134,single_phase_synthetic_direct_template,false,train_only
st_single_phase_direct_template_0134_0212,sft_train,symbol_transform,direct_template_template0134,single_phase_synthetic_direct_template,false,train_only
st_single_phase_direct_template_0134_0213,sft_train,symbol_transform,direct_template_template0134,single_phase_synthetic_direct_template,false,train_only
st_single_phase_direct_template_0134_0214,sft_train,symbol_transform,direct_template_template0134,single_phase_synthetic_direct_template,false,train_only
st_single_phase_direct_template_0134_0215,sft_train,symbol_transform,direct_template_template0134,single_phase_synthetic_direct_template,false,train_only
st_single_phase_direct_template_0134_0216,sft_train,symbol_transform,direct_template_template0134,single_phase_synthetic_direct_template,false,train_only
st_single_phase_direct_template_0134_0217,sft_train,symbol_transform,direct_template_template0134,single_phase_synthetic_direct_template,false,train_only
st_single_phase_direct_template_0134_0218,sft_train,symbol_transform,direct_template_template0134,single_phase_synthetic_direct_template,false,train_only
st_single_phase_direct_template_0134_0219,sft_train,symbol_transform,direct_template_template0134,single_phase_synthetic_direct_template,false,train_only
st_single_phase_direct_template_0134_0220,sft_train,symbol_transform,direct_template_template0134,single_phase_synthetic_direct_template,false,train_only
st_single_phase_direct_template_0134_0221,sft_train,symbol_transform,direct_template_template0134,single_phase_synthetic_direct_template,false,train_only
st_single_phase_direct_template_0134_0222,sft_train,symbol_transform,direct_template_template0134,single_phase_synthetic_direct_template,false,train_only
st_single_phase_direct_template_0134_0223,sft_train,symbol_transform,direct_template_template0134,single_phase_synthetic_direct_template,false,train_only
st_single_phase_direct_template_3401_0000,sft_train,symbol_transform,direct_template_template3401,single_phase_synthetic_direct_template,false,train_only
st_single_phase_direct_template_3401_0001,sft_train,symbol_transform,direct_template_template3401,single_phase_synthetic_direct_template,false,train_only
st_single_phase_direct_template_3401_0002,sft_train,symbol_transform,direct_template_template3401,single_phase_synthetic_direct_template,false,train_only
st_single_phase_direct_template_3401_0003,sft_train,symbol_transform,direct_template_template3401,single_phase_synthetic_direct_template,false,train_only
st_single_phase_direct_template_3401_0004,sft_train,symbol_transform,direct_template_template3401,single_phase_synthetic_direct_template,false,train_only
st_single_phase_direct_template_3401_0005,sft_train,symbol_transform,direct_template_template3401,single_phase_synthetic_direct_template,false,train_only
st_single_phase_direct_template_3401_0006,sft_train,symbol_transform,direct_template_template3401,single_phase_synthetic_direct_template,false,train_only
st_single_phase_direct_template_3401_0007,sft_train,symbol_transform,direct_template_template3401,single_phase_synthetic_direct_template,false,train_only
st_single_phase_direct_template_3401_0008,sft_train,symbol_transform,direct_template_template3401,single_phase_synthetic_direct_template,false,train_only
st_single_phase_direct_template_3401_0009,sft_train,symbol_transform,direct_template_template3401,single_phase_synthetic_direct_template,false,train_only
st_single_phase_direct_template_3401_0010,sft_train,symbol_transform,direct_template_template3401,single_phase_synthetic_direct_template,false,train_only
st_single_phase_direct_template_3401_0011,sft_train,symbol_transform,direct_template_template3401,single_phase_synthetic_direct_template,false,train_only
st_single_phase_direct_template_3401_0012,sft_train,symbol_transform,direct_template_template3401,single_phase_synthetic_direct_template,false,train_only
st_single_phase_direct_template_3401_0013,sft_train,symbol_transform,direct_template_template3401,single_phase_synthetic_direct_template,false,train_only
st_single_phase_direct_template_3401_0014,sft_train,symbol_transform,direct_template_template3401,single_phase_synthetic_direct_template,false,train_only
st_single_phase_direct_template_3401_0015,sft_train,symbol_transform,direct_template_template3401,single_phase_synthetic_direct_template,false,train_only
st_single_phase_direct_template_3401_0016,sft_train,symbol_transform,direct_template_template3401,single_phase_synthetic_direct_template,false,train_only
st_single_phase_direct_template_3401_0017,sft_train,symbol_transform,direct_template_template3401,single_phase_synthetic_direct_template,false,train_only
st_single_phase_direct_template_3401_0018,sft_train,symbol_transform,direct_template_template3401,single_phase_synthetic_direct_template,false,train_only
st_single_phase_direct_template_3401_0019,sft_train,symbol_transform,direct_template_template3401,single_phase_synthetic_direct_template,false,train_only
st_single_phase_direct_template_3401_0020,sft_train,symbol_transform,direct_template_template3401,single_phase_synthetic_direct_template,false,train_only
st_single_phase_direct_template_3401_0021,sft_train,symbol_transform,direct_template_template3401,single_phase_synthetic_direct_template,false,train_only
st_single_phase_direct_template_3401_0022,sft_train,symbol_transform,direct_template_template3401,single_phase_synthetic_direct_template,false,train_only
st_single_phase_direct_template_3401_0023,sft_train,symbol_transform,direct_template_template3401,single_phase_synthetic_direct_template,false,train_only
st_single_phase_direct_template_3401_0024,sft_train,symbol_transform,direct_template_template3401,single_phase_synthetic_direct_template,false,train_only
st_single_phase_direct_template_3401_0025,sft_train,symbol_transform,direct_template_template3401,single_phase_synthetic_direct_template,false,train_only
st_single_phase_direct_template_3401_0026,sft_train,symbol_transform,direct_template_template3401,single_phase_synthetic_direct_template,false,train_only
st_single_phase_direct_template_3401_0027,sft_train,symbol_transform,direct_template_template3401,single_phase_synthetic_direct_template,false,train_only
st_single_phase_direct_template_3401_0028,sft_train,symbol_transform,direct_template_template3401,single_phase_synthetic_direct_template,false,train_only
st_single_phase_direct_template_3401_0029,sft_train,symbol_transform,direct_template_template3401,single_phase_synthetic_direct_template,false,train_only
st_single_phase_direct_template_3401_0030,sft_train,symbol_transform,direct_template_template3401,single_phase_synthetic_direct_template,false,train_only
st_single_phase_direct_template_3401_0031,sft_train,symbol_transform,direct_template_template3401,single_phase_synthetic_direct_template,false,train_only
st_single_phase_direct_template_3401_0032,sft_train,symbol_transform,direct_template_template3401,single_phase_synthetic_direct_template,false,train_only
st_single_phase_direct_template_3401_0033,sft_train,symbol_transform,direct_template_template3401,single_phase_synthetic_direct_template,false,train_only
st_single_phase_direct_template_3401_0034,sft_train,symbol_transform,direct_template_template3401,single_phase_synthetic_direct_template,false,train_only
st_single_phase_direct_template_3401_0035,sft_train,symbol_transform,direct_template_template3401,single_phase_synthetic_direct_template,false,train_only
st_single_phase_direct_template_3401_0036,sft_train,symbol_transform,direct_template_template3401,single_phase_synthetic_direct_template,false,train_only
st_single_phase_direct_template_3401_0037,sft_train,symbol_transform,direct_template_template3401,single_phase_synthetic_direct_template,false,train_only
st_single_phase_direct_template_3401_0038,sft_train,symbol_transform,direct_template_template3401,single_phase_synthetic_direct_template,false,train_only
st_single_phase_direct_template_3401_0039,sft_train,symbol_transform,direct_template_template3401,single_phase_synthetic_direct_template,false,train_only
st_single_phase_direct_template_3401_0040,sft_train,symbol_transform,direct_template_template3401,single_phase_synthetic_direct_template,false,train_only
st_single_phase_direct_template_3401_0041,sft_train,symbol_transform,direct_template_template3401,single_phase_synthetic_direct_template,false,train_only
st_single_phase_direct_template_3401_0042,sft_train,symbol_transform,direct_template_template3401,single_phase_synthetic_direct_template,false,train_only
st_single_phase_direct_template_3401_0043,sft_train,symbol_transform,direct_template_template3401,single_phase_synthetic_direct_template,false,train_only
st_single_phase_direct_template_3401_0044,sft_train,symbol_transform,direct_template_template3401,single_phase_synthetic_direct_template,false,train_only
st_single_phase_direct_template_3401_0045,sft_train,symbol_transform,direct_template_template3401,single_phase_synthetic_direct_template,false,train_only
st_single_phase_direct_template_3401_0046,sft_train,symbol_transform,direct_template_template3401,single_phase_synthetic_direct_template,false,train_only
st_single_phase_direct_template_3401_0047,sft_train,symbol_transform,direct_template_template3401,single_phase_synthetic_direct_template,false,train_only
st_single_phase_direct_template_3401_0048,sft_train,symbol_transform,direct_template_template3401,single_phase_synthetic_direct_template,false,train_only
st_single_phase_direct_template_3401_0049,sft_train,symbol_transform,direct_template_template3401,single_phase_synthetic_direct_template,false,train_only
st_single_phase_direct_template_3401_0050,sft_train,symbol_transform,direct_template_template3401,single_phase_synthetic_direct_template,false,train_only
st_single_phase_direct_template_3401_0051,sft_train,symbol_transform,direct_template_template3401,single_phase_synthetic_direct_template,false,train_only
st_single_phase_direct_template_3401_0052,sft_train,symbol_transform,direct_template_template3401,single_phase_synthetic_direct_template,false,train_only
st_single_phase_direct_template_3401_0053,sft_train,symbol_transform,direct_template_template3401,single_phase_synthetic_direct_template,false,train_only
st_single_phase_direct_template_3401_0054,sft_train,symbol_transform,direct_template_template3401,single_phase_synthetic_direct_template,false,train_only
st_single_phase_direct_template_3401_0055,sft_train,symbol_transform,direct_template_template3401,single_phase_synthetic_direct_template,false,train_only
st_single_phase_direct_template_3401_0056,sft_train,symbol_transform,direct_template_template3401,single_phase_synthetic_direct_template,false,train_only
st_single_phase_direct_template_3401_0057,sft_train,symbol_transform,direct_template_template3401,single_phase_synthetic_direct_template,false,train_only
st_single_phase_direct_template_3401_0058,sft_train,symbol_transform,direct_template_template3401,single_phase_synthetic_direct_template,false,train_only
st_single_phase_direct_template_3401_0059,sft_train,symbol_transform,direct_template_template3401,single_phase_synthetic_direct_template,false,train_only
st_single_phase_direct_template_3401_0060,sft_train,symbol_transform,direct_template_template3401,single_phase_synthetic_direct_template,false,train_only
st_single_phase_direct_template_3401_0061,sft_train,symbol_transform,direct_template_template3401,single_phase_synthetic_direct_template,false,train_only
st_single_phase_direct_template_3401_0062,sft_train,symbol_transform,direct_template_template3401,single_phase_synthetic_direct_template,false,train_only
st_single_phase_direct_template_3401_0063,sft_train,symbol_transform,direct_template_template3401,single_phase_synthetic_direct_template,false,train_only
st_single_phase_direct_template_3401_0064,sft_train,symbol_transform,direct_template_template3401,single_phase_synthetic_direct_template,false,train_only
st_single_phase_direct_template_3401_0065,sft_train,symbol_transform,direct_template_template3401,single_phase_synthetic_direct_template,false,train_only
st_single_phase_direct_template_3401_0066,sft_train,symbol_transform,direct_template_template3401,single_phase_synthetic_direct_template,false,train_only
st_single_phase_direct_template_3401_0067,sft_train,symbol_transform,direct_template_template3401,single_phase_synthetic_direct_template,false,train_only
st_single_phase_direct_template_3401_0068,sft_train,symbol_transform,direct_template_template3401,single_phase_synthetic_direct_template,false,train_only
st_single_phase_direct_template_3401_0069,sft_train,symbol_transform,direct_template_template3401,single_phase_synthetic_direct_template,false,train_only
st_single_phase_direct_template_3401_0070,sft_train,symbol_transform,direct_template_template3401,single_phase_synthetic_direct_template,false,train_only
st_single_phase_direct_template_3401_0071,sft_train,symbol_transform,direct_template_template3401,single_phase_synthetic_direct_template,false,train_only
st_single_phase_direct_template_3401_0072,sft_train,symbol_transform,direct_template_template3401,single_phase_synthetic_direct_template,false,train_only
st_single_phase_direct_template_3401_0073,sft_train,symbol_transform,direct_template_template3401,single_phase_synthetic_direct_template,false,train_only
st_single_phase_direct_template_3401_0074,sft_train,symbol_transform,direct_template_template3401,single_phase_synthetic_direct_template,false,train_only
st_single_phase_direct_template_3401_0075,sft_train,symbol_transform,direct_template_template3401,single_phase_synthetic_direct_template,false,train_only
st_single_phase_direct_template_3401_0076,sft_train,symbol_transform,direct_template_template3401,single_phase_synthetic_direct_template,false,train_only
st_single_phase_direct_template_3401_0077,sft_train,symbol_transform,direct_template_template3401,single_phase_synthetic_direct_template,false,train_only
st_single_phase_direct_template_3401_0078,sft_train,symbol_transform,direct_template_template3401,single_phase_synthetic_direct_template,false,train_only
st_single_phase_direct_template_3401_0079,sft_train,symbol_transform,direct_template_template3401,single_phase_synthetic_direct_template,false,train_only
st_single_phase_direct_template_3401_0080,sft_train,symbol_transform,direct_template_template3401,single_phase_synthetic_direct_template,false,train_only
st_single_phase_direct_template_3401_0081,sft_train,symbol_transform,direct_template_template3401,single_phase_synthetic_direct_template,false,train_only
st_single_phase_direct_template_3401_0082,sft_train,symbol_transform,direct_template_template3401,single_phase_synthetic_direct_template,false,train_only
st_single_phase_direct_template_3401_0083,sft_train,symbol_transform,direct_template_template3401,single_phase_synthetic_direct_template,false,train_only
st_single_phase_direct_template_3401_0084,sft_train,symbol_transform,direct_template_template3401,single_phase_synthetic_direct_template,false,train_only
st_single_phase_direct_template_3401_0085,sft_train,symbol_transform,direct_template_template3401,single_phase_synthetic_direct_template,false,train_only
st_single_phase_direct_template_3401_0086,sft_train,symbol_transform,direct_template_template3401,single_phase_synthetic_direct_template,false,train_only
st_single_phase_direct_template_3401_0087,sft_train,symbol_transform,direct_template_template3401,single_phase_synthetic_direct_template,false,train_only
st_single_phase_direct_template_3401_0088,sft_train,symbol_transform,direct_template_template3401,single_phase_synthetic_direct_template,false,train_only
st_single_phase_direct_template_3401_0089,sft_train,symbol_transform,direct_template_template3401,single_phase_synthetic_direct_template,false,train_only
st_single_phase_direct_template_3401_0090,sft_train,symbol_transform,direct_template_template3401,single_phase_synthetic_direct_template,false,train_only
st_single_phase_direct_template_3401_0091,sft_train,symbol_transform,direct_template_template3401,single_phase_synthetic_direct_template,false,train_only
st_single_phase_direct_template_3401_0092,sft_train,symbol_transform,direct_template_template3401,single_phase_synthetic_direct_template,false,train_only
st_single_phase_direct_template_3401_0093,sft_train,symbol_transform,direct_template_template3401,single_phase_synthetic_direct_template,false,train_only
st_single_phase_direct_template_3401_0094,sft_train,symbol_transform,direct_template_template3401,single_phase_synthetic_direct_template,false,train_only
st_single_phase_direct_template_3401_0095,sft_train,symbol_transform,direct_template_template3401,single_phase_synthetic_direct_template,false,train_only
st_single_phase_direct_template_3401_0096,sft_train,symbol_transform,direct_template_template3401,single_phase_synthetic_direct_template,false,train_only
st_single_phase_direct_template_3401_0097,sft_train,symbol_transform,direct_template_template3401,single_phase_synthetic_direct_template,false,train_only
st_single_phase_direct_template_3401_0098,sft_train,symbol_transform,direct_template_template3401,single_phase_synthetic_direct_template,false,train_only
st_single_phase_direct_template_3401_0099,sft_train,symbol_transform,direct_template_template3401,single_phase_synthetic_direct_template,false,train_only
st_single_phase_direct_template_3401_0100,sft_train,symbol_transform,direct_template_template3401,single_phase_synthetic_direct_template,false,train_only
01ef1e3e,sft_train,symbol_transform,op_ab_guess_0134_wrong,op_ab_guess_0134_wrong,false,train_only
02902eb3,sft_train,symbol_transform,op_ab_guess_0134_wrong,op_ab_guess_0134_wrong,false,train_only
02e871e4,sft_train,symbol_transform,op_ab_guess_0134_wrong,op_ab_guess_0134_wrong,false,train_only
055a8b01,sft_train,symbol_transform,op_ab_guess_0134_wrong,op_ab_guess_0134_wrong,false,train_only
0625f633,sft_train,symbol_transform,op_ab_guess_0134_wrong,op_ab_guess_0134_wrong,false,train_only
07b440f0,sft_train,symbol_transform,op_ab_guess_0134_correct,op_ab_guess_0134_correct,false,train_only
0bb591e6,sft_train,symbol_transform,op_ab_guess_0134_wrong,op_ab_guess_0134_wrong,false,train_only
0c0c6320,sft_train,symbol_transform,op_ab_guess_0134_wrong,op_ab_guess_0134_wrong,false,train_only
0c30f561,sft_train,symbol_transform,op_ab_guess_0134_wrong,op_ab_guess_0134_wrong,false,train_only
0da1841f,sft_train,symbol_transform,op_ab_guess_0134_correct,op_ab_guess_0134_correct,false,train_only
0fcf912a,sft_train,symbol_transform,op_ab_guess_0134_correct,op_ab_guess_0134_correct,false,train_only
15950a46,sft_train,symbol_transform,op_ab_guess_0134_wrong,op_ab_guess_0134_wrong,false,train_only
17d40290,sft_train,symbol_transform,op_ab_guess_0134_wrong,op_ab_guess_0134_wrong,false,train_only
18bce168,sft_train,symbol_transform,op_ab_guess_0134_wrong,op_ab_guess_0134_wrong,false,train_only
1a112a8f,sft_train,symbol_transform,op_ab_guess_0134_wrong,op_ab_guess_0134_wrong,false,train_only
1a493b13,sft_train,symbol_transform,op_ab_guess_0134_wrong,op_ab_guess_0134_wrong,false,train_only
1cce5949,sft_train,symbol_transform,op_ab_guess_0134_wrong,op_ab_guess_0134_wrong,false,train_only
20e6b2d1,sft_train,symbol_transform,op_ab_guess_0134_wrong,op_ab_guess_0134_wrong,false,train_only
21ee162c,sft_train,symbol_transform,op_ab_guess_0134_wrong,op_ab_guess_0134_wrong,false,train_only
258b796b,sft_train,symbol_transform,op_ab_guess_0134_correct,op_ab_guess_0134_correct,false,train_only
25e89624,sft_train,symbol_transform,op_ab_guess_0134_wrong,op_ab_guess_0134_wrong,false,train_only
25ee72c3,sft_train,symbol_transform,op_ab_guess_0134_correct,op_ab_guess_0134_correct,false,train_only
27fdca03,sft_train,symbol_transform,op_ab_guess_0134_wrong,op_ab_guess_0134_wrong,false,train_only
2d624cab,sft_train,symbol_transform,op_ab_guess_0134_wrong,op_ab_guess_0134_wrong,false,train_only
2db53c85,sft_train,symbol_transform,op_ab_guess_0134_wrong,op_ab_guess_0134_wrong,false,train_only
2e8fc884,sft_train,symbol_transform,op_ab_guess_0134_wrong,op_ab_guess_0134_wrong,false,train_only
2e9973b7,sft_train,symbol_transform,op_ab_guess_0134_correct,op_ab_guess_0134_correct,false,train_only
303c84ea,sft_train,symbol_transform,op_ab_guess_0134_wrong,op_ab_guess_0134_wrong,false,train_only
303fc16b,sft_train,symbol_transform,op_ab_guess_0134_wrong,op_ab_guess_0134_wrong,false,train_only
305a3436,sft_train,symbol_transform,op_ab_guess_0134_wrong,op_ab_guess_0134_wrong,false,train_only
30e4b199,sft_train,symbol_transform,op_ab_guess_0134_wrong,op_ab_guess_0134_wrong,false,train_only
31678582,sft_train,symbol_transform,op_ab_guess_0134_wrong,op_ab_guess_0134_wrong,false,train_only
31b8db52,sft_train,symbol_transform,op_ab_guess_0134_wrong,op_ab_guess_0134_wrong,false,train_only
32bb8ff5,sft_train,symbol_transform,op_ab_guess_0134_wrong,op_ab_guess_0134_wrong,false,train_only
34d1d16f,sft_train,symbol_transform,op_ab_guess_0134_wrong,op_ab_guess_0134_wrong,false,train_only
36b5df1b,sft_train,symbol_transform,op_ab_guess_0134_wrong,op_ab_guess_0134_wrong,false,train_only
38a49ff0,sft_train,symbol_transform,op_ab_guess_0134_wrong,op_ab_guess_0134_wrong,false,train_only
398478f6,sft_train,symbol_transform,op_ab_guess_0134_wrong,op_ab_guess_0134_wrong,false,train_only
3b7148f6,sft_train,symbol_transform,op_ab_guess_0134_wrong,op_ab_guess_0134_wrong,false,train_only
3cc03e36,sft_train,symbol_transform,op_ab_guess_0134_wrong,op_ab_guess_0134_wrong,false,train_only
3f8d5299,sft_train,symbol_transform,op_ab_guess_0134_wrong,op_ab_guess_0134_wrong,false,train_only
40ba1b6f,sft_train,symbol_transform,op_ab_guess_0134_wrong,op_ab_guess_0134_wrong,false,train_only
432b1110,sft_train,symbol_transform,op_ab_guess_0134_wrong,op_ab_guess_0134_wrong,false,train_only
468bf9fc,sft_train,symbol_transform,op_ab_guess_0134_wrong,op_ab_guess_0134_wrong,false,train_only
48817fa0,sft_train,symbol_transform,op_ab_guess_0134_wrong,op_ab_guess_0134_wrong,false,train_only
4a02017f,sft_train,symbol_transform,op_ab_guess_0134_wrong,op_ab_guess_0134_wrong,false,train_only
4bb8c6cd,sft_train,symbol_transform,op_ab_guess_0134_correct,op_ab_guess_0134_correct,false,train_only
4f2351e5,sft_train,symbol_transform,op_ab_guess_0134_wrong,op_ab_guess_0134_wrong,false,train_only
4fd29059,sft_train,symbol_transform,op_ab_guess_0134_wrong,op_ab_guess_0134_wrong,false,train_only
51174a9d,sft_train,symbol_transform,op_ab_guess_0134_wrong,op_ab_guess_0134_wrong,false,train_only
5128831c,sft_train,symbol_transform,op_ab_guess_0134_wrong,op_ab_guess_0134_wrong,false,train_only
51352792,sft_train,symbol_transform,op_ab_guess_0134_wrong,op_ab_guess_0134_wrong,false,train_only
54e8c553,sft_train,symbol_transform,op_ab_guess_0134_wrong,op_ab_guess_0134_wrong,false,train_only
5501c054,sft_train,symbol_transform,op_ab_guess_0134_wrong,op_ab_guess_0134_wrong,false,train_only
55f4fa64,sft_train,symbol_transform,op_ab_guess_0134_correct,op_ab_guess_0134_correct,false,train_only
563bf8f9,sft_train,symbol_transform,op_ab_guess_0134_wrong,op_ab_guess_0134_wrong,false,train_only
5998ac05,sft_train,symbol_transform,op_ab_guess_0134_wrong,op_ab_guess_0134_wrong,false,train_only
5b2523e6,sft_train,symbol_transform,op_ab_guess_0134_wrong,op_ab_guess_0134_wrong,false,train_only
5d35ee2e,sft_train,symbol_transform,op_ab_guess_0134_wrong,op_ab_guess_0134_wrong,false,train_only
5e0c542f,sft_train,symbol_transform,op_ab_guess_0134_wrong,op_ab_guess_0134_wrong,false,train_only
5e989cc5,sft_train,symbol_transform,op_ab_guess_0134_wrong,op_ab_guess_0134_wrong,false,train_only
60d928d0,sft_train,symbol_transform,op_ab_guess_0134_wrong,op_ab_guess_0134_wrong,false,train_only
62896e95,sft_train,symbol_transform,op_ab_guess_0134_wrong,op_ab_guess_0134_wrong,false,train_only
62fc7798,sft_train,symbol_transform,op_ab_guess_0134_wrong,op_ab_guess_0134_wrong,false,train_only
680b66f2,sft_train,symbol_transform,op_ab_guess_0134_wrong,op_ab_guess_0134_wrong,false,train_only
685be3a7,sft_train,symbol_transform,op_ab_guess_0134_wrong,op_ab_guess_0134_wrong,false,train_only
69771374,sft_train,symbol_transform,op_ab_guess_0134_wrong,op_ab_guess_0134_wrong,false,train_only
6b2e0c5a,sft_train,symbol_transform,op_ab_guess_0134_wrong,op_ab_guess_0134_wrong,false,train_only
6c30f260,sft_train,symbol_transform,op_ab_guess_0134_wrong,op_ab_guess_0134_wrong,false,train_only
6cc5dafb,sft_train,symbol_transform,op_ab_guess_0134_wrong,op_ab_guess_0134_wrong,false,train_only
6fc35fc2,sft_train,symbol_transform,op_ab_guess_0134_wrong,op_ab_guess_0134_wrong,false,train_only
70851afe,sft_train,symbol_transform,op_ab_guess_0134_wrong,op_ab_guess_0134_wrong,false,train_only
715e0259,sft_train,symbol_transform,op_ab_guess_0134_wrong,op_ab_guess_0134_wrong,false,train_only
72413b7f,sft_train,symbol_transform,op_ab_guess_0134_wrong,op_ab_guess_0134_wrong,false,train_only
73e0994b,sft_train,symbol_transform,op_ab_guess_0134_wrong,op_ab_guess_0134_wrong,false,train_only
74914eac,sft_train,symbol_transform,op_ab_guess_0134_wrong,op_ab_guess_0134_wrong,false,train_only
767174e8,sft_train,symbol_transform,op_ab_guess_0134_wrong,op_ab_guess_0134_wrong,false,train_only
76c48f67,sft_train,symbol_transform,op_ab_guess_0134_wrong,op_ab_guess_0134_wrong,false,train_only
77365caf,sft_train,symbol_transform,op_ab_guess_0134_wrong,op_ab_guess_0134_wrong,false,train_only
7924844c,sft_train,symbol_transform,op_ab_guess_0134_wrong,op_ab_guess_0134_wrong,false,train_only
7933172a,sft_train,symbol_transform,op_ab_guess_0134_wrong,op_ab_guess_0134_wrong,false,train_only
7a65a8eb,sft_train,symbol_transform,op_ab_guess_0134_wrong,op_ab_guess_0134_wrong,false,train_only
7cb3089e,sft_train,symbol_transform,op_ab_guess_0134_wrong,op_ab_guess_0134_wrong,false,train_only
82109e34,sft_train,symbol_transform,op_ab_guess_0134_wrong,op_ab_guess_0134_wrong,false,train_only
82b32563,sft_train,symbol_transform,op_ab_guess_0134_wrong,op_ab_guess_0134_wrong,false,train_only
82baf39f,sft_train,symbol_transform,op_ab_guess_0134_wrong,op_ab_guess_0134_wrong,false,train_only
8326116b,sft_train,symbol_transform,op_ab_guess_0134_wrong,op_ab_guess_0134_wrong,false,train_only
837a6ae7,sft_train,symbol_transform,op_ab_guess_0134_wrong,op_ab_guess_0134_wrong,false,train_only
83d7dcd4,sft_train,symbol_transform,op_ab_guess_0134_wrong,op_ab_guess_0134_wrong,false,train_only
86088a1b,sft_train,symbol_transform,op_ab_guess_0134_wrong,op_ab_guess_0134_wrong,false,train_only
861cb0b2,sft_train,symbol_transform,op_ab_guess_0134_wrong,op_ab_guess_0134_wrong,false,train_only
8753cdcc,sft_train,symbol_transform,op_ab_guess_0134_wrong,op_ab_guess_0134_wrong,false,train_only
8a0c1aab,sft_train,symbol_transform,op_ab_guess_0134_wrong,op_ab_guess_0134_wrong,false,train_only
8bd4b4c8,sft_train,symbol_transform,op_ab_guess_0134_wrong,op_ab_guess_0134_wrong,false,train_only
8d9a062b,sft_train,symbol_transform,op_ab_guess_0134_wrong,op_ab_guess_0134_wrong,false,train_only
8f1af066,sft_train,symbol_transform,op_ab_guess_0134_wrong,op_ab_guess_0134_wrong,false,train_only
90f00d9b,sft_train,symbol_transform,op_ab_guess_0134_wrong,op_ab_guess_0134_wrong,false,train_only
9243dd78,sft_train,symbol_transform,op_ab_guess_0134_wrong,op_ab_guess_0134_wrong,false,train_only
93c9b36b,sft_train,symbol_transform,op_ab_guess_0134_wrong,op_ab_guess_0134_wrong,false,train_only
94b3156f,sft_train,symbol_transform,op_ab_guess_0134_wrong,op_ab_guess_0134_wrong,false,train_only
97abca56,sft_train,symbol_transform,op_ab_guess_0134_wrong,op_ab_guess_0134_wrong,false,train_only
98eed496,sft_train,symbol_transform,op_ab_guess_0134_correct,op_ab_guess_0134_correct,false,train_only
9935aa11,sft_train,symbol_transform,op_ab_guess_0134_wrong,op_ab_guess_0134_wrong,false,train_only
99b7018f,sft_train,symbol_transform,op_ab_guess_0134_wrong,op_ab_guess_0134_wrong,false,train_only
9dfe5ac9,sft_train,symbol_transform,op_ab_guess_0134_correct,op_ab_guess_0134_correct,false,train_only
9eacc9a2,sft_train,symbol_transform,op_ab_guess_0134_wrong,op_ab_guess_0134_wrong,false,train_only
9f1015a1,sft_train,symbol_transform,op_ab_guess_0134_wrong,op_ab_guess_0134_wrong,false,train_only
9fdb18b7,sft_train,symbol_transform,op_ab_guess_0134_wrong,op_ab_guess_0134_wrong,false,train_only
9ff449aa,sft_train,symbol_transform,op_ab_guess_0134_wrong,op_ab_guess_0134_wrong,false,train_only
a40497f9,sft_train,symbol_transform,op_ab_guess_0134_wrong,op_ab_guess_0134_wrong,false,train_only
a9d91ec1,sft_train,symbol_transform,op_ab_guess_0134_wrong,op_ab_guess_0134_wrong,false,train_only
aa2e27a3,sft_train,symbol_transform,op_ab_guess_0134_wrong,op_ab_guess_0134_wrong,false,train_only
adcc6292,sft_train,symbol_transform,op_ab_guess_0134_wrong,op_ab_guess_0134_wrong,false,train_only
af0e4262,sft_train,symbol_transform,op_ab_guess_0134_wrong,op_ab_guess_0134_wrong,false,train_only
b1181806,sft_train,symbol_transform,op_ab_guess_0134_wrong,op_ab_guess_0134_wrong,false,train_only
b16d6db2,sft_train,symbol_transform,op_ab_guess_0134_wrong,op_ab_guess_0134_wrong,false,train_only
b271a61c,sft_train,symbol_transform,op_ab_guess_0134_wrong,op_ab_guess_0134_wrong,false,train_only
b47e8621,sft_train,symbol_transform,op_ab_guess_0134_wrong,op_ab_guess_0134_wrong,false,train_only
b5a936a9,sft_train,symbol_transform,op_ab_guess_0134_wrong,op_ab_guess_0134_wrong,false,train_only
b8432f69,sft_train,symbol_transform,op_ab_guess_0134_wrong,op_ab_guess_0134_wrong,false,train_only
bbcd608d,sft_train,symbol_transform,op_ab_guess_0134_wrong,op_ab_guess_0134_wrong,false,train_only
bc1ef494,sft_train,symbol_transform,op_ab_guess_0134_wrong,op_ab_guess_0134_wrong,false,train_only
bf2220e7,sft_train,symbol_transform,op_ab_guess_0134_wrong,op_ab_guess_0134_wrong,false,train_only
c24074a8,sft_train,symbol_transform,op_ab_guess_0134_wrong,op_ab_guess_0134_wrong,false,train_only
c32681cb,sft_train,symbol_transform,op_ab_guess_0134_wrong,op_ab_guess_0134_wrong,false,train_only
c7844441,sft_train,symbol_transform,op_ab_guess_0134_correct,op_ab_guess_0134_correct,false,train_only
c922dbb4,sft_train,symbol_transform,op_ab_guess_0134_wrong,op_ab_guess_0134_wrong,false,train_only
c9e16aff,sft_train,symbol_transform,op_ab_guess_0134_wrong,op_ab_guess_0134_wrong,false,train_only
ca109b5e,sft_train,symbol_transform,op_ab_guess_0134_wrong,op_ab_guess_0134_wrong,false,train_only
ca43107b,sft_train,symbol_transform,op_ab_guess_0134_wrong,op_ab_guess_0134_wrong,false,train_only
cb7bb0d0,sft_train,symbol_transform,op_ab_guess_0134_wrong,op_ab_guess_0134_wrong,false,train_only
cca64860,sft_train,symbol_transform,op_ab_guess_0134_wrong,op_ab_guess_0134_wrong,false,train_only
cd1c5cc3,sft_train,symbol_transform,op_ab_guess_0134_wrong,op_ab_guess_0134_wrong,false,train_only
cef4c8a9,sft_train,symbol_transform,op_ab_guess_0134_wrong,op_ab_guess_0134_wrong,false,train_only
d407570e,sft_train,symbol_transform,op_ab_guess_0134_wrong,op_ab_guess_0134_wrong,false,train_only
d45dc67f,sft_train,symbol_transform,op_ab_guess_0134_wrong,op_ab_guess_0134_wrong,false,train_only
d56a1b4c,sft_train,symbol_transform,op_ab_guess_0134_wrong,op_ab_guess_0134_wrong,false,train_only
d6f18fc8,sft_train,symbol_transform,op_ab_guess_0134_wrong,op_ab_guess_0134_wrong,false,train_only
d8126121,sft_train,symbol_transform,op_ab_guess_0134_wrong,op_ab_guess_0134_wrong,false,train_only
da10a947,sft_train,symbol_transform,op_ab_guess_0134_wrong,op_ab_guess_0134_wrong,false,train_only
da51295d,sft_train,symbol_transform,op_ab_guess_0134_wrong,op_ab_guess_0134_wrong,false,train_only
da931308,sft_train,symbol_transform,op_ab_guess_0134_wrong,op_ab_guess_0134_wrong,false,train_only
dad3bf21,sft_train,symbol_transform,op_ab_guess_0134_wrong,op_ab_guess_0134_wrong,false,train_only
db564ba9,sft_train,symbol_transform,op_ab_guess_0134_wrong,op_ab_guess_0134_wrong,false,train_only
dba045b0,sft_train,symbol_transform,op_ab_guess_0134_wrong,op_ab_guess_0134_wrong,false,train_only
dc93896e,sft_train,symbol_transform,op_ab_guess_0134_wrong,op_ab_guess_0134_wrong,false,train_only
deed3497,sft_train,symbol_transform,op_ab_guess_0134_correct,op_ab_guess_0134_correct,false,train_only
e126a1e3,sft_train,symbol_transform,op_ab_guess_0134_wrong,op_ab_guess_0134_wrong,false,train_only
e38c423b,sft_train,symbol_transform,op_ab_guess_0134_correct,op_ab_guess_0134_correct,false,train_only
e4ca4f9e,sft_train,symbol_transform,op_ab_guess_0134_wrong,op_ab_guess_0134_wrong,false,train_only
e5d6e090,sft_train,symbol_transform,op_ab_guess_0134_wrong,op_ab_guess_0134_wrong,false,train_only
e6af1658,sft_train,symbol_transform,op_ab_guess_0134_wrong,op_ab_guess_0134_wrong,false,train_only
eb1a62f7,sft_train,symbol_transform,op_ab_guess_0134_wrong,op_ab_guess_0134_wrong,false,train_only
efc9691d,sft_train,symbol_transform,op_ab_guess_0134_wrong,op_ab_guess_0134_wrong,false,train_only
f1680db9,sft_train,symbol_transform,op_ab_guess_0134_wrong,op_ab_guess_0134_wrong,false,train_only
f3959455,sft_train,symbol_transform,op_ab_guess_0134_wrong,op_ab_guess_0134_wrong,false,train_only
f45dd620,sft_train,symbol_transform,op_ab_guess_0134_wrong,op_ab_guess_0134_wrong,false,train_only
f4f92956,sft_train,symbol_transform,op_ab_guess_0134_wrong,op_ab_guess_0134_wrong,false,train_only
f5126d48,sft_train,symbol_transform,op_ab_guess_0134_wrong,op_ab_guess_0134_wrong,false,train_only
f519ace9,sft_train,symbol_transform,op_ab_guess_0134_wrong,op_ab_guess_0134_wrong,false,train_only
f7e8ca63,sft_train,symbol_transform,op_ab_guess_0134_wrong,op_ab_guess_0134_wrong,false,train_only
f9799a68,sft_train,symbol_transform,op_ab_guess_0134_wrong,op_ab_guess_0134_wrong,false,train_only
fa4d703a,sft_train,symbol_transform,op_ab_guess_0134_wrong,op_ab_guess_0134_wrong,false,train_only
fc3982df,sft_train,symbol_transform,op_ab_guess_0134_wrong,op_ab_guess_0134_wrong,false,train_only
