id,split,diagnostic_type,diagnostic_subtype,source_mode,eval_eligible,split_policy
01cd504a,sft_train,numeric_equation,docs_numeric_equation_motif_override_traces_01cd504a_txt,real,true,auto
026106f5,sft_train,numeric_equation,docs_numeric_equation_motif_override_traces_026106f5_txt,real,true,auto
03f07b43,sft_train,numeric_equation,docs_numeric_equation_motif_override_traces_03f07b43_txt,real,true,auto
04171e29,sft_train,numeric_equation,docs_numeric_equation_motif_override_traces_04171e29_txt,real,true,auto
04322d27,sft_train,numeric_equation,docs_numeric_equation_motif_override_traces_04322d27_txt,real,true,auto
047c4111,sft_train,numeric_equation,docs_numeric_equation_motif_override_traces_047c4111_txt,real,true,auto
0505ab22,sft_train,numeric_equation,docs_numeric_equation_motif_override_traces_0505ab22_txt,real,true,auto
053f4545,sft_train,numeric_equation,docs_numeric_equation_motif_override_traces_053f4545_txt,real,true,auto
0641ef58,sft_train,numeric_equation,docs_numeric_equation_motif_override_traces_0641ef58_txt,real,true,auto
07aef27f,sft_train,numeric_equation,docs_numeric_equation_motif_override_traces_07aef27f_txt,real,true,auto
07cbed38,sft_train,numeric_equation,docs_numeric_equation_motif_override_traces_07cbed38_txt,real,true,auto
0819520a,sft_train,numeric_equation,docs_numeric_equation_motif_override_traces_0819520a_txt,real,true,auto
08d8d7e1,sft_train,numeric_equation,docs_numeric_equation_motif_override_traces_08d8d7e1_txt,real,true,auto
09302769,sft_train,numeric_equation,docs_numeric_equation_motif_override_traces_09302769_txt,real,true,auto
094bf548,sft_train,numeric_equation,docs_numeric_equation_motif_override_traces_094bf548_txt,real,true,auto
0a15c5c7,sft_train,numeric_equation,docs_numeric_equation_motif_override_traces_0a15c5c7_txt,real,true,auto
0bcffccd,sft_train,numeric_equation,docs_numeric_equation_motif_override_traces_0bcffccd_txt,real,true,auto
0c0683c3,sft_train,numeric_equation,docs_numeric_equation_motif_override_traces_0c0683c3_txt,real,true,auto
0c8a8a16,sft_train,numeric_equation,docs_numeric_equation_motif_override_traces_0c8a8a16_txt,real,true,auto
0cd170a0,sft_train,numeric_equation,docs_numeric_equation_motif_override_traces_0cd170a0_txt,real,true,auto
0f0536de,sft_train,numeric_equation,docs_numeric_equation_motif_override_traces_0f0536de_txt,real,true,auto
1019ee55,sft_train,numeric_equation,docs_numeric_equation_motif_override_traces_1019ee55_txt,real,true,auto
10d7bd1b,sft_train,numeric_equation,docs_numeric_equation_motif_override_traces_10d7bd1b_txt,real,true,auto
10fdae00,sft_train,numeric_equation,docs_numeric_equation_motif_override_traces_10fdae00_txt,real,true,auto
10ff9431,sft_train,numeric_equation,docs_numeric_equation_motif_override_traces_10ff9431_txt,real,true,auto
111e3b8e,sft_train,numeric_equation,docs_numeric_equation_motif_override_traces_111e3b8e_txt,real,true,auto
114a8d85,sft_train,numeric_equation,docs_numeric_equation_motif_override_traces_114a8d85_txt,real,true,auto
118889da,sft_train,numeric_equation,docs_numeric_equation_motif_override_traces_118889da_txt,real,true,auto
118f8c86,sft_train,numeric_equation,docs_numeric_equation_motif_override_traces_118f8c86_txt,real,true,auto
11f62c83,sft_train,numeric_equation,docs_numeric_equation_motif_override_traces_11f62c83_txt,real,true,auto
1322241b,sft_train,numeric_equation,docs_numeric_equation_motif_override_traces_1322241b_txt,real,true,auto
13892a7c,sft_train,numeric_equation,docs_numeric_equation_motif_override_traces_13892a7c_txt,real,true,auto
13ad7bce,sft_train,numeric_equation,docs_numeric_equation_motif_override_traces_13ad7bce_txt,real,true,auto
144a3e31,sft_train,numeric_equation,docs_numeric_equation_motif_override_traces_144a3e31_txt,real,true,auto
1450fbc4,sft_train,numeric_equation,docs_numeric_equation_motif_override_traces_1450fbc4_txt,real,true,auto
14905278,sft_train,numeric_equation,docs_numeric_equation_motif_override_traces_14905278_txt,real,true,auto
1497f970,sft_train,numeric_equation,docs_numeric_equation_motif_override_traces_1497f970_txt,real,true,auto
1526c35d,sft_train,numeric_equation,docs_numeric_equation_motif_override_traces_1526c35d_txt,real,true,auto
155b4694,sft_train,numeric_equation,docs_numeric_equation_motif_override_traces_155b4694_txt,real,true,auto
157228d7,sft_train,numeric_equation,docs_numeric_equation_motif_override_traces_157228d7_txt,real,true,auto
1580f498,sft_train,numeric_equation,docs_numeric_equation_motif_override_traces_1580f498_txt,real,true,auto
15a1d279,sft_train,numeric_equation,docs_numeric_equation_motif_override_traces_15a1d279_txt,real,true,auto
163db2d8,sft_train,numeric_equation,docs_numeric_equation_motif_override_traces_163db2d8_txt,real,true,auto
164b3241,sft_train,numeric_equation,docs_numeric_equation_motif_override_traces_164b3241_txt,real,true,auto
16699d43,sft_train,numeric_equation,docs_numeric_equation_motif_override_traces_16699d43_txt,real,true,auto
1779c616,sft_train,numeric_equation,docs_numeric_equation_motif_override_traces_1779c616_txt,real,true,auto
17c98340,sft_train,numeric_equation,docs_numeric_equation_motif_override_traces_17c98340_txt,real,true,auto
18268687,sft_train,numeric_equation,docs_numeric_equation_motif_override_traces_18268687_txt,real,true,auto
1861c08f,sft_train,numeric_equation,docs_numeric_equation_motif_override_traces_1861c08f_txt,real,true,auto
1b019515,sft_train,numeric_equation,docs_numeric_equation_motif_override_traces_1b019515_txt,real,true,auto
1b3beb8f,sft_train,numeric_equation,docs_numeric_equation_motif_override_traces_1b3beb8f_txt,real,true,auto
1bc85bd9,sft_train,numeric_equation,docs_numeric_equation_motif_override_traces_1bc85bd9_txt,real,true,auto
1c4861e6,sft_train,numeric_equation,docs_numeric_equation_motif_override_traces_1c4861e6_txt,real,true,auto
1c48f9aa,sft_train,numeric_equation,docs_numeric_equation_motif_override_traces_1c48f9aa_txt,real,true,auto
1cb4d524,sft_train,numeric_equation,docs_numeric_equation_motif_override_traces_1cb4d524_txt,real,true,auto
1d6c587d,sft_train,numeric_equation,docs_numeric_equation_motif_override_traces_1d6c587d_txt,real,true,auto
1d92ba5d,sft_train,numeric_equation,docs_numeric_equation_motif_override_traces_1d92ba5d_txt,real,true,auto
1da822f1,sft_train,numeric_equation,docs_numeric_equation_motif_override_traces_1da822f1_txt,real,true,auto
1db0c6fe,sft_train,numeric_equation,docs_numeric_equation_motif_override_traces_1db0c6fe_txt,real,true,auto
1e0f6678,sft_train,numeric_equation,docs_numeric_equation_motif_override_traces_1e0f6678_txt,real,true,auto
1e248995,sft_train,numeric_equation,docs_numeric_equation_motif_override_traces_1e248995_txt,real,true,auto
1eaf6228,sft_train,numeric_equation,docs_numeric_equation_motif_override_traces_1eaf6228_txt,real,true,auto
1ee54412,sft_train,numeric_equation,docs_numeric_equation_motif_override_traces_1ee54412_txt,real,true,auto
1ef51442,sft_train,numeric_equation,docs_numeric_equation_motif_override_traces_1ef51442_txt,real,true,auto
1f0674b0,sft_train,numeric_equation,docs_numeric_equation_motif_override_traces_1f0674b0_txt,real,true,auto
1f0fbe5f,sft_train,numeric_equation,docs_numeric_equation_motif_override_traces_1f0fbe5f_txt,real,true,auto
1f445c5e,sft_train,numeric_equation,docs_numeric_equation_motif_override_traces_1f445c5e_txt,real,true,auto
1f4c8169,sft_train,numeric_equation,docs_numeric_equation_motif_override_traces_1f4c8169_txt,real,true,auto
207ab66f,sft_train,numeric_equation,docs_numeric_equation_motif_override_traces_207ab66f_txt,real,true,auto
209c43f0,sft_train,numeric_equation,docs_numeric_equation_motif_override_traces_209c43f0_txt,real,true,auto
209d28ca,sft_train,numeric_equation,docs_numeric_equation_motif_override_traces_209d28ca_txt,real,true,auto
20f0fac9,sft_train,numeric_equation,docs_numeric_equation_motif_override_traces_20f0fac9_txt,real,true,auto
21261dc6,sft_train,numeric_equation,docs_numeric_equation_motif_override_traces_21261dc6_txt,real,true,auto
21519be7,sft_train,numeric_equation,docs_numeric_equation_motif_override_traces_21519be7_txt,real,true,auto
22288152,sft_train,numeric_equation,docs_numeric_equation_motif_override_traces_22288152_txt,real,true,auto
224efda1,sft_train,numeric_equation,docs_numeric_equation_motif_override_traces_224efda1_txt,real,true,auto
228bd26b,sft_train,numeric_equation,docs_numeric_equation_motif_override_traces_228bd26b_txt,real,true,auto
23800316,sft_train,numeric_equation,docs_numeric_equation_motif_override_traces_23800316_txt,real,true,auto
2423926d,sft_train,numeric_equation,docs_numeric_equation_motif_override_traces_2423926d_txt,real,true,auto
25eb7b03,sft_train,numeric_equation,docs_numeric_equation_motif_override_traces_25eb7b03_txt,real,true,auto
25f2f2cd,sft_train,numeric_equation,docs_numeric_equation_motif_override_traces_25f2f2cd_txt,real,true,auto
260f20c1,sft_train,numeric_equation,docs_numeric_equation_motif_override_traces_260f20c1_txt,real,true,auto
26168be6,sft_train,numeric_equation,docs_numeric_equation_motif_override_traces_26168be6_txt,real,true,auto
26b716ed,sft_train,numeric_equation,docs_numeric_equation_motif_override_traces_26b716ed_txt,real,true,auto
26dbd20d,sft_train,numeric_equation,docs_numeric_equation_motif_override_traces_26dbd20d_txt,real,true,auto
2701a005,sft_train,numeric_equation,docs_numeric_equation_motif_override_traces_2701a005_txt,real,true,auto
274def88,sft_train,numeric_equation,docs_numeric_equation_motif_override_traces_274def88_txt,real,true,auto
275db7d4,sft_train,numeric_equation,docs_numeric_equation_motif_override_traces_275db7d4_txt,real,true,auto
27cec7a9,sft_train,numeric_equation,docs_numeric_equation_motif_override_traces_27cec7a9_txt,real,true,auto
286135d3,sft_train,numeric_equation,docs_numeric_equation_motif_override_traces_286135d3_txt,real,true,auto
2a73a462,sft_train,numeric_equation,docs_numeric_equation_motif_override_traces_2a73a462_txt,real,true,auto
2aeb5265,sft_train,numeric_equation,docs_numeric_equation_motif_override_traces_2aeb5265_txt,real,true,auto
2af7134e,sft_train,numeric_equation,docs_numeric_equation_motif_override_traces_2af7134e_txt,real,true,auto
2afebbc3,sft_train,numeric_equation,docs_numeric_equation_motif_override_traces_2afebbc3_txt,real,true,auto
2bc2a65a,sft_train,numeric_equation,docs_numeric_equation_motif_override_traces_2bc2a65a_txt,real,true,auto
2c8e2e06,sft_train,numeric_equation,docs_numeric_equation_motif_override_traces_2c8e2e06_txt,real,true,auto
2cc274cb,sft_train,numeric_equation,docs_numeric_equation_motif_override_traces_2cc274cb_txt,real,true,auto
2cf587f6,sft_train,numeric_equation,docs_numeric_equation_motif_override_traces_2cf587f6_txt,real,true,auto
2d3e809c,sft_train,numeric_equation,docs_numeric_equation_motif_override_traces_2d3e809c_txt,real,true,auto
2dd48cac,sft_train,numeric_equation,docs_numeric_equation_motif_override_traces_2dd48cac_txt,real,true,auto
2e044d8e,sft_train,numeric_equation,docs_numeric_equation_motif_override_traces_2e044d8e_txt,real,true,auto
2e2d60b2,sft_train,numeric_equation,docs_numeric_equation_motif_override_traces_2e2d60b2_txt,real,true,auto
2e37e963,sft_train,numeric_equation,docs_numeric_equation_motif_override_traces_2e37e963_txt,real,true,auto
2e9639de,sft_train,numeric_equation,docs_numeric_equation_motif_override_traces_2e9639de_txt,real,true,auto
2ee39f5f,sft_train,numeric_equation,docs_numeric_equation_motif_override_traces_2ee39f5f_txt,real,true,auto
2f485a40,sft_train,numeric_equation,docs_numeric_equation_motif_override_traces_2f485a40_txt,real,true,auto
2f5959c9,sft_train,numeric_equation,docs_numeric_equation_motif_override_traces_2f5959c9_txt,real,true,auto
2fb20366,sft_train,numeric_equation,docs_numeric_equation_motif_override_traces_2fb20366_txt,real,true,auto
3013265c,sft_train,numeric_equation,docs_numeric_equation_motif_override_traces_3013265c_txt,real,true,auto
30763ac0,sft_train,numeric_equation,docs_numeric_equation_motif_override_traces_30763ac0_txt,real,true,auto
30c0d5a2,sft_train,numeric_equation,docs_numeric_equation_motif_override_traces_30c0d5a2_txt,real,true,auto
317ec3e6,sft_train,numeric_equation,docs_numeric_equation_motif_override_traces_317ec3e6_txt,real,true,auto
320d8d2b,sft_train,numeric_equation,docs_numeric_equation_motif_override_traces_320d8d2b_txt,real,true,auto
324f918b,sft_train,numeric_equation,docs_numeric_equation_motif_override_traces_324f918b_txt,real,true,auto
32815b79,sft_train,numeric_equation,docs_numeric_equation_motif_override_traces_32815b79_txt,real,true,auto
32a812cd,sft_train,numeric_equation,docs_numeric_equation_motif_override_traces_32a812cd_txt,real,true,auto
33093ed0,sft_train,numeric_equation,docs_numeric_equation_motif_override_traces_33093ed0_txt,real,true,auto
330d5ef1,sft_train,numeric_equation,docs_numeric_equation_motif_override_traces_330d5ef1_txt,real,true,auto
333d93ec,sft_train,numeric_equation,docs_numeric_equation_motif_override_traces_333d93ec_txt,real,true,auto
3383d4ec,sft_train,numeric_equation,docs_numeric_equation_motif_override_traces_3383d4ec_txt,real,true,auto
339149c9,sft_train,numeric_equation,docs_numeric_equation_motif_override_traces_339149c9_txt,real,true,auto
347477c5,sft_train,numeric_equation,docs_numeric_equation_motif_override_traces_347477c5_txt,real,true,auto
348d6225,sft_train,numeric_equation,docs_numeric_equation_motif_override_traces_348d6225_txt,real,true,auto
34c563c5,sft_train,numeric_equation,docs_numeric_equation_motif_override_traces_34c563c5_txt,real,true,auto
35661801,sft_train,numeric_equation,docs_numeric_equation_motif_override_traces_35661801_txt,real,true,auto
35672155,sft_train,numeric_equation,docs_numeric_equation_motif_override_traces_35672155_txt,real,true,auto
356e927c,sft_train,numeric_equation,docs_numeric_equation_motif_override_traces_356e927c_txt,real,true,auto
3580648f,sft_train,numeric_equation,docs_numeric_equation_motif_override_traces_3580648f_txt,real,true,auto
35a89469,sft_train,numeric_equation,docs_numeric_equation_motif_override_traces_35a89469_txt,real,true,auto
35e12b34,sft_train,numeric_equation,docs_numeric_equation_motif_override_traces_35e12b34_txt,real,true,auto
3687b4bb,sft_train,numeric_equation,docs_numeric_equation_motif_override_traces_3687b4bb_txt,real,true,auto
3687bc41,sft_train,numeric_equation,docs_numeric_equation_motif_override_traces_3687bc41_txt,real,true,auto
372bb422,sft_train,numeric_equation,docs_numeric_equation_motif_override_traces_372bb422_txt,real,true,auto
379d18b7,sft_train,numeric_equation,docs_numeric_equation_motif_override_traces_379d18b7_txt,real,true,auto
37a2a7ff,sft_train,numeric_equation,docs_numeric_equation_motif_override_traces_37a2a7ff_txt,real,true,auto
37f04e3e,sft_train,numeric_equation,docs_numeric_equation_motif_override_traces_37f04e3e_txt,real,true,auto
3831c67a,sft_train,numeric_equation,docs_numeric_equation_motif_override_traces_3831c67a_txt,real,true,auto
383889e1,sft_train,numeric_equation,docs_numeric_equation_motif_override_traces_383889e1_txt,real,true,auto
386b6d03,sft_train,numeric_equation,docs_numeric_equation_motif_override_traces_386b6d03_txt,real,true,auto
38e98135,sft_train,numeric_equation,docs_numeric_equation_motif_override_traces_38e98135_txt,real,true,auto
3937cbf8,sft_train,numeric_equation,docs_numeric_equation_motif_override_traces_3937cbf8_txt,real,true,auto
39fd934f,sft_train,numeric_equation,docs_numeric_equation_motif_override_traces_39fd934f_txt,real,true,auto
3a8a4ebc,sft_train,numeric_equation,docs_numeric_equation_motif_override_traces_3a8a4ebc_txt,real,true,auto
3acfa7a4,sft_train,numeric_equation,docs_numeric_equation_motif_override_traces_3acfa7a4_txt,real,true,auto
3b51288b,sft_train,numeric_equation,docs_numeric_equation_motif_override_traces_3b51288b_txt,real,true,auto
3b7e71b2,sft_train,numeric_equation,docs_numeric_equation_motif_override_traces_3b7e71b2_txt,real,true,auto
3b9e33f6,sft_train,numeric_equation,docs_numeric_equation_motif_override_traces_3b9e33f6_txt,real,true,auto
3bf05c35,sft_train,numeric_equation,docs_numeric_equation_motif_override_traces_3bf05c35_txt,real,true,auto
3bf0875d,sft_train,numeric_equation,docs_numeric_equation_motif_override_traces_3bf0875d_txt,real,true,auto
3c12aeb9,sft_train,numeric_equation,docs_numeric_equation_motif_override_traces_3c12aeb9_txt,real,true,auto
3c424916,sft_train,numeric_equation,docs_numeric_equation_motif_override_traces_3c424916_txt,real,true,auto
3c8a4e7c,sft_train,numeric_equation,docs_numeric_equation_motif_override_traces_3c8a4e7c_txt,real,true,auto
3e42c4f9,sft_train,numeric_equation,docs_numeric_equation_motif_override_traces_3e42c4f9_txt,real,true,auto
3ec77e36,sft_train,numeric_equation,docs_numeric_equation_motif_override_traces_3ec77e36_txt,real,true,auto
3ee36e0a,sft_train,numeric_equation,docs_numeric_equation_motif_override_traces_3ee36e0a_txt,real,true,auto
3efc46c1,sft_train,numeric_equation,docs_numeric_equation_motif_override_traces_3efc46c1_txt,real,true,auto
3fa49035,sft_train,numeric_equation,docs_numeric_equation_motif_override_traces_3fa49035_txt,real,true,auto
4011d4e5,sft_train,numeric_equation,docs_numeric_equation_motif_override_traces_4011d4e5_txt,real,true,auto
40c53743,sft_train,numeric_equation,docs_numeric_equation_motif_override_traces_40c53743_txt,real,true,auto
412a209f,sft_train,numeric_equation,docs_numeric_equation_motif_override_traces_412a209f_txt,real,true,auto
4179c322,sft_train,numeric_equation,docs_numeric_equation_motif_override_traces_4179c322_txt,real,true,auto
418895f5,sft_train,numeric_equation,docs_numeric_equation_motif_override_traces_418895f5_txt,real,true,auto
41babefd,sft_train,numeric_equation,docs_numeric_equation_motif_override_traces_41babefd_txt,real,true,auto
41e6cbfc,sft_train,numeric_equation,docs_numeric_equation_motif_override_traces_41e6cbfc_txt,real,true,auto
422bc5b4,sft_train,numeric_equation,docs_numeric_equation_motif_override_traces_422bc5b4_txt,real,true,auto
4245e455,sft_train,numeric_equation,docs_numeric_equation_motif_override_traces_4245e455_txt,real,true,auto
42553fde,sft_train,numeric_equation,docs_numeric_equation_motif_override_traces_42553fde_txt,real,true,auto
427ba852,sft_train,numeric_equation,docs_numeric_equation_motif_override_traces_427ba852_txt,real,true,auto
42cb233d,sft_train,numeric_equation,docs_numeric_equation_motif_override_traces_42cb233d_txt,real,true,auto
42d4dcf7,sft_train,numeric_equation,docs_numeric_equation_motif_override_traces_42d4dcf7_txt,real,true,auto
4350015c,sft_train,numeric_equation,docs_numeric_equation_motif_override_traces_4350015c_txt,real,true,auto
43837c5b,sft_train,numeric_equation,docs_numeric_equation_motif_override_traces_43837c5b_txt,real,true,auto
43980e72,sft_train,numeric_equation,docs_numeric_equation_motif_override_traces_43980e72_txt,real,true,auto
44398869,sft_train,numeric_equation,docs_numeric_equation_motif_override_traces_44398869_txt,real,true,auto
44a57762,sft_train,numeric_equation,docs_numeric_equation_motif_override_traces_44a57762_txt,real,true,auto
44e69b7e,sft_train,numeric_equation,docs_numeric_equation_motif_override_traces_44e69b7e_txt,real,true,auto
45076dc9,sft_train,numeric_equation,docs_numeric_equation_motif_override_traces_45076dc9_txt,real,true,auto
4530aff6,sft_train,numeric_equation,docs_numeric_equation_motif_override_traces_4530aff6_txt,real,true,auto
45582be0,sft_train,numeric_equation,docs_numeric_equation_motif_override_traces_45582be0_txt,real,true,auto
45dbc1cc,sft_train,numeric_equation,docs_numeric_equation_motif_override_traces_45dbc1cc_txt,real,true,auto
45df54db,sft_train,numeric_equation,docs_numeric_equation_motif_override_traces_45df54db_txt,real,true,auto
4684abe0,sft_train,numeric_equation,docs_numeric_equation_motif_override_traces_4684abe0_txt,real,true,auto
47c368d8,sft_train,numeric_equation,docs_numeric_equation_motif_override_traces_47c368d8_txt,real,true,auto
47dc6570,sft_train,numeric_equation,docs_numeric_equation_motif_override_traces_47dc6570_txt,real,true,auto
4895b955,sft_train,numeric_equation,docs_numeric_equation_motif_override_traces_4895b955_txt,real,true,auto
49578b02,sft_train,numeric_equation,docs_numeric_equation_motif_override_traces_49578b02_txt,real,true,auto
49699136,sft_train,numeric_equation,docs_numeric_equation_motif_override_traces_49699136_txt,real,true,auto
49743645,sft_train,numeric_equation,docs_numeric_equation_motif_override_traces_49743645_txt,real,true,auto
49919931,sft_train,numeric_equation,docs_numeric_equation_motif_override_traces_49919931_txt,real,true,auto
49ac9daf,sft_train,numeric_equation,docs_numeric_equation_motif_override_traces_49ac9daf_txt,real,true,auto
49bc1b7b,sft_train,numeric_equation,docs_numeric_equation_motif_override_traces_49bc1b7b_txt,real,true,auto
4a569495,sft_train,numeric_equation,docs_numeric_equation_motif_override_traces_4a569495_txt,real,true,auto
4a8eafe3,sft_train,numeric_equation,docs_numeric_equation_motif_override_traces_4a8eafe3_txt,real,true,auto
4aabfc3b,sft_train,numeric_equation,docs_numeric_equation_motif_override_traces_4aabfc3b_txt,real,true,auto
4aeed935,sft_train,numeric_equation,docs_numeric_equation_motif_override_traces_4aeed935_txt,real,true,auto
4b70414e,sft_train,numeric_equation,docs_numeric_equation_motif_override_traces_4b70414e_txt,real,true,auto
4bc6e6b5,sft_train,numeric_equation,docs_numeric_equation_motif_override_traces_4bc6e6b5_txt,real,true,auto
4c19c1cb,sft_train,numeric_equation,docs_numeric_equation_motif_override_traces_4c19c1cb_txt,real,true,auto
4c57a53f,sft_train,numeric_equation,docs_numeric_equation_motif_override_traces_4c57a53f_txt,real,true,auto
4c6cf9d9,sft_train,numeric_equation,docs_numeric_equation_motif_override_traces_4c6cf9d9_txt,real,true,auto
4cb5e927,sft_train,numeric_equation,docs_numeric_equation_motif_override_traces_4cb5e927_txt,real,true,auto
4cf073bf,sft_train,numeric_equation,docs_numeric_equation_motif_override_traces_4cf073bf_txt,real,true,auto
4d1ae327,sft_train,numeric_equation,docs_numeric_equation_motif_override_traces_4d1ae327_txt,real,true,auto
4d39d098,sft_train,numeric_equation,docs_numeric_equation_motif_override_traces_4d39d098_txt,real,true,auto
4d714623,sft_train,numeric_equation,docs_numeric_equation_motif_override_traces_4d714623_txt,real,true,auto
4d8f8111,sft_train,numeric_equation,docs_numeric_equation_motif_override_traces_4d8f8111_txt,real,true,auto
4d92de08,sft_train,numeric_equation,docs_numeric_equation_motif_override_traces_4d92de08_txt,real,true,auto
4dbec546,sft_train,numeric_equation,docs_numeric_equation_motif_override_traces_4dbec546_txt,real,true,auto
4dcc1844,sft_train,numeric_equation,docs_numeric_equation_motif_override_traces_4dcc1844_txt,real,true,auto
4df01584,sft_train,numeric_equation,docs_numeric_equation_motif_override_traces_4df01584_txt,real,true,auto
4e5fa95b,sft_train,numeric_equation,docs_numeric_equation_motif_override_traces_4e5fa95b_txt,real,true,auto
4f06e1c0,sft_train,numeric_equation,docs_numeric_equation_motif_override_traces_4f06e1c0_txt,real,true,auto
4f0e0273,sft_train,numeric_equation,docs_numeric_equation_motif_override_traces_4f0e0273_txt,real,true,auto
4f660f4b,sft_train,numeric_equation,docs_numeric_equation_motif_override_traces_4f660f4b_txt,real,true,auto
4f8da43f,sft_train,numeric_equation,docs_numeric_equation_motif_override_traces_4f8da43f_txt,real,true,auto
4ff92c73,sft_train,numeric_equation,docs_numeric_equation_motif_override_traces_4ff92c73_txt,real,true,auto
5039d1a0,sft_train,numeric_equation,docs_numeric_equation_motif_override_traces_5039d1a0_txt,real,true,auto
50630ad8,sft_train,numeric_equation,docs_numeric_equation_motif_override_traces_50630ad8_txt,real,true,auto
50adc396,sft_train,numeric_equation,docs_numeric_equation_motif_override_traces_50adc396_txt,real,true,auto
50adfd54,sft_train,numeric_equation,docs_numeric_equation_motif_override_traces_50adfd54_txt,real,true,auto
50c0b6f8,sft_train,numeric_equation,docs_numeric_equation_motif_override_traces_50c0b6f8_txt,real,true,auto
50f8e2c0,sft_train,numeric_equation,docs_numeric_equation_motif_override_traces_50f8e2c0_txt,real,true,auto
5144897d,sft_train,numeric_equation,docs_numeric_equation_motif_override_traces_5144897d_txt,real,true,auto
518d8529,sft_train,numeric_equation,docs_numeric_equation_motif_override_traces_518d8529_txt,real,true,auto
51dafb5b,sft_train,numeric_equation,docs_numeric_equation_motif_override_traces_51dafb5b_txt,real,true,auto
528ec0d8,sft_train,numeric_equation,docs_numeric_equation_motif_override_traces_528ec0d8_txt,real,true,auto
52c62a3e,sft_train,numeric_equation,docs_numeric_equation_motif_override_traces_52c62a3e_txt,real,true,auto
53b48918,sft_train,numeric_equation,docs_numeric_equation_motif_override_traces_53b48918_txt,real,true,auto
54c9bde5,sft_train,numeric_equation,docs_numeric_equation_motif_override_traces_54c9bde5_txt,real,true,auto
552e14d7,sft_train,numeric_equation,docs_numeric_equation_motif_override_traces_552e14d7_txt,real,true,auto
553b3af9,sft_train,numeric_equation,docs_numeric_equation_motif_override_traces_553b3af9_txt,real,true,auto
55954e3c,sft_train,numeric_equation,docs_numeric_equation_motif_override_traces_55954e3c_txt,real,true,auto
55f19327,sft_train,numeric_equation,docs_numeric_equation_motif_override_traces_55f19327_txt,real,true,auto
56343b77,sft_train,numeric_equation,docs_numeric_equation_motif_override_traces_56343b77_txt,real,true,auto
56c59dfd,sft_train,numeric_equation,docs_numeric_equation_motif_override_traces_56c59dfd_txt,real,true,auto
5787c3d0,sft_train,numeric_equation,docs_numeric_equation_motif_override_traces_5787c3d0_txt,real,true,auto
579b4607,sft_train,numeric_equation,docs_numeric_equation_motif_override_traces_579b4607_txt,real,true,auto
585b3442,sft_train,numeric_equation,docs_numeric_equation_motif_override_traces_585b3442_txt,real,true,auto
58b9492e,sft_train,numeric_equation,docs_numeric_equation_motif_override_traces_58b9492e_txt,real,true,auto
58c4ced1,sft_train,numeric_equation,docs_numeric_equation_motif_override_traces_58c4ced1_txt,real,true,auto
58f63e94,sft_train,numeric_equation,docs_numeric_equation_motif_override_traces_58f63e94_txt,real,true,auto
592107c3,sft_train,numeric_equation,docs_numeric_equation_motif_override_traces_592107c3_txt,real,true,auto
59b2cbbf,sft_train,numeric_equation,docs_numeric_equation_motif_override_traces_59b2cbbf_txt,real,true,auto
5a763686,sft_train,numeric_equation,docs_numeric_equation_motif_override_traces_5a763686_txt,real,true,auto
5aeb4ba5,sft_train,numeric_equation,docs_numeric_equation_motif_override_traces_5aeb4ba5_txt,real,true,auto
5b06502f,sft_train,numeric_equation,docs_numeric_equation_motif_override_traces_5b06502f_txt,real,true,auto
5bc9b870,sft_train,numeric_equation,docs_numeric_equation_motif_override_traces_5bc9b870_txt,real,true,auto
5c743e8a,sft_train,numeric_equation,docs_numeric_equation_motif_override_traces_5c743e8a_txt,real,true,auto
5c938bea,sft_train,numeric_equation,docs_numeric_equation_motif_override_traces_5c938bea_txt,real,true,auto
5d055504,sft_train,numeric_equation,docs_numeric_equation_motif_override_traces_5d055504_txt,real,true,auto
5d44a0b2,sft_train,numeric_equation,docs_numeric_equation_motif_override_traces_5d44a0b2_txt,real,true,auto
5d834875,sft_train,numeric_equation,docs_numeric_equation_motif_override_traces_5d834875_txt,real,true,auto
5d89a09c,sft_train,numeric_equation,docs_numeric_equation_motif_override_traces_5d89a09c_txt,real,true,auto
5d8c51ce,sft_train,numeric_equation,docs_numeric_equation_motif_override_traces_5d8c51ce_txt,real,true,auto
5dc0aca5,sft_train,numeric_equation,docs_numeric_equation_motif_override_traces_5dc0aca5_txt,real,true,auto
5e67b1a1,sft_train,numeric_equation,docs_numeric_equation_motif_override_traces_5e67b1a1_txt,real,true,auto
5eea60e7,sft_train,numeric_equation,docs_numeric_equation_motif_override_traces_5eea60e7_txt,real,true,auto
5f5227b5,sft_train,numeric_equation,docs_numeric_equation_motif_override_traces_5f5227b5_txt,real,true,auto
5f5a73ff,sft_train,numeric_equation,docs_numeric_equation_motif_override_traces_5f5a73ff_txt,real,true,auto
5f6798e1,sft_train,numeric_equation,docs_numeric_equation_motif_override_traces_5f6798e1_txt,real,true,auto
5f6b6ea3,sft_train,numeric_equation,docs_numeric_equation_motif_override_traces_5f6b6ea3_txt,real,true,auto
5fe8d710,sft_train,numeric_equation,docs_numeric_equation_motif_override_traces_5fe8d710_txt,real,true,auto
605e1c08,sft_train,numeric_equation,docs_numeric_equation_motif_override_traces_605e1c08_txt,real,true,auto
614408ea,sft_train,numeric_equation,docs_numeric_equation_motif_override_traces_614408ea_txt,real,true,auto
61766c6f,sft_train,numeric_equation,docs_numeric_equation_motif_override_traces_61766c6f_txt,real,true,auto
61bbcdc3,sft_train,numeric_equation,docs_numeric_equation_motif_override_traces_61bbcdc3_txt,real,true,auto
620c2521,sft_train,numeric_equation,docs_numeric_equation_motif_override_traces_620c2521_txt,real,true,auto
6385674a,sft_train,numeric_equation,docs_numeric_equation_motif_override_traces_6385674a_txt,real,true,auto
6402d0ee,sft_train,numeric_equation,docs_numeric_equation_motif_override_traces_6402d0ee_txt,real,true,auto
64fe405e,sft_train,numeric_equation,docs_numeric_equation_motif_override_traces_64fe405e_txt,real,true,auto
656cfb5f,sft_train,numeric_equation,docs_numeric_equation_motif_override_traces_656cfb5f_txt,real,true,auto
65c52214,sft_train,numeric_equation,docs_numeric_equation_motif_override_traces_65c52214_txt,real,true,auto
662fd21c,sft_train,numeric_equation,docs_numeric_equation_motif_override_traces_662fd21c_txt,real,true,auto
66c5974c,sft_train,numeric_equation,docs_numeric_equation_motif_override_traces_66c5974c_txt,real,true,auto
67de8e10,sft_train,numeric_equation,docs_numeric_equation_motif_override_traces_67de8e10_txt,real,true,auto
67f1bc8a,sft_train,numeric_equation,docs_numeric_equation_motif_override_traces_67f1bc8a_txt,real,true,auto
680f19b3,sft_train,numeric_equation,docs_numeric_equation_motif_override_traces_680f19b3_txt,real,true,auto
68b9b9a8,sft_train,numeric_equation,docs_numeric_equation_motif_override_traces_68b9b9a8_txt,real,true,auto
69197d42,sft_train,numeric_equation,docs_numeric_equation_motif_override_traces_69197d42_txt,real,true,auto
691f2f76,sft_train,numeric_equation,docs_numeric_equation_motif_override_traces_691f2f76_txt,real,true,auto
69aa57b3,sft_train,numeric_equation,docs_numeric_equation_motif_override_traces_69aa57b3_txt,real,true,auto
69fe4b0d,sft_train,numeric_equation,docs_numeric_equation_motif_override_traces_69fe4b0d_txt,real,true,auto
6ab04968,sft_train,numeric_equation,docs_numeric_equation_motif_override_traces_6ab04968_txt,real,true,auto
6ac4d8c2,sft_train,numeric_equation,docs_numeric_equation_motif_override_traces_6ac4d8c2_txt,real,true,auto
6b393b81,sft_train,numeric_equation,docs_numeric_equation_motif_override_traces_6b393b81_txt,real,true,auto
6b769a9e,sft_train,numeric_equation,docs_numeric_equation_motif_override_traces_6b769a9e_txt,real,true,auto
6bd59a1f,sft_train,numeric_equation,docs_numeric_equation_motif_override_traces_6bd59a1f_txt,real,true,auto
6bef7413,sft_train,numeric_equation,docs_numeric_equation_motif_override_traces_6bef7413_txt,real,true,auto
6c9e4485,sft_train,numeric_equation,docs_numeric_equation_motif_override_traces_6c9e4485_txt,real,true,auto
6cd73bdd,sft_train,numeric_equation,docs_numeric_equation_motif_override_traces_6cd73bdd_txt,real,true,auto
6cdc3a9f,sft_train,numeric_equation,docs_numeric_equation_motif_override_traces_6cdc3a9f_txt,real,true,auto
6d3b9da4,sft_train,numeric_equation,docs_numeric_equation_motif_override_traces_6d3b9da4_txt,real,true,auto
6da9eb9a,sft_train,numeric_equation,docs_numeric_equation_motif_override_traces_6da9eb9a_txt,real,true,auto
6dda26c0,sft_train,numeric_equation,docs_numeric_equation_motif_override_traces_6dda26c0_txt,real,true,auto
6e60b0c5,sft_train,numeric_equation,docs_numeric_equation_motif_override_traces_6e60b0c5_txt,real,true,auto
6e6401d7,sft_train,numeric_equation,docs_numeric_equation_motif_override_traces_6e6401d7_txt,real,true,auto
6e6f8d9c,sft_train,numeric_equation,docs_numeric_equation_motif_override_traces_6e6f8d9c_txt,real,true,auto
6f1211e2,sft_train,numeric_equation,docs_numeric_equation_motif_override_traces_6f1211e2_txt,real,true,auto
6f37d7be,sft_train,numeric_equation,docs_numeric_equation_motif_override_traces_6f37d7be_txt,real,true,auto
6f88e240,sft_train,numeric_equation,docs_numeric_equation_motif_override_traces_6f88e240_txt,real,true,auto
705bb686,sft_train,numeric_equation,docs_numeric_equation_motif_override_traces_705bb686_txt,real,true,auto
7195cb7b,sft_train,numeric_equation,docs_numeric_equation_motif_override_traces_7195cb7b_txt,real,true,auto
71e02000,sft_train,numeric_equation,docs_numeric_equation_motif_override_traces_71e02000_txt,real,true,auto
72336119,sft_train,numeric_equation,docs_numeric_equation_motif_override_traces_72336119_txt,real,true,auto
7306613b,sft_train,numeric_equation,docs_numeric_equation_motif_override_traces_7306613b_txt,real,true,auto
743a293d,sft_train,numeric_equation,docs_numeric_equation_motif_override_traces_743a293d_txt,real,true,auto
744a2570,sft_train,numeric_equation,docs_numeric_equation_motif_override_traces_744a2570_txt,real,true,auto
74b9b0ec,sft_train,numeric_equation,docs_numeric_equation_motif_override_traces_74b9b0ec_txt,real,true,auto
74fff108,sft_train,numeric_equation,docs_numeric_equation_motif_override_traces_74fff108_txt,real,true,auto
75032b65,sft_train,numeric_equation,docs_numeric_equation_motif_override_traces_75032b65_txt,real,true,auto
75645166,sft_train,numeric_equation,docs_numeric_equation_motif_override_traces_75645166_txt,real,true,auto
759cbdde,sft_train,numeric_equation,docs_numeric_equation_motif_override_traces_759cbdde_txt,real,true,auto
75eaf687,sft_train,numeric_equation,docs_numeric_equation_motif_override_traces_75eaf687_txt,real,true,auto
764b4288,sft_train,numeric_equation,docs_numeric_equation_motif_override_traces_764b4288_txt,real,true,auto
7688e06e,sft_train,numeric_equation,docs_numeric_equation_motif_override_traces_7688e06e_txt,real,true,auto
76b79a0c,sft_train,numeric_equation,docs_numeric_equation_motif_override_traces_76b79a0c_txt,real,true,auto
76d2ee64,sft_train,numeric_equation,docs_numeric_equation_motif_override_traces_76d2ee64_txt,real,true,auto
76e6f646,sft_train,numeric_equation,docs_numeric_equation_motif_override_traces_76e6f646_txt,real,true,auto
773ca8a9,sft_train,numeric_equation,docs_numeric_equation_motif_override_traces_773ca8a9_txt,real,true,auto
791056ce,sft_train,numeric_equation,docs_numeric_equation_motif_override_traces_791056ce_txt,real,true,auto
791fc537,sft_train,numeric_equation,docs_numeric_equation_motif_override_traces_791fc537_txt,real,true,auto
794f71ed,sft_train,numeric_equation,docs_numeric_equation_motif_override_traces_794f71ed_txt,real,true,auto
79acd75c,sft_train,numeric_equation,docs_numeric_equation_motif_override_traces_79acd75c_txt,real,true,auto
79f29eb5,sft_train,numeric_equation,docs_numeric_equation_motif_override_traces_79f29eb5_txt,real,true,auto
7a962e17,sft_train,numeric_equation,docs_numeric_equation_motif_override_traces_7a962e17_txt,real,true,auto
7a9711b1,sft_train,numeric_equation,docs_numeric_equation_motif_override_traces_7a9711b1_txt,real,true,auto
7bd5f8b9,sft_train,numeric_equation,docs_numeric_equation_motif_override_traces_7bd5f8b9_txt,real,true,auto
7c0c5227,sft_train,numeric_equation,docs_numeric_equation_motif_override_traces_7c0c5227_txt,real,true,auto
7c5c7b73,sft_train,numeric_equation,docs_numeric_equation_motif_override_traces_7c5c7b73_txt,real,true,auto
7c72ad99,sft_train,numeric_equation,docs_numeric_equation_motif_override_traces_7c72ad99_txt,real,true,auto
7d8fe3a8,sft_train,numeric_equation,docs_numeric_equation_motif_override_traces_7d8fe3a8_txt,real,true,auto
7e2e8a95,sft_train,numeric_equation,docs_numeric_equation_motif_override_traces_7e2e8a95_txt,real,true,auto
7ecdae14,sft_train,numeric_equation,docs_numeric_equation_motif_override_traces_7ecdae14_txt,real,true,auto
7ed40e8a,sft_train,numeric_equation,docs_numeric_equation_motif_override_traces_7ed40e8a_txt,real,true,auto
7ef4d5d6,sft_train,numeric_equation,docs_numeric_equation_motif_override_traces_7ef4d5d6_txt,real,true,auto
8011cb24,sft_train,numeric_equation,docs_numeric_equation_motif_override_traces_8011cb24_txt,real,true,auto
8021718e,sft_train,numeric_equation,docs_numeric_equation_motif_override_traces_8021718e_txt,real,true,auto
806eba07,sft_train,numeric_equation,docs_numeric_equation_motif_override_traces_806eba07_txt,real,true,auto
808a8f62,sft_train,numeric_equation,docs_numeric_equation_motif_override_traces_808a8f62_txt,real,true,auto
80d44fe3,sft_train,numeric_equation,docs_numeric_equation_motif_override_traces_80d44fe3_txt,real,true,auto
812c12cb,sft_train,numeric_equation,docs_numeric_equation_motif_override_traces_812c12cb_txt,real,true,auto
8158a14c,sft_train,numeric_equation,docs_numeric_equation_motif_override_traces_8158a14c_txt,real,true,auto
81c7ba7a,sft_train,numeric_equation,docs_numeric_equation_motif_override_traces_81c7ba7a_txt,real,true,auto
824d4bcb,sft_train,numeric_equation,docs_numeric_equation_motif_override_traces_824d4bcb_txt,real,true,auto
8321a400,sft_train,numeric_equation,docs_numeric_equation_motif_override_traces_8321a400_txt,real,true,auto
836d6c4a,sft_train,numeric_equation,docs_numeric_equation_motif_override_traces_836d6c4a_txt,real,true,auto
8373daa8,sft_train,numeric_equation,docs_numeric_equation_motif_override_traces_8373daa8_txt,real,true,auto
837af955,sft_train,numeric_equation,docs_numeric_equation_motif_override_traces_837af955_txt,real,true,auto
83f2724b,sft_train,numeric_equation,docs_numeric_equation_motif_override_traces_83f2724b_txt,real,true,auto
84030b0b,sft_train,numeric_equation,docs_numeric_equation_motif_override_traces_84030b0b_txt,real,true,auto
845e726e,sft_train,numeric_equation,docs_numeric_equation_motif_override_traces_845e726e_txt,real,true,auto
84af5d7e,sft_train,numeric_equation,docs_numeric_equation_motif_override_traces_84af5d7e_txt,real,true,auto
850dc715,sft_train,numeric_equation,docs_numeric_equation_motif_override_traces_850dc715_txt,real,true,auto
852d16cb,sft_train,numeric_equation,docs_numeric_equation_motif_override_traces_852d16cb_txt,real,true,auto
861cb154,sft_train,numeric_equation,docs_numeric_equation_motif_override_traces_861cb154_txt,real,true,auto
86cda2ec,sft_train,numeric_equation,docs_numeric_equation_motif_override_traces_86cda2ec_txt,real,true,auto
87a89786,sft_train,numeric_equation,docs_numeric_equation_motif_override_traces_87a89786_txt,real,true,auto
87a902eb,sft_train,numeric_equation,docs_numeric_equation_motif_override_traces_87a902eb_txt,real,true,auto
88b43464,sft_train,numeric_equation,docs_numeric_equation_motif_override_traces_88b43464_txt,real,true,auto
88c93c2c,sft_train,numeric_equation,docs_numeric_equation_motif_override_traces_88c93c2c_txt,real,true,auto
88fe5a52,sft_train,numeric_equation,docs_numeric_equation_motif_override_traces_88fe5a52_txt,real,true,auto
89780a3c,sft_train,numeric_equation,docs_numeric_equation_motif_override_traces_89780a3c_txt,real,true,auto
899e7ce8,sft_train,numeric_equation,docs_numeric_equation_motif_override_traces_899e7ce8_txt,real,true,auto
8a800607,sft_train,numeric_equation,docs_numeric_equation_motif_override_traces_8a800607_txt,real,true,auto
8ae8e12a,sft_train,numeric_equation,docs_numeric_equation_motif_override_traces_8ae8e12a_txt,real,true,auto
8bc66fd7,sft_train,numeric_equation,docs_numeric_equation_motif_override_traces_8bc66fd7_txt,real,true,auto
8bc6a26c,sft_train,numeric_equation,docs_numeric_equation_motif_override_traces_8bc6a26c_txt,real,true,auto
8bebef83,sft_train,numeric_equation,docs_numeric_equation_motif_override_traces_8bebef83_txt,real,true,auto
8c1529e1,sft_train,numeric_equation,docs_numeric_equation_motif_override_traces_8c1529e1_txt,real,true,auto
8c6a158e,sft_train,numeric_equation,docs_numeric_equation_motif_override_traces_8c6a158e_txt,real,true,auto
8d2546a5,sft_train,numeric_equation,docs_numeric_equation_motif_override_traces_8d2546a5_txt,real,true,auto
8d652f91,sft_train,numeric_equation,docs_numeric_equation_motif_override_traces_8d652f91_txt,real,true,auto
8dea05d7,sft_train,numeric_equation,docs_numeric_equation_motif_override_traces_8dea05d7_txt,real,true,auto
8e169174,sft_train,numeric_equation,docs_numeric_equation_motif_override_traces_8e169174_txt,real,true,auto
8e359dc8,sft_train,numeric_equation,docs_numeric_equation_motif_override_traces_8e359dc8_txt,real,true,auto
8e3e4928,sft_train,numeric_equation,docs_numeric_equation_motif_override_traces_8e3e4928_txt,real,true,auto
8eac8f69,sft_train,numeric_equation,docs_numeric_equation_motif_override_traces_8eac8f69_txt,real,true,auto
8fad338f,sft_train,numeric_equation,docs_numeric_equation_motif_override_traces_8fad338f_txt,real,true,auto
902da958,sft_train,numeric_equation,docs_numeric_equation_motif_override_traces_902da958_txt,real,true,auto
904e3a54,sft_train,numeric_equation,docs_numeric_equation_motif_override_traces_904e3a54_txt,real,true,auto
90d57388,sft_train,numeric_equation,docs_numeric_equation_motif_override_traces_90d57388_txt,real,true,auto
912c6ea5,sft_train,numeric_equation,docs_numeric_equation_motif_override_traces_912c6ea5_txt,real,true,auto
912d2b79,sft_train,numeric_equation,docs_numeric_equation_motif_override_traces_912d2b79_txt,real,true,auto
913b2d7f,sft_train,numeric_equation,docs_numeric_equation_motif_override_traces_913b2d7f_txt,real,true,auto
913fdf86,sft_train,numeric_equation,docs_numeric_equation_motif_override_traces_913fdf86_txt,real,true,auto
91488dc9,sft_train,numeric_equation,docs_numeric_equation_motif_override_traces_91488dc9_txt,real,true,auto
91b42a45,sft_train,numeric_equation,docs_numeric_equation_motif_override_traces_91b42a45_txt,real,true,auto
921da788,sft_train,numeric_equation,docs_numeric_equation_motif_override_traces_921da788_txt,real,true,auto
9250a0a8,sft_train,numeric_equation,docs_numeric_equation_motif_override_traces_9250a0a8_txt,real,true,auto
93481650,sft_train,numeric_equation,docs_numeric_equation_motif_override_traces_93481650_txt,real,true,auto
936b3ae5,sft_train,numeric_equation,docs_numeric_equation_motif_override_traces_936b3ae5_txt,real,true,auto
937c06c5,sft_train,numeric_equation,docs_numeric_equation_motif_override_traces_937c06c5_txt,real,true,auto
93d1c7eb,sft_train,numeric_equation,docs_numeric_equation_motif_override_traces_93d1c7eb_txt,real,true,auto
93f3ae6b,sft_train,numeric_equation,docs_numeric_equation_motif_override_traces_93f3ae6b_txt,real,true,auto
94b92001,sft_train,numeric_equation,docs_numeric_equation_motif_override_traces_94b92001_txt,real,true,auto
94bf323a,sft_train,numeric_equation,docs_numeric_equation_motif_override_traces_94bf323a_txt,real,true,auto
957c70fd,sft_train,numeric_equation,docs_numeric_equation_motif_override_traces_957c70fd_txt,real,true,auto
95afbb5f,sft_train,numeric_equation,docs_numeric_equation_motif_override_traces_95afbb5f_txt,real,true,auto
95d8ff2c,sft_train,numeric_equation,docs_numeric_equation_motif_override_traces_95d8ff2c_txt,real,true,auto
9610985a,sft_train,numeric_equation,docs_numeric_equation_motif_override_traces_9610985a_txt,real,true,auto
963bdc67,sft_train,numeric_equation,docs_numeric_equation_motif_override_traces_963bdc67_txt,real,true,auto
963e85bb,sft_train,numeric_equation,docs_numeric_equation_motif_override_traces_963e85bb_txt,real,true,auto
96efb93a,sft_train,numeric_equation,docs_numeric_equation_motif_override_traces_96efb93a_txt,real,true,auto
9760032a,sft_train,numeric_equation,docs_numeric_equation_motif_override_traces_9760032a_txt,real,true,auto
9769bade,sft_train,numeric_equation,docs_numeric_equation_motif_override_traces_9769bade_txt,real,true,auto
97dee6aa,sft_train,numeric_equation,docs_numeric_equation_motif_override_traces_97dee6aa_txt,real,true,auto
98a2636e,sft_train,numeric_equation,docs_numeric_equation_motif_override_traces_98a2636e_txt,real,true,auto
98bb54f7,sft_train,numeric_equation,docs_numeric_equation_motif_override_traces_98bb54f7_txt,real,true,auto
99cc2e07,sft_train,numeric_equation,docs_numeric_equation_motif_override_traces_99cc2e07_txt,real,true,auto
99e2cf41,sft_train,numeric_equation,docs_numeric_equation_motif_override_traces_99e2cf41_txt,real,true,auto
9a9f6025,sft_train,numeric_equation,docs_numeric_equation_motif_override_traces_9a9f6025_txt,real,true,auto
9aa48392,sft_train,numeric_equation,docs_numeric_equation_motif_override_traces_9aa48392_txt,real,true,auto
9ae3b78e,sft_train,numeric_equation,docs_numeric_equation_motif_override_traces_9ae3b78e_txt,real,true,auto
9b1ea308,sft_train,numeric_equation,docs_numeric_equation_motif_override_traces_9b1ea308_txt,real,true,auto
9b458fbc,sft_train,numeric_equation,docs_numeric_equation_motif_override_traces_9b458fbc_txt,real,true,auto
9b820b4e,sft_train,numeric_equation,docs_numeric_equation_motif_override_traces_9b820b4e_txt,real,true,auto
9b9e024b,sft_train,numeric_equation,docs_numeric_equation_motif_override_traces_9b9e024b_txt,real,true,auto
9c8eef89,sft_train,numeric_equation,docs_numeric_equation_motif_override_traces_9c8eef89_txt,real,true,auto
9c91b226,sft_train,numeric_equation,docs_numeric_equation_motif_override_traces_9c91b226_txt,real,true,auto
9cb03277,sft_train,numeric_equation,docs_numeric_equation_motif_override_traces_9cb03277_txt,real,true,auto
9d4ae6b8,sft_train,numeric_equation,docs_numeric_equation_motif_override_traces_9d4ae6b8_txt,real,true,auto
9d575da5,sft_train,numeric_equation,docs_numeric_equation_motif_override_traces_9d575da5_txt,real,true,auto
9d68ef62,sft_train,numeric_equation,docs_numeric_equation_motif_override_traces_9d68ef62_txt,real,true,auto
9d7af57b,sft_train,numeric_equation,docs_numeric_equation_motif_override_traces_9d7af57b_txt,real,true,auto
9dd8adaa,sft_train,numeric_equation,docs_numeric_equation_motif_override_traces_9dd8adaa_txt,real,true,auto
9e5d97de,sft_train,numeric_equation,docs_numeric_equation_motif_override_traces_9e5d97de_txt,real,true,auto
9f2fae58,sft_train,numeric_equation,docs_numeric_equation_motif_override_traces_9f2fae58_txt,real,true,auto
9fa9ecdc,sft_train,numeric_equation,docs_numeric_equation_motif_override_traces_9fa9ecdc_txt,real,true,auto
9fb854c3,sft_train,numeric_equation,docs_numeric_equation_motif_override_traces_9fb854c3_txt,real,true,auto
9ff6e9d2,sft_train,numeric_equation,docs_numeric_equation_motif_override_traces_9ff6e9d2_txt,real,true,auto
a04ecffd,sft_train,numeric_equation,docs_numeric_equation_motif_override_traces_a04ecffd_txt,real,true,auto
a1523a63,sft_train,numeric_equation,docs_numeric_equation_motif_override_traces_a1523a63_txt,real,true,auto
a19a75ba,sft_train,numeric_equation,docs_numeric_equation_motif_override_traces_a19a75ba_txt,real,true,auto
a1bae076,sft_train,numeric_equation,docs_numeric_equation_motif_override_traces_a1bae076_txt,real,true,auto
a2252b88,sft_train,numeric_equation,docs_numeric_equation_motif_override_traces_a2252b88_txt,real,true,auto
a23e7ecb,sft_train,numeric_equation,docs_numeric_equation_motif_override_traces_a23e7ecb_txt,real,true,auto
a311baec,sft_train,numeric_equation,docs_numeric_equation_motif_override_traces_a311baec_txt,real,true,auto
a361a1b7,sft_train,numeric_equation,docs_numeric_equation_motif_override_traces_a361a1b7_txt,real,true,auto
a5124cb4,sft_train,numeric_equation,docs_numeric_equation_motif_override_traces_a5124cb4_txt,real,true,auto
a5f3a1ea,sft_train,numeric_equation,docs_numeric_equation_motif_override_traces_a5f3a1ea_txt,real,true,auto
a7454fdb,sft_train,numeric_equation,docs_numeric_equation_motif_override_traces_a7454fdb_txt,real,true,auto
a7d582da,sft_train,numeric_equation,docs_numeric_equation_motif_override_traces_a7d582da_txt,real,true,auto
a87565bb,sft_train,numeric_equation,docs_numeric_equation_motif_override_traces_a87565bb_txt,real,true,auto
a8e033fe,sft_train,numeric_equation,docs_numeric_equation_motif_override_traces_a8e033fe_txt,real,true,auto
a8e5eca1,sft_train,numeric_equation,docs_numeric_equation_motif_override_traces_a8e5eca1_txt,real,true,auto
a928ad6e,sft_train,numeric_equation,docs_numeric_equation_motif_override_traces_a928ad6e_txt,real,true,auto
a9c57983,sft_train,numeric_equation,docs_numeric_equation_motif_override_traces_a9c57983_txt,real,true,auto
a9deb8b5,sft_train,numeric_equation,docs_numeric_equation_motif_override_traces_a9deb8b5_txt,real,true,auto
aa251ec4,sft_train,numeric_equation,docs_numeric_equation_motif_override_traces_aa251ec4_txt,real,true,auto
aa7f06f4,sft_train,numeric_equation,docs_numeric_equation_motif_override_traces_aa7f06f4_txt,real,true,auto
aa8c76a1,sft_train,numeric_equation,docs_numeric_equation_motif_override_traces_aa8c76a1_txt,real,true,auto
aaec36e0,sft_train,numeric_equation,docs_numeric_equation_motif_override_traces_aaec36e0_txt,real,true,auto
ab779293,sft_train,numeric_equation,docs_numeric_equation_motif_override_traces_ab779293_txt,real,true,auto
ab7809d1,sft_train,numeric_equation,docs_numeric_equation_motif_override_traces_ab7809d1_txt,real,true,auto
abbb5d43,sft_train,numeric_equation,docs_numeric_equation_motif_override_traces_abbb5d43_txt,real,true,auto
ac262f12,sft_train,numeric_equation,docs_numeric_equation_motif_override_traces_ac262f12_txt,real,true,auto
adad547a,sft_train,numeric_equation,docs_numeric_equation_motif_override_traces_adad547a_txt,real,true,auto
afcac7af,sft_train,numeric_equation,docs_numeric_equation_motif_override_traces_afcac7af_txt,real,true,auto
b03ab026,sft_train,numeric_equation,docs_numeric_equation_motif_override_traces_b03ab026_txt,real,true,auto
b0d0dd45,sft_train,numeric_equation,docs_numeric_equation_motif_override_traces_b0d0dd45_txt,real,true,auto
b193f06a,sft_train,numeric_equation,docs_numeric_equation_motif_override_traces_b193f06a_txt,real,true,auto
b1bc3731,sft_train,numeric_equation,docs_numeric_equation_motif_override_traces_b1bc3731_txt,real,true,auto
b26d8818,sft_train,numeric_equation,docs_numeric_equation_motif_override_traces_b26d8818_txt,real,true,auto
b2e5c467,sft_train,numeric_equation,docs_numeric_equation_motif_override_traces_b2e5c467_txt,real,true,auto
b3ae7f39,sft_train,numeric_equation,docs_numeric_equation_motif_override_traces_b3ae7f39_txt,real,true,auto
b3f9a15c,sft_train,numeric_equation,docs_numeric_equation_motif_override_traces_b3f9a15c_txt,real,true,auto
b4342b90,sft_train,numeric_equation,docs_numeric_equation_motif_override_traces_b4342b90_txt,real,true,auto
b451be8a,sft_train,numeric_equation,docs_numeric_equation_motif_override_traces_b451be8a_txt,real,true,auto
b4a15ca6,sft_train,numeric_equation,docs_numeric_equation_motif_override_traces_b4a15ca6_txt,real,true,auto
b4a5076f,sft_train,numeric_equation,docs_numeric_equation_motif_override_traces_b4a5076f_txt,real,true,auto
b4f701f5,sft_train,numeric_equation,docs_numeric_equation_motif_override_traces_b4f701f5_txt,real,true,auto
b5e1e604,sft_train,numeric_equation,docs_numeric_equation_motif_override_traces_b5e1e604_txt,real,true,auto
b62453dc,sft_train,numeric_equation,docs_numeric_equation_motif_override_traces_b62453dc_txt,real,true,auto
b643d81f,sft_train,numeric_equation,docs_numeric_equation_motif_override_traces_b643d81f_txt,real,true,auto
b655eee9,sft_train,numeric_equation,docs_numeric_equation_motif_override_traces_b655eee9_txt,real,true,auto
b69391b8,sft_train,numeric_equation,docs_numeric_equation_motif_override_traces_b69391b8_txt,real,true,auto
b73d0898,sft_train,numeric_equation,docs_numeric_equation_motif_override_traces_b73d0898_txt,real,true,auto
b7ad0671,sft_train,numeric_equation,docs_numeric_equation_motif_override_traces_b7ad0671_txt,real,true,auto
b7b1d1a8,sft_train,numeric_equation,docs_numeric_equation_motif_override_traces_b7b1d1a8_txt,real,true,auto
b8f00ea7,sft_train,numeric_equation,docs_numeric_equation_motif_override_traces_b8f00ea7_txt,real,true,auto
b980017a,sft_train,numeric_equation,docs_numeric_equation_motif_override_traces_b980017a_txt,real,true,auto
b989c740,sft_train,numeric_equation,docs_numeric_equation_motif_override_traces_b989c740_txt,real,true,auto
b99d3059,sft_train,numeric_equation,docs_numeric_equation_motif_override_traces_b99d3059_txt,real,true,auto
b9bf883d,sft_train,numeric_equation,docs_numeric_equation_motif_override_traces_b9bf883d_txt,real,true,auto
bad6f95d,sft_train,numeric_equation,docs_numeric_equation_motif_override_traces_bad6f95d_txt,real,true,auto
bad9f9da,sft_train,numeric_equation,docs_numeric_equation_motif_override_traces_bad9f9da_txt,real,true,auto
bc0935ee,sft_train,numeric_equation,docs_numeric_equation_motif_override_traces_bc0935ee_txt,real,true,auto
bc42e664,sft_train,numeric_equation,docs_numeric_equation_motif_override_traces_bc42e664_txt,real,true,auto
bc7f14d1,sft_train,numeric_equation,docs_numeric_equation_motif_override_traces_bc7f14d1_txt,real,true,auto
bd4c584a,sft_train,numeric_equation,docs_numeric_equation_motif_override_traces_bd4c584a_txt,real,true,auto
bd8aa942,sft_train,numeric_equation,docs_numeric_equation_motif_override_traces_bd8aa942_txt,real,true,auto
bdca0fac,sft_train,numeric_equation,docs_numeric_equation_motif_override_traces_bdca0fac_txt,real,true,auto
be877da5,sft_train,numeric_equation,docs_numeric_equation_motif_override_traces_be877da5_txt,real,true,auto
bf4bd858,sft_train,numeric_equation,docs_numeric_equation_motif_override_traces_bf4bd858_txt,real,true,auto
c06e61a2,sft_train,numeric_equation,docs_numeric_equation_motif_override_traces_c06e61a2_txt,real,true,auto
c0dd90c0,sft_train,numeric_equation,docs_numeric_equation_motif_override_traces_c0dd90c0_txt,real,true,auto
c0f32a1e,sft_train,numeric_equation,docs_numeric_equation_motif_override_traces_c0f32a1e_txt,real,true,auto
c11777c0,sft_train,numeric_equation,docs_numeric_equation_motif_override_traces_c11777c0_txt,real,true,auto
c170f7d4,sft_train,numeric_equation,docs_numeric_equation_motif_override_traces_c170f7d4_txt,real,true,auto
c2199ff2,sft_train,numeric_equation,docs_numeric_equation_motif_override_traces_c2199ff2_txt,real,true,auto
c37a2a23,sft_train,numeric_equation,docs_numeric_equation_motif_override_traces_c37a2a23_txt,real,true,auto
c4f66ede,sft_train,numeric_equation,docs_numeric_equation_motif_override_traces_c4f66ede_txt,real,true,auto
c541eb82,sft_train,numeric_equation,docs_numeric_equation_motif_override_traces_c541eb82_txt,real,true,auto
c5b058d6,sft_train,numeric_equation,docs_numeric_equation_motif_override_traces_c5b058d6_txt,real,true,auto
c613082a,sft_train,numeric_equation,docs_numeric_equation_motif_override_traces_c613082a_txt,real,true,auto
c7420a23,sft_train,numeric_equation,docs_numeric_equation_motif_override_traces_c7420a23_txt,real,true,auto
c748b04f,sft_train,numeric_equation,docs_numeric_equation_motif_override_traces_c748b04f_txt,real,true,auto
c763054a,sft_train,numeric_equation,docs_numeric_equation_motif_override_traces_c763054a_txt,real,true,auto
c7bcab48,sft_train,numeric_equation,docs_numeric_equation_motif_override_traces_c7bcab48_txt,real,true,auto
c81411a2,sft_train,numeric_equation,docs_numeric_equation_motif_override_traces_c81411a2_txt,real,true,auto
c84544db,sft_train,numeric_equation,docs_numeric_equation_motif_override_traces_c84544db_txt,real,true,auto
c857a727,sft_train,numeric_equation,docs_numeric_equation_motif_override_traces_c857a727_txt,real,true,auto
c9151e86,sft_train,numeric_equation,docs_numeric_equation_motif_override_traces_c9151e86_txt,real,true,auto
c9c26b92,sft_train,numeric_equation,docs_numeric_equation_motif_override_traces_c9c26b92_txt,real,true,auto
ca8929f5,sft_train,numeric_equation,docs_numeric_equation_motif_override_traces_ca8929f5_txt,real,true,auto
cb2fdb6b,sft_train,numeric_equation,docs_numeric_equation_motif_override_traces_cb2fdb6b_txt,real,true,auto
cb5fa22d,sft_train,numeric_equation,docs_numeric_equation_motif_override_traces_cb5fa22d_txt,real,true,auto
cb796a2b,sft_train,numeric_equation,docs_numeric_equation_motif_override_traces_cb796a2b_txt,real,true,auto
cbe4288b,sft_train,numeric_equation,docs_numeric_equation_motif_override_traces_cbe4288b_txt,real,true,auto
cc735e46,sft_train,numeric_equation,docs_numeric_equation_motif_override_traces_cc735e46_txt,real,true,auto
cc800930,sft_train,numeric_equation,docs_numeric_equation_motif_override_traces_cc800930_txt,real,true,auto
cd149ff8,sft_train,numeric_equation,docs_numeric_equation_motif_override_traces_cd149ff8_txt,real,true,auto
cd94ec17,sft_train,numeric_equation,docs_numeric_equation_motif_override_traces_cd94ec17_txt,real,true,auto
cd9d50e2,sft_train,numeric_equation,docs_numeric_equation_motif_override_traces_cd9d50e2_txt,real,true,auto
cde9f7ba,sft_train,numeric_equation,docs_numeric_equation_motif_override_traces_cde9f7ba_txt,real,true,auto
ce507d39,sft_train,numeric_equation,docs_numeric_equation_motif_override_traces_ce507d39_txt,real,true,auto
ce7138bf,sft_train,numeric_equation,docs_numeric_equation_motif_override_traces_ce7138bf_txt,real,true,auto
cee07c09,sft_train,numeric_equation,docs_numeric_equation_motif_override_traces_cee07c09_txt,real,true,auto
cf356d18,sft_train,numeric_equation,docs_numeric_equation_motif_override_traces_cf356d18_txt,real,true,auto
cf517124,sft_train,numeric_equation,docs_numeric_equation_motif_override_traces_cf517124_txt,real,true,auto
cf84c023,sft_train,numeric_equation,docs_numeric_equation_motif_override_traces_cf84c023_txt,real,true,auto
cfa59b38,sft_train,numeric_equation,docs_numeric_equation_motif_override_traces_cfa59b38_txt,real,true,auto
d008b0b6,sft_train,numeric_equation,docs_numeric_equation_motif_override_traces_d008b0b6_txt,real,true,auto
d033513f,sft_train,numeric_equation,docs_numeric_equation_motif_override_traces_d033513f_txt,real,true,auto
d17632d2,sft_train,numeric_equation,docs_numeric_equation_motif_override_traces_d17632d2_txt,real,true,auto
d17d3a7a,sft_train,numeric_equation,docs_numeric_equation_motif_override_traces_d17d3a7a_txt,real,true,auto
d1bd7478,sft_train,numeric_equation,docs_numeric_equation_motif_override_traces_d1bd7478_txt,real,true,auto
d204b9cc,sft_train,numeric_equation,docs_numeric_equation_motif_override_traces_d204b9cc_txt,real,true,auto
d21c7677,sft_train,numeric_equation,docs_numeric_equation_motif_override_traces_d21c7677_txt,real,true,auto
d22f2d08,sft_train,numeric_equation,docs_numeric_equation_motif_override_traces_d22f2d08_txt,real,true,auto
d303ae8e,sft_train,numeric_equation,docs_numeric_equation_motif_override_traces_d303ae8e_txt,real,true,auto
d3092ac1,sft_train,numeric_equation,docs_numeric_equation_motif_override_traces_d3092ac1_txt,real,true,auto
d3b20e29,sft_train,numeric_equation,docs_numeric_equation_motif_override_traces_d3b20e29_txt,real,true,auto
d4483d51,sft_train,numeric_equation,docs_numeric_equation_motif_override_traces_d4483d51_txt,real,true,auto
d44ef285,sft_train,numeric_equation,docs_numeric_equation_motif_override_traces_d44ef285_txt,real,true,auto
d46df3b0,sft_train,numeric_equation,docs_numeric_equation_motif_override_traces_d46df3b0_txt,real,true,auto
d490911e,sft_train,numeric_equation,docs_numeric_equation_motif_override_traces_d490911e_txt,real,true,auto
d4b08884,sft_train,numeric_equation,docs_numeric_equation_motif_override_traces_d4b08884_txt,real,true,auto
d5aa5564,sft_train,numeric_equation,docs_numeric_equation_motif_override_traces_d5aa5564_txt,real,true,auto
d64a6578,sft_train,numeric_equation,docs_numeric_equation_motif_override_traces_d64a6578_txt,real,true,auto
d67f28ad,sft_train,numeric_equation,docs_numeric_equation_motif_override_traces_d67f28ad_txt,real,true,auto
d6a2e332,sft_train,numeric_equation,docs_numeric_equation_motif_override_traces_d6a2e332_txt,real,true,auto
d7682996,sft_train,numeric_equation,docs_numeric_equation_motif_override_traces_d7682996_txt,real,true,auto
d78128b2,sft_train,numeric_equation,docs_numeric_equation_motif_override_traces_d78128b2_txt,real,true,auto
d78ce112,sft_train,numeric_equation,docs_numeric_equation_motif_override_traces_d78ce112_txt,real,true,auto
d82f5933,sft_train,numeric_equation,docs_numeric_equation_motif_override_traces_d82f5933_txt,real,true,auto
d8735cc4,sft_train,numeric_equation,docs_numeric_equation_motif_override_traces_d8735cc4_txt,real,true,auto
d8a47cb7,sft_train,numeric_equation,docs_numeric_equation_motif_override_traces_d8a47cb7_txt,real,true,auto
d8b3310a,sft_train,numeric_equation,docs_numeric_equation_motif_override_traces_d8b3310a_txt,real,true,auto
d8bc44b3,sft_train,numeric_equation,docs_numeric_equation_motif_override_traces_d8bc44b3_txt,real,true,auto
d9a2b78f,sft_train,numeric_equation,docs_numeric_equation_motif_override_traces_d9a2b78f_txt,real,true,auto
d9bedb64,sft_train,numeric_equation,docs_numeric_equation_motif_override_traces_d9bedb64_txt,real,true,auto
da3f727d,sft_train,numeric_equation,docs_numeric_equation_motif_override_traces_da3f727d_txt,real,true,auto
db4383f3,sft_train,numeric_equation,docs_numeric_equation_motif_override_traces_db4383f3_txt,real,true,auto
db6a5663,sft_train,numeric_equation,docs_numeric_equation_motif_override_traces_db6a5663_txt,real,true,auto
dbc6defc,sft_train,numeric_equation,docs_numeric_equation_motif_override_traces_dbc6defc_txt,real,true,auto
dbd0e3c9,sft_train,numeric_equation,docs_numeric_equation_motif_override_traces_dbd0e3c9_txt,real,true,auto
dc178d1c,sft_train,numeric_equation,docs_numeric_equation_motif_override_traces_dc178d1c_txt,real,true,auto
dc73d295,sft_train,numeric_equation,docs_numeric_equation_motif_override_traces_dc73d295_txt,real,true,auto
dc7a5e7b,sft_train,numeric_equation,docs_numeric_equation_motif_override_traces_dc7a5e7b_txt,real,true,auto
dcaf44c4,sft_train,numeric_equation,docs_numeric_equation_motif_override_traces_dcaf44c4_txt,real,true,auto
dcbf2073,sft_train,numeric_equation,docs_numeric_equation_motif_override_traces_dcbf2073_txt,real,true,auto
dd626fd0,sft_train,numeric_equation,docs_numeric_equation_motif_override_traces_dd626fd0_txt,real,true,auto
ddb9aafd,sft_train,numeric_equation,docs_numeric_equation_motif_override_traces_ddb9aafd_txt,real,true,auto
dde06528,sft_train,numeric_equation,docs_numeric_equation_motif_override_traces_dde06528_txt,real,true,auto
debff779,sft_train,numeric_equation,docs_numeric_equation_motif_override_traces_debff779_txt,real,true,auto
df309eeb,sft_train,numeric_equation,docs_numeric_equation_motif_override_traces_df309eeb_txt,real,true,auto
dfec0ed4,sft_train,numeric_equation,docs_numeric_equation_motif_override_traces_dfec0ed4_txt,real,true,auto
e07fffa6,sft_train,numeric_equation,docs_numeric_equation_motif_override_traces_e07fffa6_txt,real,true,auto
e102a09d,sft_train,numeric_equation,docs_numeric_equation_motif_override_traces_e102a09d_txt,real,true,auto
e1728524,sft_train,numeric_equation,docs_numeric_equation_motif_override_traces_e1728524_txt,real,true,auto
e1c0ae13,sft_train,numeric_equation,docs_numeric_equation_motif_override_traces_e1c0ae13_txt,real,true,auto
e2bb1d9f,sft_train,numeric_equation,docs_numeric_equation_motif_override_traces_e2bb1d9f_txt,real,true,auto
e307429d,sft_train,numeric_equation,docs_numeric_equation_motif_override_traces_e307429d_txt,real,true,auto
e33f1695,sft_train,numeric_equation,docs_numeric_equation_motif_override_traces_e33f1695_txt,real,true,auto
e3b3573a,sft_train,numeric_equation,docs_numeric_equation_motif_override_traces_e3b3573a_txt,real,true,auto
e4479bb1,sft_train,numeric_equation,docs_numeric_equation_motif_override_traces_e4479bb1_txt,real,true,auto
e4b6ce82,sft_train,numeric_equation,docs_numeric_equation_motif_override_traces_e4b6ce82_txt,real,true,auto
e4cc7639,sft_train,numeric_equation,docs_numeric_equation_motif_override_traces_e4cc7639_txt,real,true,auto
e518256e,sft_train,numeric_equation,docs_numeric_equation_motif_override_traces_e518256e_txt,real,true,auto
e5d4eeb8,sft_train,numeric_equation,docs_numeric_equation_motif_override_traces_e5d4eeb8_txt,real,true,auto
e667f2d7,sft_train,numeric_equation,docs_numeric_equation_motif_override_traces_e667f2d7_txt,real,true,auto
e70d5739,sft_train,numeric_equation,docs_numeric_equation_motif_override_traces_e70d5739_txt,real,true,auto
e7cf0394,sft_train,numeric_equation,docs_numeric_equation_motif_override_traces_e7cf0394_txt,real,true,auto
e836fb20,sft_train,numeric_equation,docs_numeric_equation_motif_override_traces_e836fb20_txt,real,true,auto
e8de8b47,sft_train,numeric_equation,docs_numeric_equation_motif_override_traces_e8de8b47_txt,real,true,auto
e952f61f,sft_train,numeric_equation,docs_numeric_equation_motif_override_traces_e952f61f_txt,real,true,auto
e9a84dd6,sft_train,numeric_equation,docs_numeric_equation_motif_override_traces_e9a84dd6_txt,real,true,auto
e9afa4a0,sft_train,numeric_equation,docs_numeric_equation_motif_override_traces_e9afa4a0_txt,real,true,auto
e9b69bf8,sft_train,numeric_equation,docs_numeric_equation_motif_override_traces_e9b69bf8_txt,real,true,auto
ea6d926a,sft_train,numeric_equation,docs_numeric_equation_motif_override_traces_ea6d926a_txt,real,true,auto
ea9f3811,sft_train,numeric_equation,docs_numeric_equation_motif_override_traces_ea9f3811_txt,real,true,auto
ead8fe28,sft_train,numeric_equation,docs_numeric_equation_motif_override_traces_ead8fe28_txt,real,true,auto
eafc7e67,sft_train,numeric_equation,docs_numeric_equation_motif_override_traces_eafc7e67_txt,real,true,auto
eb68289b,sft_train,numeric_equation,docs_numeric_equation_motif_override_traces_eb68289b_txt,real,true,auto
ec37a5e7,sft_train,numeric_equation,docs_numeric_equation_motif_override_traces_ec37a5e7_txt,real,true,auto
ec694941,sft_train,numeric_equation,docs_numeric_equation_motif_override_traces_ec694941_txt,real,true,auto
ed561f79,sft_train,numeric_equation,docs_numeric_equation_motif_override_traces_ed561f79_txt,real,true,auto
ee9239e9,sft_train,numeric_equation,docs_numeric_equation_motif_override_traces_ee9239e9_txt,real,true,auto
eeae398e,sft_train,numeric_equation,docs_numeric_equation_motif_override_traces_eeae398e_txt,real,true,auto
ef1b13ac,sft_train,numeric_equation,docs_numeric_equation_motif_override_traces_ef1b13ac_txt,real,true,auto
ef6bc241,sft_train,numeric_equation,docs_numeric_equation_motif_override_traces_ef6bc241_txt,real,true,auto
f0a2d457,sft_train,numeric_equation,docs_numeric_equation_motif_override_traces_f0a2d457_txt,real,true,auto
f28681ad,sft_train,numeric_equation,docs_numeric_equation_motif_override_traces_f28681ad_txt,real,true,auto
f299569f,sft_train,numeric_equation,docs_numeric_equation_motif_override_traces_f299569f_txt,real,true,auto
f2afd89d,sft_train,numeric_equation,docs_numeric_equation_motif_override_traces_f2afd89d_txt,real,true,auto
f2fa334a,sft_train,numeric_equation,docs_numeric_equation_motif_override_traces_f2fa334a_txt,real,true,auto
f2ff37b2,sft_train,numeric_equation,docs_numeric_equation_motif_override_traces_f2ff37b2_txt,real,true,auto
f333b67f,sft_train,numeric_equation,docs_numeric_equation_motif_override_traces_f333b67f_txt,real,true,auto
f35a488d,sft_train,numeric_equation,docs_numeric_equation_motif_override_traces_f35a488d_txt,real,true,auto
f3cecf2f,sft_train,numeric_equation,docs_numeric_equation_motif_override_traces_f3cecf2f_txt,real,true,auto
f3e08a24,sft_train,numeric_equation,docs_numeric_equation_motif_override_traces_f3e08a24_txt,real,true,auto
f463ee16,sft_train,numeric_equation,docs_numeric_equation_motif_override_traces_f463ee16_txt,real,true,auto
f4ecefa4,sft_train,numeric_equation,docs_numeric_equation_motif_override_traces_f4ecefa4_txt,real,true,auto
f642e7b5,sft_train,numeric_equation,docs_numeric_equation_motif_override_traces_f642e7b5_txt,real,true,auto
f66f0fe0,sft_train,numeric_equation,docs_numeric_equation_motif_override_traces_f66f0fe0_txt,real,true,auto
f6ca90f6,sft_train,numeric_equation,docs_numeric_equation_motif_override_traces_f6ca90f6_txt,real,true,auto
f6db706e,sft_train,numeric_equation,docs_numeric_equation_motif_override_traces_f6db706e_txt,real,true,auto
f7d90ae3,sft_train,numeric_equation,docs_numeric_equation_motif_override_traces_f7d90ae3_txt,real,true,auto
f8d6abd1,sft_train,numeric_equation,docs_numeric_equation_motif_override_traces_f8d6abd1_txt,real,true,auto
f93475e9,sft_train,numeric_equation,docs_numeric_equation_motif_override_traces_f93475e9_txt,real,true,auto
f94810f5,sft_train,numeric_equation,docs_numeric_equation_motif_override_traces_f94810f5_txt,real,true,auto
f96e1e6e,sft_train,numeric_equation,docs_numeric_equation_motif_override_traces_f96e1e6e_txt,real,true,auto
f9983eb7,sft_train,numeric_equation,docs_numeric_equation_motif_override_traces_f9983eb7_txt,real,true,auto
f9bd3119,sft_train,numeric_equation,docs_numeric_equation_motif_override_traces_f9bd3119_txt,real,true,auto
f9ff29fa,sft_train,numeric_equation,docs_numeric_equation_motif_override_traces_f9ff29fa_txt,real,true,auto
fa7426d3,sft_train,numeric_equation,docs_numeric_equation_motif_override_traces_fa7426d3_txt,real,true,auto
fa952980,sft_train,numeric_equation,docs_numeric_equation_motif_override_traces_fa952980_txt,real,true,auto
fb3f7b77,sft_train,numeric_equation,docs_numeric_equation_motif_override_traces_fb3f7b77_txt,real,true,auto
fb4bc935,sft_train,numeric_equation,docs_numeric_equation_motif_override_traces_fb4bc935_txt,real,true,auto
fb623471,sft_train,numeric_equation,docs_numeric_equation_motif_override_traces_fb623471_txt,real,true,auto
fc759a1a,sft_train,numeric_equation,docs_numeric_equation_motif_override_traces_fc759a1a_txt,real,true,auto
fc799f0a,sft_train,numeric_equation,docs_numeric_equation_motif_override_traces_fc799f0a_txt,real,true,auto
fc7e53c7,sft_train,numeric_equation,docs_numeric_equation_motif_override_traces_fc7e53c7_txt,real,true,auto
fd683004,sft_train,numeric_equation,docs_numeric_equation_motif_override_traces_fd683004_txt,real,true,auto
fdd9ff2b,sft_train,numeric_equation,docs_numeric_equation_motif_override_traces_fdd9ff2b_txt,real,true,auto
fe393711,sft_train,numeric_equation,docs_numeric_equation_motif_override_traces_fe393711_txt,real,true,auto
fecad63c,sft_train,numeric_equation,docs_numeric_equation_motif_override_traces_fecad63c_txt,real,true,auto
fee66e16,sft_train,numeric_equation,docs_numeric_equation_motif_override_traces_fee66e16_txt,real,true,auto
fef61ca1,sft_train,numeric_equation,docs_numeric_equation_motif_override_traces_fef61ca1_txt,real,true,auto
ff8409cd,sft_train,numeric_equation,docs_numeric_equation_motif_override_traces_ff8409cd_txt,real,true,auto
syn_ne_ab_cd_add_len2_0004,sft_train,numeric_equation,docs_numeric_equation_motif_override_traces_syn_ne_ab_cd_add_len2_0004_txt,synthetic,false,train_only
syn_ne_ab_cd_add_len2_0008,sft_train,numeric_equation,docs_numeric_equation_motif_override_traces_syn_ne_ab_cd_add_len2_0008_txt,synthetic,false,train_only
syn_ne_ab_cd_add_len2_0012,sft_train,numeric_equation,docs_numeric_equation_motif_override_traces_syn_ne_ab_cd_add_len2_0012_txt,synthetic,false,train_only
syn_ne_ab_cd_add_len2_0016,sft_train,numeric_equation,docs_numeric_equation_motif_override_traces_syn_ne_ab_cd_add_len2_0016_txt,synthetic,false,train_only
syn_ne_ab_cd_add_len3_0004,sft_train,numeric_equation,docs_numeric_equation_motif_override_traces_syn_ne_ab_cd_add_len3_0004_txt,synthetic,false,train_only
syn_ne_ab_cd_add_len3_0008,sft_train,numeric_equation,docs_numeric_equation_motif_override_traces_syn_ne_ab_cd_add_len3_0008_txt,synthetic,false,train_only
syn_ne_ab_cd_add_len3_0012,sft_train,numeric_equation,docs_numeric_equation_motif_override_traces_syn_ne_ab_cd_add_len3_0012_txt,synthetic,false,train_only
syn_ne_ab_cd_add_len3_0016,sft_train,numeric_equation,docs_numeric_equation_motif_override_traces_syn_ne_ab_cd_add_len3_0016_txt,synthetic,false,train_only
syn_ne_ab_cd_add_len3_0020,sft_train,numeric_equation,docs_numeric_equation_motif_override_traces_syn_ne_ab_cd_add_len3_0020_txt,synthetic,false,train_only
syn_ne_ab_cd_add_len3_0024,sft_train,numeric_equation,docs_numeric_equation_motif_override_traces_syn_ne_ab_cd_add_len3_0024_txt,synthetic,false,train_only
syn_ne_ab_cd_add_minus1_len2_0004,sft_train,numeric_equation,docs_numeric_equation_motif_override_traces_syn_ne_ab_cd_add_minus1_len2_0004_txt,synthetic,false,train_only
syn_ne_ab_cd_add_minus1_len2_0008,sft_train,numeric_equation,docs_numeric_equation_motif_override_traces_syn_ne_ab_cd_add_minus1_len2_0008_txt,synthetic,false,train_only
syn_ne_ab_cd_add_minus1_len2_0012,sft_train,numeric_equation,docs_numeric_equation_motif_override_traces_syn_ne_ab_cd_add_minus1_len2_0012_txt,synthetic,false,train_only
syn_ne_ab_cd_add_minus1_len2_0016,sft_train,numeric_equation,docs_numeric_equation_motif_override_traces_syn_ne_ab_cd_add_minus1_len2_0016_txt,synthetic,false,train_only
syn_ne_ab_cd_add_minus1_len2_0020,sft_train,numeric_equation,docs_numeric_equation_motif_override_traces_syn_ne_ab_cd_add_minus1_len2_0020_txt,synthetic,false,train_only
syn_ne_ab_cd_add_minus1_len3_0004,sft_train,numeric_equation,docs_numeric_equation_motif_override_traces_syn_ne_ab_cd_add_minus1_len3_0004_txt,synthetic,false,train_only
syn_ne_ab_cd_add_minus1_len3_0008,sft_train,numeric_equation,docs_numeric_equation_motif_override_traces_syn_ne_ab_cd_add_minus1_len3_0008_txt,synthetic,false,train_only
syn_ne_ab_cd_add_minus1_len3_0012,sft_train,numeric_equation,docs_numeric_equation_motif_override_traces_syn_ne_ab_cd_add_minus1_len3_0012_txt,synthetic,false,train_only
syn_ne_ab_cd_add_minus1_len3_0016,sft_train,numeric_equation,docs_numeric_equation_motif_override_traces_syn_ne_ab_cd_add_minus1_len3_0016_txt,synthetic,false,train_only
syn_ne_ab_cd_add_minus1_len3_0020,sft_train,numeric_equation,docs_numeric_equation_motif_override_traces_syn_ne_ab_cd_add_minus1_len3_0020_txt,synthetic,false,train_only
syn_ne_ab_cd_add_plus1_len2_0004,sft_train,numeric_equation,docs_numeric_equation_motif_override_traces_syn_ne_ab_cd_add_plus1_len2_0004_txt,synthetic,false,train_only
syn_ne_ab_cd_add_plus1_len2_0008,sft_train,numeric_equation,docs_numeric_equation_motif_override_traces_syn_ne_ab_cd_add_plus1_len2_0008_txt,synthetic,false,train_only
syn_ne_ab_cd_add_plus1_len2_0012,sft_train,numeric_equation,docs_numeric_equation_motif_override_traces_syn_ne_ab_cd_add_plus1_len2_0012_txt,synthetic,false,train_only
syn_ne_ab_cd_add_plus1_len2_0016,sft_train,numeric_equation,docs_numeric_equation_motif_override_traces_syn_ne_ab_cd_add_plus1_len2_0016_txt,synthetic,false,train_only
syn_ne_ab_cd_add_plus1_len3_0004,sft_train,numeric_equation,docs_numeric_equation_motif_override_traces_syn_ne_ab_cd_add_plus1_len3_0004_txt,synthetic,false,train_only
syn_ne_ab_cd_add_plus1_len3_0008,sft_train,numeric_equation,docs_numeric_equation_motif_override_traces_syn_ne_ab_cd_add_plus1_len3_0008_txt,synthetic,false,train_only
syn_ne_ab_cd_add_plus1_len3_0012,sft_train,numeric_equation,docs_numeric_equation_motif_override_traces_syn_ne_ab_cd_add_plus1_len3_0012_txt,synthetic,false,train_only
syn_ne_ab_cd_add_plus1_len3_0016,sft_train,numeric_equation,docs_numeric_equation_motif_override_traces_syn_ne_ab_cd_add_plus1_len3_0016_txt,synthetic,false,train_only
syn_ne_ab_cd_add_plus1_len3_0020,sft_train,numeric_equation,docs_numeric_equation_motif_override_traces_syn_ne_ab_cd_add_plus1_len3_0020_txt,synthetic,false,train_only
syn_ne_ab_cd_add_plus1_len3_0024,sft_train,numeric_equation,docs_numeric_equation_motif_override_traces_syn_ne_ab_cd_add_plus1_len3_0024_txt,synthetic,false,train_only
syn_ne_ab_cd_add_plus1_len3_0028,sft_train,numeric_equation,docs_numeric_equation_motif_override_traces_syn_ne_ab_cd_add_plus1_len3_0028_txt,synthetic,false,train_only
syn_ne_ab_cd_sub_xminusy_len1_0003,sft_train,numeric_equation,docs_numeric_equation_motif_override_traces_syn_ne_ab_cd_sub_xminusy_len1_0003_txt,synthetic,false,train_only
syn_ne_ab_cd_sub_xminusy_len1_0006,sft_train,numeric_equation,docs_numeric_equation_motif_override_traces_syn_ne_ab_cd_sub_xminusy_len1_0006_txt,synthetic,false,train_only
syn_ne_ab_cd_sub_xminusy_len1_0009,sft_train,numeric_equation,docs_numeric_equation_motif_override_traces_syn_ne_ab_cd_sub_xminusy_len1_0009_txt,synthetic,false,train_only
syn_ne_ab_cd_sub_xminusy_len1_0012,sft_train,numeric_equation,docs_numeric_equation_motif_override_traces_syn_ne_ab_cd_sub_xminusy_len1_0012_txt,synthetic,false,train_only
syn_ne_ab_cd_sub_xminusy_len1_0015,sft_train,numeric_equation,docs_numeric_equation_motif_override_traces_syn_ne_ab_cd_sub_xminusy_len1_0015_txt,synthetic,false,train_only
syn_ne_ab_cd_sub_xminusy_len1_0018,sft_train,numeric_equation,docs_numeric_equation_motif_override_traces_syn_ne_ab_cd_sub_xminusy_len1_0018_txt,synthetic,false,train_only
syn_ne_ab_cd_sub_xminusy_len2_0004,sft_train,numeric_equation,docs_numeric_equation_motif_override_traces_syn_ne_ab_cd_sub_xminusy_len2_0004_txt,synthetic,false,train_only
syn_ne_ab_cd_sub_xminusy_len2_0008,sft_train,numeric_equation,docs_numeric_equation_motif_override_traces_syn_ne_ab_cd_sub_xminusy_len2_0008_txt,synthetic,false,train_only
syn_ne_ab_cd_sub_xminusy_len2_0012,sft_train,numeric_equation,docs_numeric_equation_motif_override_traces_syn_ne_ab_cd_sub_xminusy_len2_0012_txt,synthetic,false,train_only
syn_ne_ab_cd_sub_xminusy_len2_0016,sft_train,numeric_equation,docs_numeric_equation_motif_override_traces_syn_ne_ab_cd_sub_xminusy_len2_0016_txt,synthetic,false,train_only
syn_ne_ab_cd_sub_xminusy_len2_0020,sft_train,numeric_equation,docs_numeric_equation_motif_override_traces_syn_ne_ab_cd_sub_xminusy_len2_0020_txt,synthetic,false,train_only
syn_ne_ab_cd_sub_xminusy_len2_0024,sft_train,numeric_equation,docs_numeric_equation_motif_override_traces_syn_ne_ab_cd_sub_xminusy_len2_0024_txt,synthetic,false,train_only
syn_ne_ab_cd_sub_xminusy_len2_0028,sft_train,numeric_equation,docs_numeric_equation_motif_override_traces_syn_ne_ab_cd_sub_xminusy_len2_0028_txt,synthetic,false,train_only
syn_ne_ab_cd_sub_xminusy_len2_0032,sft_train,numeric_equation,docs_numeric_equation_motif_override_traces_syn_ne_ab_cd_sub_xminusy_len2_0032_txt,synthetic,false,train_only
syn_ne_ab_cd_sub_xminusy_len2_0036,sft_train,numeric_equation,docs_numeric_equation_motif_override_traces_syn_ne_ab_cd_sub_xminusy_len2_0036_txt,synthetic,false,train_only
syn_ne_ab_cd_sub_xminusy_len2_0040,sft_train,numeric_equation,docs_numeric_equation_motif_override_traces_syn_ne_ab_cd_sub_xminusy_len2_0040_txt,synthetic,false,train_only
syn_ne_appmotif_ab_cd_absxminusy_len2_0007,sft_train,numeric_equation,docs_numeric_equation_motif_override_traces_syn_ne_appmotif_ab_cd_absxminusy_len2_0007_txt,synthetic,false,train_only
syn_ne_appmotif_ab_cd_absxminusy_len2_0009,sft_train,numeric_equation,docs_numeric_equation_motif_override_traces_syn_ne_appmotif_ab_cd_absxminusy_len2_0009_txt,synthetic,false,train_only
syn_ne_appmotif_ab_cd_absxminusy_len2_0012,sft_train,numeric_equation,docs_numeric_equation_motif_override_traces_syn_ne_appmotif_ab_cd_absxminusy_len2_0012_txt,synthetic,false,train_only
syn_ne_appmotif_ab_cd_absxminusy_len2_0013,sft_train,numeric_equation,docs_numeric_equation_motif_override_traces_syn_ne_appmotif_ab_cd_absxminusy_len2_0013_txt,synthetic,false,train_only
syn_ne_appmotif_ab_cd_absxminusy_len2_0014,sft_train,numeric_equation,docs_numeric_equation_motif_override_traces_syn_ne_appmotif_ab_cd_absxminusy_len2_0014_txt,synthetic,false,train_only
syn_ne_appmotif_ab_cd_absxminusy_len2_0015,sft_train,numeric_equation,docs_numeric_equation_motif_override_traces_syn_ne_appmotif_ab_cd_absxminusy_len2_0015_txt,synthetic,false,train_only
syn_ne_appmotif_ab_cd_absxminusy_len2_0017,sft_train,numeric_equation,docs_numeric_equation_motif_override_traces_syn_ne_appmotif_ab_cd_absxminusy_len2_0017_txt,synthetic,false,train_only
syn_ne_appmotif_ab_cd_absxminusy_len2_0023,sft_train,numeric_equation,docs_numeric_equation_motif_override_traces_syn_ne_appmotif_ab_cd_absxminusy_len2_0023_txt,synthetic,false,train_only
syn_ne_appmotif_ab_cd_maxxymodminxy_len1_0024,sft_train,numeric_equation,docs_numeric_equation_motif_override_traces_syn_ne_appmotif_ab_cd_maxxymodminxy_len1_0024_txt,synthetic,false,train_only
syn_ne_appmotif_ab_cd_maxxymodminxy_len1_0025,sft_train,numeric_equation,docs_numeric_equation_motif_override_traces_syn_ne_appmotif_ab_cd_maxxymodminxy_len1_0025_txt,synthetic,false,train_only
syn_ne_appmotif_ab_cd_maxxymodminxy_len1_0026,sft_train,numeric_equation,docs_numeric_equation_motif_override_traces_syn_ne_appmotif_ab_cd_maxxymodminxy_len1_0026_txt,synthetic,false,train_only
syn_ne_appmotif_ab_cd_maxxymodminxy_len1_0027,sft_train,numeric_equation,docs_numeric_equation_motif_override_traces_syn_ne_appmotif_ab_cd_maxxymodminxy_len1_0027_txt,synthetic,false,train_only
syn_ne_appmotif_ab_cd_maxxymodminxy_len1_0028,sft_train,numeric_equation,docs_numeric_equation_motif_override_traces_syn_ne_appmotif_ab_cd_maxxymodminxy_len1_0028_txt,synthetic,false,train_only
syn_ne_appmotif_ab_cd_maxxymodminxy_len1_0029,sft_train,numeric_equation,docs_numeric_equation_motif_override_traces_syn_ne_appmotif_ab_cd_maxxymodminxy_len1_0029_txt,synthetic,false,train_only
syn_ne_appmotif_ab_cd_maxxymodminxy_len1_0030,sft_train,numeric_equation,docs_numeric_equation_motif_override_traces_syn_ne_appmotif_ab_cd_maxxymodminxy_len1_0030_txt,synthetic,false,train_only
syn_ne_appmotif_ab_cd_maxxymodminxy_len1_0031,sft_train,numeric_equation,docs_numeric_equation_motif_override_traces_syn_ne_appmotif_ab_cd_maxxymodminxy_len1_0031_txt,synthetic,false,train_only
syn_ne_appmotif_ab_cd_maxxymodminxy_len1_0032,sft_train,numeric_equation,docs_numeric_equation_motif_override_traces_syn_ne_appmotif_ab_cd_maxxymodminxy_len1_0032_txt,synthetic,false,train_only
syn_ne_appmotif_ab_cd_maxxymodminxy_len1_0033,sft_train,numeric_equation,docs_numeric_equation_motif_override_traces_syn_ne_appmotif_ab_cd_maxxymodminxy_len1_0033_txt,synthetic,false,train_only
syn_ne_appmotif_ab_cd_maxxymodminxy_len1_0034,sft_train,numeric_equation,docs_numeric_equation_motif_override_traces_syn_ne_appmotif_ab_cd_maxxymodminxy_len1_0034_txt,synthetic,false,train_only
syn_ne_appmotif_ab_cd_maxxymodminxy_len1_0035,sft_train,numeric_equation,docs_numeric_equation_motif_override_traces_syn_ne_appmotif_ab_cd_maxxymodminxy_len1_0035_txt,synthetic,false,train_only
syn_ne_appmotif_ab_cd_maxxymodminxy_len1_0036,sft_train,numeric_equation,docs_numeric_equation_motif_override_traces_syn_ne_appmotif_ab_cd_maxxymodminxy_len1_0036_txt,synthetic,false,train_only
syn_ne_appmotif_ab_cd_maxxymodminxy_len1_0037,sft_train,numeric_equation,docs_numeric_equation_motif_override_traces_syn_ne_appmotif_ab_cd_maxxymodminxy_len1_0037_txt,synthetic,false,train_only
syn_ne_appmotif_ab_cd_maxxymodminxy_len1_0038,sft_train,numeric_equation,docs_numeric_equation_motif_override_traces_syn_ne_appmotif_ab_cd_maxxymodminxy_len1_0038_txt,synthetic,false,train_only
syn_ne_appmotif_ab_cd_maxxymodminxy_len1_0039,sft_train,numeric_equation,docs_numeric_equation_motif_override_traces_syn_ne_appmotif_ab_cd_maxxymodminxy_len1_0039_txt,synthetic,false,train_only
syn_ne_appmotif_ab_cd_maxxymodminxy_len2_0040,sft_train,numeric_equation,docs_numeric_equation_motif_override_traces_syn_ne_appmotif_ab_cd_maxxymodminxy_len2_0040_txt,synthetic,false,train_only
syn_ne_appmotif_ab_cd_maxxymodminxy_len2_0041,sft_train,numeric_equation,docs_numeric_equation_motif_override_traces_syn_ne_appmotif_ab_cd_maxxymodminxy_len2_0041_txt,synthetic,false,train_only
syn_ne_appmotif_ab_cd_maxxymodminxy_len2_0042,sft_train,numeric_equation,docs_numeric_equation_motif_override_traces_syn_ne_appmotif_ab_cd_maxxymodminxy_len2_0042_txt,synthetic,false,train_only
syn_ne_appmotif_ab_cd_maxxymodminxy_len2_0043,sft_train,numeric_equation,docs_numeric_equation_motif_override_traces_syn_ne_appmotif_ab_cd_maxxymodminxy_len2_0043_txt,synthetic,false,train_only
syn_ne_appmotif_ab_cd_maxxymodminxy_len2_0044,sft_train,numeric_equation,docs_numeric_equation_motif_override_traces_syn_ne_appmotif_ab_cd_maxxymodminxy_len2_0044_txt,synthetic,false,train_only
syn_ne_appmotif_ab_cd_maxxymodminxy_len2_0045,sft_train,numeric_equation,docs_numeric_equation_motif_override_traces_syn_ne_appmotif_ab_cd_maxxymodminxy_len2_0045_txt,synthetic,false,train_only
syn_ne_appmotif_ab_cd_maxxymodminxy_len2_0046,sft_train,numeric_equation,docs_numeric_equation_motif_override_traces_syn_ne_appmotif_ab_cd_maxxymodminxy_len2_0046_txt,synthetic,false,train_only
syn_ne_appmotif_ab_cd_maxxymodminxy_len2_0047,sft_train,numeric_equation,docs_numeric_equation_motif_override_traces_syn_ne_appmotif_ab_cd_maxxymodminxy_len2_0047_txt,synthetic,false,train_only
syn_ne_appmotif_ab_cd_maxxymodminxy_len2_0048,sft_train,numeric_equation,docs_numeric_equation_motif_override_traces_syn_ne_appmotif_ab_cd_maxxymodminxy_len2_0048_txt,synthetic,false,train_only
syn_ne_appmotif_ab_cd_maxxymodminxy_len2_0049,sft_train,numeric_equation,docs_numeric_equation_motif_override_traces_syn_ne_appmotif_ab_cd_maxxymodminxy_len2_0049_txt,synthetic,false,train_only
syn_ne_appmotif_ab_cd_maxxymodminxy_len2_0050,sft_train,numeric_equation,docs_numeric_equation_motif_override_traces_syn_ne_appmotif_ab_cd_maxxymodminxy_len2_0050_txt,synthetic,false,train_only
syn_ne_appmotif_ab_cd_maxxymodminxy_len2_0051,sft_train,numeric_equation,docs_numeric_equation_motif_override_traces_syn_ne_appmotif_ab_cd_maxxymodminxy_len2_0051_txt,synthetic,false,train_only
syn_ne_appmotif_ab_cd_maxxymodminxy_len2_0052,sft_train,numeric_equation,docs_numeric_equation_motif_override_traces_syn_ne_appmotif_ab_cd_maxxymodminxy_len2_0052_txt,synthetic,false,train_only
syn_ne_appmotif_ab_cd_maxxymodminxy_len2_0053,sft_train,numeric_equation,docs_numeric_equation_motif_override_traces_syn_ne_appmotif_ab_cd_maxxymodminxy_len2_0053_txt,synthetic,false,train_only
syn_ne_appmotif_ab_cd_maxxymodminxy_len2_0054,sft_train,numeric_equation,docs_numeric_equation_motif_override_traces_syn_ne_appmotif_ab_cd_maxxymodminxy_len2_0054_txt,synthetic,false,train_only
syn_ne_appmotif_ab_cd_maxxymodminxy_len2_0055,sft_train,numeric_equation,docs_numeric_equation_motif_override_traces_syn_ne_appmotif_ab_cd_maxxymodminxy_len2_0055_txt,synthetic,false,train_only
syn_ne_appmotif_ab_cd_xminusy_len1_0252,sft_train,numeric_equation,docs_numeric_equation_motif_override_traces_syn_ne_appmotif_ab_cd_xminusy_len1_0252_txt,synthetic,false,train_only
syn_ne_appmotif_ab_cd_xminusy_len1_0253,sft_train,numeric_equation,docs_numeric_equation_motif_override_traces_syn_ne_appmotif_ab_cd_xminusy_len1_0253_txt,synthetic,false,train_only
syn_ne_appmotif_ab_cd_xminusy_len1_0254,sft_train,numeric_equation,docs_numeric_equation_motif_override_traces_syn_ne_appmotif_ab_cd_xminusy_len1_0254_txt,synthetic,false,train_only
syn_ne_appmotif_ab_cd_xminusy_len1_0255,sft_train,numeric_equation,docs_numeric_equation_motif_override_traces_syn_ne_appmotif_ab_cd_xminusy_len1_0255_txt,synthetic,false,train_only
syn_ne_appmotif_ab_cd_xminusy_len1_0256,sft_train,numeric_equation,docs_numeric_equation_motif_override_traces_syn_ne_appmotif_ab_cd_xminusy_len1_0256_txt,synthetic,false,train_only
syn_ne_appmotif_ab_cd_xminusy_len1_0257,sft_train,numeric_equation,docs_numeric_equation_motif_override_traces_syn_ne_appmotif_ab_cd_xminusy_len1_0257_txt,synthetic,false,train_only
syn_ne_appmotif_ab_cd_xminusy_len1_0258,sft_train,numeric_equation,docs_numeric_equation_motif_override_traces_syn_ne_appmotif_ab_cd_xminusy_len1_0258_txt,synthetic,false,train_only
syn_ne_appmotif_ab_cd_xminusy_len1_0259,sft_train,numeric_equation,docs_numeric_equation_motif_override_traces_syn_ne_appmotif_ab_cd_xminusy_len1_0259_txt,synthetic,false,train_only
syn_ne_appmotif_ab_cd_xminusy_len1_0260,sft_train,numeric_equation,docs_numeric_equation_motif_override_traces_syn_ne_appmotif_ab_cd_xminusy_len1_0260_txt,synthetic,false,train_only
syn_ne_appmotif_ab_cd_xminusy_len1_0261,sft_train,numeric_equation,docs_numeric_equation_motif_override_traces_syn_ne_appmotif_ab_cd_xminusy_len1_0261_txt,synthetic,false,train_only
syn_ne_appmotif_ab_cd_xminusy_len1_0262,sft_train,numeric_equation,docs_numeric_equation_motif_override_traces_syn_ne_appmotif_ab_cd_xminusy_len1_0262_txt,synthetic,false,train_only
syn_ne_appmotif_ab_cd_xminusy_len1_0263,sft_train,numeric_equation,docs_numeric_equation_motif_override_traces_syn_ne_appmotif_ab_cd_xminusy_len1_0263_txt,synthetic,false,train_only
syn_ne_appmotif_ab_cd_xminusy_len1_0264,sft_train,numeric_equation,docs_numeric_equation_motif_override_traces_syn_ne_appmotif_ab_cd_xminusy_len1_0264_txt,synthetic,false,train_only
syn_ne_appmotif_ab_cd_xminusy_len1_0265,sft_train,numeric_equation,docs_numeric_equation_motif_override_traces_syn_ne_appmotif_ab_cd_xminusy_len1_0265_txt,synthetic,false,train_only
syn_ne_appmotif_ab_cd_xminusy_len1_0266,sft_train,numeric_equation,docs_numeric_equation_motif_override_traces_syn_ne_appmotif_ab_cd_xminusy_len1_0266_txt,synthetic,false,train_only
syn_ne_appmotif_ab_cd_xminusy_len1_0267,sft_train,numeric_equation,docs_numeric_equation_motif_override_traces_syn_ne_appmotif_ab_cd_xminusy_len1_0267_txt,synthetic,false,train_only
syn_ne_appmotif_ab_cd_xminusy_len1_0268,sft_train,numeric_equation,docs_numeric_equation_motif_override_traces_syn_ne_appmotif_ab_cd_xminusy_len1_0268_txt,synthetic,false,train_only
syn_ne_appmotif_ab_cd_xminusy_len1_0269,sft_train,numeric_equation,docs_numeric_equation_motif_override_traces_syn_ne_appmotif_ab_cd_xminusy_len1_0269_txt,synthetic,false,train_only
syn_ne_appmotif_ab_cd_xminusy_len1_0270,sft_train,numeric_equation,docs_numeric_equation_motif_override_traces_syn_ne_appmotif_ab_cd_xminusy_len1_0270_txt,synthetic,false,train_only
syn_ne_appmotif_ab_cd_xminusy_len1_0271,sft_train,numeric_equation,docs_numeric_equation_motif_override_traces_syn_ne_appmotif_ab_cd_xminusy_len1_0271_txt,synthetic,false,train_only
syn_ne_appmotif_ab_cd_xminusy_len1_0272,sft_train,numeric_equation,docs_numeric_equation_motif_override_traces_syn_ne_appmotif_ab_cd_xminusy_len1_0272_txt,synthetic,false,train_only
syn_ne_appmotif_ab_cd_xminusy_len1_0273,sft_train,numeric_equation,docs_numeric_equation_motif_override_traces_syn_ne_appmotif_ab_cd_xminusy_len1_0273_txt,synthetic,false,train_only
syn_ne_appmotif_ab_cd_xminusy_len1_0274,sft_train,numeric_equation,docs_numeric_equation_motif_override_traces_syn_ne_appmotif_ab_cd_xminusy_len1_0274_txt,synthetic,false,train_only
syn_ne_appmotif_ab_cd_xminusy_len1_0275,sft_train,numeric_equation,docs_numeric_equation_motif_override_traces_syn_ne_appmotif_ab_cd_xminusy_len1_0275_txt,synthetic,false,train_only
syn_ne_appmotif_ab_cd_xminusy_len1_0276,sft_train,numeric_equation,docs_numeric_equation_motif_override_traces_syn_ne_appmotif_ab_cd_xminusy_len1_0276_txt,synthetic,false,train_only
syn_ne_appmotif_ab_cd_xminusy_len1_0277,sft_train,numeric_equation,docs_numeric_equation_motif_override_traces_syn_ne_appmotif_ab_cd_xminusy_len1_0277_txt,synthetic,false,train_only
syn_ne_appmotif_ab_cd_xminusy_len1_0278,sft_train,numeric_equation,docs_numeric_equation_motif_override_traces_syn_ne_appmotif_ab_cd_xminusy_len1_0278_txt,synthetic,false,train_only
syn_ne_appmotif_ab_cd_xminusy_len2_0279,sft_train,numeric_equation,docs_numeric_equation_motif_override_traces_syn_ne_appmotif_ab_cd_xminusy_len2_0279_txt,synthetic,false,train_only
syn_ne_appmotif_ab_cd_xminusy_len2_0280,sft_train,numeric_equation,docs_numeric_equation_motif_override_traces_syn_ne_appmotif_ab_cd_xminusy_len2_0280_txt,synthetic,false,train_only
syn_ne_appmotif_ab_cd_xminusy_len2_0281,sft_train,numeric_equation,docs_numeric_equation_motif_override_traces_syn_ne_appmotif_ab_cd_xminusy_len2_0281_txt,synthetic,false,train_only
syn_ne_appmotif_ab_cd_xminusy_len2_0282,sft_train,numeric_equation,docs_numeric_equation_motif_override_traces_syn_ne_appmotif_ab_cd_xminusy_len2_0282_txt,synthetic,false,train_only
syn_ne_appmotif_ab_cd_xminusy_len2_0283,sft_train,numeric_equation,docs_numeric_equation_motif_override_traces_syn_ne_appmotif_ab_cd_xminusy_len2_0283_txt,synthetic,false,train_only
syn_ne_appmotif_ab_cd_xminusy_len2_0284,sft_train,numeric_equation,docs_numeric_equation_motif_override_traces_syn_ne_appmotif_ab_cd_xminusy_len2_0284_txt,synthetic,false,train_only
syn_ne_appmotif_ab_cd_xminusy_len2_0285,sft_train,numeric_equation,docs_numeric_equation_motif_override_traces_syn_ne_appmotif_ab_cd_xminusy_len2_0285_txt,synthetic,false,train_only
syn_ne_appmotif_ab_cd_xminusy_len2_0286,sft_train,numeric_equation,docs_numeric_equation_motif_override_traces_syn_ne_appmotif_ab_cd_xminusy_len2_0286_txt,synthetic,false,train_only
syn_ne_appmotif_ab_cd_xminusy_len2_0287,sft_train,numeric_equation,docs_numeric_equation_motif_override_traces_syn_ne_appmotif_ab_cd_xminusy_len2_0287_txt,synthetic,false,train_only
syn_ne_appmotif_ab_cd_xminusy_len2_0288,sft_train,numeric_equation,docs_numeric_equation_motif_override_traces_syn_ne_appmotif_ab_cd_xminusy_len2_0288_txt,synthetic,false,train_only
syn_ne_appmotif_ab_cd_xminusy_len2_0289,sft_train,numeric_equation,docs_numeric_equation_motif_override_traces_syn_ne_appmotif_ab_cd_xminusy_len2_0289_txt,synthetic,false,train_only
syn_ne_appmotif_ab_cd_xminusy_len2_0290,sft_train,numeric_equation,docs_numeric_equation_motif_override_traces_syn_ne_appmotif_ab_cd_xminusy_len2_0290_txt,synthetic,false,train_only
syn_ne_appmotif_ab_cd_xminusy_len2_0291,sft_train,numeric_equation,docs_numeric_equation_motif_override_traces_syn_ne_appmotif_ab_cd_xminusy_len2_0291_txt,synthetic,false,train_only
syn_ne_appmotif_ab_cd_xminusy_len2_0292,sft_train,numeric_equation,docs_numeric_equation_motif_override_traces_syn_ne_appmotif_ab_cd_xminusy_len2_0292_txt,synthetic,false,train_only
syn_ne_appmotif_ab_cd_xminusy_len2_0293,sft_train,numeric_equation,docs_numeric_equation_motif_override_traces_syn_ne_appmotif_ab_cd_xminusy_len2_0293_txt,synthetic,false,train_only
syn_ne_appmotif_ab_cd_xminusy_len2_0294,sft_train,numeric_equation,docs_numeric_equation_motif_override_traces_syn_ne_appmotif_ab_cd_xminusy_len2_0294_txt,synthetic,false,train_only
syn_ne_appmotif_ab_cd_xminusy_len2_0295,sft_train,numeric_equation,docs_numeric_equation_motif_override_traces_syn_ne_appmotif_ab_cd_xminusy_len2_0295_txt,synthetic,false,train_only
syn_ne_appmotif_ab_cd_xminusy_len2_0296,sft_train,numeric_equation,docs_numeric_equation_motif_override_traces_syn_ne_appmotif_ab_cd_xminusy_len2_0296_txt,synthetic,false,train_only
syn_ne_appmotif_ab_cd_xminusy_len2_0297,sft_train,numeric_equation,docs_numeric_equation_motif_override_traces_syn_ne_appmotif_ab_cd_xminusy_len2_0297_txt,synthetic,false,train_only
syn_ne_appmotif_ab_cd_xminusy_len2_0298,sft_train,numeric_equation,docs_numeric_equation_motif_override_traces_syn_ne_appmotif_ab_cd_xminusy_len2_0298_txt,synthetic,false,train_only
syn_ne_appmotif_ab_cd_xminusy_len2_0299,sft_train,numeric_equation,docs_numeric_equation_motif_override_traces_syn_ne_appmotif_ab_cd_xminusy_len2_0299_txt,synthetic,false,train_only
syn_ne_appmotif_ab_cd_xminusy_len2_0300,sft_train,numeric_equation,docs_numeric_equation_motif_override_traces_syn_ne_appmotif_ab_cd_xminusy_len2_0300_txt,synthetic,false,train_only
syn_ne_appmotif_ab_cd_xminusy_len2_0301,sft_train,numeric_equation,docs_numeric_equation_motif_override_traces_syn_ne_appmotif_ab_cd_xminusy_len2_0301_txt,synthetic,false,train_only
syn_ne_appmotif_ab_cd_xminusy_len2_0302,sft_train,numeric_equation,docs_numeric_equation_motif_override_traces_syn_ne_appmotif_ab_cd_xminusy_len2_0302_txt,synthetic,false,train_only
syn_ne_appmotif_ab_cd_xminusy_len2_0303,sft_train,numeric_equation,docs_numeric_equation_motif_override_traces_syn_ne_appmotif_ab_cd_xminusy_len2_0303_txt,synthetic,false,train_only
syn_ne_appmotif_ab_cd_xminusy_len2_0304,sft_train,numeric_equation,docs_numeric_equation_motif_override_traces_syn_ne_appmotif_ab_cd_xminusy_len2_0304_txt,synthetic,false,train_only
syn_ne_appmotif_ab_cd_xminusy_len2_0305,sft_train,numeric_equation,docs_numeric_equation_motif_override_traces_syn_ne_appmotif_ab_cd_xminusy_len2_0305_txt,synthetic,false,train_only
syn_ne_appmotif_ab_cd_xminusy_len2_0306,sft_train,numeric_equation,docs_numeric_equation_motif_override_traces_syn_ne_appmotif_ab_cd_xminusy_len2_0306_txt,synthetic,false,train_only
syn_ne_appmotif_ab_cd_xminusy_len2_0307,sft_train,numeric_equation,docs_numeric_equation_motif_override_traces_syn_ne_appmotif_ab_cd_xminusy_len2_0307_txt,synthetic,false,train_only
syn_ne_appmotif_ab_cd_xminusy_len2_0308,sft_train,numeric_equation,docs_numeric_equation_motif_override_traces_syn_ne_appmotif_ab_cd_xminusy_len2_0308_txt,synthetic,false,train_only
syn_ne_appmotif_ab_cd_xminusy_len2_0309,sft_train,numeric_equation,docs_numeric_equation_motif_override_traces_syn_ne_appmotif_ab_cd_xminusy_len2_0309_txt,synthetic,false,train_only
syn_ne_appmotif_ab_cd_xminusy_len2_0310,sft_train,numeric_equation,docs_numeric_equation_motif_override_traces_syn_ne_appmotif_ab_cd_xminusy_len2_0310_txt,synthetic,false,train_only
syn_ne_appmotif_ab_cd_xminusy_len2_0311,sft_train,numeric_equation,docs_numeric_equation_motif_override_traces_syn_ne_appmotif_ab_cd_xminusy_len2_0311_txt,synthetic,false,train_only
syn_ne_appmotif_ab_cd_xminusy_len2_0312,sft_train,numeric_equation,docs_numeric_equation_motif_override_traces_syn_ne_appmotif_ab_cd_xminusy_len2_0312_txt,synthetic,false,train_only
syn_ne_appmotif_ab_cd_xminusy_len2_0313,sft_train,numeric_equation,docs_numeric_equation_motif_override_traces_syn_ne_appmotif_ab_cd_xminusy_len2_0313_txt,synthetic,false,train_only
syn_ne_appmotif_ab_cd_xminusy_len2_0314,sft_train,numeric_equation,docs_numeric_equation_motif_override_traces_syn_ne_appmotif_ab_cd_xminusy_len2_0314_txt,synthetic,false,train_only
syn_ne_appmotif_ab_cd_xminusy_len2_0315,sft_train,numeric_equation,docs_numeric_equation_motif_override_traces_syn_ne_appmotif_ab_cd_xminusy_len2_0315_txt,synthetic,false,train_only
syn_ne_appmotif_ab_cd_xminusy_len2_0316,sft_train,numeric_equation,docs_numeric_equation_motif_override_traces_syn_ne_appmotif_ab_cd_xminusy_len2_0316_txt,synthetic,false,train_only
syn_ne_appmotif_ab_cd_xminusy_len2_0317,sft_train,numeric_equation,docs_numeric_equation_motif_override_traces_syn_ne_appmotif_ab_cd_xminusy_len2_0317_txt,synthetic,false,train_only
syn_ne_appmotif_ab_cd_xminusy_len2_0318,sft_train,numeric_equation,docs_numeric_equation_motif_override_traces_syn_ne_appmotif_ab_cd_xminusy_len2_0318_txt,synthetic,false,train_only
syn_ne_appmotif_ab_cd_xminusy_len2_0319,sft_train,numeric_equation,docs_numeric_equation_motif_override_traces_syn_ne_appmotif_ab_cd_xminusy_len2_0319_txt,synthetic,false,train_only
syn_ne_appmotif_ab_cd_xminusy_len2_0320,sft_train,numeric_equation,docs_numeric_equation_motif_override_traces_syn_ne_appmotif_ab_cd_xminusy_len2_0320_txt,synthetic,false,train_only
syn_ne_appmotif_ab_cd_xminusy_len2_0321,sft_train,numeric_equation,docs_numeric_equation_motif_override_traces_syn_ne_appmotif_ab_cd_xminusy_len2_0321_txt,synthetic,false,train_only
syn_ne_appmotif_ab_cd_xminusy_len2_0322,sft_train,numeric_equation,docs_numeric_equation_motif_override_traces_syn_ne_appmotif_ab_cd_xminusy_len2_0322_txt,synthetic,false,train_only
syn_ne_appmotif_ab_cd_xminusy_len2_0323,sft_train,numeric_equation,docs_numeric_equation_motif_override_traces_syn_ne_appmotif_ab_cd_xminusy_len2_0323_txt,synthetic,false,train_only
syn_ne_appmotif_ab_cd_xminusy_len2_0324,sft_train,numeric_equation,docs_numeric_equation_motif_override_traces_syn_ne_appmotif_ab_cd_xminusy_len2_0324_txt,synthetic,false,train_only
syn_ne_appmotif_ab_cd_xminusy_len2_0325,sft_train,numeric_equation,docs_numeric_equation_motif_override_traces_syn_ne_appmotif_ab_cd_xminusy_len2_0325_txt,synthetic,false,train_only
syn_ne_appmotif_ab_cd_xminusy_len2_0326,sft_train,numeric_equation,docs_numeric_equation_motif_override_traces_syn_ne_appmotif_ab_cd_xminusy_len2_0326_txt,synthetic,false,train_only
syn_ne_appmotif_ab_cd_xminusy_len2_0327,sft_train,numeric_equation,docs_numeric_equation_motif_override_traces_syn_ne_appmotif_ab_cd_xminusy_len2_0327_txt,synthetic,false,train_only
syn_ne_appmotif_ab_cd_xminusy_len2_0328,sft_train,numeric_equation,docs_numeric_equation_motif_override_traces_syn_ne_appmotif_ab_cd_xminusy_len2_0328_txt,synthetic,false,train_only
syn_ne_appmotif_ab_cd_xminusy_len2_0329,sft_train,numeric_equation,docs_numeric_equation_motif_override_traces_syn_ne_appmotif_ab_cd_xminusy_len2_0329_txt,synthetic,false,train_only
syn_ne_appmotif_ab_cd_xminusy_len2_0330,sft_train,numeric_equation,docs_numeric_equation_motif_override_traces_syn_ne_appmotif_ab_cd_xminusy_len2_0330_txt,synthetic,false,train_only
syn_ne_appmotif_ab_cd_xminusy_len2_0331,sft_train,numeric_equation,docs_numeric_equation_motif_override_traces_syn_ne_appmotif_ab_cd_xminusy_len2_0331_txt,synthetic,false,train_only
syn_ne_appmotif_ab_cd_xminusy_len2_0332,sft_train,numeric_equation,docs_numeric_equation_motif_override_traces_syn_ne_appmotif_ab_cd_xminusy_len2_0332_txt,synthetic,false,train_only
syn_ne_appmotif_ab_cd_xminusy_len2_0333,sft_train,numeric_equation,docs_numeric_equation_motif_override_traces_syn_ne_appmotif_ab_cd_xminusy_len2_0333_txt,synthetic,false,train_only
syn_ne_appmotif_ab_cd_xminusy_len2_0334,sft_train,numeric_equation,docs_numeric_equation_motif_override_traces_syn_ne_appmotif_ab_cd_xminusy_len2_0334_txt,synthetic,false,train_only
syn_ne_appmotif_ab_cd_xminusy_len2_0335,sft_train,numeric_equation,docs_numeric_equation_motif_override_traces_syn_ne_appmotif_ab_cd_xminusy_len2_0335_txt,synthetic,false,train_only
syn_ne_appmotif_ab_cd_xminusy_len2_0336,sft_train,numeric_equation,docs_numeric_equation_motif_override_traces_syn_ne_appmotif_ab_cd_xminusy_len2_0336_txt,synthetic,false,train_only
syn_ne_appmotif_ab_cd_xminusy_len2_0337,sft_train,numeric_equation,docs_numeric_equation_motif_override_traces_syn_ne_appmotif_ab_cd_xminusy_len2_0337_txt,synthetic,false,train_only
syn_ne_appmotif_ab_cd_xminusy_len2_0338,sft_train,numeric_equation,docs_numeric_equation_motif_override_traces_syn_ne_appmotif_ab_cd_xminusy_len2_0338_txt,synthetic,false,train_only
syn_ne_appmotif_ab_cd_xminusy_len2_0339,sft_train,numeric_equation,docs_numeric_equation_motif_override_traces_syn_ne_appmotif_ab_cd_xminusy_len2_0339_txt,synthetic,false,train_only
syn_ne_appmotif_ab_cd_xminusy_len2_0340,sft_train,numeric_equation,docs_numeric_equation_motif_override_traces_syn_ne_appmotif_ab_cd_xminusy_len2_0340_txt,synthetic,false,train_only
syn_ne_appmotif_ab_cd_xplusy_len2_0154,sft_train,numeric_equation,docs_numeric_equation_motif_override_traces_syn_ne_appmotif_ab_cd_xplusy_len2_0154_txt,synthetic,false,train_only
syn_ne_appmotif_ab_cd_xplusy_len2_0155,sft_train,numeric_equation,docs_numeric_equation_motif_override_traces_syn_ne_appmotif_ab_cd_xplusy_len2_0155_txt,synthetic,false,train_only
syn_ne_appmotif_ab_cd_xplusy_len2_0156,sft_train,numeric_equation,docs_numeric_equation_motif_override_traces_syn_ne_appmotif_ab_cd_xplusy_len2_0156_txt,synthetic,false,train_only
syn_ne_appmotif_ab_cd_xplusy_len2_0157,sft_train,numeric_equation,docs_numeric_equation_motif_override_traces_syn_ne_appmotif_ab_cd_xplusy_len2_0157_txt,synthetic,false,train_only
syn_ne_appmotif_ab_cd_xplusy_len2_0158,sft_train,numeric_equation,docs_numeric_equation_motif_override_traces_syn_ne_appmotif_ab_cd_xplusy_len2_0158_txt,synthetic,false,train_only
syn_ne_appmotif_ab_cd_xplusy_len2_0159,sft_train,numeric_equation,docs_numeric_equation_motif_override_traces_syn_ne_appmotif_ab_cd_xplusy_len2_0159_txt,synthetic,false,train_only
syn_ne_appmotif_ab_cd_xplusy_len2_0160,sft_train,numeric_equation,docs_numeric_equation_motif_override_traces_syn_ne_appmotif_ab_cd_xplusy_len2_0160_txt,synthetic,false,train_only
syn_ne_appmotif_ab_cd_xplusy_len2_0161,sft_train,numeric_equation,docs_numeric_equation_motif_override_traces_syn_ne_appmotif_ab_cd_xplusy_len2_0161_txt,synthetic,false,train_only
syn_ne_appmotif_ab_cd_xplusy_len2_0162,sft_train,numeric_equation,docs_numeric_equation_motif_override_traces_syn_ne_appmotif_ab_cd_xplusy_len2_0162_txt,synthetic,false,train_only
syn_ne_appmotif_ab_cd_xplusy_len2_0163,sft_train,numeric_equation,docs_numeric_equation_motif_override_traces_syn_ne_appmotif_ab_cd_xplusy_len2_0163_txt,synthetic,false,train_only
syn_ne_appmotif_ab_cd_xplusy_len2_0164,sft_train,numeric_equation,docs_numeric_equation_motif_override_traces_syn_ne_appmotif_ab_cd_xplusy_len2_0164_txt,synthetic,false,train_only
syn_ne_appmotif_ab_cd_xplusy_len2_0165,sft_train,numeric_equation,docs_numeric_equation_motif_override_traces_syn_ne_appmotif_ab_cd_xplusy_len2_0165_txt,synthetic,false,train_only
syn_ne_appmotif_ab_cd_xplusy_len2_0166,sft_train,numeric_equation,docs_numeric_equation_motif_override_traces_syn_ne_appmotif_ab_cd_xplusy_len2_0166_txt,synthetic,false,train_only
syn_ne_appmotif_ab_cd_xplusy_len2_0167,sft_train,numeric_equation,docs_numeric_equation_motif_override_traces_syn_ne_appmotif_ab_cd_xplusy_len2_0167_txt,synthetic,false,train_only
syn_ne_appmotif_ab_cd_xplusy_len2_0168,sft_train,numeric_equation,docs_numeric_equation_motif_override_traces_syn_ne_appmotif_ab_cd_xplusy_len2_0168_txt,synthetic,false,train_only
syn_ne_appmotif_ab_cd_xplusy_len2_0169,sft_train,numeric_equation,docs_numeric_equation_motif_override_traces_syn_ne_appmotif_ab_cd_xplusy_len2_0169_txt,synthetic,false,train_only
syn_ne_appmotif_ab_cd_xplusy_len2_0170,sft_train,numeric_equation,docs_numeric_equation_motif_override_traces_syn_ne_appmotif_ab_cd_xplusy_len2_0170_txt,synthetic,false,train_only
syn_ne_appmotif_ab_cd_xplusy_len2_0171,sft_train,numeric_equation,docs_numeric_equation_motif_override_traces_syn_ne_appmotif_ab_cd_xplusy_len2_0171_txt,synthetic,false,train_only
syn_ne_appmotif_ab_cd_xplusy_len2_0172,sft_train,numeric_equation,docs_numeric_equation_motif_override_traces_syn_ne_appmotif_ab_cd_xplusy_len2_0172_txt,synthetic,false,train_only
syn_ne_appmotif_ab_cd_xplusy_len2_0173,sft_train,numeric_equation,docs_numeric_equation_motif_override_traces_syn_ne_appmotif_ab_cd_xplusy_len2_0173_txt,synthetic,false,train_only
syn_ne_appmotif_ab_cd_xplusy_len3_0174,sft_train,numeric_equation,docs_numeric_equation_motif_override_traces_syn_ne_appmotif_ab_cd_xplusy_len3_0174_txt,synthetic,false,train_only
syn_ne_appmotif_ab_cd_xplusy_len3_0175,sft_train,numeric_equation,docs_numeric_equation_motif_override_traces_syn_ne_appmotif_ab_cd_xplusy_len3_0175_txt,synthetic,false,train_only
syn_ne_appmotif_ab_cd_xplusy_len3_0176,sft_train,numeric_equation,docs_numeric_equation_motif_override_traces_syn_ne_appmotif_ab_cd_xplusy_len3_0176_txt,synthetic,false,train_only
syn_ne_appmotif_ab_cd_xplusy_len3_0177,sft_train,numeric_equation,docs_numeric_equation_motif_override_traces_syn_ne_appmotif_ab_cd_xplusy_len3_0177_txt,synthetic,false,train_only
syn_ne_appmotif_ab_cd_xplusy_len3_0178,sft_train,numeric_equation,docs_numeric_equation_motif_override_traces_syn_ne_appmotif_ab_cd_xplusy_len3_0178_txt,synthetic,false,train_only
syn_ne_appmotif_ab_cd_xplusy_len3_0179,sft_train,numeric_equation,docs_numeric_equation_motif_override_traces_syn_ne_appmotif_ab_cd_xplusy_len3_0179_txt,synthetic,false,train_only
syn_ne_appmotif_ab_cd_xplusy_len3_0180,sft_train,numeric_equation,docs_numeric_equation_motif_override_traces_syn_ne_appmotif_ab_cd_xplusy_len3_0180_txt,synthetic,false,train_only
syn_ne_appmotif_ab_cd_xplusy_len3_0181,sft_train,numeric_equation,docs_numeric_equation_motif_override_traces_syn_ne_appmotif_ab_cd_xplusy_len3_0181_txt,synthetic,false,train_only
syn_ne_appmotif_ab_cd_xplusy_len3_0182,sft_train,numeric_equation,docs_numeric_equation_motif_override_traces_syn_ne_appmotif_ab_cd_xplusy_len3_0182_txt,synthetic,false,train_only
syn_ne_appmotif_ab_cd_xplusy_len3_0183,sft_train,numeric_equation,docs_numeric_equation_motif_override_traces_syn_ne_appmotif_ab_cd_xplusy_len3_0183_txt,synthetic,false,train_only
syn_ne_appmotif_ab_cd_xplusy_len3_0184,sft_train,numeric_equation,docs_numeric_equation_motif_override_traces_syn_ne_appmotif_ab_cd_xplusy_len3_0184_txt,synthetic,false,train_only
syn_ne_appmotif_ab_cd_xplusy_len3_0185,sft_train,numeric_equation,docs_numeric_equation_motif_override_traces_syn_ne_appmotif_ab_cd_xplusy_len3_0185_txt,synthetic,false,train_only
syn_ne_appmotif_ab_cd_xplusy_len3_0186,sft_train,numeric_equation,docs_numeric_equation_motif_override_traces_syn_ne_appmotif_ab_cd_xplusy_len3_0186_txt,synthetic,false,train_only
syn_ne_appmotif_ab_cd_xplusy_len3_0187,sft_train,numeric_equation,docs_numeric_equation_motif_override_traces_syn_ne_appmotif_ab_cd_xplusy_len3_0187_txt,synthetic,false,train_only
syn_ne_appmotif_ab_cd_xplusy_len3_0188,sft_train,numeric_equation,docs_numeric_equation_motif_override_traces_syn_ne_appmotif_ab_cd_xplusy_len3_0188_txt,synthetic,false,train_only
syn_ne_appmotif_ab_cd_xplusy_len3_0189,sft_train,numeric_equation,docs_numeric_equation_motif_override_traces_syn_ne_appmotif_ab_cd_xplusy_len3_0189_txt,synthetic,false,train_only
syn_ne_appmotif_ab_cd_xplusy_len3_0190,sft_train,numeric_equation,docs_numeric_equation_motif_override_traces_syn_ne_appmotif_ab_cd_xplusy_len3_0190_txt,synthetic,false,train_only
syn_ne_appmotif_ab_cd_xplusy_len3_0191,sft_train,numeric_equation,docs_numeric_equation_motif_override_traces_syn_ne_appmotif_ab_cd_xplusy_len3_0191_txt,synthetic,false,train_only
syn_ne_appmotif_ab_cd_xplusy_len3_0192,sft_train,numeric_equation,docs_numeric_equation_motif_override_traces_syn_ne_appmotif_ab_cd_xplusy_len3_0192_txt,synthetic,false,train_only
syn_ne_appmotif_ab_cd_xplusy_len3_0193,sft_train,numeric_equation,docs_numeric_equation_motif_override_traces_syn_ne_appmotif_ab_cd_xplusy_len3_0193_txt,synthetic,false,train_only
syn_ne_appmotif_ab_cd_xplusy_len3_0194,sft_train,numeric_equation,docs_numeric_equation_motif_override_traces_syn_ne_appmotif_ab_cd_xplusy_len3_0194_txt,synthetic,false,train_only
syn_ne_appmotif_ab_cd_xplusy_len3_0195,sft_train,numeric_equation,docs_numeric_equation_motif_override_traces_syn_ne_appmotif_ab_cd_xplusy_len3_0195_txt,synthetic,false,train_only
syn_ne_appmotif_ab_cd_xplusy_len3_0196,sft_train,numeric_equation,docs_numeric_equation_motif_override_traces_syn_ne_appmotif_ab_cd_xplusy_len3_0196_txt,synthetic,false,train_only
syn_ne_appmotif_ab_cd_xplusyminus1_len2_0221,sft_train,numeric_equation,docs_numeric_equation_motif_override_traces_syn_ne_appmotif_ab_cd_xplusyminus1_len2_0221_txt,synthetic,false,train_only
syn_ne_appmotif_ab_cd_xplusyminus1_len2_0222,sft_train,numeric_equation,docs_numeric_equation_motif_override_traces_syn_ne_appmotif_ab_cd_xplusyminus1_len2_0222_txt,synthetic,false,train_only
syn_ne_appmotif_ab_cd_xplusyminus1_len2_0223,sft_train,numeric_equation,docs_numeric_equation_motif_override_traces_syn_ne_appmotif_ab_cd_xplusyminus1_len2_0223_txt,synthetic,false,train_only
syn_ne_appmotif_ab_cd_xplusyminus1_len2_0224,sft_train,numeric_equation,docs_numeric_equation_motif_override_traces_syn_ne_appmotif_ab_cd_xplusyminus1_len2_0224_txt,synthetic,false,train_only
syn_ne_appmotif_ab_cd_xplusyminus1_len2_0225,sft_train,numeric_equation,docs_numeric_equation_motif_override_traces_syn_ne_appmotif_ab_cd_xplusyminus1_len2_0225_txt,synthetic,false,train_only
syn_ne_appmotif_ab_cd_xplusyminus1_len2_0226,sft_train,numeric_equation,docs_numeric_equation_motif_override_traces_syn_ne_appmotif_ab_cd_xplusyminus1_len2_0226_txt,synthetic,false,train_only
syn_ne_appmotif_ab_cd_xplusyminus1_len2_0227,sft_train,numeric_equation,docs_numeric_equation_motif_override_traces_syn_ne_appmotif_ab_cd_xplusyminus1_len2_0227_txt,synthetic,false,train_only
syn_ne_appmotif_ab_cd_xplusyminus1_len2_0228,sft_train,numeric_equation,docs_numeric_equation_motif_override_traces_syn_ne_appmotif_ab_cd_xplusyminus1_len2_0228_txt,synthetic,false,train_only
syn_ne_appmotif_ab_cd_xplusyminus1_len2_0229,sft_train,numeric_equation,docs_numeric_equation_motif_override_traces_syn_ne_appmotif_ab_cd_xplusyminus1_len2_0229_txt,synthetic,false,train_only
syn_ne_appmotif_ab_cd_xplusyminus1_len2_0230,sft_train,numeric_equation,docs_numeric_equation_motif_override_traces_syn_ne_appmotif_ab_cd_xplusyminus1_len2_0230_txt,synthetic,false,train_only
syn_ne_appmotif_ab_cd_xplusyminus1_len2_0231,sft_train,numeric_equation,docs_numeric_equation_motif_override_traces_syn_ne_appmotif_ab_cd_xplusyminus1_len2_0231_txt,synthetic,false,train_only
syn_ne_appmotif_ab_cd_xplusyminus1_len2_0232,sft_train,numeric_equation,docs_numeric_equation_motif_override_traces_syn_ne_appmotif_ab_cd_xplusyminus1_len2_0232_txt,synthetic,false,train_only
syn_ne_appmotif_ab_cd_xplusyminus1_len2_0233,sft_train,numeric_equation,docs_numeric_equation_motif_override_traces_syn_ne_appmotif_ab_cd_xplusyminus1_len2_0233_txt,synthetic,false,train_only
syn_ne_appmotif_ab_cd_xplusyminus1_len2_0234,sft_train,numeric_equation,docs_numeric_equation_motif_override_traces_syn_ne_appmotif_ab_cd_xplusyminus1_len2_0234_txt,synthetic,false,train_only
syn_ne_appmotif_ab_cd_xplusyminus1_len2_0235,sft_train,numeric_equation,docs_numeric_equation_motif_override_traces_syn_ne_appmotif_ab_cd_xplusyminus1_len2_0235_txt,synthetic,false,train_only
syn_ne_appmotif_ab_cd_xplusyminus1_len2_0236,sft_train,numeric_equation,docs_numeric_equation_motif_override_traces_syn_ne_appmotif_ab_cd_xplusyminus1_len2_0236_txt,synthetic,false,train_only
syn_ne_appmotif_ab_cd_xplusyminus1_len2_0237,sft_train,numeric_equation,docs_numeric_equation_motif_override_traces_syn_ne_appmotif_ab_cd_xplusyminus1_len2_0237_txt,synthetic,false,train_only
syn_ne_appmotif_ab_cd_xplusyminus1_len2_0238,sft_train,numeric_equation,docs_numeric_equation_motif_override_traces_syn_ne_appmotif_ab_cd_xplusyminus1_len2_0238_txt,synthetic,false,train_only
syn_ne_appmotif_ab_cd_xplusyminus1_len2_0239,sft_train,numeric_equation,docs_numeric_equation_motif_override_traces_syn_ne_appmotif_ab_cd_xplusyminus1_len2_0239_txt,synthetic,false,train_only
syn_ne_appmotif_ab_cd_xplusyminus1_len3_0240,sft_train,numeric_equation,docs_numeric_equation_motif_override_traces_syn_ne_appmotif_ab_cd_xplusyminus1_len3_0240_txt,synthetic,false,train_only
syn_ne_appmotif_ab_cd_xplusyminus1_len3_0241,sft_train,numeric_equation,docs_numeric_equation_motif_override_traces_syn_ne_appmotif_ab_cd_xplusyminus1_len3_0241_txt,synthetic,false,train_only
syn_ne_appmotif_ab_cd_xplusyminus1_len3_0242,sft_train,numeric_equation,docs_numeric_equation_motif_override_traces_syn_ne_appmotif_ab_cd_xplusyminus1_len3_0242_txt,synthetic,false,train_only
syn_ne_appmotif_ab_cd_xplusyminus1_len3_0243,sft_train,numeric_equation,docs_numeric_equation_motif_override_traces_syn_ne_appmotif_ab_cd_xplusyminus1_len3_0243_txt,synthetic,false,train_only
syn_ne_appmotif_ab_cd_xplusyminus1_len3_0244,sft_train,numeric_equation,docs_numeric_equation_motif_override_traces_syn_ne_appmotif_ab_cd_xplusyminus1_len3_0244_txt,synthetic,false,train_only
syn_ne_appmotif_ab_cd_xplusyminus1_len3_0245,sft_train,numeric_equation,docs_numeric_equation_motif_override_traces_syn_ne_appmotif_ab_cd_xplusyminus1_len3_0245_txt,synthetic,false,train_only
syn_ne_appmotif_ab_cd_xplusyminus1_len3_0246,sft_train,numeric_equation,docs_numeric_equation_motif_override_traces_syn_ne_appmotif_ab_cd_xplusyminus1_len3_0246_txt,synthetic,false,train_only
syn_ne_appmotif_ab_cd_xplusyminus1_len3_0247,sft_train,numeric_equation,docs_numeric_equation_motif_override_traces_syn_ne_appmotif_ab_cd_xplusyminus1_len3_0247_txt,synthetic,false,train_only
syn_ne_appmotif_ab_cd_xplusyminus1_len3_0248,sft_train,numeric_equation,docs_numeric_equation_motif_override_traces_syn_ne_appmotif_ab_cd_xplusyminus1_len3_0248_txt,synthetic,false,train_only
syn_ne_appmotif_ab_cd_xplusyminus1_len3_0249,sft_train,numeric_equation,docs_numeric_equation_motif_override_traces_syn_ne_appmotif_ab_cd_xplusyminus1_len3_0249_txt,synthetic,false,train_only
syn_ne_appmotif_ab_cd_xplusyminus1_len3_0250,sft_train,numeric_equation,docs_numeric_equation_motif_override_traces_syn_ne_appmotif_ab_cd_xplusyminus1_len3_0250_txt,synthetic,false,train_only
syn_ne_appmotif_ab_cd_xplusyminus1_len3_0251,sft_train,numeric_equation,docs_numeric_equation_motif_override_traces_syn_ne_appmotif_ab_cd_xplusyminus1_len3_0251_txt,synthetic,false,train_only
syn_ne_appmotif_ab_cd_xplusyplus1_len2_0197,sft_train,numeric_equation,docs_numeric_equation_motif_override_traces_syn_ne_appmotif_ab_cd_xplusyplus1_len2_0197_txt,synthetic,false,train_only
syn_ne_appmotif_ab_cd_xplusyplus1_len2_0198,sft_train,numeric_equation,docs_numeric_equation_motif_override_traces_syn_ne_appmotif_ab_cd_xplusyplus1_len2_0198_txt,synthetic,false,train_only
syn_ne_appmotif_ab_cd_xplusyplus1_len2_0199,sft_train,numeric_equation,docs_numeric_equation_motif_override_traces_syn_ne_appmotif_ab_cd_xplusyplus1_len2_0199_txt,synthetic,false,train_only
syn_ne_appmotif_ab_cd_xplusyplus1_len2_0200,sft_train,numeric_equation,docs_numeric_equation_motif_override_traces_syn_ne_appmotif_ab_cd_xplusyplus1_len2_0200_txt,synthetic,false,train_only
syn_ne_appmotif_ab_cd_xplusyplus1_len2_0201,sft_train,numeric_equation,docs_numeric_equation_motif_override_traces_syn_ne_appmotif_ab_cd_xplusyplus1_len2_0201_txt,synthetic,false,train_only
syn_ne_appmotif_ab_cd_xplusyplus1_len2_0202,sft_train,numeric_equation,docs_numeric_equation_motif_override_traces_syn_ne_appmotif_ab_cd_xplusyplus1_len2_0202_txt,synthetic,false,train_only
syn_ne_appmotif_ab_cd_xplusyplus1_len2_0203,sft_train,numeric_equation,docs_numeric_equation_motif_override_traces_syn_ne_appmotif_ab_cd_xplusyplus1_len2_0203_txt,synthetic,false,train_only
syn_ne_appmotif_ab_cd_xplusyplus1_len2_0204,sft_train,numeric_equation,docs_numeric_equation_motif_override_traces_syn_ne_appmotif_ab_cd_xplusyplus1_len2_0204_txt,synthetic,false,train_only
syn_ne_appmotif_ab_cd_xplusyplus1_len3_0205,sft_train,numeric_equation,docs_numeric_equation_motif_override_traces_syn_ne_appmotif_ab_cd_xplusyplus1_len3_0205_txt,synthetic,false,train_only
syn_ne_appmotif_ab_cd_xplusyplus1_len3_0206,sft_train,numeric_equation,docs_numeric_equation_motif_override_traces_syn_ne_appmotif_ab_cd_xplusyplus1_len3_0206_txt,synthetic,false,train_only
syn_ne_appmotif_ab_cd_xplusyplus1_len3_0207,sft_train,numeric_equation,docs_numeric_equation_motif_override_traces_syn_ne_appmotif_ab_cd_xplusyplus1_len3_0207_txt,synthetic,false,train_only
syn_ne_appmotif_ab_cd_xplusyplus1_len3_0208,sft_train,numeric_equation,docs_numeric_equation_motif_override_traces_syn_ne_appmotif_ab_cd_xplusyplus1_len3_0208_txt,synthetic,false,train_only
syn_ne_appmotif_ab_cd_xplusyplus1_len3_0209,sft_train,numeric_equation,docs_numeric_equation_motif_override_traces_syn_ne_appmotif_ab_cd_xplusyplus1_len3_0209_txt,synthetic,false,train_only
syn_ne_appmotif_ab_cd_xplusyplus1_len3_0210,sft_train,numeric_equation,docs_numeric_equation_motif_override_traces_syn_ne_appmotif_ab_cd_xplusyplus1_len3_0210_txt,synthetic,false,train_only
syn_ne_appmotif_ab_cd_xplusyplus1_len3_0211,sft_train,numeric_equation,docs_numeric_equation_motif_override_traces_syn_ne_appmotif_ab_cd_xplusyplus1_len3_0211_txt,synthetic,false,train_only
syn_ne_appmotif_ab_cd_xplusyplus1_len3_0212,sft_train,numeric_equation,docs_numeric_equation_motif_override_traces_syn_ne_appmotif_ab_cd_xplusyplus1_len3_0212_txt,synthetic,false,train_only
syn_ne_appmotif_ab_cd_xplusyplus1_len3_0213,sft_train,numeric_equation,docs_numeric_equation_motif_override_traces_syn_ne_appmotif_ab_cd_xplusyplus1_len3_0213_txt,synthetic,false,train_only
syn_ne_appmotif_ab_cd_xplusyplus1_len3_0214,sft_train,numeric_equation,docs_numeric_equation_motif_override_traces_syn_ne_appmotif_ab_cd_xplusyplus1_len3_0214_txt,synthetic,false,train_only
syn_ne_appmotif_ab_cd_xplusyplus1_len3_0215,sft_train,numeric_equation,docs_numeric_equation_motif_override_traces_syn_ne_appmotif_ab_cd_xplusyplus1_len3_0215_txt,synthetic,false,train_only
syn_ne_appmotif_ab_cd_xplusyplus1_len3_0216,sft_train,numeric_equation,docs_numeric_equation_motif_override_traces_syn_ne_appmotif_ab_cd_xplusyplus1_len3_0216_txt,synthetic,false,train_only
syn_ne_appmotif_ab_cd_xplusyplus1_len3_0217,sft_train,numeric_equation,docs_numeric_equation_motif_override_traces_syn_ne_appmotif_ab_cd_xplusyplus1_len3_0217_txt,synthetic,false,train_only
syn_ne_appmotif_ab_cd_xplusyplus1_len3_0218,sft_train,numeric_equation,docs_numeric_equation_motif_override_traces_syn_ne_appmotif_ab_cd_xplusyplus1_len3_0218_txt,synthetic,false,train_only
syn_ne_appmotif_ab_cd_xplusyplus1_len3_0219,sft_train,numeric_equation,docs_numeric_equation_motif_override_traces_syn_ne_appmotif_ab_cd_xplusyplus1_len3_0219_txt,synthetic,false,train_only
syn_ne_appmotif_ab_cd_xplusyplus1_len3_0220,sft_train,numeric_equation,docs_numeric_equation_motif_override_traces_syn_ne_appmotif_ab_cd_xplusyplus1_len3_0220_txt,synthetic,false,train_only
syn_ne_appmotif_ab_cd_xtimesy_len3_0056,sft_train,numeric_equation,docs_numeric_equation_motif_override_traces_syn_ne_appmotif_ab_cd_xtimesy_len3_0056_txt,synthetic,false,train_only
syn_ne_appmotif_ab_cd_xtimesy_len3_0057,sft_train,numeric_equation,docs_numeric_equation_motif_override_traces_syn_ne_appmotif_ab_cd_xtimesy_len3_0057_txt,synthetic,false,train_only
syn_ne_appmotif_ab_cd_xtimesy_len3_0058,sft_train,numeric_equation,docs_numeric_equation_motif_override_traces_syn_ne_appmotif_ab_cd_xtimesy_len3_0058_txt,synthetic,false,train_only
syn_ne_appmotif_ab_cd_xtimesy_len3_0059,sft_train,numeric_equation,docs_numeric_equation_motif_override_traces_syn_ne_appmotif_ab_cd_xtimesy_len3_0059_txt,synthetic,false,train_only
syn_ne_appmotif_ab_cd_xtimesy_len4_0060,sft_train,numeric_equation,docs_numeric_equation_motif_override_traces_syn_ne_appmotif_ab_cd_xtimesy_len4_0060_txt,synthetic,false,train_only
syn_ne_appmotif_ab_cd_xtimesy_len4_0061,sft_train,numeric_equation,docs_numeric_equation_motif_override_traces_syn_ne_appmotif_ab_cd_xtimesy_len4_0061_txt,synthetic,false,train_only
syn_ne_appmotif_ab_cd_xtimesy_len4_0062,sft_train,numeric_equation,docs_numeric_equation_motif_override_traces_syn_ne_appmotif_ab_cd_xtimesy_len4_0062_txt,synthetic,false,train_only
syn_ne_appmotif_ab_cd_xtimesy_len4_0063,sft_train,numeric_equation,docs_numeric_equation_motif_override_traces_syn_ne_appmotif_ab_cd_xtimesy_len4_0063_txt,synthetic,false,train_only
syn_ne_appmotif_ab_cd_xtimesy_len4_0064,sft_train,numeric_equation,docs_numeric_equation_motif_override_traces_syn_ne_appmotif_ab_cd_xtimesy_len4_0064_txt,synthetic,false,train_only
syn_ne_appmotif_ab_cd_xtimesy_len4_0065,sft_train,numeric_equation,docs_numeric_equation_motif_override_traces_syn_ne_appmotif_ab_cd_xtimesy_len4_0065_txt,synthetic,false,train_only
syn_ne_appmotif_ab_cd_xtimesy_len4_0066,sft_train,numeric_equation,docs_numeric_equation_motif_override_traces_syn_ne_appmotif_ab_cd_xtimesy_len4_0066_txt,synthetic,false,train_only
syn_ne_appmotif_ab_cd_xtimesy_len4_0067,sft_train,numeric_equation,docs_numeric_equation_motif_override_traces_syn_ne_appmotif_ab_cd_xtimesy_len4_0067_txt,synthetic,false,train_only
syn_ne_appmotif_ab_cd_xtimesy_len4_0068,sft_train,numeric_equation,docs_numeric_equation_motif_override_traces_syn_ne_appmotif_ab_cd_xtimesy_len4_0068_txt,synthetic,false,train_only
syn_ne_appmotif_ab_cd_xtimesy_len4_0069,sft_train,numeric_equation,docs_numeric_equation_motif_override_traces_syn_ne_appmotif_ab_cd_xtimesy_len4_0069_txt,synthetic,false,train_only
syn_ne_appmotif_ab_cd_xtimesy_len4_0070,sft_train,numeric_equation,docs_numeric_equation_motif_override_traces_syn_ne_appmotif_ab_cd_xtimesy_len4_0070_txt,synthetic,false,train_only
syn_ne_appmotif_ab_cd_xtimesy_len4_0071,sft_train,numeric_equation,docs_numeric_equation_motif_override_traces_syn_ne_appmotif_ab_cd_xtimesy_len4_0071_txt,synthetic,false,train_only
syn_ne_appmotif_ab_cd_xtimesy_len4_0072,sft_train,numeric_equation,docs_numeric_equation_motif_override_traces_syn_ne_appmotif_ab_cd_xtimesy_len4_0072_txt,synthetic,false,train_only
syn_ne_appmotif_ab_cd_xtimesy_len4_0073,sft_train,numeric_equation,docs_numeric_equation_motif_override_traces_syn_ne_appmotif_ab_cd_xtimesy_len4_0073_txt,synthetic,false,train_only
syn_ne_appmotif_ab_cd_xtimesy_len4_0074,sft_train,numeric_equation,docs_numeric_equation_motif_override_traces_syn_ne_appmotif_ab_cd_xtimesy_len4_0074_txt,synthetic,false,train_only
syn_ne_appmotif_ab_cd_xtimesy_len4_0075,sft_train,numeric_equation,docs_numeric_equation_motif_override_traces_syn_ne_appmotif_ab_cd_xtimesy_len4_0075_txt,synthetic,false,train_only
syn_ne_appmotif_ab_cd_xtimesy_len4_0076,sft_train,numeric_equation,docs_numeric_equation_motif_override_traces_syn_ne_appmotif_ab_cd_xtimesy_len4_0076_txt,synthetic,false,train_only
syn_ne_appmotif_ab_cd_xtimesy_len4_0077,sft_train,numeric_equation,docs_numeric_equation_motif_override_traces_syn_ne_appmotif_ab_cd_xtimesy_len4_0077_txt,synthetic,false,train_only
syn_ne_appmotif_ab_cd_xtimesy_len4_0078,sft_train,numeric_equation,docs_numeric_equation_motif_override_traces_syn_ne_appmotif_ab_cd_xtimesy_len4_0078_txt,synthetic,false,train_only
syn_ne_appmotif_ab_cd_xtimesy_len4_0079,sft_train,numeric_equation,docs_numeric_equation_motif_override_traces_syn_ne_appmotif_ab_cd_xtimesy_len4_0079_txt,synthetic,false,train_only
syn_ne_appmotif_ab_cd_xtimesy_len4_0080,sft_train,numeric_equation,docs_numeric_equation_motif_override_traces_syn_ne_appmotif_ab_cd_xtimesy_len4_0080_txt,synthetic,false,train_only
syn_ne_appmotif_ab_cd_xtimesy_len4_0081,sft_train,numeric_equation,docs_numeric_equation_motif_override_traces_syn_ne_appmotif_ab_cd_xtimesy_len4_0081_txt,synthetic,false,train_only
syn_ne_appmotif_ab_cd_xtimesy_len4_0082,sft_train,numeric_equation,docs_numeric_equation_motif_override_traces_syn_ne_appmotif_ab_cd_xtimesy_len4_0082_txt,synthetic,false,train_only
syn_ne_appmotif_ab_cd_xtimesy_len4_0083,sft_train,numeric_equation,docs_numeric_equation_motif_override_traces_syn_ne_appmotif_ab_cd_xtimesy_len4_0083_txt,synthetic,false,train_only
syn_ne_appmotif_ab_cd_xtimesy_len4_0084,sft_train,numeric_equation,docs_numeric_equation_motif_override_traces_syn_ne_appmotif_ab_cd_xtimesy_len4_0084_txt,synthetic,false,train_only
syn_ne_appmotif_ab_cd_xtimesy_len4_0085,sft_train,numeric_equation,docs_numeric_equation_motif_override_traces_syn_ne_appmotif_ab_cd_xtimesy_len4_0085_txt,synthetic,false,train_only
syn_ne_appmotif_ab_cd_xtimesy_len4_0086,sft_train,numeric_equation,docs_numeric_equation_motif_override_traces_syn_ne_appmotif_ab_cd_xtimesy_len4_0086_txt,synthetic,false,train_only
syn_ne_appmotif_ab_cd_xtimesy_len4_0087,sft_train,numeric_equation,docs_numeric_equation_motif_override_traces_syn_ne_appmotif_ab_cd_xtimesy_len4_0087_txt,synthetic,false,train_only
syn_ne_appmotif_ab_cd_xtimesy_len4_0088,sft_train,numeric_equation,docs_numeric_equation_motif_override_traces_syn_ne_appmotif_ab_cd_xtimesy_len4_0088_txt,synthetic,false,train_only
syn_ne_appmotif_ab_cd_xtimesy_len4_0089,sft_train,numeric_equation,docs_numeric_equation_motif_override_traces_syn_ne_appmotif_ab_cd_xtimesy_len4_0089_txt,synthetic,false,train_only
syn_ne_appmotif_ab_cd_xtimesy_len4_0090,sft_train,numeric_equation,docs_numeric_equation_motif_override_traces_syn_ne_appmotif_ab_cd_xtimesy_len4_0090_txt,synthetic,false,train_only
syn_ne_appmotif_ab_cd_xtimesy_len4_0091,sft_train,numeric_equation,docs_numeric_equation_motif_override_traces_syn_ne_appmotif_ab_cd_xtimesy_len4_0091_txt,synthetic,false,train_only
syn_ne_appmotif_ab_cd_xtimesy_len4_0092,sft_train,numeric_equation,docs_numeric_equation_motif_override_traces_syn_ne_appmotif_ab_cd_xtimesy_len4_0092_txt,synthetic,false,train_only
syn_ne_appmotif_ab_cd_xtimesy_len4_0093,sft_train,numeric_equation,docs_numeric_equation_motif_override_traces_syn_ne_appmotif_ab_cd_xtimesy_len4_0093_txt,synthetic,false,train_only
syn_ne_appmotif_ab_cd_xtimesy_len4_0094,sft_train,numeric_equation,docs_numeric_equation_motif_override_traces_syn_ne_appmotif_ab_cd_xtimesy_len4_0094_txt,synthetic,false,train_only
syn_ne_appmotif_ab_cd_xtimesyminus1_len3_0134,sft_train,numeric_equation,docs_numeric_equation_motif_override_traces_syn_ne_appmotif_ab_cd_xtimesyminus1_len3_0134_txt,synthetic,false,train_only
syn_ne_appmotif_ab_cd_xtimesyminus1_len3_0135,sft_train,numeric_equation,docs_numeric_equation_motif_override_traces_syn_ne_appmotif_ab_cd_xtimesyminus1_len3_0135_txt,synthetic,false,train_only
syn_ne_appmotif_ab_cd_xtimesyminus1_len3_0136,sft_train,numeric_equation,docs_numeric_equation_motif_override_traces_syn_ne_appmotif_ab_cd_xtimesyminus1_len3_0136_txt,synthetic,false,train_only
syn_ne_appmotif_ab_cd_xtimesyminus1_len3_0137,sft_train,numeric_equation,docs_numeric_equation_motif_override_traces_syn_ne_appmotif_ab_cd_xtimesyminus1_len3_0137_txt,synthetic,false,train_only
syn_ne_appmotif_ab_cd_xtimesyminus1_len3_0138,sft_train,numeric_equation,docs_numeric_equation_motif_override_traces_syn_ne_appmotif_ab_cd_xtimesyminus1_len3_0138_txt,synthetic,false,train_only
syn_ne_appmotif_ab_cd_xtimesyminus1_len3_0139,sft_train,numeric_equation,docs_numeric_equation_motif_override_traces_syn_ne_appmotif_ab_cd_xtimesyminus1_len3_0139_txt,synthetic,false,train_only
syn_ne_appmotif_ab_cd_xtimesyminus1_len3_0140,sft_train,numeric_equation,docs_numeric_equation_motif_override_traces_syn_ne_appmotif_ab_cd_xtimesyminus1_len3_0140_txt,synthetic,false,train_only
syn_ne_appmotif_ab_cd_xtimesyminus1_len3_0141,sft_train,numeric_equation,docs_numeric_equation_motif_override_traces_syn_ne_appmotif_ab_cd_xtimesyminus1_len3_0141_txt,synthetic,false,train_only
syn_ne_appmotif_ab_cd_xtimesyminus1_len4_0142,sft_train,numeric_equation,docs_numeric_equation_motif_override_traces_syn_ne_appmotif_ab_cd_xtimesyminus1_len4_0142_txt,synthetic,false,train_only
syn_ne_appmotif_ab_cd_xtimesyminus1_len4_0143,sft_train,numeric_equation,docs_numeric_equation_motif_override_traces_syn_ne_appmotif_ab_cd_xtimesyminus1_len4_0143_txt,synthetic,false,train_only
syn_ne_appmotif_ab_cd_xtimesyminus1_len4_0144,sft_train,numeric_equation,docs_numeric_equation_motif_override_traces_syn_ne_appmotif_ab_cd_xtimesyminus1_len4_0144_txt,synthetic,false,train_only
syn_ne_appmotif_ab_cd_xtimesyminus1_len4_0145,sft_train,numeric_equation,docs_numeric_equation_motif_override_traces_syn_ne_appmotif_ab_cd_xtimesyminus1_len4_0145_txt,synthetic,false,train_only
syn_ne_appmotif_ab_cd_xtimesyminus1_len4_0146,sft_train,numeric_equation,docs_numeric_equation_motif_override_traces_syn_ne_appmotif_ab_cd_xtimesyminus1_len4_0146_txt,synthetic,false,train_only
syn_ne_appmotif_ab_cd_xtimesyminus1_len4_0147,sft_train,numeric_equation,docs_numeric_equation_motif_override_traces_syn_ne_appmotif_ab_cd_xtimesyminus1_len4_0147_txt,synthetic,false,train_only
syn_ne_appmotif_ab_cd_xtimesyminus1_len4_0148,sft_train,numeric_equation,docs_numeric_equation_motif_override_traces_syn_ne_appmotif_ab_cd_xtimesyminus1_len4_0148_txt,synthetic,false,train_only
syn_ne_appmotif_ab_cd_xtimesyminus1_len4_0149,sft_train,numeric_equation,docs_numeric_equation_motif_override_traces_syn_ne_appmotif_ab_cd_xtimesyminus1_len4_0149_txt,synthetic,false,train_only
syn_ne_appmotif_ab_cd_xtimesyminus1_len4_0150,sft_train,numeric_equation,docs_numeric_equation_motif_override_traces_syn_ne_appmotif_ab_cd_xtimesyminus1_len4_0150_txt,synthetic,false,train_only
syn_ne_appmotif_ab_cd_xtimesyminus1_len4_0151,sft_train,numeric_equation,docs_numeric_equation_motif_override_traces_syn_ne_appmotif_ab_cd_xtimesyminus1_len4_0151_txt,synthetic,false,train_only
syn_ne_appmotif_ab_cd_xtimesyminus1_len4_0152,sft_train,numeric_equation,docs_numeric_equation_motif_override_traces_syn_ne_appmotif_ab_cd_xtimesyminus1_len4_0152_txt,synthetic,false,train_only
syn_ne_appmotif_ab_cd_xtimesyminus1_len4_0153,sft_train,numeric_equation,docs_numeric_equation_motif_override_traces_syn_ne_appmotif_ab_cd_xtimesyminus1_len4_0153_txt,synthetic,false,train_only
syn_ne_appmotif_ab_cd_xtimesyplus1_len3_0095,sft_train,numeric_equation,docs_numeric_equation_motif_override_traces_syn_ne_appmotif_ab_cd_xtimesyplus1_len3_0095_txt,synthetic,false,train_only
syn_ne_appmotif_ab_cd_xtimesyplus1_len3_0096,sft_train,numeric_equation,docs_numeric_equation_motif_override_traces_syn_ne_appmotif_ab_cd_xtimesyplus1_len3_0096_txt,synthetic,false,train_only
syn_ne_appmotif_ab_cd_xtimesyplus1_len3_0097,sft_train,numeric_equation,docs_numeric_equation_motif_override_traces_syn_ne_appmotif_ab_cd_xtimesyplus1_len3_0097_txt,synthetic,false,train_only
syn_ne_appmotif_ab_cd_xtimesyplus1_len3_0098,sft_train,numeric_equation,docs_numeric_equation_motif_override_traces_syn_ne_appmotif_ab_cd_xtimesyplus1_len3_0098_txt,synthetic,false,train_only
syn_ne_appmotif_ab_cd_xtimesyplus1_len3_0099,sft_train,numeric_equation,docs_numeric_equation_motif_override_traces_syn_ne_appmotif_ab_cd_xtimesyplus1_len3_0099_txt,synthetic,false,train_only
syn_ne_appmotif_ab_cd_xtimesyplus1_len3_0100,sft_train,numeric_equation,docs_numeric_equation_motif_override_traces_syn_ne_appmotif_ab_cd_xtimesyplus1_len3_0100_txt,synthetic,false,train_only
syn_ne_appmotif_ab_cd_xtimesyplus1_len3_0101,sft_train,numeric_equation,docs_numeric_equation_motif_override_traces_syn_ne_appmotif_ab_cd_xtimesyplus1_len3_0101_txt,synthetic,false,train_only
syn_ne_appmotif_ab_cd_xtimesyplus1_len3_0102,sft_train,numeric_equation,docs_numeric_equation_motif_override_traces_syn_ne_appmotif_ab_cd_xtimesyplus1_len3_0102_txt,synthetic,false,train_only
syn_ne_appmotif_ab_cd_xtimesyplus1_len3_0103,sft_train,numeric_equation,docs_numeric_equation_motif_override_traces_syn_ne_appmotif_ab_cd_xtimesyplus1_len3_0103_txt,synthetic,false,train_only
syn_ne_appmotif_ab_cd_xtimesyplus1_len3_0104,sft_train,numeric_equation,docs_numeric_equation_motif_override_traces_syn_ne_appmotif_ab_cd_xtimesyplus1_len3_0104_txt,synthetic,false,train_only
syn_ne_appmotif_ab_cd_xtimesyplus1_len3_0105,sft_train,numeric_equation,docs_numeric_equation_motif_override_traces_syn_ne_appmotif_ab_cd_xtimesyplus1_len3_0105_txt,synthetic,false,train_only
syn_ne_appmotif_ab_cd_xtimesyplus1_len3_0106,sft_train,numeric_equation,docs_numeric_equation_motif_override_traces_syn_ne_appmotif_ab_cd_xtimesyplus1_len3_0106_txt,synthetic,false,train_only
syn_ne_appmotif_ab_cd_xtimesyplus1_len4_0107,sft_train,numeric_equation,docs_numeric_equation_motif_override_traces_syn_ne_appmotif_ab_cd_xtimesyplus1_len4_0107_txt,synthetic,false,train_only
syn_ne_appmotif_ab_cd_xtimesyplus1_len4_0108,sft_train,numeric_equation,docs_numeric_equation_motif_override_traces_syn_ne_appmotif_ab_cd_xtimesyplus1_len4_0108_txt,synthetic,false,train_only
syn_ne_appmotif_ab_cd_xtimesyplus1_len4_0109,sft_train,numeric_equation,docs_numeric_equation_motif_override_traces_syn_ne_appmotif_ab_cd_xtimesyplus1_len4_0109_txt,synthetic,false,train_only
syn_ne_appmotif_ab_cd_xtimesyplus1_len4_0110,sft_train,numeric_equation,docs_numeric_equation_motif_override_traces_syn_ne_appmotif_ab_cd_xtimesyplus1_len4_0110_txt,synthetic,false,train_only
syn_ne_appmotif_ab_cd_xtimesyplus1_len4_0111,sft_train,numeric_equation,docs_numeric_equation_motif_override_traces_syn_ne_appmotif_ab_cd_xtimesyplus1_len4_0111_txt,synthetic,false,train_only
syn_ne_appmotif_ab_cd_xtimesyplus1_len4_0112,sft_train,numeric_equation,docs_numeric_equation_motif_override_traces_syn_ne_appmotif_ab_cd_xtimesyplus1_len4_0112_txt,synthetic,false,train_only
syn_ne_appmotif_ab_cd_xtimesyplus1_len4_0113,sft_train,numeric_equation,docs_numeric_equation_motif_override_traces_syn_ne_appmotif_ab_cd_xtimesyplus1_len4_0113_txt,synthetic,false,train_only
syn_ne_appmotif_ab_cd_xtimesyplus1_len4_0114,sft_train,numeric_equation,docs_numeric_equation_motif_override_traces_syn_ne_appmotif_ab_cd_xtimesyplus1_len4_0114_txt,synthetic,false,train_only
syn_ne_appmotif_ab_cd_xtimesyplus1_len4_0115,sft_train,numeric_equation,docs_numeric_equation_motif_override_traces_syn_ne_appmotif_ab_cd_xtimesyplus1_len4_0115_txt,synthetic,false,train_only
syn_ne_appmotif_ab_cd_xtimesyplus1_len4_0116,sft_train,numeric_equation,docs_numeric_equation_motif_override_traces_syn_ne_appmotif_ab_cd_xtimesyplus1_len4_0116_txt,synthetic,false,train_only
syn_ne_appmotif_ab_cd_xtimesyplus1_len4_0117,sft_train,numeric_equation,docs_numeric_equation_motif_override_traces_syn_ne_appmotif_ab_cd_xtimesyplus1_len4_0117_txt,synthetic,false,train_only
syn_ne_appmotif_ab_cd_xtimesyplus1_len4_0118,sft_train,numeric_equation,docs_numeric_equation_motif_override_traces_syn_ne_appmotif_ab_cd_xtimesyplus1_len4_0118_txt,synthetic,false,train_only
syn_ne_appmotif_ab_cd_xtimesyplus1_len4_0119,sft_train,numeric_equation,docs_numeric_equation_motif_override_traces_syn_ne_appmotif_ab_cd_xtimesyplus1_len4_0119_txt,synthetic,false,train_only
syn_ne_appmotif_ab_cd_xtimesyplus1_len4_0120,sft_train,numeric_equation,docs_numeric_equation_motif_override_traces_syn_ne_appmotif_ab_cd_xtimesyplus1_len4_0120_txt,synthetic,false,train_only
syn_ne_appmotif_ab_cd_xtimesyplus1_len4_0121,sft_train,numeric_equation,docs_numeric_equation_motif_override_traces_syn_ne_appmotif_ab_cd_xtimesyplus1_len4_0121_txt,synthetic,false,train_only
syn_ne_appmotif_ab_cd_xtimesyplus1_len4_0122,sft_train,numeric_equation,docs_numeric_equation_motif_override_traces_syn_ne_appmotif_ab_cd_xtimesyplus1_len4_0122_txt,synthetic,false,train_only
syn_ne_appmotif_ab_cd_xtimesyplus1_len4_0123,sft_train,numeric_equation,docs_numeric_equation_motif_override_traces_syn_ne_appmotif_ab_cd_xtimesyplus1_len4_0123_txt,synthetic,false,train_only
syn_ne_appmotif_ab_cd_xtimesyplus1_len4_0124,sft_train,numeric_equation,docs_numeric_equation_motif_override_traces_syn_ne_appmotif_ab_cd_xtimesyplus1_len4_0124_txt,synthetic,false,train_only
syn_ne_appmotif_ab_cd_xtimesyplus1_len4_0125,sft_train,numeric_equation,docs_numeric_equation_motif_override_traces_syn_ne_appmotif_ab_cd_xtimesyplus1_len4_0125_txt,synthetic,false,train_only
syn_ne_appmotif_ab_cd_xtimesyplus1_len4_0126,sft_train,numeric_equation,docs_numeric_equation_motif_override_traces_syn_ne_appmotif_ab_cd_xtimesyplus1_len4_0126_txt,synthetic,false,train_only
syn_ne_appmotif_ab_cd_xtimesyplus1_len4_0127,sft_train,numeric_equation,docs_numeric_equation_motif_override_traces_syn_ne_appmotif_ab_cd_xtimesyplus1_len4_0127_txt,synthetic,false,train_only
syn_ne_appmotif_ab_cd_xtimesyplus1_len4_0128,sft_train,numeric_equation,docs_numeric_equation_motif_override_traces_syn_ne_appmotif_ab_cd_xtimesyplus1_len4_0128_txt,synthetic,false,train_only
syn_ne_appmotif_ab_cd_xtimesyplus1_len4_0129,sft_train,numeric_equation,docs_numeric_equation_motif_override_traces_syn_ne_appmotif_ab_cd_xtimesyplus1_len4_0129_txt,synthetic,false,train_only
syn_ne_appmotif_ab_cd_xtimesyplus1_len4_0130,sft_train,numeric_equation,docs_numeric_equation_motif_override_traces_syn_ne_appmotif_ab_cd_xtimesyplus1_len4_0130_txt,synthetic,false,train_only
syn_ne_appmotif_ab_cd_xtimesyplus1_len4_0131,sft_train,numeric_equation,docs_numeric_equation_motif_override_traces_syn_ne_appmotif_ab_cd_xtimesyplus1_len4_0131_txt,synthetic,false,train_only
syn_ne_appmotif_ab_cd_xtimesyplus1_len4_0132,sft_train,numeric_equation,docs_numeric_equation_motif_override_traces_syn_ne_appmotif_ab_cd_xtimesyplus1_len4_0132_txt,synthetic,false,train_only
syn_ne_appmotif_ab_cd_xtimesyplus1_len4_0133,sft_train,numeric_equation,docs_numeric_equation_motif_override_traces_syn_ne_appmotif_ab_cd_xtimesyplus1_len4_0133_txt,synthetic,false,train_only
syn_ne_appmotif_ab_cd_yminusx_len1_0341,sft_train,numeric_equation,docs_numeric_equation_motif_override_traces_syn_ne_appmotif_ab_cd_yminusx_len1_0341_txt,synthetic,false,train_only
syn_ne_appmotif_ab_cd_yminusx_len1_0342,sft_train,numeric_equation,docs_numeric_equation_motif_override_traces_syn_ne_appmotif_ab_cd_yminusx_len1_0342_txt,synthetic,false,train_only
syn_ne_appmotif_ab_cd_yminusx_len1_0343,sft_train,numeric_equation,docs_numeric_equation_motif_override_traces_syn_ne_appmotif_ab_cd_yminusx_len1_0343_txt,synthetic,false,train_only
syn_ne_appmotif_ab_cd_yminusx_len1_0344,sft_train,numeric_equation,docs_numeric_equation_motif_override_traces_syn_ne_appmotif_ab_cd_yminusx_len1_0344_txt,synthetic,false,train_only
syn_ne_appmotif_ab_cd_yminusx_len2_0345,sft_train,numeric_equation,docs_numeric_equation_motif_override_traces_syn_ne_appmotif_ab_cd_yminusx_len2_0345_txt,synthetic,false,train_only
syn_ne_appmotif_ab_cd_yminusx_len2_0346,sft_train,numeric_equation,docs_numeric_equation_motif_override_traces_syn_ne_appmotif_ab_cd_yminusx_len2_0346_txt,synthetic,false,train_only
syn_ne_appmotif_ab_cd_yminusx_len2_0347,sft_train,numeric_equation,docs_numeric_equation_motif_override_traces_syn_ne_appmotif_ab_cd_yminusx_len2_0347_txt,synthetic,false,train_only
syn_ne_appmotif_ab_cd_yminusx_len2_0348,sft_train,numeric_equation,docs_numeric_equation_motif_override_traces_syn_ne_appmotif_ab_cd_yminusx_len2_0348_txt,synthetic,false,train_only
syn_ne_appmotif_ab_cd_yminusx_len2_0349,sft_train,numeric_equation,docs_numeric_equation_motif_override_traces_syn_ne_appmotif_ab_cd_yminusx_len2_0349_txt,synthetic,false,train_only
syn_ne_appmotif_ab_cd_yminusx_len2_0350,sft_train,numeric_equation,docs_numeric_equation_motif_override_traces_syn_ne_appmotif_ab_cd_yminusx_len2_0350_txt,synthetic,false,train_only
syn_ne_appmotif_ab_cd_yminusx_len2_0351,sft_train,numeric_equation,docs_numeric_equation_motif_override_traces_syn_ne_appmotif_ab_cd_yminusx_len2_0351_txt,synthetic,false,train_only
syn_ne_appmotif_ab_cd_yminusx_len2_0352,sft_train,numeric_equation,docs_numeric_equation_motif_override_traces_syn_ne_appmotif_ab_cd_yminusx_len2_0352_txt,synthetic,false,train_only
syn_ne_appmotif_ab_cd_yminusx_len2_0353,sft_train,numeric_equation,docs_numeric_equation_motif_override_traces_syn_ne_appmotif_ab_cd_yminusx_len2_0353_txt,synthetic,false,train_only
syn_ne_appmotif_ab_cd_yminusx_len2_0354,sft_train,numeric_equation,docs_numeric_equation_motif_override_traces_syn_ne_appmotif_ab_cd_yminusx_len2_0354_txt,synthetic,false,train_only
syn_ne_appmotif_ab_cd_yminusx_len2_0355,sft_train,numeric_equation,docs_numeric_equation_motif_override_traces_syn_ne_appmotif_ab_cd_yminusx_len2_0355_txt,synthetic,false,train_only
syn_ne_appmotif_ab_cd_yminusx_len2_0356,sft_train,numeric_equation,docs_numeric_equation_motif_override_traces_syn_ne_appmotif_ab_cd_yminusx_len2_0356_txt,synthetic,false,train_only
syn_ne_appmotif_ab_cd_yminusx_len2_0357,sft_train,numeric_equation,docs_numeric_equation_motif_override_traces_syn_ne_appmotif_ab_cd_yminusx_len2_0357_txt,synthetic,false,train_only
syn_ne_appmotif_ab_cd_yminusx_len2_0358,sft_train,numeric_equation,docs_numeric_equation_motif_override_traces_syn_ne_appmotif_ab_cd_yminusx_len2_0358_txt,synthetic,false,train_only
syn_ne_appmotif_ab_cd_yminusx_len2_0359,sft_train,numeric_equation,docs_numeric_equation_motif_override_traces_syn_ne_appmotif_ab_cd_yminusx_len2_0359_txt,synthetic,false,train_only
syn_ne_appmotif_ab_cd_yminusx_len2_0360,sft_train,numeric_equation,docs_numeric_equation_motif_override_traces_syn_ne_appmotif_ab_cd_yminusx_len2_0360_txt,synthetic,false,train_only
syn_ne_appmotif_ab_cd_yminusx_len2_0361,sft_train,numeric_equation,docs_numeric_equation_motif_override_traces_syn_ne_appmotif_ab_cd_yminusx_len2_0361_txt,synthetic,false,train_only
syn_ne_appmotif_ab_cd_yminusx_len2_0362,sft_train,numeric_equation,docs_numeric_equation_motif_override_traces_syn_ne_appmotif_ab_cd_yminusx_len2_0362_txt,synthetic,false,train_only
syn_ne_appmotif_ab_cd_yminusx_len2_0363,sft_train,numeric_equation,docs_numeric_equation_motif_override_traces_syn_ne_appmotif_ab_cd_yminusx_len2_0363_txt,synthetic,false,train_only
syn_ne_appmotif_ba_dc_maxxymodminxy_len1_0364,sft_train,numeric_equation,docs_numeric_equation_motif_override_traces_syn_ne_appmotif_ba_dc_maxxymodminxy_len1_0364_txt,synthetic,false,train_only
syn_ne_appmotif_ba_dc_maxxymodminxy_len1_0365,sft_train,numeric_equation,docs_numeric_equation_motif_override_traces_syn_ne_appmotif_ba_dc_maxxymodminxy_len1_0365_txt,synthetic,false,train_only
syn_ne_appmotif_ba_dc_maxxymodminxy_len1_0366,sft_train,numeric_equation,docs_numeric_equation_motif_override_traces_syn_ne_appmotif_ba_dc_maxxymodminxy_len1_0366_txt,synthetic,false,train_only
syn_ne_appmotif_ba_dc_maxxymodminxy_len1_0367,sft_train,numeric_equation,docs_numeric_equation_motif_override_traces_syn_ne_appmotif_ba_dc_maxxymodminxy_len1_0367_txt,synthetic,false,train_only
syn_ne_appmotif_ba_dc_xminusy_len1_0804,sft_train,numeric_equation,docs_numeric_equation_motif_override_traces_syn_ne_appmotif_ba_dc_xminusy_len1_0804_txt,synthetic,false,train_only
syn_ne_appmotif_ba_dc_xminusy_len1_0805,sft_train,numeric_equation,docs_numeric_equation_motif_override_traces_syn_ne_appmotif_ba_dc_xminusy_len1_0805_txt,synthetic,false,train_only
syn_ne_appmotif_ba_dc_xminusy_len1_0806,sft_train,numeric_equation,docs_numeric_equation_motif_override_traces_syn_ne_appmotif_ba_dc_xminusy_len1_0806_txt,synthetic,false,train_only
syn_ne_appmotif_ba_dc_xminusy_len1_0807,sft_train,numeric_equation,docs_numeric_equation_motif_override_traces_syn_ne_appmotif_ba_dc_xminusy_len1_0807_txt,synthetic,false,train_only
syn_ne_appmotif_ba_dc_xminusy_len1_0808,sft_train,numeric_equation,docs_numeric_equation_motif_override_traces_syn_ne_appmotif_ba_dc_xminusy_len1_0808_txt,synthetic,false,train_only
syn_ne_appmotif_ba_dc_xminusy_len1_0809,sft_train,numeric_equation,docs_numeric_equation_motif_override_traces_syn_ne_appmotif_ba_dc_xminusy_len1_0809_txt,synthetic,false,train_only
syn_ne_appmotif_ba_dc_xminusy_len1_0810,sft_train,numeric_equation,docs_numeric_equation_motif_override_traces_syn_ne_appmotif_ba_dc_xminusy_len1_0810_txt,synthetic,false,train_only
syn_ne_appmotif_ba_dc_xminusy_len1_0811,sft_train,numeric_equation,docs_numeric_equation_motif_override_traces_syn_ne_appmotif_ba_dc_xminusy_len1_0811_txt,synthetic,false,train_only
syn_ne_appmotif_ba_dc_xminusy_len1_0812,sft_train,numeric_equation,docs_numeric_equation_motif_override_traces_syn_ne_appmotif_ba_dc_xminusy_len1_0812_txt,synthetic,false,train_only
syn_ne_appmotif_ba_dc_xminusy_len1_0813,sft_train,numeric_equation,docs_numeric_equation_motif_override_traces_syn_ne_appmotif_ba_dc_xminusy_len1_0813_txt,synthetic,false,train_only
syn_ne_appmotif_ba_dc_xminusy_len1_0814,sft_train,numeric_equation,docs_numeric_equation_motif_override_traces_syn_ne_appmotif_ba_dc_xminusy_len1_0814_txt,synthetic,false,train_only
syn_ne_appmotif_ba_dc_xminusy_len1_0816,sft_train,numeric_equation,docs_numeric_equation_motif_override_traces_syn_ne_appmotif_ba_dc_xminusy_len1_0816_txt,synthetic,false,train_only
syn_ne_appmotif_ba_dc_xminusy_len1_0817,sft_train,numeric_equation,docs_numeric_equation_motif_override_traces_syn_ne_appmotif_ba_dc_xminusy_len1_0817_txt,synthetic,false,train_only
syn_ne_appmotif_ba_dc_xminusy_len1_0818,sft_train,numeric_equation,docs_numeric_equation_motif_override_traces_syn_ne_appmotif_ba_dc_xminusy_len1_0818_txt,synthetic,false,train_only
syn_ne_appmotif_ba_dc_xminusy_len1_0819,sft_train,numeric_equation,docs_numeric_equation_motif_override_traces_syn_ne_appmotif_ba_dc_xminusy_len1_0819_txt,synthetic,false,train_only
syn_ne_appmotif_ba_dc_xminusy_len1_0820,sft_train,numeric_equation,docs_numeric_equation_motif_override_traces_syn_ne_appmotif_ba_dc_xminusy_len1_0820_txt,synthetic,false,train_only
syn_ne_appmotif_ba_dc_xminusy_len1_0821,sft_train,numeric_equation,docs_numeric_equation_motif_override_traces_syn_ne_appmotif_ba_dc_xminusy_len1_0821_txt,synthetic,false,train_only
syn_ne_appmotif_ba_dc_xminusy_len2_0823,sft_train,numeric_equation,docs_numeric_equation_motif_override_traces_syn_ne_appmotif_ba_dc_xminusy_len2_0823_txt,synthetic,false,train_only
syn_ne_appmotif_ba_dc_xminusy_len2_0824,sft_train,numeric_equation,docs_numeric_equation_motif_override_traces_syn_ne_appmotif_ba_dc_xminusy_len2_0824_txt,synthetic,false,train_only
syn_ne_appmotif_ba_dc_xminusy_len2_0825,sft_train,numeric_equation,docs_numeric_equation_motif_override_traces_syn_ne_appmotif_ba_dc_xminusy_len2_0825_txt,synthetic,false,train_only
syn_ne_appmotif_ba_dc_xminusy_len2_0826,sft_train,numeric_equation,docs_numeric_equation_motif_override_traces_syn_ne_appmotif_ba_dc_xminusy_len2_0826_txt,synthetic,false,train_only
syn_ne_appmotif_ba_dc_xminusy_len2_0827,sft_train,numeric_equation,docs_numeric_equation_motif_override_traces_syn_ne_appmotif_ba_dc_xminusy_len2_0827_txt,synthetic,false,train_only
syn_ne_appmotif_ba_dc_xminusy_len2_0828,sft_train,numeric_equation,docs_numeric_equation_motif_override_traces_syn_ne_appmotif_ba_dc_xminusy_len2_0828_txt,synthetic,false,train_only
syn_ne_appmotif_ba_dc_xminusy_len2_0829,sft_train,numeric_equation,docs_numeric_equation_motif_override_traces_syn_ne_appmotif_ba_dc_xminusy_len2_0829_txt,synthetic,false,train_only
syn_ne_appmotif_ba_dc_xminusy_len2_0830,sft_train,numeric_equation,docs_numeric_equation_motif_override_traces_syn_ne_appmotif_ba_dc_xminusy_len2_0830_txt,synthetic,false,train_only
syn_ne_appmotif_ba_dc_xminusy_len2_0831,sft_train,numeric_equation,docs_numeric_equation_motif_override_traces_syn_ne_appmotif_ba_dc_xminusy_len2_0831_txt,synthetic,false,train_only
syn_ne_appmotif_ba_dc_xminusy_len2_0832,sft_train,numeric_equation,docs_numeric_equation_motif_override_traces_syn_ne_appmotif_ba_dc_xminusy_len2_0832_txt,synthetic,false,train_only
syn_ne_appmotif_ba_dc_xminusy_len2_0833,sft_train,numeric_equation,docs_numeric_equation_motif_override_traces_syn_ne_appmotif_ba_dc_xminusy_len2_0833_txt,synthetic,false,train_only
syn_ne_appmotif_ba_dc_xminusy_len2_0834,sft_train,numeric_equation,docs_numeric_equation_motif_override_traces_syn_ne_appmotif_ba_dc_xminusy_len2_0834_txt,synthetic,false,train_only
syn_ne_appmotif_ba_dc_xminusy_len2_0835,sft_train,numeric_equation,docs_numeric_equation_motif_override_traces_syn_ne_appmotif_ba_dc_xminusy_len2_0835_txt,synthetic,false,train_only
syn_ne_appmotif_ba_dc_xminusy_len2_0836,sft_train,numeric_equation,docs_numeric_equation_motif_override_traces_syn_ne_appmotif_ba_dc_xminusy_len2_0836_txt,synthetic,false,train_only
syn_ne_appmotif_ba_dc_xminusy_len2_0837,sft_train,numeric_equation,docs_numeric_equation_motif_override_traces_syn_ne_appmotif_ba_dc_xminusy_len2_0837_txt,synthetic,false,train_only
syn_ne_appmotif_ba_dc_xminusy_len2_0838,sft_train,numeric_equation,docs_numeric_equation_motif_override_traces_syn_ne_appmotif_ba_dc_xminusy_len2_0838_txt,synthetic,false,train_only
syn_ne_appmotif_ba_dc_xminusy_len2_0839,sft_train,numeric_equation,docs_numeric_equation_motif_override_traces_syn_ne_appmotif_ba_dc_xminusy_len2_0839_txt,synthetic,false,train_only
syn_ne_appmotif_ba_dc_xminusy_len2_0840,sft_train,numeric_equation,docs_numeric_equation_motif_override_traces_syn_ne_appmotif_ba_dc_xminusy_len2_0840_txt,synthetic,false,train_only
syn_ne_appmotif_ba_dc_xminusy_len2_0842,sft_train,numeric_equation,docs_numeric_equation_motif_override_traces_syn_ne_appmotif_ba_dc_xminusy_len2_0842_txt,synthetic,false,train_only
syn_ne_appmotif_ba_dc_xminusy_len2_0843,sft_train,numeric_equation,docs_numeric_equation_motif_override_traces_syn_ne_appmotif_ba_dc_xminusy_len2_0843_txt,synthetic,false,train_only
syn_ne_appmotif_ba_dc_xminusy_len2_0844,sft_train,numeric_equation,docs_numeric_equation_motif_override_traces_syn_ne_appmotif_ba_dc_xminusy_len2_0844_txt,synthetic,false,train_only
syn_ne_appmotif_ba_dc_xminusy_len2_0845,sft_train,numeric_equation,docs_numeric_equation_motif_override_traces_syn_ne_appmotif_ba_dc_xminusy_len2_0845_txt,synthetic,false,train_only
syn_ne_appmotif_ba_dc_xminusy_len2_0846,sft_train,numeric_equation,docs_numeric_equation_motif_override_traces_syn_ne_appmotif_ba_dc_xminusy_len2_0846_txt,synthetic,false,train_only
syn_ne_appmotif_ba_dc_xminusy_len2_0847,sft_train,numeric_equation,docs_numeric_equation_motif_override_traces_syn_ne_appmotif_ba_dc_xminusy_len2_0847_txt,synthetic,false,train_only
syn_ne_appmotif_ba_dc_xminusy_len2_0848,sft_train,numeric_equation,docs_numeric_equation_motif_override_traces_syn_ne_appmotif_ba_dc_xminusy_len2_0848_txt,synthetic,false,train_only
syn_ne_appmotif_ba_dc_xminusy_len2_0850,sft_train,numeric_equation,docs_numeric_equation_motif_override_traces_syn_ne_appmotif_ba_dc_xminusy_len2_0850_txt,synthetic,false,train_only
syn_ne_appmotif_ba_dc_xminusy_len2_0851,sft_train,numeric_equation,docs_numeric_equation_motif_override_traces_syn_ne_appmotif_ba_dc_xminusy_len2_0851_txt,synthetic,false,train_only
syn_ne_appmotif_ba_dc_xminusy_len2_0852,sft_train,numeric_equation,docs_numeric_equation_motif_override_traces_syn_ne_appmotif_ba_dc_xminusy_len2_0852_txt,synthetic,false,train_only
syn_ne_appmotif_ba_dc_xminusy_len2_0854,sft_train,numeric_equation,docs_numeric_equation_motif_override_traces_syn_ne_appmotif_ba_dc_xminusy_len2_0854_txt,synthetic,false,train_only
syn_ne_appmotif_ba_dc_xminusy_len2_0855,sft_train,numeric_equation,docs_numeric_equation_motif_override_traces_syn_ne_appmotif_ba_dc_xminusy_len2_0855_txt,synthetic,false,train_only
syn_ne_appmotif_ba_dc_xminusy_len2_0856,sft_train,numeric_equation,docs_numeric_equation_motif_override_traces_syn_ne_appmotif_ba_dc_xminusy_len2_0856_txt,synthetic,false,train_only
syn_ne_appmotif_ba_dc_xminusy_len2_0857,sft_train,numeric_equation,docs_numeric_equation_motif_override_traces_syn_ne_appmotif_ba_dc_xminusy_len2_0857_txt,synthetic,false,train_only
syn_ne_appmotif_ba_dc_xminusy_len2_0858,sft_train,numeric_equation,docs_numeric_equation_motif_override_traces_syn_ne_appmotif_ba_dc_xminusy_len2_0858_txt,synthetic,false,train_only
syn_ne_appmotif_ba_dc_xminusy_len2_0859,sft_train,numeric_equation,docs_numeric_equation_motif_override_traces_syn_ne_appmotif_ba_dc_xminusy_len2_0859_txt,synthetic,false,train_only
syn_ne_appmotif_ba_dc_xminusy_len2_0860,sft_train,numeric_equation,docs_numeric_equation_motif_override_traces_syn_ne_appmotif_ba_dc_xminusy_len2_0860_txt,synthetic,false,train_only
syn_ne_appmotif_ba_dc_xminusy_len2_0861,sft_train,numeric_equation,docs_numeric_equation_motif_override_traces_syn_ne_appmotif_ba_dc_xminusy_len2_0861_txt,synthetic,false,train_only
syn_ne_appmotif_ba_dc_xminusy_len2_0862,sft_train,numeric_equation,docs_numeric_equation_motif_override_traces_syn_ne_appmotif_ba_dc_xminusy_len2_0862_txt,synthetic,false,train_only
syn_ne_appmotif_ba_dc_xminusy_len2_0863,sft_train,numeric_equation,docs_numeric_equation_motif_override_traces_syn_ne_appmotif_ba_dc_xminusy_len2_0863_txt,synthetic,false,train_only
syn_ne_appmotif_ba_dc_xminusy_len2_0864,sft_train,numeric_equation,docs_numeric_equation_motif_override_traces_syn_ne_appmotif_ba_dc_xminusy_len2_0864_txt,synthetic,false,train_only
syn_ne_appmotif_ba_dc_xminusy_len2_0865,sft_train,numeric_equation,docs_numeric_equation_motif_override_traces_syn_ne_appmotif_ba_dc_xminusy_len2_0865_txt,synthetic,false,train_only
syn_ne_appmotif_ba_dc_xminusy_len2_0867,sft_train,numeric_equation,docs_numeric_equation_motif_override_traces_syn_ne_appmotif_ba_dc_xminusy_len2_0867_txt,synthetic,false,train_only
syn_ne_appmotif_ba_dc_xminusy_len2_0868,sft_train,numeric_equation,docs_numeric_equation_motif_override_traces_syn_ne_appmotif_ba_dc_xminusy_len2_0868_txt,synthetic,false,train_only
syn_ne_appmotif_ba_dc_xminusy_len2_0869,sft_train,numeric_equation,docs_numeric_equation_motif_override_traces_syn_ne_appmotif_ba_dc_xminusy_len2_0869_txt,synthetic,false,train_only
syn_ne_appmotif_ba_dc_xminusy_len2_0870,sft_train,numeric_equation,docs_numeric_equation_motif_override_traces_syn_ne_appmotif_ba_dc_xminusy_len2_0870_txt,synthetic,false,train_only
syn_ne_appmotif_ba_dc_xminusy_len2_0871,sft_train,numeric_equation,docs_numeric_equation_motif_override_traces_syn_ne_appmotif_ba_dc_xminusy_len2_0871_txt,synthetic,false,train_only
syn_ne_appmotif_ba_dc_xminusy_len2_0872,sft_train,numeric_equation,docs_numeric_equation_motif_override_traces_syn_ne_appmotif_ba_dc_xminusy_len2_0872_txt,synthetic,false,train_only
syn_ne_appmotif_ba_dc_xminusy_len2_0873,sft_train,numeric_equation,docs_numeric_equation_motif_override_traces_syn_ne_appmotif_ba_dc_xminusy_len2_0873_txt,synthetic,false,train_only
syn_ne_appmotif_ba_dc_xminusy_len2_0874,sft_train,numeric_equation,docs_numeric_equation_motif_override_traces_syn_ne_appmotif_ba_dc_xminusy_len2_0874_txt,synthetic,false,train_only
syn_ne_appmotif_ba_dc_xminusy_len2_0875,sft_train,numeric_equation,docs_numeric_equation_motif_override_traces_syn_ne_appmotif_ba_dc_xminusy_len2_0875_txt,synthetic,false,train_only
syn_ne_appmotif_ba_dc_xminusy_len2_0876,sft_train,numeric_equation,docs_numeric_equation_motif_override_traces_syn_ne_appmotif_ba_dc_xminusy_len2_0876_txt,synthetic,false,train_only
syn_ne_appmotif_ba_dc_xminusy_len2_0877,sft_train,numeric_equation,docs_numeric_equation_motif_override_traces_syn_ne_appmotif_ba_dc_xminusy_len2_0877_txt,synthetic,false,train_only
syn_ne_appmotif_ba_dc_xminusy_len2_0878,sft_train,numeric_equation,docs_numeric_equation_motif_override_traces_syn_ne_appmotif_ba_dc_xminusy_len2_0878_txt,synthetic,false,train_only
syn_ne_appmotif_ba_dc_xminusy_len2_0879,sft_train,numeric_equation,docs_numeric_equation_motif_override_traces_syn_ne_appmotif_ba_dc_xminusy_len2_0879_txt,synthetic,false,train_only
syn_ne_appmotif_ba_dc_xminusy_len2_0881,sft_train,numeric_equation,docs_numeric_equation_motif_override_traces_syn_ne_appmotif_ba_dc_xminusy_len2_0881_txt,synthetic,false,train_only
syn_ne_appmotif_ba_dc_xminusy_len2_0882,sft_train,numeric_equation,docs_numeric_equation_motif_override_traces_syn_ne_appmotif_ba_dc_xminusy_len2_0882_txt,synthetic,false,train_only
syn_ne_appmotif_ba_dc_xminusy_len2_0883,sft_train,numeric_equation,docs_numeric_equation_motif_override_traces_syn_ne_appmotif_ba_dc_xminusy_len2_0883_txt,synthetic,false,train_only
syn_ne_appmotif_ba_dc_xminusy_len2_0884,sft_train,numeric_equation,docs_numeric_equation_motif_override_traces_syn_ne_appmotif_ba_dc_xminusy_len2_0884_txt,synthetic,false,train_only
syn_ne_appmotif_ba_dc_xminusy_len2_0885,sft_train,numeric_equation,docs_numeric_equation_motif_override_traces_syn_ne_appmotif_ba_dc_xminusy_len2_0885_txt,synthetic,false,train_only
syn_ne_appmotif_ba_dc_xminusy_len2_0886,sft_train,numeric_equation,docs_numeric_equation_motif_override_traces_syn_ne_appmotif_ba_dc_xminusy_len2_0886_txt,synthetic,false,train_only
syn_ne_appmotif_ba_dc_xminusy_len2_0887,sft_train,numeric_equation,docs_numeric_equation_motif_override_traces_syn_ne_appmotif_ba_dc_xminusy_len2_0887_txt,synthetic,false,train_only
syn_ne_appmotif_ba_dc_xminusy_len2_0888,sft_train,numeric_equation,docs_numeric_equation_motif_override_traces_syn_ne_appmotif_ba_dc_xminusy_len2_0888_txt,synthetic,false,train_only
syn_ne_appmotif_ba_dc_xminusy_len2_0890,sft_train,numeric_equation,docs_numeric_equation_motif_override_traces_syn_ne_appmotif_ba_dc_xminusy_len2_0890_txt,synthetic,false,train_only
syn_ne_appmotif_ba_dc_xminusy_len2_0891,sft_train,numeric_equation,docs_numeric_equation_motif_override_traces_syn_ne_appmotif_ba_dc_xminusy_len2_0891_txt,synthetic,false,train_only
syn_ne_appmotif_ba_dc_xminusy_len2_0893,sft_train,numeric_equation,docs_numeric_equation_motif_override_traces_syn_ne_appmotif_ba_dc_xminusy_len2_0893_txt,synthetic,false,train_only
syn_ne_appmotif_ba_dc_xminusy_len2_0894,sft_train,numeric_equation,docs_numeric_equation_motif_override_traces_syn_ne_appmotif_ba_dc_xminusy_len2_0894_txt,synthetic,false,train_only
syn_ne_appmotif_ba_dc_xminusy_len2_0896,sft_train,numeric_equation,docs_numeric_equation_motif_override_traces_syn_ne_appmotif_ba_dc_xminusy_len2_0896_txt,synthetic,false,train_only
syn_ne_appmotif_ba_dc_xminusy_len2_0897,sft_train,numeric_equation,docs_numeric_equation_motif_override_traces_syn_ne_appmotif_ba_dc_xminusy_len2_0897_txt,synthetic,false,train_only
syn_ne_appmotif_ba_dc_xminusy_len2_0898,sft_train,numeric_equation,docs_numeric_equation_motif_override_traces_syn_ne_appmotif_ba_dc_xminusy_len2_0898_txt,synthetic,false,train_only
syn_ne_appmotif_ba_dc_xminusy_len2_0899,sft_train,numeric_equation,docs_numeric_equation_motif_override_traces_syn_ne_appmotif_ba_dc_xminusy_len2_0899_txt,synthetic,false,train_only
syn_ne_appmotif_ba_dc_xminusy_len2_0900,sft_train,numeric_equation,docs_numeric_equation_motif_override_traces_syn_ne_appmotif_ba_dc_xminusy_len2_0900_txt,synthetic,false,train_only
syn_ne_appmotif_ba_dc_xminusy_len2_0901,sft_train,numeric_equation,docs_numeric_equation_motif_override_traces_syn_ne_appmotif_ba_dc_xminusy_len2_0901_txt,synthetic,false,train_only
syn_ne_appmotif_ba_dc_xminusy_len2_0902,sft_train,numeric_equation,docs_numeric_equation_motif_override_traces_syn_ne_appmotif_ba_dc_xminusy_len2_0902_txt,synthetic,false,train_only
syn_ne_appmotif_ba_dc_xminusy_len2_0903,sft_train,numeric_equation,docs_numeric_equation_motif_override_traces_syn_ne_appmotif_ba_dc_xminusy_len2_0903_txt,synthetic,false,train_only
syn_ne_appmotif_ba_dc_xminusy_len2_0904,sft_train,numeric_equation,docs_numeric_equation_motif_override_traces_syn_ne_appmotif_ba_dc_xminusy_len2_0904_txt,synthetic,false,train_only
syn_ne_appmotif_ba_dc_xminusy_len2_0905,sft_train,numeric_equation,docs_numeric_equation_motif_override_traces_syn_ne_appmotif_ba_dc_xminusy_len2_0905_txt,synthetic,false,train_only
syn_ne_appmotif_ba_dc_xminusy_len2_0906,sft_train,numeric_equation,docs_numeric_equation_motif_override_traces_syn_ne_appmotif_ba_dc_xminusy_len2_0906_txt,synthetic,false,train_only
syn_ne_appmotif_ba_dc_xminusy_len2_0907,sft_train,numeric_equation,docs_numeric_equation_motif_override_traces_syn_ne_appmotif_ba_dc_xminusy_len2_0907_txt,synthetic,false,train_only
syn_ne_appmotif_ba_dc_xminusy_len2_0908,sft_train,numeric_equation,docs_numeric_equation_motif_override_traces_syn_ne_appmotif_ba_dc_xminusy_len2_0908_txt,synthetic,false,train_only
syn_ne_appmotif_ba_dc_xminusy_len2_0909,sft_train,numeric_equation,docs_numeric_equation_motif_override_traces_syn_ne_appmotif_ba_dc_xminusy_len2_0909_txt,synthetic,false,train_only
syn_ne_appmotif_ba_dc_xminusy_len2_0910,sft_train,numeric_equation,docs_numeric_equation_motif_override_traces_syn_ne_appmotif_ba_dc_xminusy_len2_0910_txt,synthetic,false,train_only
syn_ne_appmotif_ba_dc_xminusy_len2_0912,sft_train,numeric_equation,docs_numeric_equation_motif_override_traces_syn_ne_appmotif_ba_dc_xminusy_len2_0912_txt,synthetic,false,train_only
syn_ne_appmotif_ba_dc_xminusy_len2_0913,sft_train,numeric_equation,docs_numeric_equation_motif_override_traces_syn_ne_appmotif_ba_dc_xminusy_len2_0913_txt,synthetic,false,train_only
syn_ne_appmotif_ba_dc_xminusy_len2_0914,sft_train,numeric_equation,docs_numeric_equation_motif_override_traces_syn_ne_appmotif_ba_dc_xminusy_len2_0914_txt,synthetic,false,train_only
syn_ne_appmotif_ba_dc_xminusy_len2_0915,sft_train,numeric_equation,docs_numeric_equation_motif_override_traces_syn_ne_appmotif_ba_dc_xminusy_len2_0915_txt,synthetic,false,train_only
syn_ne_appmotif_ba_dc_xminusy_len2_0916,sft_train,numeric_equation,docs_numeric_equation_motif_override_traces_syn_ne_appmotif_ba_dc_xminusy_len2_0916_txt,synthetic,false,train_only
syn_ne_appmotif_ba_dc_xminusy_len2_0917,sft_train,numeric_equation,docs_numeric_equation_motif_override_traces_syn_ne_appmotif_ba_dc_xminusy_len2_0917_txt,synthetic,false,train_only
syn_ne_appmotif_ba_dc_xminusy_len2_0918,sft_train,numeric_equation,docs_numeric_equation_motif_override_traces_syn_ne_appmotif_ba_dc_xminusy_len2_0918_txt,synthetic,false,train_only
syn_ne_appmotif_ba_dc_xminusy_len2_0919,sft_train,numeric_equation,docs_numeric_equation_motif_override_traces_syn_ne_appmotif_ba_dc_xminusy_len2_0919_txt,synthetic,false,train_only
syn_ne_appmotif_ba_dc_xminusy_len2_0920,sft_train,numeric_equation,docs_numeric_equation_motif_override_traces_syn_ne_appmotif_ba_dc_xminusy_len2_0920_txt,synthetic,false,train_only
syn_ne_appmotif_ba_dc_xminusy_len2_0921,sft_train,numeric_equation,docs_numeric_equation_motif_override_traces_syn_ne_appmotif_ba_dc_xminusy_len2_0921_txt,synthetic,false,train_only
syn_ne_appmotif_ba_dc_xminusy_len2_0922,sft_train,numeric_equation,docs_numeric_equation_motif_override_traces_syn_ne_appmotif_ba_dc_xminusy_len2_0922_txt,synthetic,false,train_only
syn_ne_appmotif_ba_dc_xminusy_len2_0923,sft_train,numeric_equation,docs_numeric_equation_motif_override_traces_syn_ne_appmotif_ba_dc_xminusy_len2_0923_txt,synthetic,false,train_only
syn_ne_appmotif_ba_dc_xminusy_len2_0924,sft_train,numeric_equation,docs_numeric_equation_motif_override_traces_syn_ne_appmotif_ba_dc_xminusy_len2_0924_txt,synthetic,false,train_only
syn_ne_appmotif_ba_dc_xminusy_len2_0925,sft_train,numeric_equation,docs_numeric_equation_motif_override_traces_syn_ne_appmotif_ba_dc_xminusy_len2_0925_txt,synthetic,false,train_only
syn_ne_appmotif_ba_dc_xminusy_len2_0926,sft_train,numeric_equation,docs_numeric_equation_motif_override_traces_syn_ne_appmotif_ba_dc_xminusy_len2_0926_txt,synthetic,false,train_only
syn_ne_appmotif_ba_dc_xminusy_len2_0927,sft_train,numeric_equation,docs_numeric_equation_motif_override_traces_syn_ne_appmotif_ba_dc_xminusy_len2_0927_txt,synthetic,false,train_only
syn_ne_appmotif_ba_dc_xminusy_len2_0928,sft_train,numeric_equation,docs_numeric_equation_motif_override_traces_syn_ne_appmotif_ba_dc_xminusy_len2_0928_txt,synthetic,false,train_only
syn_ne_appmotif_ba_dc_xminusy_len2_0929,sft_train,numeric_equation,docs_numeric_equation_motif_override_traces_syn_ne_appmotif_ba_dc_xminusy_len2_0929_txt,synthetic,false,train_only
syn_ne_appmotif_ba_dc_xminusy_len2_0930,sft_train,numeric_equation,docs_numeric_equation_motif_override_traces_syn_ne_appmotif_ba_dc_xminusy_len2_0930_txt,synthetic,false,train_only
syn_ne_appmotif_ba_dc_xminusy_len2_0931,sft_train,numeric_equation,docs_numeric_equation_motif_override_traces_syn_ne_appmotif_ba_dc_xminusy_len2_0931_txt,synthetic,false,train_only
syn_ne_appmotif_ba_dc_xminusy_len2_0932,sft_train,numeric_equation,docs_numeric_equation_motif_override_traces_syn_ne_appmotif_ba_dc_xminusy_len2_0932_txt,synthetic,false,train_only
syn_ne_appmotif_ba_dc_xminusy_len2_0933,sft_train,numeric_equation,docs_numeric_equation_motif_override_traces_syn_ne_appmotif_ba_dc_xminusy_len2_0933_txt,synthetic,false,train_only
syn_ne_appmotif_ba_dc_xminusy_len2_0934,sft_train,numeric_equation,docs_numeric_equation_motif_override_traces_syn_ne_appmotif_ba_dc_xminusy_len2_0934_txt,synthetic,false,train_only
syn_ne_appmotif_ba_dc_xminusy_len2_0935,sft_train,numeric_equation,docs_numeric_equation_motif_override_traces_syn_ne_appmotif_ba_dc_xminusy_len2_0935_txt,synthetic,false,train_only
syn_ne_appmotif_ba_dc_xminusy_len2_0936,sft_train,numeric_equation,docs_numeric_equation_motif_override_traces_syn_ne_appmotif_ba_dc_xminusy_len2_0936_txt,synthetic,false,train_only
syn_ne_appmotif_ba_dc_xminusy_len2_0937,sft_train,numeric_equation,docs_numeric_equation_motif_override_traces_syn_ne_appmotif_ba_dc_xminusy_len2_0937_txt,synthetic,false,train_only
syn_ne_appmotif_ba_dc_xminusy_len2_0938,sft_train,numeric_equation,docs_numeric_equation_motif_override_traces_syn_ne_appmotif_ba_dc_xminusy_len2_0938_txt,synthetic,false,train_only
syn_ne_appmotif_ba_dc_xminusy_len2_0939,sft_train,numeric_equation,docs_numeric_equation_motif_override_traces_syn_ne_appmotif_ba_dc_xminusy_len2_0939_txt,synthetic,false,train_only
syn_ne_appmotif_ba_dc_xminusy_len2_0940,sft_train,numeric_equation,docs_numeric_equation_motif_override_traces_syn_ne_appmotif_ba_dc_xminusy_len2_0940_txt,synthetic,false,train_only
syn_ne_appmotif_ba_dc_xminusy_len2_0941,sft_train,numeric_equation,docs_numeric_equation_motif_override_traces_syn_ne_appmotif_ba_dc_xminusy_len2_0941_txt,synthetic,false,train_only
syn_ne_appmotif_ba_dc_xminusy_len2_0942,sft_train,numeric_equation,docs_numeric_equation_motif_override_traces_syn_ne_appmotif_ba_dc_xminusy_len2_0942_txt,synthetic,false,train_only
syn_ne_appmotif_ba_dc_xminusy_len2_0943,sft_train,numeric_equation,docs_numeric_equation_motif_override_traces_syn_ne_appmotif_ba_dc_xminusy_len2_0943_txt,synthetic,false,train_only
syn_ne_appmotif_ba_dc_xminusy_len2_0944,sft_train,numeric_equation,docs_numeric_equation_motif_override_traces_syn_ne_appmotif_ba_dc_xminusy_len2_0944_txt,synthetic,false,train_only
syn_ne_appmotif_ba_dc_xminusy_len2_0945,sft_train,numeric_equation,docs_numeric_equation_motif_override_traces_syn_ne_appmotif_ba_dc_xminusy_len2_0945_txt,synthetic,false,train_only
syn_ne_appmotif_ba_dc_xminusy_len2_0946,sft_train,numeric_equation,docs_numeric_equation_motif_override_traces_syn_ne_appmotif_ba_dc_xminusy_len2_0946_txt,synthetic,false,train_only
syn_ne_appmotif_ba_dc_xminusy_len2_0947,sft_train,numeric_equation,docs_numeric_equation_motif_override_traces_syn_ne_appmotif_ba_dc_xminusy_len2_0947_txt,synthetic,false,train_only
syn_ne_appmotif_ba_dc_xminusy_len2_0948,sft_train,numeric_equation,docs_numeric_equation_motif_override_traces_syn_ne_appmotif_ba_dc_xminusy_len2_0948_txt,synthetic,false,train_only
syn_ne_appmotif_ba_dc_xminusy_len2_0949,sft_train,numeric_equation,docs_numeric_equation_motif_override_traces_syn_ne_appmotif_ba_dc_xminusy_len2_0949_txt,synthetic,false,train_only
syn_ne_appmotif_ba_dc_xminusy_len2_0950,sft_train,numeric_equation,docs_numeric_equation_motif_override_traces_syn_ne_appmotif_ba_dc_xminusy_len2_0950_txt,synthetic,false,train_only
syn_ne_appmotif_ba_dc_xminusy_len2_0951,sft_train,numeric_equation,docs_numeric_equation_motif_override_traces_syn_ne_appmotif_ba_dc_xminusy_len2_0951_txt,synthetic,false,train_only
syn_ne_appmotif_ba_dc_xminusy_len2_0952,sft_train,numeric_equation,docs_numeric_equation_motif_override_traces_syn_ne_appmotif_ba_dc_xminusy_len2_0952_txt,synthetic,false,train_only
syn_ne_appmotif_ba_dc_xminusy_len2_0953,sft_train,numeric_equation,docs_numeric_equation_motif_override_traces_syn_ne_appmotif_ba_dc_xminusy_len2_0953_txt,synthetic,false,train_only
syn_ne_appmotif_ba_dc_xminusy_len2_0954,sft_train,numeric_equation,docs_numeric_equation_motif_override_traces_syn_ne_appmotif_ba_dc_xminusy_len2_0954_txt,synthetic,false,train_only
syn_ne_appmotif_ba_dc_xminusy_len2_0955,sft_train,numeric_equation,docs_numeric_equation_motif_override_traces_syn_ne_appmotif_ba_dc_xminusy_len2_0955_txt,synthetic,false,train_only
syn_ne_appmotif_ba_dc_xminusy_len2_0956,sft_train,numeric_equation,docs_numeric_equation_motif_override_traces_syn_ne_appmotif_ba_dc_xminusy_len2_0956_txt,synthetic,false,train_only
syn_ne_appmotif_ba_dc_xminusy_len2_0957,sft_train,numeric_equation,docs_numeric_equation_motif_override_traces_syn_ne_appmotif_ba_dc_xminusy_len2_0957_txt,synthetic,false,train_only
syn_ne_appmotif_ba_dc_xminusy_len2_0958,sft_train,numeric_equation,docs_numeric_equation_motif_override_traces_syn_ne_appmotif_ba_dc_xminusy_len2_0958_txt,synthetic,false,train_only
syn_ne_appmotif_ba_dc_xplusy_len2_0586,sft_train,numeric_equation,docs_numeric_equation_motif_override_traces_syn_ne_appmotif_ba_dc_xplusy_len2_0586_txt,synthetic,false,train_only
syn_ne_appmotif_ba_dc_xplusy_len2_0587,sft_train,numeric_equation,docs_numeric_equation_motif_override_traces_syn_ne_appmotif_ba_dc_xplusy_len2_0587_txt,synthetic,false,train_only
syn_ne_appmotif_ba_dc_xplusy_len2_0588,sft_train,numeric_equation,docs_numeric_equation_motif_override_traces_syn_ne_appmotif_ba_dc_xplusy_len2_0588_txt,synthetic,false,train_only
syn_ne_appmotif_ba_dc_xplusy_len2_0589,sft_train,numeric_equation,docs_numeric_equation_motif_override_traces_syn_ne_appmotif_ba_dc_xplusy_len2_0589_txt,synthetic,false,train_only
syn_ne_appmotif_ba_dc_xplusy_len2_0590,sft_train,numeric_equation,docs_numeric_equation_motif_override_traces_syn_ne_appmotif_ba_dc_xplusy_len2_0590_txt,synthetic,false,train_only
syn_ne_appmotif_ba_dc_xplusy_len2_0591,sft_train,numeric_equation,docs_numeric_equation_motif_override_traces_syn_ne_appmotif_ba_dc_xplusy_len2_0591_txt,synthetic,false,train_only
syn_ne_appmotif_ba_dc_xplusy_len2_0592,sft_train,numeric_equation,docs_numeric_equation_motif_override_traces_syn_ne_appmotif_ba_dc_xplusy_len2_0592_txt,synthetic,false,train_only
syn_ne_appmotif_ba_dc_xplusy_len2_0593,sft_train,numeric_equation,docs_numeric_equation_motif_override_traces_syn_ne_appmotif_ba_dc_xplusy_len2_0593_txt,synthetic,false,train_only
syn_ne_appmotif_ba_dc_xplusy_len2_0594,sft_train,numeric_equation,docs_numeric_equation_motif_override_traces_syn_ne_appmotif_ba_dc_xplusy_len2_0594_txt,synthetic,false,train_only
syn_ne_appmotif_ba_dc_xplusy_len2_0595,sft_train,numeric_equation,docs_numeric_equation_motif_override_traces_syn_ne_appmotif_ba_dc_xplusy_len2_0595_txt,synthetic,false,train_only
syn_ne_appmotif_ba_dc_xplusy_len2_0596,sft_train,numeric_equation,docs_numeric_equation_motif_override_traces_syn_ne_appmotif_ba_dc_xplusy_len2_0596_txt,synthetic,false,train_only
syn_ne_appmotif_ba_dc_xplusy_len2_0597,sft_train,numeric_equation,docs_numeric_equation_motif_override_traces_syn_ne_appmotif_ba_dc_xplusy_len2_0597_txt,synthetic,false,train_only
syn_ne_appmotif_ba_dc_xplusy_len2_0598,sft_train,numeric_equation,docs_numeric_equation_motif_override_traces_syn_ne_appmotif_ba_dc_xplusy_len2_0598_txt,synthetic,false,train_only
syn_ne_appmotif_ba_dc_xplusy_len2_0599,sft_train,numeric_equation,docs_numeric_equation_motif_override_traces_syn_ne_appmotif_ba_dc_xplusy_len2_0599_txt,synthetic,false,train_only
syn_ne_appmotif_ba_dc_xplusy_len2_0600,sft_train,numeric_equation,docs_numeric_equation_motif_override_traces_syn_ne_appmotif_ba_dc_xplusy_len2_0600_txt,synthetic,false,train_only
syn_ne_appmotif_ba_dc_xplusy_len2_0601,sft_train,numeric_equation,docs_numeric_equation_motif_override_traces_syn_ne_appmotif_ba_dc_xplusy_len2_0601_txt,synthetic,false,train_only
syn_ne_appmotif_ba_dc_xplusy_len2_0602,sft_train,numeric_equation,docs_numeric_equation_motif_override_traces_syn_ne_appmotif_ba_dc_xplusy_len2_0602_txt,synthetic,false,train_only
syn_ne_appmotif_ba_dc_xplusy_len2_0603,sft_train,numeric_equation,docs_numeric_equation_motif_override_traces_syn_ne_appmotif_ba_dc_xplusy_len2_0603_txt,synthetic,false,train_only
syn_ne_appmotif_ba_dc_xplusy_len2_0604,sft_train,numeric_equation,docs_numeric_equation_motif_override_traces_syn_ne_appmotif_ba_dc_xplusy_len2_0604_txt,synthetic,false,train_only
syn_ne_appmotif_ba_dc_xplusy_len2_0605,sft_train,numeric_equation,docs_numeric_equation_motif_override_traces_syn_ne_appmotif_ba_dc_xplusy_len2_0605_txt,synthetic,false,train_only
syn_ne_appmotif_ba_dc_xplusy_len2_0606,sft_train,numeric_equation,docs_numeric_equation_motif_override_traces_syn_ne_appmotif_ba_dc_xplusy_len2_0606_txt,synthetic,false,train_only
syn_ne_appmotif_ba_dc_xplusy_len2_0607,sft_train,numeric_equation,docs_numeric_equation_motif_override_traces_syn_ne_appmotif_ba_dc_xplusy_len2_0607_txt,synthetic,false,train_only
syn_ne_appmotif_ba_dc_xplusy_len2_0608,sft_train,numeric_equation,docs_numeric_equation_motif_override_traces_syn_ne_appmotif_ba_dc_xplusy_len2_0608_txt,synthetic,false,train_only
syn_ne_appmotif_ba_dc_xplusy_len2_0609,sft_train,numeric_equation,docs_numeric_equation_motif_override_traces_syn_ne_appmotif_ba_dc_xplusy_len2_0609_txt,synthetic,false,train_only
syn_ne_appmotif_ba_dc_xplusy_len2_0610,sft_train,numeric_equation,docs_numeric_equation_motif_override_traces_syn_ne_appmotif_ba_dc_xplusy_len2_0610_txt,synthetic,false,train_only
syn_ne_appmotif_ba_dc_xplusy_len2_0611,sft_train,numeric_equation,docs_numeric_equation_motif_override_traces_syn_ne_appmotif_ba_dc_xplusy_len2_0611_txt,synthetic,false,train_only
syn_ne_appmotif_ba_dc_xplusy_len2_0612,sft_train,numeric_equation,docs_numeric_equation_motif_override_traces_syn_ne_appmotif_ba_dc_xplusy_len2_0612_txt,synthetic,false,train_only
syn_ne_appmotif_ba_dc_xplusy_len2_0613,sft_train,numeric_equation,docs_numeric_equation_motif_override_traces_syn_ne_appmotif_ba_dc_xplusy_len2_0613_txt,synthetic,false,train_only
syn_ne_appmotif_ba_dc_xplusy_len2_0614,sft_train,numeric_equation,docs_numeric_equation_motif_override_traces_syn_ne_appmotif_ba_dc_xplusy_len2_0614_txt,synthetic,false,train_only
syn_ne_appmotif_ba_dc_xplusy_len2_0615,sft_train,numeric_equation,docs_numeric_equation_motif_override_traces_syn_ne_appmotif_ba_dc_xplusy_len2_0615_txt,synthetic,false,train_only
syn_ne_appmotif_ba_dc_xplusy_len2_0616,sft_train,numeric_equation,docs_numeric_equation_motif_override_traces_syn_ne_appmotif_ba_dc_xplusy_len2_0616_txt,synthetic,false,train_only
syn_ne_appmotif_ba_dc_xplusy_len2_0617,sft_train,numeric_equation,docs_numeric_equation_motif_override_traces_syn_ne_appmotif_ba_dc_xplusy_len2_0617_txt,synthetic,false,train_only
syn_ne_appmotif_ba_dc_xplusy_len2_0618,sft_train,numeric_equation,docs_numeric_equation_motif_override_traces_syn_ne_appmotif_ba_dc_xplusy_len2_0618_txt,synthetic,false,train_only
syn_ne_appmotif_ba_dc_xplusy_len2_0619,sft_train,numeric_equation,docs_numeric_equation_motif_override_traces_syn_ne_appmotif_ba_dc_xplusy_len2_0619_txt,synthetic,false,train_only
syn_ne_appmotif_ba_dc_xplusy_len2_0620,sft_train,numeric_equation,docs_numeric_equation_motif_override_traces_syn_ne_appmotif_ba_dc_xplusy_len2_0620_txt,synthetic,false,train_only
syn_ne_appmotif_ba_dc_xplusy_len2_0621,sft_train,numeric_equation,docs_numeric_equation_motif_override_traces_syn_ne_appmotif_ba_dc_xplusy_len2_0621_txt,synthetic,false,train_only
syn_ne_appmotif_ba_dc_xplusy_len2_0622,sft_train,numeric_equation,docs_numeric_equation_motif_override_traces_syn_ne_appmotif_ba_dc_xplusy_len2_0622_txt,synthetic,false,train_only
syn_ne_appmotif_ba_dc_xplusy_len2_0623,sft_train,numeric_equation,docs_numeric_equation_motif_override_traces_syn_ne_appmotif_ba_dc_xplusy_len2_0623_txt,synthetic,false,train_only
syn_ne_appmotif_ba_dc_xplusy_len2_0624,sft_train,numeric_equation,docs_numeric_equation_motif_override_traces_syn_ne_appmotif_ba_dc_xplusy_len2_0624_txt,synthetic,false,train_only
syn_ne_appmotif_ba_dc_xplusy_len2_0625,sft_train,numeric_equation,docs_numeric_equation_motif_override_traces_syn_ne_appmotif_ba_dc_xplusy_len2_0625_txt,synthetic,false,train_only
syn_ne_appmotif_ba_dc_xplusy_len2_0626,sft_train,numeric_equation,docs_numeric_equation_motif_override_traces_syn_ne_appmotif_ba_dc_xplusy_len2_0626_txt,synthetic,false,train_only
syn_ne_appmotif_ba_dc_xplusy_len2_0627,sft_train,numeric_equation,docs_numeric_equation_motif_override_traces_syn_ne_appmotif_ba_dc_xplusy_len2_0627_txt,synthetic,false,train_only
syn_ne_appmotif_ba_dc_xplusy_len2_0628,sft_train,numeric_equation,docs_numeric_equation_motif_override_traces_syn_ne_appmotif_ba_dc_xplusy_len2_0628_txt,synthetic,false,train_only
syn_ne_appmotif_ba_dc_xplusy_len3_0629,sft_train,numeric_equation,docs_numeric_equation_motif_override_traces_syn_ne_appmotif_ba_dc_xplusy_len3_0629_txt,synthetic,false,train_only
syn_ne_appmotif_ba_dc_xplusy_len3_0630,sft_train,numeric_equation,docs_numeric_equation_motif_override_traces_syn_ne_appmotif_ba_dc_xplusy_len3_0630_txt,synthetic,false,train_only
syn_ne_appmotif_ba_dc_xplusy_len3_0631,sft_train,numeric_equation,docs_numeric_equation_motif_override_traces_syn_ne_appmotif_ba_dc_xplusy_len3_0631_txt,synthetic,false,train_only
syn_ne_appmotif_ba_dc_xplusy_len3_0632,sft_train,numeric_equation,docs_numeric_equation_motif_override_traces_syn_ne_appmotif_ba_dc_xplusy_len3_0632_txt,synthetic,false,train_only
syn_ne_appmotif_ba_dc_xplusy_len3_0633,sft_train,numeric_equation,docs_numeric_equation_motif_override_traces_syn_ne_appmotif_ba_dc_xplusy_len3_0633_txt,synthetic,false,train_only
syn_ne_appmotif_ba_dc_xplusy_len3_0634,sft_train,numeric_equation,docs_numeric_equation_motif_override_traces_syn_ne_appmotif_ba_dc_xplusy_len3_0634_txt,synthetic,false,train_only
syn_ne_appmotif_ba_dc_xplusy_len3_0635,sft_train,numeric_equation,docs_numeric_equation_motif_override_traces_syn_ne_appmotif_ba_dc_xplusy_len3_0635_txt,synthetic,false,train_only
syn_ne_appmotif_ba_dc_xplusy_len3_0636,sft_train,numeric_equation,docs_numeric_equation_motif_override_traces_syn_ne_appmotif_ba_dc_xplusy_len3_0636_txt,synthetic,false,train_only
syn_ne_appmotif_ba_dc_xplusy_len3_0637,sft_train,numeric_equation,docs_numeric_equation_motif_override_traces_syn_ne_appmotif_ba_dc_xplusy_len3_0637_txt,synthetic,false,train_only
syn_ne_appmotif_ba_dc_xplusy_len3_0638,sft_train,numeric_equation,docs_numeric_equation_motif_override_traces_syn_ne_appmotif_ba_dc_xplusy_len3_0638_txt,synthetic,false,train_only
syn_ne_appmotif_ba_dc_xplusy_len3_0639,sft_train,numeric_equation,docs_numeric_equation_motif_override_traces_syn_ne_appmotif_ba_dc_xplusy_len3_0639_txt,synthetic,false,train_only
syn_ne_appmotif_ba_dc_xplusy_len3_0640,sft_train,numeric_equation,docs_numeric_equation_motif_override_traces_syn_ne_appmotif_ba_dc_xplusy_len3_0640_txt,synthetic,false,train_only
syn_ne_appmotif_ba_dc_xplusy_len3_0641,sft_train,numeric_equation,docs_numeric_equation_motif_override_traces_syn_ne_appmotif_ba_dc_xplusy_len3_0641_txt,synthetic,false,train_only
syn_ne_appmotif_ba_dc_xplusy_len3_0642,sft_train,numeric_equation,docs_numeric_equation_motif_override_traces_syn_ne_appmotif_ba_dc_xplusy_len3_0642_txt,synthetic,false,train_only
syn_ne_appmotif_ba_dc_xplusy_len3_0643,sft_train,numeric_equation,docs_numeric_equation_motif_override_traces_syn_ne_appmotif_ba_dc_xplusy_len3_0643_txt,synthetic,false,train_only
syn_ne_appmotif_ba_dc_xplusy_len3_0644,sft_train,numeric_equation,docs_numeric_equation_motif_override_traces_syn_ne_appmotif_ba_dc_xplusy_len3_0644_txt,synthetic,false,train_only
syn_ne_appmotif_ba_dc_xplusy_len3_0645,sft_train,numeric_equation,docs_numeric_equation_motif_override_traces_syn_ne_appmotif_ba_dc_xplusy_len3_0645_txt,synthetic,false,train_only
syn_ne_appmotif_ba_dc_xplusy_len3_0646,sft_train,numeric_equation,docs_numeric_equation_motif_override_traces_syn_ne_appmotif_ba_dc_xplusy_len3_0646_txt,synthetic,false,train_only
syn_ne_appmotif_ba_dc_xplusy_len3_0647,sft_train,numeric_equation,docs_numeric_equation_motif_override_traces_syn_ne_appmotif_ba_dc_xplusy_len3_0647_txt,synthetic,false,train_only
syn_ne_appmotif_ba_dc_xplusy_len3_0648,sft_train,numeric_equation,docs_numeric_equation_motif_override_traces_syn_ne_appmotif_ba_dc_xplusy_len3_0648_txt,synthetic,false,train_only
syn_ne_appmotif_ba_dc_xplusy_len3_0649,sft_train,numeric_equation,docs_numeric_equation_motif_override_traces_syn_ne_appmotif_ba_dc_xplusy_len3_0649_txt,synthetic,false,train_only
syn_ne_appmotif_ba_dc_xplusy_len3_0650,sft_train,numeric_equation,docs_numeric_equation_motif_override_traces_syn_ne_appmotif_ba_dc_xplusy_len3_0650_txt,synthetic,false,train_only
syn_ne_appmotif_ba_dc_xplusy_len3_0651,sft_train,numeric_equation,docs_numeric_equation_motif_override_traces_syn_ne_appmotif_ba_dc_xplusy_len3_0651_txt,synthetic,false,train_only
syn_ne_appmotif_ba_dc_xplusy_len3_0652,sft_train,numeric_equation,docs_numeric_equation_motif_override_traces_syn_ne_appmotif_ba_dc_xplusy_len3_0652_txt,synthetic,false,train_only
syn_ne_appmotif_ba_dc_xplusy_len3_0653,sft_train,numeric_equation,docs_numeric_equation_motif_override_traces_syn_ne_appmotif_ba_dc_xplusy_len3_0653_txt,synthetic,false,train_only
syn_ne_appmotif_ba_dc_xplusy_len3_0654,sft_train,numeric_equation,docs_numeric_equation_motif_override_traces_syn_ne_appmotif_ba_dc_xplusy_len3_0654_txt,synthetic,false,train_only
syn_ne_appmotif_ba_dc_xplusy_len3_0655,sft_train,numeric_equation,docs_numeric_equation_motif_override_traces_syn_ne_appmotif_ba_dc_xplusy_len3_0655_txt,synthetic,false,train_only
syn_ne_appmotif_ba_dc_xplusy_len3_0656,sft_train,numeric_equation,docs_numeric_equation_motif_override_traces_syn_ne_appmotif_ba_dc_xplusy_len3_0656_txt,synthetic,false,train_only
syn_ne_appmotif_ba_dc_xplusy_len3_0657,sft_train,numeric_equation,docs_numeric_equation_motif_override_traces_syn_ne_appmotif_ba_dc_xplusy_len3_0657_txt,synthetic,false,train_only
syn_ne_appmotif_ba_dc_xplusy_len3_0658,sft_train,numeric_equation,docs_numeric_equation_motif_override_traces_syn_ne_appmotif_ba_dc_xplusy_len3_0658_txt,synthetic,false,train_only
syn_ne_appmotif_ba_dc_xplusy_len3_0659,sft_train,numeric_equation,docs_numeric_equation_motif_override_traces_syn_ne_appmotif_ba_dc_xplusy_len3_0659_txt,synthetic,false,train_only
syn_ne_appmotif_ba_dc_xplusy_len3_0660,sft_train,numeric_equation,docs_numeric_equation_motif_override_traces_syn_ne_appmotif_ba_dc_xplusy_len3_0660_txt,synthetic,false,train_only
syn_ne_appmotif_ba_dc_xplusy_len3_0661,sft_train,numeric_equation,docs_numeric_equation_motif_override_traces_syn_ne_appmotif_ba_dc_xplusy_len3_0661_txt,synthetic,false,train_only
syn_ne_appmotif_ba_dc_xplusy_len3_0662,sft_train,numeric_equation,docs_numeric_equation_motif_override_traces_syn_ne_appmotif_ba_dc_xplusy_len3_0662_txt,synthetic,false,train_only
syn_ne_appmotif_ba_dc_xplusy_len3_0663,sft_train,numeric_equation,docs_numeric_equation_motif_override_traces_syn_ne_appmotif_ba_dc_xplusy_len3_0663_txt,synthetic,false,train_only
syn_ne_appmotif_ba_dc_xplusy_len3_0664,sft_train,numeric_equation,docs_numeric_equation_motif_override_traces_syn_ne_appmotif_ba_dc_xplusy_len3_0664_txt,synthetic,false,train_only
syn_ne_appmotif_ba_dc_xplusy_len3_0665,sft_train,numeric_equation,docs_numeric_equation_motif_override_traces_syn_ne_appmotif_ba_dc_xplusy_len3_0665_txt,synthetic,false,train_only
syn_ne_appmotif_ba_dc_xplusy_len3_0666,sft_train,numeric_equation,docs_numeric_equation_motif_override_traces_syn_ne_appmotif_ba_dc_xplusy_len3_0666_txt,synthetic,false,train_only
syn_ne_appmotif_ba_dc_xplusy_len3_0667,sft_train,numeric_equation,docs_numeric_equation_motif_override_traces_syn_ne_appmotif_ba_dc_xplusy_len3_0667_txt,synthetic,false,train_only
syn_ne_appmotif_ba_dc_xplusy_len3_0668,sft_train,numeric_equation,docs_numeric_equation_motif_override_traces_syn_ne_appmotif_ba_dc_xplusy_len3_0668_txt,synthetic,false,train_only
syn_ne_appmotif_ba_dc_xplusy_len3_0669,sft_train,numeric_equation,docs_numeric_equation_motif_override_traces_syn_ne_appmotif_ba_dc_xplusy_len3_0669_txt,synthetic,false,train_only
syn_ne_appmotif_ba_dc_xplusy_len3_0670,sft_train,numeric_equation,docs_numeric_equation_motif_override_traces_syn_ne_appmotif_ba_dc_xplusy_len3_0670_txt,synthetic,false,train_only
syn_ne_appmotif_ba_dc_xplusy_len3_0671,sft_train,numeric_equation,docs_numeric_equation_motif_override_traces_syn_ne_appmotif_ba_dc_xplusy_len3_0671_txt,synthetic,false,train_only
syn_ne_appmotif_ba_dc_xplusy_len3_0672,sft_train,numeric_equation,docs_numeric_equation_motif_override_traces_syn_ne_appmotif_ba_dc_xplusy_len3_0672_txt,synthetic,false,train_only
syn_ne_appmotif_ba_dc_xplusy_len3_0673,sft_train,numeric_equation,docs_numeric_equation_motif_override_traces_syn_ne_appmotif_ba_dc_xplusy_len3_0673_txt,synthetic,false,train_only
syn_ne_appmotif_ba_dc_xplusy_len3_0674,sft_train,numeric_equation,docs_numeric_equation_motif_override_traces_syn_ne_appmotif_ba_dc_xplusy_len3_0674_txt,synthetic,false,train_only
syn_ne_appmotif_ba_dc_xplusy_len3_0675,sft_train,numeric_equation,docs_numeric_equation_motif_override_traces_syn_ne_appmotif_ba_dc_xplusy_len3_0675_txt,synthetic,false,train_only
syn_ne_appmotif_ba_dc_xplusy_len3_0676,sft_train,numeric_equation,docs_numeric_equation_motif_override_traces_syn_ne_appmotif_ba_dc_xplusy_len3_0676_txt,synthetic,false,train_only
syn_ne_appmotif_ba_dc_xplusy_len3_0677,sft_train,numeric_equation,docs_numeric_equation_motif_override_traces_syn_ne_appmotif_ba_dc_xplusy_len3_0677_txt,synthetic,false,train_only
syn_ne_appmotif_ba_dc_xplusy_len3_0678,sft_train,numeric_equation,docs_numeric_equation_motif_override_traces_syn_ne_appmotif_ba_dc_xplusy_len3_0678_txt,synthetic,false,train_only
syn_ne_appmotif_ba_dc_xplusy_len3_0679,sft_train,numeric_equation,docs_numeric_equation_motif_override_traces_syn_ne_appmotif_ba_dc_xplusy_len3_0679_txt,synthetic,false,train_only
syn_ne_appmotif_ba_dc_xplusy_len3_0680,sft_train,numeric_equation,docs_numeric_equation_motif_override_traces_syn_ne_appmotif_ba_dc_xplusy_len3_0680_txt,synthetic,false,train_only
syn_ne_appmotif_ba_dc_xplusy_len3_0681,sft_train,numeric_equation,docs_numeric_equation_motif_override_traces_syn_ne_appmotif_ba_dc_xplusy_len3_0681_txt,synthetic,false,train_only
syn_ne_appmotif_ba_dc_xplusy_len3_0682,sft_train,numeric_equation,docs_numeric_equation_motif_override_traces_syn_ne_appmotif_ba_dc_xplusy_len3_0682_txt,synthetic,false,train_only
syn_ne_appmotif_ba_dc_xplusy_len3_0683,sft_train,numeric_equation,docs_numeric_equation_motif_override_traces_syn_ne_appmotif_ba_dc_xplusy_len3_0683_txt,synthetic,false,train_only
syn_ne_appmotif_ba_dc_xplusy_len3_0684,sft_train,numeric_equation,docs_numeric_equation_motif_override_traces_syn_ne_appmotif_ba_dc_xplusy_len3_0684_txt,synthetic,false,train_only
syn_ne_appmotif_ba_dc_xplusy_len3_0685,sft_train,numeric_equation,docs_numeric_equation_motif_override_traces_syn_ne_appmotif_ba_dc_xplusy_len3_0685_txt,synthetic,false,train_only
syn_ne_appmotif_ba_dc_xplusy_len3_0686,sft_train,numeric_equation,docs_numeric_equation_motif_override_traces_syn_ne_appmotif_ba_dc_xplusy_len3_0686_txt,synthetic,false,train_only
syn_ne_appmotif_ba_dc_xplusy_len3_0687,sft_train,numeric_equation,docs_numeric_equation_motif_override_traces_syn_ne_appmotif_ba_dc_xplusy_len3_0687_txt,synthetic,false,train_only
syn_ne_appmotif_ba_dc_xplusy_len3_0688,sft_train,numeric_equation,docs_numeric_equation_motif_override_traces_syn_ne_appmotif_ba_dc_xplusy_len3_0688_txt,synthetic,false,train_only
syn_ne_appmotif_ba_dc_xplusy_len3_0689,sft_train,numeric_equation,docs_numeric_equation_motif_override_traces_syn_ne_appmotif_ba_dc_xplusy_len3_0689_txt,synthetic,false,train_only
syn_ne_appmotif_ba_dc_xplusy_len3_0690,sft_train,numeric_equation,docs_numeric_equation_motif_override_traces_syn_ne_appmotif_ba_dc_xplusy_len3_0690_txt,synthetic,false,train_only
syn_ne_appmotif_ba_dc_xplusy_len3_0691,sft_train,numeric_equation,docs_numeric_equation_motif_override_traces_syn_ne_appmotif_ba_dc_xplusy_len3_0691_txt,synthetic,false,train_only
syn_ne_appmotif_ba_dc_xplusy_len3_0692,sft_train,numeric_equation,docs_numeric_equation_motif_override_traces_syn_ne_appmotif_ba_dc_xplusy_len3_0692_txt,synthetic,false,train_only
syn_ne_appmotif_ba_dc_xplusy_len3_0693,sft_train,numeric_equation,docs_numeric_equation_motif_override_traces_syn_ne_appmotif_ba_dc_xplusy_len3_0693_txt,synthetic,false,train_only
syn_ne_appmotif_ba_dc_xplusy_len3_0694,sft_train,numeric_equation,docs_numeric_equation_motif_override_traces_syn_ne_appmotif_ba_dc_xplusy_len3_0694_txt,synthetic,false,train_only
syn_ne_appmotif_ba_dc_xplusy_len3_0695,sft_train,numeric_equation,docs_numeric_equation_motif_override_traces_syn_ne_appmotif_ba_dc_xplusy_len3_0695_txt,synthetic,false,train_only
syn_ne_appmotif_ba_dc_xplusy_len3_0696,sft_train,numeric_equation,docs_numeric_equation_motif_override_traces_syn_ne_appmotif_ba_dc_xplusy_len3_0696_txt,synthetic,false,train_only
syn_ne_appmotif_ba_dc_xplusy_len3_0697,sft_train,numeric_equation,docs_numeric_equation_motif_override_traces_syn_ne_appmotif_ba_dc_xplusy_len3_0697_txt,synthetic,false,train_only
syn_ne_appmotif_ba_dc_xplusy_len3_0698,sft_train,numeric_equation,docs_numeric_equation_motif_override_traces_syn_ne_appmotif_ba_dc_xplusy_len3_0698_txt,synthetic,false,train_only
syn_ne_appmotif_ba_dc_xplusy_len3_0699,sft_train,numeric_equation,docs_numeric_equation_motif_override_traces_syn_ne_appmotif_ba_dc_xplusy_len3_0699_txt,synthetic,false,train_only
syn_ne_appmotif_ba_dc_xplusy_len3_0700,sft_train,numeric_equation,docs_numeric_equation_motif_override_traces_syn_ne_appmotif_ba_dc_xplusy_len3_0700_txt,synthetic,false,train_only
syn_ne_appmotif_ba_dc_xplusy_len3_0701,sft_train,numeric_equation,docs_numeric_equation_motif_override_traces_syn_ne_appmotif_ba_dc_xplusy_len3_0701_txt,synthetic,false,train_only
syn_ne_appmotif_ba_dc_xplusy_len3_0702,sft_train,numeric_equation,docs_numeric_equation_motif_override_traces_syn_ne_appmotif_ba_dc_xplusy_len3_0702_txt,synthetic,false,train_only
syn_ne_appmotif_ba_dc_xplusy_len3_0703,sft_train,numeric_equation,docs_numeric_equation_motif_override_traces_syn_ne_appmotif_ba_dc_xplusy_len3_0703_txt,synthetic,false,train_only
syn_ne_appmotif_ba_dc_xplusy_len3_0704,sft_train,numeric_equation,docs_numeric_equation_motif_override_traces_syn_ne_appmotif_ba_dc_xplusy_len3_0704_txt,synthetic,false,train_only
syn_ne_appmotif_ba_dc_xplusy_len3_0705,sft_train,numeric_equation,docs_numeric_equation_motif_override_traces_syn_ne_appmotif_ba_dc_xplusy_len3_0705_txt,synthetic,false,train_only
syn_ne_appmotif_ba_dc_xplusy_len3_0706,sft_train,numeric_equation,docs_numeric_equation_motif_override_traces_syn_ne_appmotif_ba_dc_xplusy_len3_0706_txt,synthetic,false,train_only
syn_ne_appmotif_ba_dc_xplusy_len3_0707,sft_train,numeric_equation,docs_numeric_equation_motif_override_traces_syn_ne_appmotif_ba_dc_xplusy_len3_0707_txt,synthetic,false,train_only
syn_ne_appmotif_ba_dc_xplusy_len3_0708,sft_train,numeric_equation,docs_numeric_equation_motif_override_traces_syn_ne_appmotif_ba_dc_xplusy_len3_0708_txt,synthetic,false,train_only
syn_ne_appmotif_ba_dc_xplusy_len3_0709,sft_train,numeric_equation,docs_numeric_equation_motif_override_traces_syn_ne_appmotif_ba_dc_xplusy_len3_0709_txt,synthetic,false,train_only
syn_ne_appmotif_ba_dc_xplusy_len3_0710,sft_train,numeric_equation,docs_numeric_equation_motif_override_traces_syn_ne_appmotif_ba_dc_xplusy_len3_0710_txt,synthetic,false,train_only
syn_ne_appmotif_ba_dc_xplusy_len3_0711,sft_train,numeric_equation,docs_numeric_equation_motif_override_traces_syn_ne_appmotif_ba_dc_xplusy_len3_0711_txt,synthetic,false,train_only
syn_ne_appmotif_ba_dc_xplusy_len3_0712,sft_train,numeric_equation,docs_numeric_equation_motif_override_traces_syn_ne_appmotif_ba_dc_xplusy_len3_0712_txt,synthetic,false,train_only
syn_ne_appmotif_ba_dc_xplusy_len3_0713,sft_train,numeric_equation,docs_numeric_equation_motif_override_traces_syn_ne_appmotif_ba_dc_xplusy_len3_0713_txt,synthetic,false,train_only
syn_ne_appmotif_ba_dc_xplusy_len3_0714,sft_train,numeric_equation,docs_numeric_equation_motif_override_traces_syn_ne_appmotif_ba_dc_xplusy_len3_0714_txt,synthetic,false,train_only
syn_ne_appmotif_ba_dc_xplusy_len3_0715,sft_train,numeric_equation,docs_numeric_equation_motif_override_traces_syn_ne_appmotif_ba_dc_xplusy_len3_0715_txt,synthetic,false,train_only
syn_ne_appmotif_ba_dc_xplusy_len3_0716,sft_train,numeric_equation,docs_numeric_equation_motif_override_traces_syn_ne_appmotif_ba_dc_xplusy_len3_0716_txt,synthetic,false,train_only
syn_ne_appmotif_ba_dc_xplusy_len3_0717,sft_train,numeric_equation,docs_numeric_equation_motif_override_traces_syn_ne_appmotif_ba_dc_xplusy_len3_0717_txt,synthetic,false,train_only
syn_ne_appmotif_ba_dc_xplusy_len3_0718,sft_train,numeric_equation,docs_numeric_equation_motif_override_traces_syn_ne_appmotif_ba_dc_xplusy_len3_0718_txt,synthetic,false,train_only
syn_ne_appmotif_ba_dc_xplusy_len3_0719,sft_train,numeric_equation,docs_numeric_equation_motif_override_traces_syn_ne_appmotif_ba_dc_xplusy_len3_0719_txt,synthetic,false,train_only
syn_ne_appmotif_ba_dc_xplusy_len3_0720,sft_train,numeric_equation,docs_numeric_equation_motif_override_traces_syn_ne_appmotif_ba_dc_xplusy_len3_0720_txt,synthetic,false,train_only
syn_ne_appmotif_ba_dc_xplusy_len3_0721,sft_train,numeric_equation,docs_numeric_equation_motif_override_traces_syn_ne_appmotif_ba_dc_xplusy_len3_0721_txt,synthetic,false,train_only
syn_ne_appmotif_ba_dc_xplusy_len3_0722,sft_train,numeric_equation,docs_numeric_equation_motif_override_traces_syn_ne_appmotif_ba_dc_xplusy_len3_0722_txt,synthetic,false,train_only
syn_ne_appmotif_ba_dc_xplusy_len3_0723,sft_train,numeric_equation,docs_numeric_equation_motif_override_traces_syn_ne_appmotif_ba_dc_xplusy_len3_0723_txt,synthetic,false,train_only
syn_ne_appmotif_ba_dc_xplusy_len3_0724,sft_train,numeric_equation,docs_numeric_equation_motif_override_traces_syn_ne_appmotif_ba_dc_xplusy_len3_0724_txt,synthetic,false,train_only
syn_ne_appmotif_ba_dc_xplusy_len3_0725,sft_train,numeric_equation,docs_numeric_equation_motif_override_traces_syn_ne_appmotif_ba_dc_xplusy_len3_0725_txt,synthetic,false,train_only
syn_ne_appmotif_ba_dc_xplusy_len3_0726,sft_train,numeric_equation,docs_numeric_equation_motif_override_traces_syn_ne_appmotif_ba_dc_xplusy_len3_0726_txt,synthetic,false,train_only
syn_ne_appmotif_ba_dc_xplusy_len3_0727,sft_train,numeric_equation,docs_numeric_equation_motif_override_traces_syn_ne_appmotif_ba_dc_xplusy_len3_0727_txt,synthetic,false,train_only
syn_ne_appmotif_ba_dc_xplusy_len3_0728,sft_train,numeric_equation,docs_numeric_equation_motif_override_traces_syn_ne_appmotif_ba_dc_xplusy_len3_0728_txt,synthetic,false,train_only
syn_ne_appmotif_ba_dc_xplusy_len3_0729,sft_train,numeric_equation,docs_numeric_equation_motif_override_traces_syn_ne_appmotif_ba_dc_xplusy_len3_0729_txt,synthetic,false,train_only
syn_ne_appmotif_ba_dc_xplusy_len3_0730,sft_train,numeric_equation,docs_numeric_equation_motif_override_traces_syn_ne_appmotif_ba_dc_xplusy_len3_0730_txt,synthetic,false,train_only
syn_ne_appmotif_ba_dc_xplusy_len3_0731,sft_train,numeric_equation,docs_numeric_equation_motif_override_traces_syn_ne_appmotif_ba_dc_xplusy_len3_0731_txt,synthetic,false,train_only
syn_ne_appmotif_ba_dc_xplusy_len3_0732,sft_train,numeric_equation,docs_numeric_equation_motif_override_traces_syn_ne_appmotif_ba_dc_xplusy_len3_0732_txt,synthetic,false,train_only
syn_ne_appmotif_ba_dc_xplusy_len3_0733,sft_train,numeric_equation,docs_numeric_equation_motif_override_traces_syn_ne_appmotif_ba_dc_xplusy_len3_0733_txt,synthetic,false,train_only
syn_ne_appmotif_ba_dc_xplusyminus1_len2_0773,sft_train,numeric_equation,docs_numeric_equation_motif_override_traces_syn_ne_appmotif_ba_dc_xplusyminus1_len2_0773_txt,synthetic,false,train_only
syn_ne_appmotif_ba_dc_xplusyminus1_len2_0774,sft_train,numeric_equation,docs_numeric_equation_motif_override_traces_syn_ne_appmotif_ba_dc_xplusyminus1_len2_0774_txt,synthetic,false,train_only
syn_ne_appmotif_ba_dc_xplusyminus1_len2_0775,sft_train,numeric_equation,docs_numeric_equation_motif_override_traces_syn_ne_appmotif_ba_dc_xplusyminus1_len2_0775_txt,synthetic,false,train_only
syn_ne_appmotif_ba_dc_xplusyminus1_len2_0776,sft_train,numeric_equation,docs_numeric_equation_motif_override_traces_syn_ne_appmotif_ba_dc_xplusyminus1_len2_0776_txt,synthetic,false,train_only
syn_ne_appmotif_ba_dc_xplusyminus1_len2_0777,sft_train,numeric_equation,docs_numeric_equation_motif_override_traces_syn_ne_appmotif_ba_dc_xplusyminus1_len2_0777_txt,synthetic,false,train_only
syn_ne_appmotif_ba_dc_xplusyminus1_len2_0778,sft_train,numeric_equation,docs_numeric_equation_motif_override_traces_syn_ne_appmotif_ba_dc_xplusyminus1_len2_0778_txt,synthetic,false,train_only
syn_ne_appmotif_ba_dc_xplusyminus1_len2_0779,sft_train,numeric_equation,docs_numeric_equation_motif_override_traces_syn_ne_appmotif_ba_dc_xplusyminus1_len2_0779_txt,synthetic,false,train_only
syn_ne_appmotif_ba_dc_xplusyminus1_len2_0780,sft_train,numeric_equation,docs_numeric_equation_motif_override_traces_syn_ne_appmotif_ba_dc_xplusyminus1_len2_0780_txt,synthetic,false,train_only
syn_ne_appmotif_ba_dc_xplusyminus1_len3_0781,sft_train,numeric_equation,docs_numeric_equation_motif_override_traces_syn_ne_appmotif_ba_dc_xplusyminus1_len3_0781_txt,synthetic,false,train_only
syn_ne_appmotif_ba_dc_xplusyminus1_len3_0782,sft_train,numeric_equation,docs_numeric_equation_motif_override_traces_syn_ne_appmotif_ba_dc_xplusyminus1_len3_0782_txt,synthetic,false,train_only
syn_ne_appmotif_ba_dc_xplusyminus1_len3_0783,sft_train,numeric_equation,docs_numeric_equation_motif_override_traces_syn_ne_appmotif_ba_dc_xplusyminus1_len3_0783_txt,synthetic,false,train_only
syn_ne_appmotif_ba_dc_xplusyminus1_len3_0784,sft_train,numeric_equation,docs_numeric_equation_motif_override_traces_syn_ne_appmotif_ba_dc_xplusyminus1_len3_0784_txt,synthetic,false,train_only
syn_ne_appmotif_ba_dc_xplusyminus1_len3_0785,sft_train,numeric_equation,docs_numeric_equation_motif_override_traces_syn_ne_appmotif_ba_dc_xplusyminus1_len3_0785_txt,synthetic,false,train_only
syn_ne_appmotif_ba_dc_xplusyminus1_len3_0786,sft_train,numeric_equation,docs_numeric_equation_motif_override_traces_syn_ne_appmotif_ba_dc_xplusyminus1_len3_0786_txt,synthetic,false,train_only
syn_ne_appmotif_ba_dc_xplusyminus1_len3_0787,sft_train,numeric_equation,docs_numeric_equation_motif_override_traces_syn_ne_appmotif_ba_dc_xplusyminus1_len3_0787_txt,synthetic,false,train_only
syn_ne_appmotif_ba_dc_xplusyminus1_len3_0788,sft_train,numeric_equation,docs_numeric_equation_motif_override_traces_syn_ne_appmotif_ba_dc_xplusyminus1_len3_0788_txt,synthetic,false,train_only
syn_ne_appmotif_ba_dc_xplusyminus1_len3_0789,sft_train,numeric_equation,docs_numeric_equation_motif_override_traces_syn_ne_appmotif_ba_dc_xplusyminus1_len3_0789_txt,synthetic,false,train_only
syn_ne_appmotif_ba_dc_xplusyminus1_len3_0790,sft_train,numeric_equation,docs_numeric_equation_motif_override_traces_syn_ne_appmotif_ba_dc_xplusyminus1_len3_0790_txt,synthetic,false,train_only
syn_ne_appmotif_ba_dc_xplusyminus1_len3_0791,sft_train,numeric_equation,docs_numeric_equation_motif_override_traces_syn_ne_appmotif_ba_dc_xplusyminus1_len3_0791_txt,synthetic,false,train_only
syn_ne_appmotif_ba_dc_xplusyminus1_len3_0792,sft_train,numeric_equation,docs_numeric_equation_motif_override_traces_syn_ne_appmotif_ba_dc_xplusyminus1_len3_0792_txt,synthetic,false,train_only
syn_ne_appmotif_ba_dc_xplusyminus1_len3_0793,sft_train,numeric_equation,docs_numeric_equation_motif_override_traces_syn_ne_appmotif_ba_dc_xplusyminus1_len3_0793_txt,synthetic,false,train_only
syn_ne_appmotif_ba_dc_xplusyminus1_len3_0794,sft_train,numeric_equation,docs_numeric_equation_motif_override_traces_syn_ne_appmotif_ba_dc_xplusyminus1_len3_0794_txt,synthetic,false,train_only
syn_ne_appmotif_ba_dc_xplusyminus1_len3_0795,sft_train,numeric_equation,docs_numeric_equation_motif_override_traces_syn_ne_appmotif_ba_dc_xplusyminus1_len3_0795_txt,synthetic,false,train_only
syn_ne_appmotif_ba_dc_xplusyminus1_len3_0796,sft_train,numeric_equation,docs_numeric_equation_motif_override_traces_syn_ne_appmotif_ba_dc_xplusyminus1_len3_0796_txt,synthetic,false,train_only
syn_ne_appmotif_ba_dc_xplusyminus1_len3_0797,sft_train,numeric_equation,docs_numeric_equation_motif_override_traces_syn_ne_appmotif_ba_dc_xplusyminus1_len3_0797_txt,synthetic,false,train_only
syn_ne_appmotif_ba_dc_xplusyminus1_len3_0798,sft_train,numeric_equation,docs_numeric_equation_motif_override_traces_syn_ne_appmotif_ba_dc_xplusyminus1_len3_0798_txt,synthetic,false,train_only
syn_ne_appmotif_ba_dc_xplusyminus1_len3_0799,sft_train,numeric_equation,docs_numeric_equation_motif_override_traces_syn_ne_appmotif_ba_dc_xplusyminus1_len3_0799_txt,synthetic,false,train_only
syn_ne_appmotif_ba_dc_xplusyminus1_len3_0800,sft_train,numeric_equation,docs_numeric_equation_motif_override_traces_syn_ne_appmotif_ba_dc_xplusyminus1_len3_0800_txt,synthetic,false,train_only
syn_ne_appmotif_ba_dc_xplusyminus1_len3_0801,sft_train,numeric_equation,docs_numeric_equation_motif_override_traces_syn_ne_appmotif_ba_dc_xplusyminus1_len3_0801_txt,synthetic,false,train_only
syn_ne_appmotif_ba_dc_xplusyminus1_len3_0802,sft_train,numeric_equation,docs_numeric_equation_motif_override_traces_syn_ne_appmotif_ba_dc_xplusyminus1_len3_0802_txt,synthetic,false,train_only
syn_ne_appmotif_ba_dc_xplusyminus1_len3_0803,sft_train,numeric_equation,docs_numeric_equation_motif_override_traces_syn_ne_appmotif_ba_dc_xplusyminus1_len3_0803_txt,synthetic,false,train_only
syn_ne_appmotif_ba_dc_xplusyplus1_len2_0734,sft_train,numeric_equation,docs_numeric_equation_motif_override_traces_syn_ne_appmotif_ba_dc_xplusyplus1_len2_0734_txt,synthetic,false,train_only
syn_ne_appmotif_ba_dc_xplusyplus1_len2_0735,sft_train,numeric_equation,docs_numeric_equation_motif_override_traces_syn_ne_appmotif_ba_dc_xplusyplus1_len2_0735_txt,synthetic,false,train_only
syn_ne_appmotif_ba_dc_xplusyplus1_len2_0736,sft_train,numeric_equation,docs_numeric_equation_motif_override_traces_syn_ne_appmotif_ba_dc_xplusyplus1_len2_0736_txt,synthetic,false,train_only
syn_ne_appmotif_ba_dc_xplusyplus1_len2_0737,sft_train,numeric_equation,docs_numeric_equation_motif_override_traces_syn_ne_appmotif_ba_dc_xplusyplus1_len2_0737_txt,synthetic,false,train_only
syn_ne_appmotif_ba_dc_xplusyplus1_len2_0738,sft_train,numeric_equation,docs_numeric_equation_motif_override_traces_syn_ne_appmotif_ba_dc_xplusyplus1_len2_0738_txt,synthetic,false,train_only
syn_ne_appmotif_ba_dc_xplusyplus1_len2_0739,sft_train,numeric_equation,docs_numeric_equation_motif_override_traces_syn_ne_appmotif_ba_dc_xplusyplus1_len2_0739_txt,synthetic,false,train_only
syn_ne_appmotif_ba_dc_xplusyplus1_len2_0740,sft_train,numeric_equation,docs_numeric_equation_motif_override_traces_syn_ne_appmotif_ba_dc_xplusyplus1_len2_0740_txt,synthetic,false,train_only
syn_ne_appmotif_ba_dc_xplusyplus1_len2_0741,sft_train,numeric_equation,docs_numeric_equation_motif_override_traces_syn_ne_appmotif_ba_dc_xplusyplus1_len2_0741_txt,synthetic,false,train_only
syn_ne_appmotif_ba_dc_xplusyplus1_len2_0742,sft_train,numeric_equation,docs_numeric_equation_motif_override_traces_syn_ne_appmotif_ba_dc_xplusyplus1_len2_0742_txt,synthetic,false,train_only
syn_ne_appmotif_ba_dc_xplusyplus1_len2_0743,sft_train,numeric_equation,docs_numeric_equation_motif_override_traces_syn_ne_appmotif_ba_dc_xplusyplus1_len2_0743_txt,synthetic,false,train_only
syn_ne_appmotif_ba_dc_xplusyplus1_len2_0744,sft_train,numeric_equation,docs_numeric_equation_motif_override_traces_syn_ne_appmotif_ba_dc_xplusyplus1_len2_0744_txt,synthetic,false,train_only
syn_ne_appmotif_ba_dc_xplusyplus1_len2_0745,sft_train,numeric_equation,docs_numeric_equation_motif_override_traces_syn_ne_appmotif_ba_dc_xplusyplus1_len2_0745_txt,synthetic,false,train_only
syn_ne_appmotif_ba_dc_xplusyplus1_len2_0746,sft_train,numeric_equation,docs_numeric_equation_motif_override_traces_syn_ne_appmotif_ba_dc_xplusyplus1_len2_0746_txt,synthetic,false,train_only
syn_ne_appmotif_ba_dc_xplusyplus1_len2_0747,sft_train,numeric_equation,docs_numeric_equation_motif_override_traces_syn_ne_appmotif_ba_dc_xplusyplus1_len2_0747_txt,synthetic,false,train_only
syn_ne_appmotif_ba_dc_xplusyplus1_len2_0748,sft_train,numeric_equation,docs_numeric_equation_motif_override_traces_syn_ne_appmotif_ba_dc_xplusyplus1_len2_0748_txt,synthetic,false,train_only
syn_ne_appmotif_ba_dc_xplusyplus1_len2_0749,sft_train,numeric_equation,docs_numeric_equation_motif_override_traces_syn_ne_appmotif_ba_dc_xplusyplus1_len2_0749_txt,synthetic,false,train_only
syn_ne_appmotif_ba_dc_xplusyplus1_len3_0750,sft_train,numeric_equation,docs_numeric_equation_motif_override_traces_syn_ne_appmotif_ba_dc_xplusyplus1_len3_0750_txt,synthetic,false,train_only
syn_ne_appmotif_ba_dc_xplusyplus1_len3_0751,sft_train,numeric_equation,docs_numeric_equation_motif_override_traces_syn_ne_appmotif_ba_dc_xplusyplus1_len3_0751_txt,synthetic,false,train_only
syn_ne_appmotif_ba_dc_xplusyplus1_len3_0752,sft_train,numeric_equation,docs_numeric_equation_motif_override_traces_syn_ne_appmotif_ba_dc_xplusyplus1_len3_0752_txt,synthetic,false,train_only
syn_ne_appmotif_ba_dc_xplusyplus1_len3_0753,sft_train,numeric_equation,docs_numeric_equation_motif_override_traces_syn_ne_appmotif_ba_dc_xplusyplus1_len3_0753_txt,synthetic,false,train_only
syn_ne_appmotif_ba_dc_xplusyplus1_len3_0754,sft_train,numeric_equation,docs_numeric_equation_motif_override_traces_syn_ne_appmotif_ba_dc_xplusyplus1_len3_0754_txt,synthetic,false,train_only
syn_ne_appmotif_ba_dc_xplusyplus1_len3_0755,sft_train,numeric_equation,docs_numeric_equation_motif_override_traces_syn_ne_appmotif_ba_dc_xplusyplus1_len3_0755_txt,synthetic,false,train_only
syn_ne_appmotif_ba_dc_xplusyplus1_len3_0756,sft_train,numeric_equation,docs_numeric_equation_motif_override_traces_syn_ne_appmotif_ba_dc_xplusyplus1_len3_0756_txt,synthetic,false,train_only
syn_ne_appmotif_ba_dc_xplusyplus1_len3_0757,sft_train,numeric_equation,docs_numeric_equation_motif_override_traces_syn_ne_appmotif_ba_dc_xplusyplus1_len3_0757_txt,synthetic,false,train_only
syn_ne_appmotif_ba_dc_xplusyplus1_len3_0758,sft_train,numeric_equation,docs_numeric_equation_motif_override_traces_syn_ne_appmotif_ba_dc_xplusyplus1_len3_0758_txt,synthetic,false,train_only
syn_ne_appmotif_ba_dc_xplusyplus1_len3_0759,sft_train,numeric_equation,docs_numeric_equation_motif_override_traces_syn_ne_appmotif_ba_dc_xplusyplus1_len3_0759_txt,synthetic,false,train_only
syn_ne_appmotif_ba_dc_xplusyplus1_len3_0760,sft_train,numeric_equation,docs_numeric_equation_motif_override_traces_syn_ne_appmotif_ba_dc_xplusyplus1_len3_0760_txt,synthetic,false,train_only
syn_ne_appmotif_ba_dc_xplusyplus1_len3_0761,sft_train,numeric_equation,docs_numeric_equation_motif_override_traces_syn_ne_appmotif_ba_dc_xplusyplus1_len3_0761_txt,synthetic,false,train_only
syn_ne_appmotif_ba_dc_xplusyplus1_len3_0762,sft_train,numeric_equation,docs_numeric_equation_motif_override_traces_syn_ne_appmotif_ba_dc_xplusyplus1_len3_0762_txt,synthetic,false,train_only
syn_ne_appmotif_ba_dc_xplusyplus1_len3_0763,sft_train,numeric_equation,docs_numeric_equation_motif_override_traces_syn_ne_appmotif_ba_dc_xplusyplus1_len3_0763_txt,synthetic,false,train_only
syn_ne_appmotif_ba_dc_xplusyplus1_len3_0764,sft_train,numeric_equation,docs_numeric_equation_motif_override_traces_syn_ne_appmotif_ba_dc_xplusyplus1_len3_0764_txt,synthetic,false,train_only
syn_ne_appmotif_ba_dc_xplusyplus1_len3_0765,sft_train,numeric_equation,docs_numeric_equation_motif_override_traces_syn_ne_appmotif_ba_dc_xplusyplus1_len3_0765_txt,synthetic,false,train_only
syn_ne_appmotif_ba_dc_xplusyplus1_len3_0766,sft_train,numeric_equation,docs_numeric_equation_motif_override_traces_syn_ne_appmotif_ba_dc_xplusyplus1_len3_0766_txt,synthetic,false,train_only
syn_ne_appmotif_ba_dc_xplusyplus1_len3_0767,sft_train,numeric_equation,docs_numeric_equation_motif_override_traces_syn_ne_appmotif_ba_dc_xplusyplus1_len3_0767_txt,synthetic,false,train_only
syn_ne_appmotif_ba_dc_xplusyplus1_len3_0768,sft_train,numeric_equation,docs_numeric_equation_motif_override_traces_syn_ne_appmotif_ba_dc_xplusyplus1_len3_0768_txt,synthetic,false,train_only
syn_ne_appmotif_ba_dc_xplusyplus1_len3_0769,sft_train,numeric_equation,docs_numeric_equation_motif_override_traces_syn_ne_appmotif_ba_dc_xplusyplus1_len3_0769_txt,synthetic,false,train_only
syn_ne_appmotif_ba_dc_xplusyplus1_len3_0770,sft_train,numeric_equation,docs_numeric_equation_motif_override_traces_syn_ne_appmotif_ba_dc_xplusyplus1_len3_0770_txt,synthetic,false,train_only
syn_ne_appmotif_ba_dc_xplusyplus1_len3_0771,sft_train,numeric_equation,docs_numeric_equation_motif_override_traces_syn_ne_appmotif_ba_dc_xplusyplus1_len3_0771_txt,synthetic,false,train_only
syn_ne_appmotif_ba_dc_xplusyplus1_len3_0772,sft_train,numeric_equation,docs_numeric_equation_motif_override_traces_syn_ne_appmotif_ba_dc_xplusyplus1_len3_0772_txt,synthetic,false,train_only
syn_ne_appmotif_ba_dc_xtimesy_len3_0368,sft_train,numeric_equation,docs_numeric_equation_motif_override_traces_syn_ne_appmotif_ba_dc_xtimesy_len3_0368_txt,synthetic,false,train_only
syn_ne_appmotif_ba_dc_xtimesy_len3_0369,sft_train,numeric_equation,docs_numeric_equation_motif_override_traces_syn_ne_appmotif_ba_dc_xtimesy_len3_0369_txt,synthetic,false,train_only
syn_ne_appmotif_ba_dc_xtimesy_len3_0370,sft_train,numeric_equation,docs_numeric_equation_motif_override_traces_syn_ne_appmotif_ba_dc_xtimesy_len3_0370_txt,synthetic,false,train_only
syn_ne_appmotif_ba_dc_xtimesy_len3_0371,sft_train,numeric_equation,docs_numeric_equation_motif_override_traces_syn_ne_appmotif_ba_dc_xtimesy_len3_0371_txt,synthetic,false,train_only
syn_ne_appmotif_ba_dc_xtimesy_len3_0372,sft_train,numeric_equation,docs_numeric_equation_motif_override_traces_syn_ne_appmotif_ba_dc_xtimesy_len3_0372_txt,synthetic,false,train_only
syn_ne_appmotif_ba_dc_xtimesy_len3_0373,sft_train,numeric_equation,docs_numeric_equation_motif_override_traces_syn_ne_appmotif_ba_dc_xtimesy_len3_0373_txt,synthetic,false,train_only
syn_ne_appmotif_ba_dc_xtimesy_len3_0374,sft_train,numeric_equation,docs_numeric_equation_motif_override_traces_syn_ne_appmotif_ba_dc_xtimesy_len3_0374_txt,synthetic,false,train_only
syn_ne_appmotif_ba_dc_xtimesy_len3_0375,sft_train,numeric_equation,docs_numeric_equation_motif_override_traces_syn_ne_appmotif_ba_dc_xtimesy_len3_0375_txt,synthetic,false,train_only
syn_ne_appmotif_ba_dc_xtimesy_len3_0376,sft_train,numeric_equation,docs_numeric_equation_motif_override_traces_syn_ne_appmotif_ba_dc_xtimesy_len3_0376_txt,synthetic,false,train_only
syn_ne_appmotif_ba_dc_xtimesy_len3_0377,sft_train,numeric_equation,docs_numeric_equation_motif_override_traces_syn_ne_appmotif_ba_dc_xtimesy_len3_0377_txt,synthetic,false,train_only
syn_ne_appmotif_ba_dc_xtimesy_len3_0378,sft_train,numeric_equation,docs_numeric_equation_motif_override_traces_syn_ne_appmotif_ba_dc_xtimesy_len3_0378_txt,synthetic,false,train_only
syn_ne_appmotif_ba_dc_xtimesy_len3_0379,sft_train,numeric_equation,docs_numeric_equation_motif_override_traces_syn_ne_appmotif_ba_dc_xtimesy_len3_0379_txt,synthetic,false,train_only
syn_ne_appmotif_ba_dc_xtimesy_len3_0380,sft_train,numeric_equation,docs_numeric_equation_motif_override_traces_syn_ne_appmotif_ba_dc_xtimesy_len3_0380_txt,synthetic,false,train_only
syn_ne_appmotif_ba_dc_xtimesy_len3_0381,sft_train,numeric_equation,docs_numeric_equation_motif_override_traces_syn_ne_appmotif_ba_dc_xtimesy_len3_0381_txt,synthetic,false,train_only
syn_ne_appmotif_ba_dc_xtimesy_len3_0382,sft_train,numeric_equation,docs_numeric_equation_motif_override_traces_syn_ne_appmotif_ba_dc_xtimesy_len3_0382_txt,synthetic,false,train_only
syn_ne_appmotif_ba_dc_xtimesy_len3_0383,sft_train,numeric_equation,docs_numeric_equation_motif_override_traces_syn_ne_appmotif_ba_dc_xtimesy_len3_0383_txt,synthetic,false,train_only
syn_ne_appmotif_ba_dc_xtimesy_len3_0384,sft_train,numeric_equation,docs_numeric_equation_motif_override_traces_syn_ne_appmotif_ba_dc_xtimesy_len3_0384_txt,synthetic,false,train_only
syn_ne_appmotif_ba_dc_xtimesy_len3_0385,sft_train,numeric_equation,docs_numeric_equation_motif_override_traces_syn_ne_appmotif_ba_dc_xtimesy_len3_0385_txt,synthetic,false,train_only
syn_ne_appmotif_ba_dc_xtimesy_len3_0386,sft_train,numeric_equation,docs_numeric_equation_motif_override_traces_syn_ne_appmotif_ba_dc_xtimesy_len3_0386_txt,synthetic,false,train_only
syn_ne_appmotif_ba_dc_xtimesy_len4_0387,sft_train,numeric_equation,docs_numeric_equation_motif_override_traces_syn_ne_appmotif_ba_dc_xtimesy_len4_0387_txt,synthetic,false,train_only
syn_ne_appmotif_ba_dc_xtimesy_len4_0388,sft_train,numeric_equation,docs_numeric_equation_motif_override_traces_syn_ne_appmotif_ba_dc_xtimesy_len4_0388_txt,synthetic,false,train_only
syn_ne_appmotif_ba_dc_xtimesy_len4_0389,sft_train,numeric_equation,docs_numeric_equation_motif_override_traces_syn_ne_appmotif_ba_dc_xtimesy_len4_0389_txt,synthetic,false,train_only
syn_ne_appmotif_ba_dc_xtimesy_len4_0390,sft_train,numeric_equation,docs_numeric_equation_motif_override_traces_syn_ne_appmotif_ba_dc_xtimesy_len4_0390_txt,synthetic,false,train_only
syn_ne_appmotif_ba_dc_xtimesy_len4_0391,sft_train,numeric_equation,docs_numeric_equation_motif_override_traces_syn_ne_appmotif_ba_dc_xtimesy_len4_0391_txt,synthetic,false,train_only
syn_ne_appmotif_ba_dc_xtimesy_len4_0392,sft_train,numeric_equation,docs_numeric_equation_motif_override_traces_syn_ne_appmotif_ba_dc_xtimesy_len4_0392_txt,synthetic,false,train_only
syn_ne_appmotif_ba_dc_xtimesy_len4_0393,sft_train,numeric_equation,docs_numeric_equation_motif_override_traces_syn_ne_appmotif_ba_dc_xtimesy_len4_0393_txt,synthetic,false,train_only
syn_ne_appmotif_ba_dc_xtimesy_len4_0394,sft_train,numeric_equation,docs_numeric_equation_motif_override_traces_syn_ne_appmotif_ba_dc_xtimesy_len4_0394_txt,synthetic,false,train_only
syn_ne_appmotif_ba_dc_xtimesy_len4_0395,sft_train,numeric_equation,docs_numeric_equation_motif_override_traces_syn_ne_appmotif_ba_dc_xtimesy_len4_0395_txt,synthetic,false,train_only
syn_ne_appmotif_ba_dc_xtimesy_len4_0396,sft_train,numeric_equation,docs_numeric_equation_motif_override_traces_syn_ne_appmotif_ba_dc_xtimesy_len4_0396_txt,synthetic,false,train_only
syn_ne_appmotif_ba_dc_xtimesy_len4_0397,sft_train,numeric_equation,docs_numeric_equation_motif_override_traces_syn_ne_appmotif_ba_dc_xtimesy_len4_0397_txt,synthetic,false,train_only
syn_ne_appmotif_ba_dc_xtimesy_len4_0398,sft_train,numeric_equation,docs_numeric_equation_motif_override_traces_syn_ne_appmotif_ba_dc_xtimesy_len4_0398_txt,synthetic,false,train_only
syn_ne_appmotif_ba_dc_xtimesy_len4_0399,sft_train,numeric_equation,docs_numeric_equation_motif_override_traces_syn_ne_appmotif_ba_dc_xtimesy_len4_0399_txt,synthetic,false,train_only
syn_ne_appmotif_ba_dc_xtimesy_len4_0400,sft_train,numeric_equation,docs_numeric_equation_motif_override_traces_syn_ne_appmotif_ba_dc_xtimesy_len4_0400_txt,synthetic,false,train_only
syn_ne_appmotif_ba_dc_xtimesy_len4_0401,sft_train,numeric_equation,docs_numeric_equation_motif_override_traces_syn_ne_appmotif_ba_dc_xtimesy_len4_0401_txt,synthetic,false,train_only
syn_ne_appmotif_ba_dc_xtimesy_len4_0402,sft_train,numeric_equation,docs_numeric_equation_motif_override_traces_syn_ne_appmotif_ba_dc_xtimesy_len4_0402_txt,synthetic,false,train_only
syn_ne_appmotif_ba_dc_xtimesy_len4_0403,sft_train,numeric_equation,docs_numeric_equation_motif_override_traces_syn_ne_appmotif_ba_dc_xtimesy_len4_0403_txt,synthetic,false,train_only
syn_ne_appmotif_ba_dc_xtimesy_len4_0404,sft_train,numeric_equation,docs_numeric_equation_motif_override_traces_syn_ne_appmotif_ba_dc_xtimesy_len4_0404_txt,synthetic,false,train_only
syn_ne_appmotif_ba_dc_xtimesy_len4_0405,sft_train,numeric_equation,docs_numeric_equation_motif_override_traces_syn_ne_appmotif_ba_dc_xtimesy_len4_0405_txt,synthetic,false,train_only
syn_ne_appmotif_ba_dc_xtimesy_len4_0406,sft_train,numeric_equation,docs_numeric_equation_motif_override_traces_syn_ne_appmotif_ba_dc_xtimesy_len4_0406_txt,synthetic,false,train_only
syn_ne_appmotif_ba_dc_xtimesy_len4_0407,sft_train,numeric_equation,docs_numeric_equation_motif_override_traces_syn_ne_appmotif_ba_dc_xtimesy_len4_0407_txt,synthetic,false,train_only
syn_ne_appmotif_ba_dc_xtimesy_len4_0408,sft_train,numeric_equation,docs_numeric_equation_motif_override_traces_syn_ne_appmotif_ba_dc_xtimesy_len4_0408_txt,synthetic,false,train_only
syn_ne_appmotif_ba_dc_xtimesy_len4_0409,sft_train,numeric_equation,docs_numeric_equation_motif_override_traces_syn_ne_appmotif_ba_dc_xtimesy_len4_0409_txt,synthetic,false,train_only
syn_ne_appmotif_ba_dc_xtimesy_len4_0410,sft_train,numeric_equation,docs_numeric_equation_motif_override_traces_syn_ne_appmotif_ba_dc_xtimesy_len4_0410_txt,synthetic,false,train_only
syn_ne_appmotif_ba_dc_xtimesy_len4_0411,sft_train,numeric_equation,docs_numeric_equation_motif_override_traces_syn_ne_appmotif_ba_dc_xtimesy_len4_0411_txt,synthetic,false,train_only
syn_ne_appmotif_ba_dc_xtimesy_len4_0412,sft_train,numeric_equation,docs_numeric_equation_motif_override_traces_syn_ne_appmotif_ba_dc_xtimesy_len4_0412_txt,synthetic,false,train_only
syn_ne_appmotif_ba_dc_xtimesy_len4_0413,sft_train,numeric_equation,docs_numeric_equation_motif_override_traces_syn_ne_appmotif_ba_dc_xtimesy_len4_0413_txt,synthetic,false,train_only
syn_ne_appmotif_ba_dc_xtimesy_len4_0414,sft_train,numeric_equation,docs_numeric_equation_motif_override_traces_syn_ne_appmotif_ba_dc_xtimesy_len4_0414_txt,synthetic,false,train_only
syn_ne_appmotif_ba_dc_xtimesy_len4_0415,sft_train,numeric_equation,docs_numeric_equation_motif_override_traces_syn_ne_appmotif_ba_dc_xtimesy_len4_0415_txt,synthetic,false,train_only
syn_ne_appmotif_ba_dc_xtimesy_len4_0416,sft_train,numeric_equation,docs_numeric_equation_motif_override_traces_syn_ne_appmotif_ba_dc_xtimesy_len4_0416_txt,synthetic,false,train_only
syn_ne_appmotif_ba_dc_xtimesy_len4_0417,sft_train,numeric_equation,docs_numeric_equation_motif_override_traces_syn_ne_appmotif_ba_dc_xtimesy_len4_0417_txt,synthetic,false,train_only
syn_ne_appmotif_ba_dc_xtimesy_len4_0418,sft_train,numeric_equation,docs_numeric_equation_motif_override_traces_syn_ne_appmotif_ba_dc_xtimesy_len4_0418_txt,synthetic,false,train_only
syn_ne_appmotif_ba_dc_xtimesy_len4_0419,sft_train,numeric_equation,docs_numeric_equation_motif_override_traces_syn_ne_appmotif_ba_dc_xtimesy_len4_0419_txt,synthetic,false,train_only
syn_ne_appmotif_ba_dc_xtimesy_len4_0420,sft_train,numeric_equation,docs_numeric_equation_motif_override_traces_syn_ne_appmotif_ba_dc_xtimesy_len4_0420_txt,synthetic,false,train_only
syn_ne_appmotif_ba_dc_xtimesy_len4_0421,sft_train,numeric_equation,docs_numeric_equation_motif_override_traces_syn_ne_appmotif_ba_dc_xtimesy_len4_0421_txt,synthetic,false,train_only
syn_ne_appmotif_ba_dc_xtimesy_len4_0422,sft_train,numeric_equation,docs_numeric_equation_motif_override_traces_syn_ne_appmotif_ba_dc_xtimesy_len4_0422_txt,synthetic,false,train_only
syn_ne_appmotif_ba_dc_xtimesy_len4_0423,sft_train,numeric_equation,docs_numeric_equation_motif_override_traces_syn_ne_appmotif_ba_dc_xtimesy_len4_0423_txt,synthetic,false,train_only
syn_ne_appmotif_ba_dc_xtimesy_len4_0424,sft_train,numeric_equation,docs_numeric_equation_motif_override_traces_syn_ne_appmotif_ba_dc_xtimesy_len4_0424_txt,synthetic,false,train_only
syn_ne_appmotif_ba_dc_xtimesy_len4_0425,sft_train,numeric_equation,docs_numeric_equation_motif_override_traces_syn_ne_appmotif_ba_dc_xtimesy_len4_0425_txt,synthetic,false,train_only
syn_ne_appmotif_ba_dc_xtimesy_len4_0426,sft_train,numeric_equation,docs_numeric_equation_motif_override_traces_syn_ne_appmotif_ba_dc_xtimesy_len4_0426_txt,synthetic,false,train_only
syn_ne_appmotif_ba_dc_xtimesy_len4_0427,sft_train,numeric_equation,docs_numeric_equation_motif_override_traces_syn_ne_appmotif_ba_dc_xtimesy_len4_0427_txt,synthetic,false,train_only
syn_ne_appmotif_ba_dc_xtimesy_len4_0428,sft_train,numeric_equation,docs_numeric_equation_motif_override_traces_syn_ne_appmotif_ba_dc_xtimesy_len4_0428_txt,synthetic,false,train_only
syn_ne_appmotif_ba_dc_xtimesy_len4_0429,sft_train,numeric_equation,docs_numeric_equation_motif_override_traces_syn_ne_appmotif_ba_dc_xtimesy_len4_0429_txt,synthetic,false,train_only
syn_ne_appmotif_ba_dc_xtimesy_len4_0430,sft_train,numeric_equation,docs_numeric_equation_motif_override_traces_syn_ne_appmotif_ba_dc_xtimesy_len4_0430_txt,synthetic,false,train_only
syn_ne_appmotif_ba_dc_xtimesy_len4_0431,sft_train,numeric_equation,docs_numeric_equation_motif_override_traces_syn_ne_appmotif_ba_dc_xtimesy_len4_0431_txt,synthetic,false,train_only
syn_ne_appmotif_ba_dc_xtimesy_len4_0432,sft_train,numeric_equation,docs_numeric_equation_motif_override_traces_syn_ne_appmotif_ba_dc_xtimesy_len4_0432_txt,synthetic,false,train_only
syn_ne_appmotif_ba_dc_xtimesy_len4_0433,sft_train,numeric_equation,docs_numeric_equation_motif_override_traces_syn_ne_appmotif_ba_dc_xtimesy_len4_0433_txt,synthetic,false,train_only
syn_ne_appmotif_ba_dc_xtimesy_len4_0434,sft_train,numeric_equation,docs_numeric_equation_motif_override_traces_syn_ne_appmotif_ba_dc_xtimesy_len4_0434_txt,synthetic,false,train_only
syn_ne_appmotif_ba_dc_xtimesy_len4_0435,sft_train,numeric_equation,docs_numeric_equation_motif_override_traces_syn_ne_appmotif_ba_dc_xtimesy_len4_0435_txt,synthetic,false,train_only
syn_ne_appmotif_ba_dc_xtimesy_len4_0436,sft_train,numeric_equation,docs_numeric_equation_motif_override_traces_syn_ne_appmotif_ba_dc_xtimesy_len4_0436_txt,synthetic,false,train_only
syn_ne_appmotif_ba_dc_xtimesy_len4_0437,sft_train,numeric_equation,docs_numeric_equation_motif_override_traces_syn_ne_appmotif_ba_dc_xtimesy_len4_0437_txt,synthetic,false,train_only
syn_ne_appmotif_ba_dc_xtimesy_len4_0438,sft_train,numeric_equation,docs_numeric_equation_motif_override_traces_syn_ne_appmotif_ba_dc_xtimesy_len4_0438_txt,synthetic,false,train_only
syn_ne_appmotif_ba_dc_xtimesy_len4_0439,sft_train,numeric_equation,docs_numeric_equation_motif_override_traces_syn_ne_appmotif_ba_dc_xtimesy_len4_0439_txt,synthetic,false,train_only
syn_ne_appmotif_ba_dc_xtimesy_len4_0440,sft_train,numeric_equation,docs_numeric_equation_motif_override_traces_syn_ne_appmotif_ba_dc_xtimesy_len4_0440_txt,synthetic,false,train_only
syn_ne_appmotif_ba_dc_xtimesy_len4_0441,sft_train,numeric_equation,docs_numeric_equation_motif_override_traces_syn_ne_appmotif_ba_dc_xtimesy_len4_0441_txt,synthetic,false,train_only
syn_ne_appmotif_ba_dc_xtimesy_len4_0442,sft_train,numeric_equation,docs_numeric_equation_motif_override_traces_syn_ne_appmotif_ba_dc_xtimesy_len4_0442_txt,synthetic,false,train_only
syn_ne_appmotif_ba_dc_xtimesy_len4_0443,sft_train,numeric_equation,docs_numeric_equation_motif_override_traces_syn_ne_appmotif_ba_dc_xtimesy_len4_0443_txt,synthetic,false,train_only
syn_ne_appmotif_ba_dc_xtimesy_len4_0444,sft_train,numeric_equation,docs_numeric_equation_motif_override_traces_syn_ne_appmotif_ba_dc_xtimesy_len4_0444_txt,synthetic,false,train_only
syn_ne_appmotif_ba_dc_xtimesy_len4_0445,sft_train,numeric_equation,docs_numeric_equation_motif_override_traces_syn_ne_appmotif_ba_dc_xtimesy_len4_0445_txt,synthetic,false,train_only
syn_ne_appmotif_ba_dc_xtimesy_len4_0446,sft_train,numeric_equation,docs_numeric_equation_motif_override_traces_syn_ne_appmotif_ba_dc_xtimesy_len4_0446_txt,synthetic,false,train_only
syn_ne_appmotif_ba_dc_xtimesy_len4_0447,sft_train,numeric_equation,docs_numeric_equation_motif_override_traces_syn_ne_appmotif_ba_dc_xtimesy_len4_0447_txt,synthetic,false,train_only
syn_ne_appmotif_ba_dc_xtimesy_len4_0448,sft_train,numeric_equation,docs_numeric_equation_motif_override_traces_syn_ne_appmotif_ba_dc_xtimesy_len4_0448_txt,synthetic,false,train_only
syn_ne_appmotif_ba_dc_xtimesy_len4_0449,sft_train,numeric_equation,docs_numeric_equation_motif_override_traces_syn_ne_appmotif_ba_dc_xtimesy_len4_0449_txt,synthetic,false,train_only
syn_ne_appmotif_ba_dc_xtimesy_len4_0450,sft_train,numeric_equation,docs_numeric_equation_motif_override_traces_syn_ne_appmotif_ba_dc_xtimesy_len4_0450_txt,synthetic,false,train_only
syn_ne_appmotif_ba_dc_xtimesy_len4_0451,sft_train,numeric_equation,docs_numeric_equation_motif_override_traces_syn_ne_appmotif_ba_dc_xtimesy_len4_0451_txt,synthetic,false,train_only
syn_ne_appmotif_ba_dc_xtimesy_len4_0452,sft_train,numeric_equation,docs_numeric_equation_motif_override_traces_syn_ne_appmotif_ba_dc_xtimesy_len4_0452_txt,synthetic,false,train_only
syn_ne_appmotif_ba_dc_xtimesy_len4_0453,sft_train,numeric_equation,docs_numeric_equation_motif_override_traces_syn_ne_appmotif_ba_dc_xtimesy_len4_0453_txt,synthetic,false,train_only
syn_ne_appmotif_ba_dc_xtimesy_len4_0454,sft_train,numeric_equation,docs_numeric_equation_motif_override_traces_syn_ne_appmotif_ba_dc_xtimesy_len4_0454_txt,synthetic,false,train_only
syn_ne_appmotif_ba_dc_xtimesy_len4_0455,sft_train,numeric_equation,docs_numeric_equation_motif_override_traces_syn_ne_appmotif_ba_dc_xtimesy_len4_0455_txt,synthetic,false,train_only
syn_ne_appmotif_ba_dc_xtimesy_len4_0456,sft_train,numeric_equation,docs_numeric_equation_motif_override_traces_syn_ne_appmotif_ba_dc_xtimesy_len4_0456_txt,synthetic,false,train_only
syn_ne_appmotif_ba_dc_xtimesy_len4_0457,sft_train,numeric_equation,docs_numeric_equation_motif_override_traces_syn_ne_appmotif_ba_dc_xtimesy_len4_0457_txt,synthetic,false,train_only
syn_ne_appmotif_ba_dc_xtimesy_len4_0458,sft_train,numeric_equation,docs_numeric_equation_motif_override_traces_syn_ne_appmotif_ba_dc_xtimesy_len4_0458_txt,synthetic,false,train_only
syn_ne_appmotif_ba_dc_xtimesy_len4_0459,sft_train,numeric_equation,docs_numeric_equation_motif_override_traces_syn_ne_appmotif_ba_dc_xtimesy_len4_0459_txt,synthetic,false,train_only
syn_ne_appmotif_ba_dc_xtimesy_len4_0460,sft_train,numeric_equation,docs_numeric_equation_motif_override_traces_syn_ne_appmotif_ba_dc_xtimesy_len4_0460_txt,synthetic,false,train_only
syn_ne_appmotif_ba_dc_xtimesy_len4_0461,sft_train,numeric_equation,docs_numeric_equation_motif_override_traces_syn_ne_appmotif_ba_dc_xtimesy_len4_0461_txt,synthetic,false,train_only
syn_ne_appmotif_ba_dc_xtimesy_len4_0462,sft_train,numeric_equation,docs_numeric_equation_motif_override_traces_syn_ne_appmotif_ba_dc_xtimesy_len4_0462_txt,synthetic,false,train_only
syn_ne_appmotif_ba_dc_xtimesy_len4_0463,sft_train,numeric_equation,docs_numeric_equation_motif_override_traces_syn_ne_appmotif_ba_dc_xtimesy_len4_0463_txt,synthetic,false,train_only
syn_ne_appmotif_ba_dc_xtimesy_len4_0464,sft_train,numeric_equation,docs_numeric_equation_motif_override_traces_syn_ne_appmotif_ba_dc_xtimesy_len4_0464_txt,synthetic,false,train_only
syn_ne_appmotif_ba_dc_xtimesy_len4_0465,sft_train,numeric_equation,docs_numeric_equation_motif_override_traces_syn_ne_appmotif_ba_dc_xtimesy_len4_0465_txt,synthetic,false,train_only
syn_ne_appmotif_ba_dc_xtimesy_len4_0466,sft_train,numeric_equation,docs_numeric_equation_motif_override_traces_syn_ne_appmotif_ba_dc_xtimesy_len4_0466_txt,synthetic,false,train_only
syn_ne_appmotif_ba_dc_xtimesy_len4_0467,sft_train,numeric_equation,docs_numeric_equation_motif_override_traces_syn_ne_appmotif_ba_dc_xtimesy_len4_0467_txt,synthetic,false,train_only
syn_ne_appmotif_ba_dc_xtimesy_len4_0468,sft_train,numeric_equation,docs_numeric_equation_motif_override_traces_syn_ne_appmotif_ba_dc_xtimesy_len4_0468_txt,synthetic,false,train_only
syn_ne_appmotif_ba_dc_xtimesy_len4_0469,sft_train,numeric_equation,docs_numeric_equation_motif_override_traces_syn_ne_appmotif_ba_dc_xtimesy_len4_0469_txt,synthetic,false,train_only
syn_ne_appmotif_ba_dc_xtimesy_len4_0470,sft_train,numeric_equation,docs_numeric_equation_motif_override_traces_syn_ne_appmotif_ba_dc_xtimesy_len4_0470_txt,synthetic,false,train_only
syn_ne_appmotif_ba_dc_xtimesy_len4_0471,sft_train,numeric_equation,docs_numeric_equation_motif_override_traces_syn_ne_appmotif_ba_dc_xtimesy_len4_0471_txt,synthetic,false,train_only
syn_ne_appmotif_ba_dc_xtimesy_len4_0472,sft_train,numeric_equation,docs_numeric_equation_motif_override_traces_syn_ne_appmotif_ba_dc_xtimesy_len4_0472_txt,synthetic,false,train_only
syn_ne_appmotif_ba_dc_xtimesy_len4_0473,sft_train,numeric_equation,docs_numeric_equation_motif_override_traces_syn_ne_appmotif_ba_dc_xtimesy_len4_0473_txt,synthetic,false,train_only
syn_ne_appmotif_ba_dc_xtimesy_len4_0474,sft_train,numeric_equation,docs_numeric_equation_motif_override_traces_syn_ne_appmotif_ba_dc_xtimesy_len4_0474_txt,synthetic,false,train_only
syn_ne_appmotif_ba_dc_xtimesy_len4_0475,sft_train,numeric_equation,docs_numeric_equation_motif_override_traces_syn_ne_appmotif_ba_dc_xtimesy_len4_0475_txt,synthetic,false,train_only
syn_ne_appmotif_ba_dc_xtimesy_len4_0476,sft_train,numeric_equation,docs_numeric_equation_motif_override_traces_syn_ne_appmotif_ba_dc_xtimesy_len4_0476_txt,synthetic,false,train_only
syn_ne_appmotif_ba_dc_xtimesy_len4_0477,sft_train,numeric_equation,docs_numeric_equation_motif_override_traces_syn_ne_appmotif_ba_dc_xtimesy_len4_0477_txt,synthetic,false,train_only
syn_ne_appmotif_ba_dc_xtimesy_len4_0478,sft_train,numeric_equation,docs_numeric_equation_motif_override_traces_syn_ne_appmotif_ba_dc_xtimesy_len4_0478_txt,synthetic,false,train_only
syn_ne_appmotif_ba_dc_xtimesy_len4_0479,sft_train,numeric_equation,docs_numeric_equation_motif_override_traces_syn_ne_appmotif_ba_dc_xtimesy_len4_0479_txt,synthetic,false,train_only
syn_ne_appmotif_ba_dc_xtimesy_len4_0480,sft_train,numeric_equation,docs_numeric_equation_motif_override_traces_syn_ne_appmotif_ba_dc_xtimesy_len4_0480_txt,synthetic,false,train_only
syn_ne_appmotif_ba_dc_xtimesy_len4_0481,sft_train,numeric_equation,docs_numeric_equation_motif_override_traces_syn_ne_appmotif_ba_dc_xtimesy_len4_0481_txt,synthetic,false,train_only
syn_ne_appmotif_ba_dc_xtimesy_len4_0482,sft_train,numeric_equation,docs_numeric_equation_motif_override_traces_syn_ne_appmotif_ba_dc_xtimesy_len4_0482_txt,synthetic,false,train_only
syn_ne_appmotif_ba_dc_xtimesy_len4_0483,sft_train,numeric_equation,docs_numeric_equation_motif_override_traces_syn_ne_appmotif_ba_dc_xtimesy_len4_0483_txt,synthetic,false,train_only
syn_ne_appmotif_ba_dc_xtimesyminus1_len4_0547,sft_train,numeric_equation,docs_numeric_equation_motif_override_traces_syn_ne_appmotif_ba_dc_xtimesyminus1_len4_0547_txt,synthetic,false,train_only
syn_ne_appmotif_ba_dc_xtimesyminus1_len4_0548,sft_train,numeric_equation,docs_numeric_equation_motif_override_traces_syn_ne_appmotif_ba_dc_xtimesyminus1_len4_0548_txt,synthetic,false,train_only
syn_ne_appmotif_ba_dc_xtimesyminus1_len4_0549,sft_train,numeric_equation,docs_numeric_equation_motif_override_traces_syn_ne_appmotif_ba_dc_xtimesyminus1_len4_0549_txt,synthetic,false,train_only
syn_ne_appmotif_ba_dc_xtimesyminus1_len4_0550,sft_train,numeric_equation,docs_numeric_equation_motif_override_traces_syn_ne_appmotif_ba_dc_xtimesyminus1_len4_0550_txt,synthetic,false,train_only
syn_ne_appmotif_ba_dc_xtimesyminus1_len4_0551,sft_train,numeric_equation,docs_numeric_equation_motif_override_traces_syn_ne_appmotif_ba_dc_xtimesyminus1_len4_0551_txt,synthetic,false,train_only
syn_ne_appmotif_ba_dc_xtimesyminus1_len4_0552,sft_train,numeric_equation,docs_numeric_equation_motif_override_traces_syn_ne_appmotif_ba_dc_xtimesyminus1_len4_0552_txt,synthetic,false,train_only
syn_ne_appmotif_ba_dc_xtimesyminus1_len4_0553,sft_train,numeric_equation,docs_numeric_equation_motif_override_traces_syn_ne_appmotif_ba_dc_xtimesyminus1_len4_0553_txt,synthetic,false,train_only
syn_ne_appmotif_ba_dc_xtimesyminus1_len4_0554,sft_train,numeric_equation,docs_numeric_equation_motif_override_traces_syn_ne_appmotif_ba_dc_xtimesyminus1_len4_0554_txt,synthetic,false,train_only
syn_ne_appmotif_ba_dc_xtimesyminus1_len4_0555,sft_train,numeric_equation,docs_numeric_equation_motif_override_traces_syn_ne_appmotif_ba_dc_xtimesyminus1_len4_0555_txt,synthetic,false,train_only
syn_ne_appmotif_ba_dc_xtimesyminus1_len4_0556,sft_train,numeric_equation,docs_numeric_equation_motif_override_traces_syn_ne_appmotif_ba_dc_xtimesyminus1_len4_0556_txt,synthetic,false,train_only
syn_ne_appmotif_ba_dc_xtimesyminus1_len4_0557,sft_train,numeric_equation,docs_numeric_equation_motif_override_traces_syn_ne_appmotif_ba_dc_xtimesyminus1_len4_0557_txt,synthetic,false,train_only
syn_ne_appmotif_ba_dc_xtimesyminus1_len4_0558,sft_train,numeric_equation,docs_numeric_equation_motif_override_traces_syn_ne_appmotif_ba_dc_xtimesyminus1_len4_0558_txt,synthetic,false,train_only
syn_ne_appmotif_ba_dc_xtimesyminus1_len4_0559,sft_train,numeric_equation,docs_numeric_equation_motif_override_traces_syn_ne_appmotif_ba_dc_xtimesyminus1_len4_0559_txt,synthetic,false,train_only
syn_ne_appmotif_ba_dc_xtimesyminus1_len4_0560,sft_train,numeric_equation,docs_numeric_equation_motif_override_traces_syn_ne_appmotif_ba_dc_xtimesyminus1_len4_0560_txt,synthetic,false,train_only
syn_ne_appmotif_ba_dc_xtimesyminus1_len4_0561,sft_train,numeric_equation,docs_numeric_equation_motif_override_traces_syn_ne_appmotif_ba_dc_xtimesyminus1_len4_0561_txt,synthetic,false,train_only
syn_ne_appmotif_ba_dc_xtimesyminus1_len4_0562,sft_train,numeric_equation,docs_numeric_equation_motif_override_traces_syn_ne_appmotif_ba_dc_xtimesyminus1_len4_0562_txt,synthetic,false,train_only
syn_ne_appmotif_ba_dc_xtimesyminus1_len4_0563,sft_train,numeric_equation,docs_numeric_equation_motif_override_traces_syn_ne_appmotif_ba_dc_xtimesyminus1_len4_0563_txt,synthetic,false,train_only
syn_ne_appmotif_ba_dc_xtimesyminus1_len4_0564,sft_train,numeric_equation,docs_numeric_equation_motif_override_traces_syn_ne_appmotif_ba_dc_xtimesyminus1_len4_0564_txt,synthetic,false,train_only
syn_ne_appmotif_ba_dc_xtimesyminus1_len4_0565,sft_train,numeric_equation,docs_numeric_equation_motif_override_traces_syn_ne_appmotif_ba_dc_xtimesyminus1_len4_0565_txt,synthetic,false,train_only
syn_ne_appmotif_ba_dc_xtimesyminus1_len4_0566,sft_train,numeric_equation,docs_numeric_equation_motif_override_traces_syn_ne_appmotif_ba_dc_xtimesyminus1_len4_0566_txt,synthetic,false,train_only
syn_ne_appmotif_ba_dc_xtimesyminus1_len4_0567,sft_train,numeric_equation,docs_numeric_equation_motif_override_traces_syn_ne_appmotif_ba_dc_xtimesyminus1_len4_0567_txt,synthetic,false,train_only
syn_ne_appmotif_ba_dc_xtimesyminus1_len4_0568,sft_train,numeric_equation,docs_numeric_equation_motif_override_traces_syn_ne_appmotif_ba_dc_xtimesyminus1_len4_0568_txt,synthetic,false,train_only
syn_ne_appmotif_ba_dc_xtimesyminus1_len4_0569,sft_train,numeric_equation,docs_numeric_equation_motif_override_traces_syn_ne_appmotif_ba_dc_xtimesyminus1_len4_0569_txt,synthetic,false,train_only
syn_ne_appmotif_ba_dc_xtimesyminus1_len4_0570,sft_train,numeric_equation,docs_numeric_equation_motif_override_traces_syn_ne_appmotif_ba_dc_xtimesyminus1_len4_0570_txt,synthetic,false,train_only
syn_ne_appmotif_ba_dc_xtimesyminus1_len4_0571,sft_train,numeric_equation,docs_numeric_equation_motif_override_traces_syn_ne_appmotif_ba_dc_xtimesyminus1_len4_0571_txt,synthetic,false,train_only
syn_ne_appmotif_ba_dc_xtimesyminus1_len4_0572,sft_train,numeric_equation,docs_numeric_equation_motif_override_traces_syn_ne_appmotif_ba_dc_xtimesyminus1_len4_0572_txt,synthetic,false,train_only
syn_ne_appmotif_ba_dc_xtimesyminus1_len4_0573,sft_train,numeric_equation,docs_numeric_equation_motif_override_traces_syn_ne_appmotif_ba_dc_xtimesyminus1_len4_0573_txt,synthetic,false,train_only
syn_ne_appmotif_ba_dc_xtimesyminus1_len4_0574,sft_train,numeric_equation,docs_numeric_equation_motif_override_traces_syn_ne_appmotif_ba_dc_xtimesyminus1_len4_0574_txt,synthetic,false,train_only
syn_ne_appmotif_ba_dc_xtimesyminus1_len4_0575,sft_train,numeric_equation,docs_numeric_equation_motif_override_traces_syn_ne_appmotif_ba_dc_xtimesyminus1_len4_0575_txt,synthetic,false,train_only
syn_ne_appmotif_ba_dc_xtimesyminus1_len4_0576,sft_train,numeric_equation,docs_numeric_equation_motif_override_traces_syn_ne_appmotif_ba_dc_xtimesyminus1_len4_0576_txt,synthetic,false,train_only
syn_ne_appmotif_ba_dc_xtimesyminus1_len4_0577,sft_train,numeric_equation,docs_numeric_equation_motif_override_traces_syn_ne_appmotif_ba_dc_xtimesyminus1_len4_0577_txt,synthetic,false,train_only
syn_ne_appmotif_ba_dc_xtimesyminus1_len4_0578,sft_train,numeric_equation,docs_numeric_equation_motif_override_traces_syn_ne_appmotif_ba_dc_xtimesyminus1_len4_0578_txt,synthetic,false,train_only
syn_ne_appmotif_ba_dc_xtimesyminus1_len4_0579,sft_train,numeric_equation,docs_numeric_equation_motif_override_traces_syn_ne_appmotif_ba_dc_xtimesyminus1_len4_0579_txt,synthetic,false,train_only
syn_ne_appmotif_ba_dc_xtimesyminus1_len4_0580,sft_train,numeric_equation,docs_numeric_equation_motif_override_traces_syn_ne_appmotif_ba_dc_xtimesyminus1_len4_0580_txt,synthetic,false,train_only
syn_ne_appmotif_ba_dc_xtimesyminus1_len4_0581,sft_train,numeric_equation,docs_numeric_equation_motif_override_traces_syn_ne_appmotif_ba_dc_xtimesyminus1_len4_0581_txt,synthetic,false,train_only
syn_ne_appmotif_ba_dc_xtimesyminus1_len4_0582,sft_train,numeric_equation,docs_numeric_equation_motif_override_traces_syn_ne_appmotif_ba_dc_xtimesyminus1_len4_0582_txt,synthetic,false,train_only
syn_ne_appmotif_ba_dc_xtimesyminus1_len4_0583,sft_train,numeric_equation,docs_numeric_equation_motif_override_traces_syn_ne_appmotif_ba_dc_xtimesyminus1_len4_0583_txt,synthetic,false,train_only
syn_ne_appmotif_ba_dc_xtimesyminus1_len4_0584,sft_train,numeric_equation,docs_numeric_equation_motif_override_traces_syn_ne_appmotif_ba_dc_xtimesyminus1_len4_0584_txt,synthetic,false,train_only
syn_ne_appmotif_ba_dc_xtimesyminus1_len4_0585,sft_train,numeric_equation,docs_numeric_equation_motif_override_traces_syn_ne_appmotif_ba_dc_xtimesyminus1_len4_0585_txt,synthetic,false,train_only
syn_ne_appmotif_ba_dc_xtimesyplus1_len3_0484,sft_train,numeric_equation,docs_numeric_equation_motif_override_traces_syn_ne_appmotif_ba_dc_xtimesyplus1_len3_0484_txt,synthetic,false,train_only
syn_ne_appmotif_ba_dc_xtimesyplus1_len3_0485,sft_train,numeric_equation,docs_numeric_equation_motif_override_traces_syn_ne_appmotif_ba_dc_xtimesyplus1_len3_0485_txt,synthetic,false,train_only
syn_ne_appmotif_ba_dc_xtimesyplus1_len3_0486,sft_train,numeric_equation,docs_numeric_equation_motif_override_traces_syn_ne_appmotif_ba_dc_xtimesyplus1_len3_0486_txt,synthetic,false,train_only
syn_ne_appmotif_ba_dc_xtimesyplus1_len3_0487,sft_train,numeric_equation,docs_numeric_equation_motif_override_traces_syn_ne_appmotif_ba_dc_xtimesyplus1_len3_0487_txt,synthetic,false,train_only
syn_ne_appmotif_ba_dc_xtimesyplus1_len3_0488,sft_train,numeric_equation,docs_numeric_equation_motif_override_traces_syn_ne_appmotif_ba_dc_xtimesyplus1_len3_0488_txt,synthetic,false,train_only
syn_ne_appmotif_ba_dc_xtimesyplus1_len3_0489,sft_train,numeric_equation,docs_numeric_equation_motif_override_traces_syn_ne_appmotif_ba_dc_xtimesyplus1_len3_0489_txt,synthetic,false,train_only
syn_ne_appmotif_ba_dc_xtimesyplus1_len3_0490,sft_train,numeric_equation,docs_numeric_equation_motif_override_traces_syn_ne_appmotif_ba_dc_xtimesyplus1_len3_0490_txt,synthetic,false,train_only
syn_ne_appmotif_ba_dc_xtimesyplus1_len3_0491,sft_train,numeric_equation,docs_numeric_equation_motif_override_traces_syn_ne_appmotif_ba_dc_xtimesyplus1_len3_0491_txt,synthetic,false,train_only
syn_ne_appmotif_ba_dc_xtimesyplus1_len4_0492,sft_train,numeric_equation,docs_numeric_equation_motif_override_traces_syn_ne_appmotif_ba_dc_xtimesyplus1_len4_0492_txt,synthetic,false,train_only
syn_ne_appmotif_ba_dc_xtimesyplus1_len4_0493,sft_train,numeric_equation,docs_numeric_equation_motif_override_traces_syn_ne_appmotif_ba_dc_xtimesyplus1_len4_0493_txt,synthetic,false,train_only
syn_ne_appmotif_ba_dc_xtimesyplus1_len4_0494,sft_train,numeric_equation,docs_numeric_equation_motif_override_traces_syn_ne_appmotif_ba_dc_xtimesyplus1_len4_0494_txt,synthetic,false,train_only
syn_ne_appmotif_ba_dc_xtimesyplus1_len4_0495,sft_train,numeric_equation,docs_numeric_equation_motif_override_traces_syn_ne_appmotif_ba_dc_xtimesyplus1_len4_0495_txt,synthetic,false,train_only
syn_ne_appmotif_ba_dc_xtimesyplus1_len4_0496,sft_train,numeric_equation,docs_numeric_equation_motif_override_traces_syn_ne_appmotif_ba_dc_xtimesyplus1_len4_0496_txt,synthetic,false,train_only
syn_ne_appmotif_ba_dc_xtimesyplus1_len4_0497,sft_train,numeric_equation,docs_numeric_equation_motif_override_traces_syn_ne_appmotif_ba_dc_xtimesyplus1_len4_0497_txt,synthetic,false,train_only
syn_ne_appmotif_ba_dc_xtimesyplus1_len4_0498,sft_train,numeric_equation,docs_numeric_equation_motif_override_traces_syn_ne_appmotif_ba_dc_xtimesyplus1_len4_0498_txt,synthetic,false,train_only
syn_ne_appmotif_ba_dc_xtimesyplus1_len4_0499,sft_train,numeric_equation,docs_numeric_equation_motif_override_traces_syn_ne_appmotif_ba_dc_xtimesyplus1_len4_0499_txt,synthetic,false,train_only
syn_ne_appmotif_ba_dc_xtimesyplus1_len4_0500,sft_train,numeric_equation,docs_numeric_equation_motif_override_traces_syn_ne_appmotif_ba_dc_xtimesyplus1_len4_0500_txt,synthetic,false,train_only
syn_ne_appmotif_ba_dc_xtimesyplus1_len4_0501,sft_train,numeric_equation,docs_numeric_equation_motif_override_traces_syn_ne_appmotif_ba_dc_xtimesyplus1_len4_0501_txt,synthetic,false,train_only
syn_ne_appmotif_ba_dc_xtimesyplus1_len4_0502,sft_train,numeric_equation,docs_numeric_equation_motif_override_traces_syn_ne_appmotif_ba_dc_xtimesyplus1_len4_0502_txt,synthetic,false,train_only
syn_ne_appmotif_ba_dc_xtimesyplus1_len4_0503,sft_train,numeric_equation,docs_numeric_equation_motif_override_traces_syn_ne_appmotif_ba_dc_xtimesyplus1_len4_0503_txt,synthetic,false,train_only
syn_ne_appmotif_ba_dc_xtimesyplus1_len4_0504,sft_train,numeric_equation,docs_numeric_equation_motif_override_traces_syn_ne_appmotif_ba_dc_xtimesyplus1_len4_0504_txt,synthetic,false,train_only
syn_ne_appmotif_ba_dc_xtimesyplus1_len4_0505,sft_train,numeric_equation,docs_numeric_equation_motif_override_traces_syn_ne_appmotif_ba_dc_xtimesyplus1_len4_0505_txt,synthetic,false,train_only
syn_ne_appmotif_ba_dc_xtimesyplus1_len4_0506,sft_train,numeric_equation,docs_numeric_equation_motif_override_traces_syn_ne_appmotif_ba_dc_xtimesyplus1_len4_0506_txt,synthetic,false,train_only
syn_ne_appmotif_ba_dc_xtimesyplus1_len4_0507,sft_train,numeric_equation,docs_numeric_equation_motif_override_traces_syn_ne_appmotif_ba_dc_xtimesyplus1_len4_0507_txt,synthetic,false,train_only
syn_ne_appmotif_ba_dc_xtimesyplus1_len4_0508,sft_train,numeric_equation,docs_numeric_equation_motif_override_traces_syn_ne_appmotif_ba_dc_xtimesyplus1_len4_0508_txt,synthetic,false,train_only
syn_ne_appmotif_ba_dc_xtimesyplus1_len4_0509,sft_train,numeric_equation,docs_numeric_equation_motif_override_traces_syn_ne_appmotif_ba_dc_xtimesyplus1_len4_0509_txt,synthetic,false,train_only
syn_ne_appmotif_ba_dc_xtimesyplus1_len4_0510,sft_train,numeric_equation,docs_numeric_equation_motif_override_traces_syn_ne_appmotif_ba_dc_xtimesyplus1_len4_0510_txt,synthetic,false,train_only
syn_ne_appmotif_ba_dc_xtimesyplus1_len4_0511,sft_train,numeric_equation,docs_numeric_equation_motif_override_traces_syn_ne_appmotif_ba_dc_xtimesyplus1_len4_0511_txt,synthetic,false,train_only
syn_ne_appmotif_ba_dc_xtimesyplus1_len4_0512,sft_train,numeric_equation,docs_numeric_equation_motif_override_traces_syn_ne_appmotif_ba_dc_xtimesyplus1_len4_0512_txt,synthetic,false,train_only
syn_ne_appmotif_ba_dc_xtimesyplus1_len4_0513,sft_train,numeric_equation,docs_numeric_equation_motif_override_traces_syn_ne_appmotif_ba_dc_xtimesyplus1_len4_0513_txt,synthetic,false,train_only
syn_ne_appmotif_ba_dc_xtimesyplus1_len4_0514,sft_train,numeric_equation,docs_numeric_equation_motif_override_traces_syn_ne_appmotif_ba_dc_xtimesyplus1_len4_0514_txt,synthetic,false,train_only
syn_ne_appmotif_ba_dc_xtimesyplus1_len4_0515,sft_train,numeric_equation,docs_numeric_equation_motif_override_traces_syn_ne_appmotif_ba_dc_xtimesyplus1_len4_0515_txt,synthetic,false,train_only
syn_ne_appmotif_ba_dc_xtimesyplus1_len4_0516,sft_train,numeric_equation,docs_numeric_equation_motif_override_traces_syn_ne_appmotif_ba_dc_xtimesyplus1_len4_0516_txt,synthetic,false,train_only
syn_ne_appmotif_ba_dc_xtimesyplus1_len4_0517,sft_train,numeric_equation,docs_numeric_equation_motif_override_traces_syn_ne_appmotif_ba_dc_xtimesyplus1_len4_0517_txt,synthetic,false,train_only
syn_ne_appmotif_ba_dc_xtimesyplus1_len4_0518,sft_train,numeric_equation,docs_numeric_equation_motif_override_traces_syn_ne_appmotif_ba_dc_xtimesyplus1_len4_0518_txt,synthetic,false,train_only
syn_ne_appmotif_ba_dc_xtimesyplus1_len4_0519,sft_train,numeric_equation,docs_numeric_equation_motif_override_traces_syn_ne_appmotif_ba_dc_xtimesyplus1_len4_0519_txt,synthetic,false,train_only
syn_ne_appmotif_ba_dc_xtimesyplus1_len4_0520,sft_train,numeric_equation,docs_numeric_equation_motif_override_traces_syn_ne_appmotif_ba_dc_xtimesyplus1_len4_0520_txt,synthetic,false,train_only
syn_ne_appmotif_ba_dc_xtimesyplus1_len4_0521,sft_train,numeric_equation,docs_numeric_equation_motif_override_traces_syn_ne_appmotif_ba_dc_xtimesyplus1_len4_0521_txt,synthetic,false,train_only
syn_ne_appmotif_ba_dc_xtimesyplus1_len4_0522,sft_train,numeric_equation,docs_numeric_equation_motif_override_traces_syn_ne_appmotif_ba_dc_xtimesyplus1_len4_0522_txt,synthetic,false,train_only
syn_ne_appmotif_ba_dc_xtimesyplus1_len4_0523,sft_train,numeric_equation,docs_numeric_equation_motif_override_traces_syn_ne_appmotif_ba_dc_xtimesyplus1_len4_0523_txt,synthetic,false,train_only
syn_ne_appmotif_ba_dc_xtimesyplus1_len4_0524,sft_train,numeric_equation,docs_numeric_equation_motif_override_traces_syn_ne_appmotif_ba_dc_xtimesyplus1_len4_0524_txt,synthetic,false,train_only
syn_ne_appmotif_ba_dc_xtimesyplus1_len4_0525,sft_train,numeric_equation,docs_numeric_equation_motif_override_traces_syn_ne_appmotif_ba_dc_xtimesyplus1_len4_0525_txt,synthetic,false,train_only
syn_ne_appmotif_ba_dc_xtimesyplus1_len4_0526,sft_train,numeric_equation,docs_numeric_equation_motif_override_traces_syn_ne_appmotif_ba_dc_xtimesyplus1_len4_0526_txt,synthetic,false,train_only
syn_ne_appmotif_ba_dc_xtimesyplus1_len4_0527,sft_train,numeric_equation,docs_numeric_equation_motif_override_traces_syn_ne_appmotif_ba_dc_xtimesyplus1_len4_0527_txt,synthetic,false,train_only
syn_ne_appmotif_ba_dc_xtimesyplus1_len4_0528,sft_train,numeric_equation,docs_numeric_equation_motif_override_traces_syn_ne_appmotif_ba_dc_xtimesyplus1_len4_0528_txt,synthetic,false,train_only
syn_ne_appmotif_ba_dc_xtimesyplus1_len4_0529,sft_train,numeric_equation,docs_numeric_equation_motif_override_traces_syn_ne_appmotif_ba_dc_xtimesyplus1_len4_0529_txt,synthetic,false,train_only
syn_ne_appmotif_ba_dc_xtimesyplus1_len4_0530,sft_train,numeric_equation,docs_numeric_equation_motif_override_traces_syn_ne_appmotif_ba_dc_xtimesyplus1_len4_0530_txt,synthetic,false,train_only
syn_ne_appmotif_ba_dc_xtimesyplus1_len4_0531,sft_train,numeric_equation,docs_numeric_equation_motif_override_traces_syn_ne_appmotif_ba_dc_xtimesyplus1_len4_0531_txt,synthetic,false,train_only
syn_ne_appmotif_ba_dc_xtimesyplus1_len4_0532,sft_train,numeric_equation,docs_numeric_equation_motif_override_traces_syn_ne_appmotif_ba_dc_xtimesyplus1_len4_0532_txt,synthetic,false,train_only
syn_ne_appmotif_ba_dc_xtimesyplus1_len4_0533,sft_train,numeric_equation,docs_numeric_equation_motif_override_traces_syn_ne_appmotif_ba_dc_xtimesyplus1_len4_0533_txt,synthetic,false,train_only
syn_ne_appmotif_ba_dc_xtimesyplus1_len4_0534,sft_train,numeric_equation,docs_numeric_equation_motif_override_traces_syn_ne_appmotif_ba_dc_xtimesyplus1_len4_0534_txt,synthetic,false,train_only
syn_ne_appmotif_ba_dc_xtimesyplus1_len4_0535,sft_train,numeric_equation,docs_numeric_equation_motif_override_traces_syn_ne_appmotif_ba_dc_xtimesyplus1_len4_0535_txt,synthetic,false,train_only
syn_ne_appmotif_ba_dc_xtimesyplus1_len4_0536,sft_train,numeric_equation,docs_numeric_equation_motif_override_traces_syn_ne_appmotif_ba_dc_xtimesyplus1_len4_0536_txt,synthetic,false,train_only
syn_ne_appmotif_ba_dc_xtimesyplus1_len4_0537,sft_train,numeric_equation,docs_numeric_equation_motif_override_traces_syn_ne_appmotif_ba_dc_xtimesyplus1_len4_0537_txt,synthetic,false,train_only
syn_ne_appmotif_ba_dc_xtimesyplus1_len4_0538,sft_train,numeric_equation,docs_numeric_equation_motif_override_traces_syn_ne_appmotif_ba_dc_xtimesyplus1_len4_0538_txt,synthetic,false,train_only
syn_ne_appmotif_ba_dc_xtimesyplus1_len4_0539,sft_train,numeric_equation,docs_numeric_equation_motif_override_traces_syn_ne_appmotif_ba_dc_xtimesyplus1_len4_0539_txt,synthetic,false,train_only
syn_ne_appmotif_ba_dc_xtimesyplus1_len4_0540,sft_train,numeric_equation,docs_numeric_equation_motif_override_traces_syn_ne_appmotif_ba_dc_xtimesyplus1_len4_0540_txt,synthetic,false,train_only
syn_ne_appmotif_ba_dc_xtimesyplus1_len4_0541,sft_train,numeric_equation,docs_numeric_equation_motif_override_traces_syn_ne_appmotif_ba_dc_xtimesyplus1_len4_0541_txt,synthetic,false,train_only
syn_ne_appmotif_ba_dc_xtimesyplus1_len4_0542,sft_train,numeric_equation,docs_numeric_equation_motif_override_traces_syn_ne_appmotif_ba_dc_xtimesyplus1_len4_0542_txt,synthetic,false,train_only
syn_ne_appmotif_ba_dc_xtimesyplus1_len4_0543,sft_train,numeric_equation,docs_numeric_equation_motif_override_traces_syn_ne_appmotif_ba_dc_xtimesyplus1_len4_0543_txt,synthetic,false,train_only
syn_ne_appmotif_ba_dc_xtimesyplus1_len4_0544,sft_train,numeric_equation,docs_numeric_equation_motif_override_traces_syn_ne_appmotif_ba_dc_xtimesyplus1_len4_0544_txt,synthetic,false,train_only
syn_ne_appmotif_ba_dc_xtimesyplus1_len4_0545,sft_train,numeric_equation,docs_numeric_equation_motif_override_traces_syn_ne_appmotif_ba_dc_xtimesyplus1_len4_0545_txt,synthetic,false,train_only
syn_ne_appmotif_ba_dc_xtimesyplus1_len4_0546,sft_train,numeric_equation,docs_numeric_equation_motif_override_traces_syn_ne_appmotif_ba_dc_xtimesyplus1_len4_0546_txt,synthetic,false,train_only
syn_ne_appmotif_ba_dc_yminusx_len2_0959,sft_train,numeric_equation,docs_numeric_equation_motif_override_traces_syn_ne_appmotif_ba_dc_yminusx_len2_0959_txt,synthetic,false,train_only
syn_ne_appmotif_ba_dc_yminusx_len2_0960,sft_train,numeric_equation,docs_numeric_equation_motif_override_traces_syn_ne_appmotif_ba_dc_yminusx_len2_0960_txt,synthetic,false,train_only
syn_ne_appmotif_ba_dc_yminusx_len2_0961,sft_train,numeric_equation,docs_numeric_equation_motif_override_traces_syn_ne_appmotif_ba_dc_yminusx_len2_0961_txt,synthetic,false,train_only
syn_ne_appmotif_ba_dc_yminusx_len2_0962,sft_train,numeric_equation,docs_numeric_equation_motif_override_traces_syn_ne_appmotif_ba_dc_yminusx_len2_0962_txt,synthetic,false,train_only
syn_ne_appmotif_ba_dc_yminusx_len2_0963,sft_train,numeric_equation,docs_numeric_equation_motif_override_traces_syn_ne_appmotif_ba_dc_yminusx_len2_0963_txt,synthetic,false,train_only
syn_ne_appmotif_ba_dc_yminusx_len2_0964,sft_train,numeric_equation,docs_numeric_equation_motif_override_traces_syn_ne_appmotif_ba_dc_yminusx_len2_0964_txt,synthetic,false,train_only
syn_ne_appmotif_ba_dc_yminusx_len2_0965,sft_train,numeric_equation,docs_numeric_equation_motif_override_traces_syn_ne_appmotif_ba_dc_yminusx_len2_0965_txt,synthetic,false,train_only
syn_ne_appmotif_ba_dc_yminusx_len2_0966,sft_train,numeric_equation,docs_numeric_equation_motif_override_traces_syn_ne_appmotif_ba_dc_yminusx_len2_0966_txt,synthetic,false,train_only
syn_ne_appmotif_ba_dc_yminusx_len2_0967,sft_train,numeric_equation,docs_numeric_equation_motif_override_traces_syn_ne_appmotif_ba_dc_yminusx_len2_0967_txt,synthetic,false,train_only
syn_ne_appmotif_ba_dc_yminusx_len2_0968,sft_train,numeric_equation,docs_numeric_equation_motif_override_traces_syn_ne_appmotif_ba_dc_yminusx_len2_0968_txt,synthetic,false,train_only
syn_ne_appmotif_ba_dc_yminusx_len2_0969,sft_train,numeric_equation,docs_numeric_equation_motif_override_traces_syn_ne_appmotif_ba_dc_yminusx_len2_0969_txt,synthetic,false,train_only
syn_ne_appmotif_ba_dc_yminusx_len2_0970,sft_train,numeric_equation,docs_numeric_equation_motif_override_traces_syn_ne_appmotif_ba_dc_yminusx_len2_0970_txt,synthetic,false,train_only
syn_ne_ba_dc_add_len2_xplusy_0013,sft_train,numeric_equation,docs_numeric_equation_motif_override_traces_syn_ne_ba_dc_add_len2_xplusy_0013_txt,synthetic,false,train_only
syn_ne_ba_dc_add_len2_xplusy_0025,sft_train,numeric_equation,docs_numeric_equation_motif_override_traces_syn_ne_ba_dc_add_len2_xplusy_0025_txt,synthetic,false,train_only
syn_ne_ba_dc_add_len2_xplusy_0027,sft_train,numeric_equation,docs_numeric_equation_motif_override_traces_syn_ne_ba_dc_add_len2_xplusy_0027_txt,synthetic,false,train_only
syn_ne_ba_dc_add_len2_xplusy_0028,sft_train,numeric_equation,docs_numeric_equation_motif_override_traces_syn_ne_ba_dc_add_len2_xplusy_0028_txt,synthetic,false,train_only
syn_ne_ba_dc_add_len2_xplusy_0031,sft_train,numeric_equation,docs_numeric_equation_motif_override_traces_syn_ne_ba_dc_add_len2_xplusy_0031_txt,synthetic,false,train_only
syn_ne_ba_dc_add_len2_xplusy_0036,sft_train,numeric_equation,docs_numeric_equation_motif_override_traces_syn_ne_ba_dc_add_len2_xplusy_0036_txt,synthetic,false,train_only
syn_ne_ba_dc_add_len2_xplusy_0041,sft_train,numeric_equation,docs_numeric_equation_motif_override_traces_syn_ne_ba_dc_add_len2_xplusy_0041_txt,synthetic,false,train_only
syn_ne_ba_dc_add_len2_xplusy_0043,sft_train,numeric_equation,docs_numeric_equation_motif_override_traces_syn_ne_ba_dc_add_len2_xplusy_0043_txt,synthetic,false,train_only
syn_ne_ba_dc_add_len2_xplusy_0047,sft_train,numeric_equation,docs_numeric_equation_motif_override_traces_syn_ne_ba_dc_add_len2_xplusy_0047_txt,synthetic,false,train_only
syn_ne_ba_dc_add_len2_xplusy_0054,sft_train,numeric_equation,docs_numeric_equation_motif_override_traces_syn_ne_ba_dc_add_len2_xplusy_0054_txt,synthetic,false,train_only
syn_ne_ba_dc_add_len2_xplusy_0056,sft_train,numeric_equation,docs_numeric_equation_motif_override_traces_syn_ne_ba_dc_add_len2_xplusy_0056_txt,synthetic,false,train_only
syn_ne_ba_dc_add_len2_xplusy_0059,sft_train,numeric_equation,docs_numeric_equation_motif_override_traces_syn_ne_ba_dc_add_len2_xplusy_0059_txt,synthetic,false,train_only
syn_ne_ba_dc_add_len2_xplusy_0062,sft_train,numeric_equation,docs_numeric_equation_motif_override_traces_syn_ne_ba_dc_add_len2_xplusy_0062_txt,synthetic,false,train_only
syn_ne_ba_dc_add_len2_xplusy_0066,sft_train,numeric_equation,docs_numeric_equation_motif_override_traces_syn_ne_ba_dc_add_len2_xplusy_0066_txt,synthetic,false,train_only
syn_ne_ba_dc_add_len2_xplusy_0067,sft_train,numeric_equation,docs_numeric_equation_motif_override_traces_syn_ne_ba_dc_add_len2_xplusy_0067_txt,synthetic,false,train_only
syn_ne_ba_dc_add_len2_xplusy_0072,sft_train,numeric_equation,docs_numeric_equation_motif_override_traces_syn_ne_ba_dc_add_len2_xplusy_0072_txt,synthetic,false,train_only
syn_ne_ba_dc_add_len2_xplusy_0080,sft_train,numeric_equation,docs_numeric_equation_motif_override_traces_syn_ne_ba_dc_add_len2_xplusy_0080_txt,synthetic,false,train_only
syn_ne_ba_dc_add_len2_xplusy_0083,sft_train,numeric_equation,docs_numeric_equation_motif_override_traces_syn_ne_ba_dc_add_len2_xplusy_0083_txt,synthetic,false,train_only
syn_ne_ba_dc_add_len2_xplusy_0104,sft_train,numeric_equation,docs_numeric_equation_motif_override_traces_syn_ne_ba_dc_add_len2_xplusy_0104_txt,synthetic,false,train_only
syn_ne_ba_dc_add_len2_xplusy_0106,sft_train,numeric_equation,docs_numeric_equation_motif_override_traces_syn_ne_ba_dc_add_len2_xplusy_0106_txt,synthetic,false,train_only
syn_ne_ba_dc_add_len2_xplusyminus1_0001,sft_train,numeric_equation,docs_numeric_equation_motif_override_traces_syn_ne_ba_dc_add_len2_xplusyminus1_0001_txt,synthetic,false,train_only
syn_ne_ba_dc_add_len2_xplusyminus1_0004,sft_train,numeric_equation,docs_numeric_equation_motif_override_traces_syn_ne_ba_dc_add_len2_xplusyminus1_0004_txt,synthetic,false,train_only
syn_ne_ba_dc_add_len2_xplusyminus1_0009,sft_train,numeric_equation,docs_numeric_equation_motif_override_traces_syn_ne_ba_dc_add_len2_xplusyminus1_0009_txt,synthetic,false,train_only
syn_ne_ba_dc_add_len2_xplusyminus1_0015,sft_train,numeric_equation,docs_numeric_equation_motif_override_traces_syn_ne_ba_dc_add_len2_xplusyminus1_0015_txt,synthetic,false,train_only
syn_ne_ba_dc_add_len2_xplusyminus1_0022,sft_train,numeric_equation,docs_numeric_equation_motif_override_traces_syn_ne_ba_dc_add_len2_xplusyminus1_0022_txt,synthetic,false,train_only
syn_ne_ba_dc_add_len2_xplusyminus1_0024,sft_train,numeric_equation,docs_numeric_equation_motif_override_traces_syn_ne_ba_dc_add_len2_xplusyminus1_0024_txt,synthetic,false,train_only
syn_ne_ba_dc_add_len2_xplusyminus1_0029,sft_train,numeric_equation,docs_numeric_equation_motif_override_traces_syn_ne_ba_dc_add_len2_xplusyminus1_0029_txt,synthetic,false,train_only
syn_ne_ba_dc_add_len2_xplusyminus1_0034,sft_train,numeric_equation,docs_numeric_equation_motif_override_traces_syn_ne_ba_dc_add_len2_xplusyminus1_0034_txt,synthetic,false,train_only
syn_ne_ba_dc_add_len2_xplusyminus1_0042,sft_train,numeric_equation,docs_numeric_equation_motif_override_traces_syn_ne_ba_dc_add_len2_xplusyminus1_0042_txt,synthetic,false,train_only
syn_ne_ba_dc_add_len2_xplusyminus1_0048,sft_train,numeric_equation,docs_numeric_equation_motif_override_traces_syn_ne_ba_dc_add_len2_xplusyminus1_0048_txt,synthetic,false,train_only
syn_ne_ba_dc_add_len2_xplusyminus1_0051,sft_train,numeric_equation,docs_numeric_equation_motif_override_traces_syn_ne_ba_dc_add_len2_xplusyminus1_0051_txt,synthetic,false,train_only
syn_ne_ba_dc_add_len2_xplusyminus1_0052,sft_train,numeric_equation,docs_numeric_equation_motif_override_traces_syn_ne_ba_dc_add_len2_xplusyminus1_0052_txt,synthetic,false,train_only
syn_ne_ba_dc_add_len2_xplusyminus1_0053,sft_train,numeric_equation,docs_numeric_equation_motif_override_traces_syn_ne_ba_dc_add_len2_xplusyminus1_0053_txt,synthetic,false,train_only
syn_ne_ba_dc_add_len2_xplusyminus1_0055,sft_train,numeric_equation,docs_numeric_equation_motif_override_traces_syn_ne_ba_dc_add_len2_xplusyminus1_0055_txt,synthetic,false,train_only
syn_ne_ba_dc_add_len2_xplusyminus1_0060,sft_train,numeric_equation,docs_numeric_equation_motif_override_traces_syn_ne_ba_dc_add_len2_xplusyminus1_0060_txt,synthetic,false,train_only
syn_ne_ba_dc_add_len2_xplusyminus1_0061,sft_train,numeric_equation,docs_numeric_equation_motif_override_traces_syn_ne_ba_dc_add_len2_xplusyminus1_0061_txt,synthetic,false,train_only
syn_ne_ba_dc_add_len2_xplusyminus1_0071,sft_train,numeric_equation,docs_numeric_equation_motif_override_traces_syn_ne_ba_dc_add_len2_xplusyminus1_0071_txt,synthetic,false,train_only
syn_ne_ba_dc_add_len2_xplusyminus1_0074,sft_train,numeric_equation,docs_numeric_equation_motif_override_traces_syn_ne_ba_dc_add_len2_xplusyminus1_0074_txt,synthetic,false,train_only
syn_ne_ba_dc_add_len2_xplusyminus1_0078,sft_train,numeric_equation,docs_numeric_equation_motif_override_traces_syn_ne_ba_dc_add_len2_xplusyminus1_0078_txt,synthetic,false,train_only
syn_ne_ba_dc_add_len2_xplusyminus1_0087,sft_train,numeric_equation,docs_numeric_equation_motif_override_traces_syn_ne_ba_dc_add_len2_xplusyminus1_0087_txt,synthetic,false,train_only
syn_ne_ba_dc_add_len2_xplusyminus1_0092,sft_train,numeric_equation,docs_numeric_equation_motif_override_traces_syn_ne_ba_dc_add_len2_xplusyminus1_0092_txt,synthetic,false,train_only
syn_ne_ba_dc_add_len2_xplusyminus1_0093,sft_train,numeric_equation,docs_numeric_equation_motif_override_traces_syn_ne_ba_dc_add_len2_xplusyminus1_0093_txt,synthetic,false,train_only
syn_ne_ba_dc_add_len2_xplusyminus1_0095,sft_train,numeric_equation,docs_numeric_equation_motif_override_traces_syn_ne_ba_dc_add_len2_xplusyminus1_0095_txt,synthetic,false,train_only
syn_ne_ba_dc_add_len2_xplusyminus1_0107,sft_train,numeric_equation,docs_numeric_equation_motif_override_traces_syn_ne_ba_dc_add_len2_xplusyminus1_0107_txt,synthetic,false,train_only
syn_ne_ba_dc_add_len2_xplusyminus1_0109,sft_train,numeric_equation,docs_numeric_equation_motif_override_traces_syn_ne_ba_dc_add_len2_xplusyminus1_0109_txt,synthetic,false,train_only
syn_ne_ba_dc_add_len2_xplusyminus1_0112,sft_train,numeric_equation,docs_numeric_equation_motif_override_traces_syn_ne_ba_dc_add_len2_xplusyminus1_0112_txt,synthetic,false,train_only
syn_ne_ba_dc_add_len2_xplusyplus1_0002,sft_train,numeric_equation,docs_numeric_equation_motif_override_traces_syn_ne_ba_dc_add_len2_xplusyplus1_0002_txt,synthetic,false,train_only
syn_ne_ba_dc_add_len2_xplusyplus1_0003,sft_train,numeric_equation,docs_numeric_equation_motif_override_traces_syn_ne_ba_dc_add_len2_xplusyplus1_0003_txt,synthetic,false,train_only
syn_ne_ba_dc_add_len2_xplusyplus1_0005,sft_train,numeric_equation,docs_numeric_equation_motif_override_traces_syn_ne_ba_dc_add_len2_xplusyplus1_0005_txt,synthetic,false,train_only
syn_ne_ba_dc_add_len2_xplusyplus1_0012,sft_train,numeric_equation,docs_numeric_equation_motif_override_traces_syn_ne_ba_dc_add_len2_xplusyplus1_0012_txt,synthetic,false,train_only
syn_ne_ba_dc_add_len2_xplusyplus1_0016,sft_train,numeric_equation,docs_numeric_equation_motif_override_traces_syn_ne_ba_dc_add_len2_xplusyplus1_0016_txt,synthetic,false,train_only
syn_ne_ba_dc_add_len2_xplusyplus1_0018,sft_train,numeric_equation,docs_numeric_equation_motif_override_traces_syn_ne_ba_dc_add_len2_xplusyplus1_0018_txt,synthetic,false,train_only
syn_ne_ba_dc_add_len2_xplusyplus1_0021,sft_train,numeric_equation,docs_numeric_equation_motif_override_traces_syn_ne_ba_dc_add_len2_xplusyplus1_0021_txt,synthetic,false,train_only
syn_ne_ba_dc_add_len2_xplusyplus1_0038,sft_train,numeric_equation,docs_numeric_equation_motif_override_traces_syn_ne_ba_dc_add_len2_xplusyplus1_0038_txt,synthetic,false,train_only
syn_ne_ba_dc_add_len2_xplusyplus1_0050,sft_train,numeric_equation,docs_numeric_equation_motif_override_traces_syn_ne_ba_dc_add_len2_xplusyplus1_0050_txt,synthetic,false,train_only
syn_ne_ba_dc_add_len2_xplusyplus1_0057,sft_train,numeric_equation,docs_numeric_equation_motif_override_traces_syn_ne_ba_dc_add_len2_xplusyplus1_0057_txt,synthetic,false,train_only
syn_ne_ba_dc_add_len2_xplusyplus1_0058,sft_train,numeric_equation,docs_numeric_equation_motif_override_traces_syn_ne_ba_dc_add_len2_xplusyplus1_0058_txt,synthetic,false,train_only
syn_ne_ba_dc_add_len2_xplusyplus1_0065,sft_train,numeric_equation,docs_numeric_equation_motif_override_traces_syn_ne_ba_dc_add_len2_xplusyplus1_0065_txt,synthetic,false,train_only
syn_ne_ba_dc_add_len2_xplusyplus1_0068,sft_train,numeric_equation,docs_numeric_equation_motif_override_traces_syn_ne_ba_dc_add_len2_xplusyplus1_0068_txt,synthetic,false,train_only
syn_ne_ba_dc_add_len2_xplusyplus1_0069,sft_train,numeric_equation,docs_numeric_equation_motif_override_traces_syn_ne_ba_dc_add_len2_xplusyplus1_0069_txt,synthetic,false,train_only
syn_ne_ba_dc_add_len2_xplusyplus1_0076,sft_train,numeric_equation,docs_numeric_equation_motif_override_traces_syn_ne_ba_dc_add_len2_xplusyplus1_0076_txt,synthetic,false,train_only
syn_ne_ba_dc_add_len2_xplusyplus1_0077,sft_train,numeric_equation,docs_numeric_equation_motif_override_traces_syn_ne_ba_dc_add_len2_xplusyplus1_0077_txt,synthetic,false,train_only
syn_ne_ba_dc_add_len2_xplusyplus1_0081,sft_train,numeric_equation,docs_numeric_equation_motif_override_traces_syn_ne_ba_dc_add_len2_xplusyplus1_0081_txt,synthetic,false,train_only
syn_ne_ba_dc_add_len2_xplusyplus1_0082,sft_train,numeric_equation,docs_numeric_equation_motif_override_traces_syn_ne_ba_dc_add_len2_xplusyplus1_0082_txt,synthetic,false,train_only
syn_ne_ba_dc_add_len2_xplusyplus1_0088,sft_train,numeric_equation,docs_numeric_equation_motif_override_traces_syn_ne_ba_dc_add_len2_xplusyplus1_0088_txt,synthetic,false,train_only
syn_ne_ba_dc_add_len2_xplusyplus1_0090,sft_train,numeric_equation,docs_numeric_equation_motif_override_traces_syn_ne_ba_dc_add_len2_xplusyplus1_0090_txt,synthetic,false,train_only
syn_ne_ba_dc_add_len2_xplusyplus1_0091,sft_train,numeric_equation,docs_numeric_equation_motif_override_traces_syn_ne_ba_dc_add_len2_xplusyplus1_0091_txt,synthetic,false,train_only
syn_ne_ba_dc_add_len2_xplusyplus1_0094,sft_train,numeric_equation,docs_numeric_equation_motif_override_traces_syn_ne_ba_dc_add_len2_xplusyplus1_0094_txt,synthetic,false,train_only
syn_ne_ba_dc_add_len2_xplusyplus1_0098,sft_train,numeric_equation,docs_numeric_equation_motif_override_traces_syn_ne_ba_dc_add_len2_xplusyplus1_0098_txt,synthetic,false,train_only
syn_ne_ba_dc_add_len2_xplusyplus1_0099,sft_train,numeric_equation,docs_numeric_equation_motif_override_traces_syn_ne_ba_dc_add_len2_xplusyplus1_0099_txt,synthetic,false,train_only
syn_ne_ba_dc_add_len2_xplusyplus1_0100,sft_train,numeric_equation,docs_numeric_equation_motif_override_traces_syn_ne_ba_dc_add_len2_xplusyplus1_0100_txt,synthetic,false,train_only
syn_ne_ba_dc_add_len2_xplusyplus1_0103,sft_train,numeric_equation,docs_numeric_equation_motif_override_traces_syn_ne_ba_dc_add_len2_xplusyplus1_0103_txt,synthetic,false,train_only
syn_ne_ba_dc_add_len2_xplusyplus1_0108,sft_train,numeric_equation,docs_numeric_equation_motif_override_traces_syn_ne_ba_dc_add_len2_xplusyplus1_0108_txt,synthetic,false,train_only
syn_ne_ba_dc_add_len3_xplusy_0004,sft_train,numeric_equation,docs_numeric_equation_motif_override_traces_syn_ne_ba_dc_add_len3_xplusy_0004_txt,synthetic,false,train_only
syn_ne_ba_dc_add_len3_xplusy_0005,sft_train,numeric_equation,docs_numeric_equation_motif_override_traces_syn_ne_ba_dc_add_len3_xplusy_0005_txt,synthetic,false,train_only
syn_ne_ba_dc_add_len3_xplusy_0010,sft_train,numeric_equation,docs_numeric_equation_motif_override_traces_syn_ne_ba_dc_add_len3_xplusy_0010_txt,synthetic,false,train_only
syn_ne_ba_dc_add_len3_xplusy_0013,sft_train,numeric_equation,docs_numeric_equation_motif_override_traces_syn_ne_ba_dc_add_len3_xplusy_0013_txt,synthetic,false,train_only
syn_ne_ba_dc_add_len3_xplusy_0019,sft_train,numeric_equation,docs_numeric_equation_motif_override_traces_syn_ne_ba_dc_add_len3_xplusy_0019_txt,synthetic,false,train_only
syn_ne_ba_dc_add_len3_xplusy_0028,sft_train,numeric_equation,docs_numeric_equation_motif_override_traces_syn_ne_ba_dc_add_len3_xplusy_0028_txt,synthetic,false,train_only
syn_ne_ba_dc_add_len3_xplusy_0031,sft_train,numeric_equation,docs_numeric_equation_motif_override_traces_syn_ne_ba_dc_add_len3_xplusy_0031_txt,synthetic,false,train_only
syn_ne_ba_dc_add_len3_xplusy_0035,sft_train,numeric_equation,docs_numeric_equation_motif_override_traces_syn_ne_ba_dc_add_len3_xplusy_0035_txt,synthetic,false,train_only
syn_ne_ba_dc_add_len3_xplusy_0043,sft_train,numeric_equation,docs_numeric_equation_motif_override_traces_syn_ne_ba_dc_add_len3_xplusy_0043_txt,synthetic,false,train_only
syn_ne_ba_dc_add_len3_xplusy_0045,sft_train,numeric_equation,docs_numeric_equation_motif_override_traces_syn_ne_ba_dc_add_len3_xplusy_0045_txt,synthetic,false,train_only
syn_ne_ba_dc_add_len3_xplusy_0051,sft_train,numeric_equation,docs_numeric_equation_motif_override_traces_syn_ne_ba_dc_add_len3_xplusy_0051_txt,synthetic,false,train_only
syn_ne_ba_dc_add_len3_xplusy_0064,sft_train,numeric_equation,docs_numeric_equation_motif_override_traces_syn_ne_ba_dc_add_len3_xplusy_0064_txt,synthetic,false,train_only
syn_ne_ba_dc_add_len3_xplusy_0073,sft_train,numeric_equation,docs_numeric_equation_motif_override_traces_syn_ne_ba_dc_add_len3_xplusy_0073_txt,synthetic,false,train_only
syn_ne_ba_dc_add_len3_xplusy_0076,sft_train,numeric_equation,docs_numeric_equation_motif_override_traces_syn_ne_ba_dc_add_len3_xplusy_0076_txt,synthetic,false,train_only
syn_ne_ba_dc_add_len3_xplusy_0077,sft_train,numeric_equation,docs_numeric_equation_motif_override_traces_syn_ne_ba_dc_add_len3_xplusy_0077_txt,synthetic,false,train_only
syn_ne_ba_dc_add_len3_xplusy_0081,sft_train,numeric_equation,docs_numeric_equation_motif_override_traces_syn_ne_ba_dc_add_len3_xplusy_0081_txt,synthetic,false,train_only
syn_ne_ba_dc_add_len3_xplusy_0096,sft_train,numeric_equation,docs_numeric_equation_motif_override_traces_syn_ne_ba_dc_add_len3_xplusy_0096_txt,synthetic,false,train_only
syn_ne_ba_dc_add_len3_xplusy_0099,sft_train,numeric_equation,docs_numeric_equation_motif_override_traces_syn_ne_ba_dc_add_len3_xplusy_0099_txt,synthetic,false,train_only
syn_ne_ba_dc_add_len3_xplusy_0113,sft_train,numeric_equation,docs_numeric_equation_motif_override_traces_syn_ne_ba_dc_add_len3_xplusy_0113_txt,synthetic,false,train_only
syn_ne_ba_dc_add_len3_xplusy_0121,sft_train,numeric_equation,docs_numeric_equation_motif_override_traces_syn_ne_ba_dc_add_len3_xplusy_0121_txt,synthetic,false,train_only
syn_ne_ba_dc_add_len3_xplusy_0122,sft_train,numeric_equation,docs_numeric_equation_motif_override_traces_syn_ne_ba_dc_add_len3_xplusy_0122_txt,synthetic,false,train_only
syn_ne_ba_dc_add_len3_xplusy_0125,sft_train,numeric_equation,docs_numeric_equation_motif_override_traces_syn_ne_ba_dc_add_len3_xplusy_0125_txt,synthetic,false,train_only
syn_ne_ba_dc_add_len3_xplusy_0126,sft_train,numeric_equation,docs_numeric_equation_motif_override_traces_syn_ne_ba_dc_add_len3_xplusy_0126_txt,synthetic,false,train_only
syn_ne_ba_dc_add_len3_xplusy_0130,sft_train,numeric_equation,docs_numeric_equation_motif_override_traces_syn_ne_ba_dc_add_len3_xplusy_0130_txt,synthetic,false,train_only
syn_ne_ba_dc_add_len3_xplusy_0132,sft_train,numeric_equation,docs_numeric_equation_motif_override_traces_syn_ne_ba_dc_add_len3_xplusy_0132_txt,synthetic,false,train_only
syn_ne_ba_dc_add_len3_xplusy_0133,sft_train,numeric_equation,docs_numeric_equation_motif_override_traces_syn_ne_ba_dc_add_len3_xplusy_0133_txt,synthetic,false,train_only
syn_ne_ba_dc_add_len3_xplusy_0136,sft_train,numeric_equation,docs_numeric_equation_motif_override_traces_syn_ne_ba_dc_add_len3_xplusy_0136_txt,synthetic,false,train_only
syn_ne_ba_dc_add_len3_xplusy_0142,sft_train,numeric_equation,docs_numeric_equation_motif_override_traces_syn_ne_ba_dc_add_len3_xplusy_0142_txt,synthetic,false,train_only
syn_ne_ba_dc_add_len3_xplusy_0144,sft_train,numeric_equation,docs_numeric_equation_motif_override_traces_syn_ne_ba_dc_add_len3_xplusy_0144_txt,synthetic,false,train_only
syn_ne_ba_dc_add_len3_xplusy_0147,sft_train,numeric_equation,docs_numeric_equation_motif_override_traces_syn_ne_ba_dc_add_len3_xplusy_0147_txt,synthetic,false,train_only
syn_ne_ba_dc_add_len3_xplusy_0155,sft_train,numeric_equation,docs_numeric_equation_motif_override_traces_syn_ne_ba_dc_add_len3_xplusy_0155_txt,synthetic,false,train_only
syn_ne_ba_dc_add_len3_xplusy_0156,sft_train,numeric_equation,docs_numeric_equation_motif_override_traces_syn_ne_ba_dc_add_len3_xplusy_0156_txt,synthetic,false,train_only
syn_ne_ba_dc_add_len3_xplusy_0158,sft_train,numeric_equation,docs_numeric_equation_motif_override_traces_syn_ne_ba_dc_add_len3_xplusy_0158_txt,synthetic,false,train_only
syn_ne_ba_dc_add_len3_xplusy_0160,sft_train,numeric_equation,docs_numeric_equation_motif_override_traces_syn_ne_ba_dc_add_len3_xplusy_0160_txt,synthetic,false,train_only
syn_ne_ba_dc_add_len3_xplusy_0166,sft_train,numeric_equation,docs_numeric_equation_motif_override_traces_syn_ne_ba_dc_add_len3_xplusy_0166_txt,synthetic,false,train_only
syn_ne_ba_dc_add_len3_xplusy_0167,sft_train,numeric_equation,docs_numeric_equation_motif_override_traces_syn_ne_ba_dc_add_len3_xplusy_0167_txt,synthetic,false,train_only
syn_ne_ba_dc_add_len3_xplusy_0168,sft_train,numeric_equation,docs_numeric_equation_motif_override_traces_syn_ne_ba_dc_add_len3_xplusy_0168_txt,synthetic,false,train_only
syn_ne_ba_dc_add_len3_xplusy_0174,sft_train,numeric_equation,docs_numeric_equation_motif_override_traces_syn_ne_ba_dc_add_len3_xplusy_0174_txt,synthetic,false,train_only
syn_ne_ba_dc_add_len3_xplusy_0177,sft_train,numeric_equation,docs_numeric_equation_motif_override_traces_syn_ne_ba_dc_add_len3_xplusy_0177_txt,synthetic,false,train_only
syn_ne_ba_dc_add_len3_xplusy_0179,sft_train,numeric_equation,docs_numeric_equation_motif_override_traces_syn_ne_ba_dc_add_len3_xplusy_0179_txt,synthetic,false,train_only
syn_ne_ba_dc_add_len3_xplusy_0181,sft_train,numeric_equation,docs_numeric_equation_motif_override_traces_syn_ne_ba_dc_add_len3_xplusy_0181_txt,synthetic,false,train_only
syn_ne_ba_dc_add_len3_xplusy_0187,sft_train,numeric_equation,docs_numeric_equation_motif_override_traces_syn_ne_ba_dc_add_len3_xplusy_0187_txt,synthetic,false,train_only
syn_ne_ba_dc_add_len3_xplusy_0188,sft_train,numeric_equation,docs_numeric_equation_motif_override_traces_syn_ne_ba_dc_add_len3_xplusy_0188_txt,synthetic,false,train_only
syn_ne_ba_dc_add_len3_xplusy_0205,sft_train,numeric_equation,docs_numeric_equation_motif_override_traces_syn_ne_ba_dc_add_len3_xplusy_0205_txt,synthetic,false,train_only
syn_ne_ba_dc_add_len3_xplusy_0214,sft_train,numeric_equation,docs_numeric_equation_motif_override_traces_syn_ne_ba_dc_add_len3_xplusy_0214_txt,synthetic,false,train_only
syn_ne_ba_dc_add_len3_xplusy_0235,sft_train,numeric_equation,docs_numeric_equation_motif_override_traces_syn_ne_ba_dc_add_len3_xplusy_0235_txt,synthetic,false,train_only
syn_ne_ba_dc_add_len3_xplusy_0241,sft_train,numeric_equation,docs_numeric_equation_motif_override_traces_syn_ne_ba_dc_add_len3_xplusy_0241_txt,synthetic,false,train_only
syn_ne_ba_dc_add_len3_xplusy_0245,sft_train,numeric_equation,docs_numeric_equation_motif_override_traces_syn_ne_ba_dc_add_len3_xplusy_0245_txt,synthetic,false,train_only
syn_ne_ba_dc_add_len3_xplusy_0247,sft_train,numeric_equation,docs_numeric_equation_motif_override_traces_syn_ne_ba_dc_add_len3_xplusy_0247_txt,synthetic,false,train_only
syn_ne_ba_dc_add_len3_xplusyminus1_0003,sft_train,numeric_equation,docs_numeric_equation_motif_override_traces_syn_ne_ba_dc_add_len3_xplusyminus1_0003_txt,synthetic,false,train_only
syn_ne_ba_dc_add_len3_xplusyminus1_0006,sft_train,numeric_equation,docs_numeric_equation_motif_override_traces_syn_ne_ba_dc_add_len3_xplusyminus1_0006_txt,synthetic,false,train_only
syn_ne_ba_dc_add_len3_xplusyminus1_0015,sft_train,numeric_equation,docs_numeric_equation_motif_override_traces_syn_ne_ba_dc_add_len3_xplusyminus1_0015_txt,synthetic,false,train_only
syn_ne_ba_dc_add_len3_xplusyminus1_0025,sft_train,numeric_equation,docs_numeric_equation_motif_override_traces_syn_ne_ba_dc_add_len3_xplusyminus1_0025_txt,synthetic,false,train_only
syn_ne_ba_dc_add_len3_xplusyminus1_0030,sft_train,numeric_equation,docs_numeric_equation_motif_override_traces_syn_ne_ba_dc_add_len3_xplusyminus1_0030_txt,synthetic,false,train_only
syn_ne_ba_dc_add_len3_xplusyminus1_0032,sft_train,numeric_equation,docs_numeric_equation_motif_override_traces_syn_ne_ba_dc_add_len3_xplusyminus1_0032_txt,synthetic,false,train_only
syn_ne_ba_dc_add_len3_xplusyminus1_0033,sft_train,numeric_equation,docs_numeric_equation_motif_override_traces_syn_ne_ba_dc_add_len3_xplusyminus1_0033_txt,synthetic,false,train_only
syn_ne_ba_dc_add_len3_xplusyminus1_0036,sft_train,numeric_equation,docs_numeric_equation_motif_override_traces_syn_ne_ba_dc_add_len3_xplusyminus1_0036_txt,synthetic,false,train_only
syn_ne_ba_dc_add_len3_xplusyminus1_0040,sft_train,numeric_equation,docs_numeric_equation_motif_override_traces_syn_ne_ba_dc_add_len3_xplusyminus1_0040_txt,synthetic,false,train_only
syn_ne_ba_dc_add_len3_xplusyminus1_0041,sft_train,numeric_equation,docs_numeric_equation_motif_override_traces_syn_ne_ba_dc_add_len3_xplusyminus1_0041_txt,synthetic,false,train_only
syn_ne_ba_dc_add_len3_xplusyminus1_0044,sft_train,numeric_equation,docs_numeric_equation_motif_override_traces_syn_ne_ba_dc_add_len3_xplusyminus1_0044_txt,synthetic,false,train_only
syn_ne_ba_dc_add_len3_xplusyminus1_0048,sft_train,numeric_equation,docs_numeric_equation_motif_override_traces_syn_ne_ba_dc_add_len3_xplusyminus1_0048_txt,synthetic,false,train_only
syn_ne_ba_dc_add_len3_xplusyminus1_0050,sft_train,numeric_equation,docs_numeric_equation_motif_override_traces_syn_ne_ba_dc_add_len3_xplusyminus1_0050_txt,synthetic,false,train_only
syn_ne_ba_dc_add_len3_xplusyminus1_0055,sft_train,numeric_equation,docs_numeric_equation_motif_override_traces_syn_ne_ba_dc_add_len3_xplusyminus1_0055_txt,synthetic,false,train_only
syn_ne_ba_dc_add_len3_xplusyminus1_0060,sft_train,numeric_equation,docs_numeric_equation_motif_override_traces_syn_ne_ba_dc_add_len3_xplusyminus1_0060_txt,synthetic,false,train_only
syn_ne_ba_dc_add_len3_xplusyminus1_0062,sft_train,numeric_equation,docs_numeric_equation_motif_override_traces_syn_ne_ba_dc_add_len3_xplusyminus1_0062_txt,synthetic,false,train_only
syn_ne_ba_dc_add_len3_xplusyminus1_0063,sft_train,numeric_equation,docs_numeric_equation_motif_override_traces_syn_ne_ba_dc_add_len3_xplusyminus1_0063_txt,synthetic,false,train_only
syn_ne_ba_dc_add_len3_xplusyminus1_0068,sft_train,numeric_equation,docs_numeric_equation_motif_override_traces_syn_ne_ba_dc_add_len3_xplusyminus1_0068_txt,synthetic,false,train_only
syn_ne_ba_dc_add_len3_xplusyminus1_0075,sft_train,numeric_equation,docs_numeric_equation_motif_override_traces_syn_ne_ba_dc_add_len3_xplusyminus1_0075_txt,synthetic,false,train_only
syn_ne_ba_dc_add_len3_xplusyminus1_0084,sft_train,numeric_equation,docs_numeric_equation_motif_override_traces_syn_ne_ba_dc_add_len3_xplusyminus1_0084_txt,synthetic,false,train_only
syn_ne_ba_dc_add_len3_xplusyminus1_0086,sft_train,numeric_equation,docs_numeric_equation_motif_override_traces_syn_ne_ba_dc_add_len3_xplusyminus1_0086_txt,synthetic,false,train_only
syn_ne_ba_dc_add_len3_xplusyminus1_0087,sft_train,numeric_equation,docs_numeric_equation_motif_override_traces_syn_ne_ba_dc_add_len3_xplusyminus1_0087_txt,synthetic,false,train_only
syn_ne_ba_dc_add_len3_xplusyminus1_0089,sft_train,numeric_equation,docs_numeric_equation_motif_override_traces_syn_ne_ba_dc_add_len3_xplusyminus1_0089_txt,synthetic,false,train_only
syn_ne_ba_dc_add_len3_xplusyminus1_0093,sft_train,numeric_equation,docs_numeric_equation_motif_override_traces_syn_ne_ba_dc_add_len3_xplusyminus1_0093_txt,synthetic,false,train_only
syn_ne_ba_dc_add_len3_xplusyminus1_0095,sft_train,numeric_equation,docs_numeric_equation_motif_override_traces_syn_ne_ba_dc_add_len3_xplusyminus1_0095_txt,synthetic,false,train_only
syn_ne_ba_dc_add_len3_xplusyminus1_0098,sft_train,numeric_equation,docs_numeric_equation_motif_override_traces_syn_ne_ba_dc_add_len3_xplusyminus1_0098_txt,synthetic,false,train_only
syn_ne_ba_dc_add_len3_xplusyminus1_0103,sft_train,numeric_equation,docs_numeric_equation_motif_override_traces_syn_ne_ba_dc_add_len3_xplusyminus1_0103_txt,synthetic,false,train_only
syn_ne_ba_dc_add_len3_xplusyminus1_0104,sft_train,numeric_equation,docs_numeric_equation_motif_override_traces_syn_ne_ba_dc_add_len3_xplusyminus1_0104_txt,synthetic,false,train_only
syn_ne_ba_dc_add_len3_xplusyminus1_0114,sft_train,numeric_equation,docs_numeric_equation_motif_override_traces_syn_ne_ba_dc_add_len3_xplusyminus1_0114_txt,synthetic,false,train_only
syn_ne_ba_dc_add_len3_xplusyminus1_0115,sft_train,numeric_equation,docs_numeric_equation_motif_override_traces_syn_ne_ba_dc_add_len3_xplusyminus1_0115_txt,synthetic,false,train_only
syn_ne_ba_dc_add_len3_xplusyminus1_0143,sft_train,numeric_equation,docs_numeric_equation_motif_override_traces_syn_ne_ba_dc_add_len3_xplusyminus1_0143_txt,synthetic,false,train_only
syn_ne_ba_dc_add_len3_xplusyminus1_0151,sft_train,numeric_equation,docs_numeric_equation_motif_override_traces_syn_ne_ba_dc_add_len3_xplusyminus1_0151_txt,synthetic,false,train_only
syn_ne_ba_dc_add_len3_xplusyminus1_0154,sft_train,numeric_equation,docs_numeric_equation_motif_override_traces_syn_ne_ba_dc_add_len3_xplusyminus1_0154_txt,synthetic,false,train_only
syn_ne_ba_dc_add_len3_xplusyminus1_0175,sft_train,numeric_equation,docs_numeric_equation_motif_override_traces_syn_ne_ba_dc_add_len3_xplusyminus1_0175_txt,synthetic,false,train_only
syn_ne_ba_dc_add_len3_xplusyminus1_0176,sft_train,numeric_equation,docs_numeric_equation_motif_override_traces_syn_ne_ba_dc_add_len3_xplusyminus1_0176_txt,synthetic,false,train_only
syn_ne_ba_dc_add_len3_xplusyminus1_0182,sft_train,numeric_equation,docs_numeric_equation_motif_override_traces_syn_ne_ba_dc_add_len3_xplusyminus1_0182_txt,synthetic,false,train_only
syn_ne_ba_dc_add_len3_xplusyminus1_0184,sft_train,numeric_equation,docs_numeric_equation_motif_override_traces_syn_ne_ba_dc_add_len3_xplusyminus1_0184_txt,synthetic,false,train_only
syn_ne_ba_dc_add_len3_xplusyminus1_0196,sft_train,numeric_equation,docs_numeric_equation_motif_override_traces_syn_ne_ba_dc_add_len3_xplusyminus1_0196_txt,synthetic,false,train_only
syn_ne_ba_dc_add_len3_xplusyminus1_0203,sft_train,numeric_equation,docs_numeric_equation_motif_override_traces_syn_ne_ba_dc_add_len3_xplusyminus1_0203_txt,synthetic,false,train_only
syn_ne_ba_dc_add_len3_xplusyminus1_0206,sft_train,numeric_equation,docs_numeric_equation_motif_override_traces_syn_ne_ba_dc_add_len3_xplusyminus1_0206_txt,synthetic,false,train_only
syn_ne_ba_dc_add_len3_xplusyminus1_0207,sft_train,numeric_equation,docs_numeric_equation_motif_override_traces_syn_ne_ba_dc_add_len3_xplusyminus1_0207_txt,synthetic,false,train_only
syn_ne_ba_dc_add_len3_xplusyminus1_0213,sft_train,numeric_equation,docs_numeric_equation_motif_override_traces_syn_ne_ba_dc_add_len3_xplusyminus1_0213_txt,synthetic,false,train_only
syn_ne_ba_dc_add_len3_xplusyminus1_0220,sft_train,numeric_equation,docs_numeric_equation_motif_override_traces_syn_ne_ba_dc_add_len3_xplusyminus1_0220_txt,synthetic,false,train_only
syn_ne_ba_dc_add_len3_xplusyminus1_0224,sft_train,numeric_equation,docs_numeric_equation_motif_override_traces_syn_ne_ba_dc_add_len3_xplusyminus1_0224_txt,synthetic,false,train_only
syn_ne_ba_dc_add_len3_xplusyminus1_0228,sft_train,numeric_equation,docs_numeric_equation_motif_override_traces_syn_ne_ba_dc_add_len3_xplusyminus1_0228_txt,synthetic,false,train_only
syn_ne_ba_dc_add_len3_xplusyminus1_0229,sft_train,numeric_equation,docs_numeric_equation_motif_override_traces_syn_ne_ba_dc_add_len3_xplusyminus1_0229_txt,synthetic,false,train_only
syn_ne_ba_dc_add_len3_xplusyminus1_0230,sft_train,numeric_equation,docs_numeric_equation_motif_override_traces_syn_ne_ba_dc_add_len3_xplusyminus1_0230_txt,synthetic,false,train_only
syn_ne_ba_dc_add_len3_xplusyminus1_0244,sft_train,numeric_equation,docs_numeric_equation_motif_override_traces_syn_ne_ba_dc_add_len3_xplusyminus1_0244_txt,synthetic,false,train_only
syn_ne_ba_dc_add_len3_xplusyminus1_0249,sft_train,numeric_equation,docs_numeric_equation_motif_override_traces_syn_ne_ba_dc_add_len3_xplusyminus1_0249_txt,synthetic,false,train_only
syn_ne_ba_dc_add_len3_xplusyplus1_0001,sft_train,numeric_equation,docs_numeric_equation_motif_override_traces_syn_ne_ba_dc_add_len3_xplusyplus1_0001_txt,synthetic,false,train_only
syn_ne_ba_dc_add_len3_xplusyplus1_0002,sft_train,numeric_equation,docs_numeric_equation_motif_override_traces_syn_ne_ba_dc_add_len3_xplusyplus1_0002_txt,synthetic,false,train_only
syn_ne_ba_dc_add_len3_xplusyplus1_0007,sft_train,numeric_equation,docs_numeric_equation_motif_override_traces_syn_ne_ba_dc_add_len3_xplusyplus1_0007_txt,synthetic,false,train_only
syn_ne_ba_dc_add_len3_xplusyplus1_0009,sft_train,numeric_equation,docs_numeric_equation_motif_override_traces_syn_ne_ba_dc_add_len3_xplusyplus1_0009_txt,synthetic,false,train_only
syn_ne_ba_dc_add_len3_xplusyplus1_0012,sft_train,numeric_equation,docs_numeric_equation_motif_override_traces_syn_ne_ba_dc_add_len3_xplusyplus1_0012_txt,synthetic,false,train_only
syn_ne_ba_dc_add_len3_xplusyplus1_0021,sft_train,numeric_equation,docs_numeric_equation_motif_override_traces_syn_ne_ba_dc_add_len3_xplusyplus1_0021_txt,synthetic,false,train_only
syn_ne_ba_dc_add_len3_xplusyplus1_0029,sft_train,numeric_equation,docs_numeric_equation_motif_override_traces_syn_ne_ba_dc_add_len3_xplusyplus1_0029_txt,synthetic,false,train_only
syn_ne_ba_dc_add_len3_xplusyplus1_0034,sft_train,numeric_equation,docs_numeric_equation_motif_override_traces_syn_ne_ba_dc_add_len3_xplusyplus1_0034_txt,synthetic,false,train_only
syn_ne_ba_dc_add_len3_xplusyplus1_0038,sft_train,numeric_equation,docs_numeric_equation_motif_override_traces_syn_ne_ba_dc_add_len3_xplusyplus1_0038_txt,synthetic,false,train_only
syn_ne_ba_dc_add_len3_xplusyplus1_0049,sft_train,numeric_equation,docs_numeric_equation_motif_override_traces_syn_ne_ba_dc_add_len3_xplusyplus1_0049_txt,synthetic,false,train_only
syn_ne_ba_dc_add_len3_xplusyplus1_0069,sft_train,numeric_equation,docs_numeric_equation_motif_override_traces_syn_ne_ba_dc_add_len3_xplusyplus1_0069_txt,synthetic,false,train_only
syn_ne_ba_dc_add_len3_xplusyplus1_0072,sft_train,numeric_equation,docs_numeric_equation_motif_override_traces_syn_ne_ba_dc_add_len3_xplusyplus1_0072_txt,synthetic,false,train_only
syn_ne_ba_dc_add_len3_xplusyplus1_0079,sft_train,numeric_equation,docs_numeric_equation_motif_override_traces_syn_ne_ba_dc_add_len3_xplusyplus1_0079_txt,synthetic,false,train_only
syn_ne_ba_dc_add_len3_xplusyplus1_0082,sft_train,numeric_equation,docs_numeric_equation_motif_override_traces_syn_ne_ba_dc_add_len3_xplusyplus1_0082_txt,synthetic,false,train_only
syn_ne_ba_dc_add_len3_xplusyplus1_0085,sft_train,numeric_equation,docs_numeric_equation_motif_override_traces_syn_ne_ba_dc_add_len3_xplusyplus1_0085_txt,synthetic,false,train_only
syn_ne_ba_dc_add_len3_xplusyplus1_0090,sft_train,numeric_equation,docs_numeric_equation_motif_override_traces_syn_ne_ba_dc_add_len3_xplusyplus1_0090_txt,synthetic,false,train_only
syn_ne_ba_dc_add_len3_xplusyplus1_0106,sft_train,numeric_equation,docs_numeric_equation_motif_override_traces_syn_ne_ba_dc_add_len3_xplusyplus1_0106_txt,synthetic,false,train_only
syn_ne_ba_dc_add_len3_xplusyplus1_0110,sft_train,numeric_equation,docs_numeric_equation_motif_override_traces_syn_ne_ba_dc_add_len3_xplusyplus1_0110_txt,synthetic,false,train_only
syn_ne_ba_dc_add_len3_xplusyplus1_0111,sft_train,numeric_equation,docs_numeric_equation_motif_override_traces_syn_ne_ba_dc_add_len3_xplusyplus1_0111_txt,synthetic,false,train_only
syn_ne_ba_dc_add_len3_xplusyplus1_0120,sft_train,numeric_equation,docs_numeric_equation_motif_override_traces_syn_ne_ba_dc_add_len3_xplusyplus1_0120_txt,synthetic,false,train_only
syn_ne_ba_dc_add_len3_xplusyplus1_0124,sft_train,numeric_equation,docs_numeric_equation_motif_override_traces_syn_ne_ba_dc_add_len3_xplusyplus1_0124_txt,synthetic,false,train_only
syn_ne_ba_dc_add_len3_xplusyplus1_0127,sft_train,numeric_equation,docs_numeric_equation_motif_override_traces_syn_ne_ba_dc_add_len3_xplusyplus1_0127_txt,synthetic,false,train_only
syn_ne_ba_dc_add_len3_xplusyplus1_0129,sft_train,numeric_equation,docs_numeric_equation_motif_override_traces_syn_ne_ba_dc_add_len3_xplusyplus1_0129_txt,synthetic,false,train_only
syn_ne_ba_dc_add_len3_xplusyplus1_0135,sft_train,numeric_equation,docs_numeric_equation_motif_override_traces_syn_ne_ba_dc_add_len3_xplusyplus1_0135_txt,synthetic,false,train_only
syn_ne_ba_dc_add_len3_xplusyplus1_0137,sft_train,numeric_equation,docs_numeric_equation_motif_override_traces_syn_ne_ba_dc_add_len3_xplusyplus1_0137_txt,synthetic,false,train_only
syn_ne_ba_dc_add_len3_xplusyplus1_0138,sft_train,numeric_equation,docs_numeric_equation_motif_override_traces_syn_ne_ba_dc_add_len3_xplusyplus1_0138_txt,synthetic,false,train_only
syn_ne_ba_dc_add_len3_xplusyplus1_0145,sft_train,numeric_equation,docs_numeric_equation_motif_override_traces_syn_ne_ba_dc_add_len3_xplusyplus1_0145_txt,synthetic,false,train_only
syn_ne_ba_dc_add_len3_xplusyplus1_0148,sft_train,numeric_equation,docs_numeric_equation_motif_override_traces_syn_ne_ba_dc_add_len3_xplusyplus1_0148_txt,synthetic,false,train_only
syn_ne_ba_dc_add_len3_xplusyplus1_0157,sft_train,numeric_equation,docs_numeric_equation_motif_override_traces_syn_ne_ba_dc_add_len3_xplusyplus1_0157_txt,synthetic,false,train_only
syn_ne_ba_dc_add_len3_xplusyplus1_0161,sft_train,numeric_equation,docs_numeric_equation_motif_override_traces_syn_ne_ba_dc_add_len3_xplusyplus1_0161_txt,synthetic,false,train_only
syn_ne_ba_dc_add_len3_xplusyplus1_0165,sft_train,numeric_equation,docs_numeric_equation_motif_override_traces_syn_ne_ba_dc_add_len3_xplusyplus1_0165_txt,synthetic,false,train_only
syn_ne_ba_dc_add_len3_xplusyplus1_0169,sft_train,numeric_equation,docs_numeric_equation_motif_override_traces_syn_ne_ba_dc_add_len3_xplusyplus1_0169_txt,synthetic,false,train_only
syn_ne_ba_dc_add_len3_xplusyplus1_0185,sft_train,numeric_equation,docs_numeric_equation_motif_override_traces_syn_ne_ba_dc_add_len3_xplusyplus1_0185_txt,synthetic,false,train_only
syn_ne_ba_dc_add_len3_xplusyplus1_0186,sft_train,numeric_equation,docs_numeric_equation_motif_override_traces_syn_ne_ba_dc_add_len3_xplusyplus1_0186_txt,synthetic,false,train_only
syn_ne_ba_dc_add_len3_xplusyplus1_0190,sft_train,numeric_equation,docs_numeric_equation_motif_override_traces_syn_ne_ba_dc_add_len3_xplusyplus1_0190_txt,synthetic,false,train_only
syn_ne_ba_dc_add_len3_xplusyplus1_0192,sft_train,numeric_equation,docs_numeric_equation_motif_override_traces_syn_ne_ba_dc_add_len3_xplusyplus1_0192_txt,synthetic,false,train_only
syn_ne_ba_dc_add_len3_xplusyplus1_0198,sft_train,numeric_equation,docs_numeric_equation_motif_override_traces_syn_ne_ba_dc_add_len3_xplusyplus1_0198_txt,synthetic,false,train_only
syn_ne_ba_dc_add_len3_xplusyplus1_0199,sft_train,numeric_equation,docs_numeric_equation_motif_override_traces_syn_ne_ba_dc_add_len3_xplusyplus1_0199_txt,synthetic,false,train_only
syn_ne_ba_dc_add_len3_xplusyplus1_0200,sft_train,numeric_equation,docs_numeric_equation_motif_override_traces_syn_ne_ba_dc_add_len3_xplusyplus1_0200_txt,synthetic,false,train_only
syn_ne_ba_dc_add_len3_xplusyplus1_0208,sft_train,numeric_equation,docs_numeric_equation_motif_override_traces_syn_ne_ba_dc_add_len3_xplusyplus1_0208_txt,synthetic,false,train_only
syn_ne_ba_dc_add_len3_xplusyplus1_0215,sft_train,numeric_equation,docs_numeric_equation_motif_override_traces_syn_ne_ba_dc_add_len3_xplusyplus1_0215_txt,synthetic,false,train_only
syn_ne_ba_dc_add_len3_xplusyplus1_0218,sft_train,numeric_equation,docs_numeric_equation_motif_override_traces_syn_ne_ba_dc_add_len3_xplusyplus1_0218_txt,synthetic,false,train_only
syn_ne_ba_dc_add_len3_xplusyplus1_0222,sft_train,numeric_equation,docs_numeric_equation_motif_override_traces_syn_ne_ba_dc_add_len3_xplusyplus1_0222_txt,synthetic,false,train_only
syn_ne_ba_dc_add_len3_xplusyplus1_0223,sft_train,numeric_equation,docs_numeric_equation_motif_override_traces_syn_ne_ba_dc_add_len3_xplusyplus1_0223_txt,synthetic,false,train_only
syn_ne_ba_dc_add_len3_xplusyplus1_0226,sft_train,numeric_equation,docs_numeric_equation_motif_override_traces_syn_ne_ba_dc_add_len3_xplusyplus1_0226_txt,synthetic,false,train_only
syn_ne_ba_dc_add_len3_xplusyplus1_0232,sft_train,numeric_equation,docs_numeric_equation_motif_override_traces_syn_ne_ba_dc_add_len3_xplusyplus1_0232_txt,synthetic,false,train_only
syn_ne_ba_dc_add_len3_xplusyplus1_0240,sft_train,numeric_equation,docs_numeric_equation_motif_override_traces_syn_ne_ba_dc_add_len3_xplusyplus1_0240_txt,synthetic,false,train_only
syn_ne_ba_dc_add_len3_xplusyplus1_0242,sft_train,numeric_equation,docs_numeric_equation_motif_override_traces_syn_ne_ba_dc_add_len3_xplusyplus1_0242_txt,synthetic,false,train_only
syn_ne_ba_dc_add_len3_xplusyplus1_0250,sft_train,numeric_equation,docs_numeric_equation_motif_override_traces_syn_ne_ba_dc_add_len3_xplusyplus1_0250_txt,synthetic,false,train_only
syn_ne_brace_answer_extra_0001,sft_train,numeric_equation,docs_numeric_equation_motif_override_traces_syn_ne_brace_answer_extra_0001_txt,synthetic,false,train_only
syn_ne_brace_answer_extra_0002,sft_train,numeric_equation,docs_numeric_equation_motif_override_traces_syn_ne_brace_answer_extra_0002_txt,synthetic,false,train_only
syn_ne_brace_answer_extra_0003,sft_train,numeric_equation,docs_numeric_equation_motif_override_traces_syn_ne_brace_answer_extra_0003_txt,synthetic,false,train_only
syn_ne_brace_answer_extra_0004,sft_train,numeric_equation,docs_numeric_equation_motif_override_traces_syn_ne_brace_answer_extra_0004_txt,synthetic,false,train_only
syn_ne_brace_answer_extra_0005,sft_train,numeric_equation,docs_numeric_equation_motif_override_traces_syn_ne_brace_answer_extra_0005_txt,synthetic,false,train_only
syn_ne_brace_answer_extra_0006,sft_train,numeric_equation,docs_numeric_equation_motif_override_traces_syn_ne_brace_answer_extra_0006_txt,synthetic,false,train_only
syn_ne_brace_answer_extra_0007,sft_train,numeric_equation,docs_numeric_equation_motif_override_traces_syn_ne_brace_answer_extra_0007_txt,synthetic,false,train_only
syn_ne_brace_answer_extra_0008,sft_train,numeric_equation,docs_numeric_equation_motif_override_traces_syn_ne_brace_answer_extra_0008_txt,synthetic,false,train_only
syn_ne_brace_answer_extra_0009,sft_train,numeric_equation,docs_numeric_equation_motif_override_traces_syn_ne_brace_answer_extra_0009_txt,synthetic,false,train_only
syn_ne_brace_answer_extra_0010,sft_train,numeric_equation,docs_numeric_equation_motif_override_traces_syn_ne_brace_answer_extra_0010_txt,synthetic,false,train_only
syn_ne_direct_template_extra_0134_0001,sft_train,numeric_equation,direct_template_template0134,synthetic,false,train_only
syn_ne_direct_template_extra_0134_0002,sft_train,numeric_equation,direct_template_template0134,synthetic,false,train_only
syn_ne_direct_template_extra_0134_0003,sft_train,numeric_equation,direct_template_template0134,synthetic,false,train_only
syn_ne_direct_template_extra_0134_0004,sft_train,numeric_equation,direct_template_template0134,synthetic,false,train_only
syn_ne_direct_template_extra_0134_0005,sft_train,numeric_equation,direct_template_template0134,synthetic,false,train_only
syn_ne_direct_template_extra_0134_0006,sft_train,numeric_equation,direct_template_template0134,synthetic,false,train_only
syn_ne_direct_template_extra_0134_0007,sft_train,numeric_equation,direct_template_template0134,synthetic,false,train_only
syn_ne_direct_template_extra_0134_0008,sft_train,numeric_equation,direct_template_template0134,synthetic,false,train_only
syn_ne_direct_template_extra_0134_0009,sft_train,numeric_equation,direct_template_template0134,synthetic,false,train_only
syn_ne_direct_template_extra_0134_0010,sft_train,numeric_equation,direct_template_template0134,synthetic,false,train_only
syn_ne_direct_template_extra_0134_0011,sft_train,numeric_equation,direct_template_template0134,synthetic,false,train_only
syn_ne_direct_template_extra_0134_0012,sft_train,numeric_equation,direct_template_template0134,synthetic,false,train_only
syn_ne_direct_template_extra_0134_0013,sft_train,numeric_equation,direct_template_template0134,synthetic,false,train_only
syn_ne_direct_template_extra_0134_0014,sft_train,numeric_equation,direct_template_template0134,synthetic,false,train_only
syn_ne_direct_template_extra_0134_0015,sft_train,numeric_equation,direct_template_template0134,synthetic,false,train_only
syn_ne_direct_template_extra_0134_0016,sft_train,numeric_equation,direct_template_template0134,synthetic,false,train_only
syn_ne_direct_template_extra_0134_0017,sft_train,numeric_equation,direct_template_template0134,synthetic,false,train_only
syn_ne_direct_template_extra_0134_0018,sft_train,numeric_equation,direct_template_template0134,synthetic,false,train_only
syn_ne_direct_template_extra_0134_0019,sft_train,numeric_equation,direct_template_template0134,synthetic,false,train_only
syn_ne_direct_template_extra_0134_0020,sft_train,numeric_equation,direct_template_template0134,synthetic,false,train_only
syn_ne_direct_template_extra_0134_0021,sft_train,numeric_equation,direct_template_template0134,synthetic,false,train_only
syn_ne_direct_template_extra_0134_0022,sft_train,numeric_equation,direct_template_template0134,synthetic,false,train_only
syn_ne_direct_template_extra_0134_0023,sft_train,numeric_equation,direct_template_template0134,synthetic,false,train_only
syn_ne_direct_template_extra_0134_0024,sft_train,numeric_equation,direct_template_template0134,synthetic,false,train_only
syn_ne_direct_template_extra_0134_0025,sft_train,numeric_equation,direct_template_template0134,synthetic,false,train_only
syn_ne_direct_template_extra_0134_0026,sft_train,numeric_equation,direct_template_template0134,synthetic,false,train_only
syn_ne_direct_template_extra_0134_0027,sft_train,numeric_equation,direct_template_template0134,synthetic,false,train_only
syn_ne_direct_template_extra_0134_0028,sft_train,numeric_equation,direct_template_template0134,synthetic,false,train_only
syn_ne_direct_template_extra_0134_0029,sft_train,numeric_equation,direct_template_template0134,synthetic,false,train_only
syn_ne_direct_template_extra_0134_0030,sft_train,numeric_equation,direct_template_template0134,synthetic,false,train_only
syn_ne_direct_template_extra_0134_0031,sft_train,numeric_equation,direct_template_template0134,synthetic,false,train_only
syn_ne_direct_template_extra_0134_0032,sft_train,numeric_equation,direct_template_template0134,synthetic,false,train_only
syn_ne_direct_template_extra_0134_0033,sft_train,numeric_equation,direct_template_template0134,synthetic,false,train_only
syn_ne_direct_template_extra_0134_0034,sft_train,numeric_equation,direct_template_template0134,synthetic,false,train_only
syn_ne_direct_template_extra_0134_0035,sft_train,numeric_equation,direct_template_template0134,synthetic,false,train_only
syn_ne_direct_template_extra_0134_0036,sft_train,numeric_equation,direct_template_template0134,synthetic,false,train_only
syn_ne_direct_template_extra_0134_0037,sft_train,numeric_equation,direct_template_template0134,synthetic,false,train_only
syn_ne_direct_template_extra_0134_0038,sft_train,numeric_equation,direct_template_template0134,synthetic,false,train_only
syn_ne_direct_template_extra_0134_0039,sft_train,numeric_equation,direct_template_template0134,synthetic,false,train_only
syn_ne_direct_template_extra_0134_0040,sft_train,numeric_equation,direct_template_template0134,synthetic,false,train_only
syn_ne_direct_template_extra_0134_0041,sft_train,numeric_equation,direct_template_template0134,synthetic,false,train_only
syn_ne_direct_template_extra_0134_0042,sft_train,numeric_equation,direct_template_template0134,synthetic,false,train_only
syn_ne_direct_template_extra_0134_0043,sft_train,numeric_equation,direct_template_template0134,synthetic,false,train_only
syn_ne_direct_template_extra_0134_0044,sft_train,numeric_equation,direct_template_template0134,synthetic,false,train_only
syn_ne_direct_template_extra_0134_0045,sft_train,numeric_equation,direct_template_template0134,synthetic,false,train_only
syn_ne_direct_template_extra_0134_0046,sft_train,numeric_equation,direct_template_template0134,synthetic,false,train_only
syn_ne_direct_template_extra_0134_0047,sft_train,numeric_equation,direct_template_template0134,synthetic,false,train_only
syn_ne_direct_template_extra_0134_0048,sft_train,numeric_equation,direct_template_template0134,synthetic,false,train_only
syn_ne_direct_template_extra_0134_0049,sft_train,numeric_equation,direct_template_template0134,synthetic,false,train_only
syn_ne_direct_template_extra_0134_0050,sft_train,numeric_equation,direct_template_template0134,synthetic,false,train_only
syn_ne_direct_template_extra_0134_0051,sft_train,numeric_equation,direct_template_template0134,synthetic,false,train_only
syn_ne_direct_template_extra_0134_0052,sft_train,numeric_equation,direct_template_template0134,synthetic,false,train_only
syn_ne_direct_template_extra_0134_0053,sft_train,numeric_equation,direct_template_template0134,synthetic,false,train_only
syn_ne_direct_template_extra_0134_0054,sft_train,numeric_equation,direct_template_template0134,synthetic,false,train_only
syn_ne_direct_template_extra_0134_0055,sft_train,numeric_equation,direct_template_template0134,synthetic,false,train_only
syn_ne_direct_template_extra_0134_0056,sft_train,numeric_equation,direct_template_template0134,synthetic,false,train_only
syn_ne_direct_template_extra_0134_0057,sft_train,numeric_equation,direct_template_template0134,synthetic,false,train_only
syn_ne_direct_template_extra_0134_0058,sft_train,numeric_equation,direct_template_template0134,synthetic,false,train_only
syn_ne_direct_template_extra_0134_0059,sft_train,numeric_equation,direct_template_template0134,synthetic,false,train_only
syn_ne_direct_template_extra_0134_0060,sft_train,numeric_equation,direct_template_template0134,synthetic,false,train_only
syn_ne_direct_template_extra_0134_0061,sft_train,numeric_equation,direct_template_template0134,synthetic,false,train_only
syn_ne_direct_template_extra_0134_0062,sft_train,numeric_equation,direct_template_template0134,synthetic,false,train_only
syn_ne_direct_template_extra_0134_0063,sft_train,numeric_equation,direct_template_template0134,synthetic,false,train_only
syn_ne_direct_template_extra_0134_0064,sft_train,numeric_equation,direct_template_template0134,synthetic,false,train_only
syn_ne_direct_template_extra_0134_0065,sft_train,numeric_equation,direct_template_template0134,synthetic,false,train_only
syn_ne_direct_template_extra_0134_0066,sft_train,numeric_equation,direct_template_template0134,synthetic,false,train_only
syn_ne_direct_template_extra_0134_0067,sft_train,numeric_equation,direct_template_template0134,synthetic,false,train_only
syn_ne_direct_template_extra_0134_0068,sft_train,numeric_equation,direct_template_template0134,synthetic,false,train_only
syn_ne_direct_template_extra_0134_0069,sft_train,numeric_equation,direct_template_template0134,synthetic,false,train_only
syn_ne_direct_template_extra_0134_0070,sft_train,numeric_equation,direct_template_template0134,synthetic,false,train_only
syn_ne_direct_template_extra_0134_0071,sft_train,numeric_equation,direct_template_template0134,synthetic,false,train_only
syn_ne_direct_template_extra_0134_0072,sft_train,numeric_equation,direct_template_template0134,synthetic,false,train_only
syn_ne_direct_template_extra_0134_0073,sft_train,numeric_equation,direct_template_template0134,synthetic,false,train_only
syn_ne_direct_template_extra_0134_0074,sft_train,numeric_equation,direct_template_template0134,synthetic,false,train_only
syn_ne_direct_template_extra_0134_0075,sft_train,numeric_equation,direct_template_template0134,synthetic,false,train_only
syn_ne_direct_template_extra_0134_0076,sft_train,numeric_equation,direct_template_template0134,synthetic,false,train_only
syn_ne_direct_template_extra_0134_0077,sft_train,numeric_equation,direct_template_template0134,synthetic,false,train_only
syn_ne_direct_template_extra_0134_0078,sft_train,numeric_equation,direct_template_template0134,synthetic,false,train_only
syn_ne_direct_template_extra_0134_0079,sft_train,numeric_equation,direct_template_template0134,synthetic,false,train_only
syn_ne_direct_template_extra_0134_0080,sft_train,numeric_equation,direct_template_template0134,synthetic,false,train_only
syn_ne_direct_template_extra_0134_0081,sft_train,numeric_equation,direct_template_template0134,synthetic,false,train_only
syn_ne_direct_template_extra_0134_0082,sft_train,numeric_equation,direct_template_template0134,synthetic,false,train_only
syn_ne_direct_template_extra_0134_0083,sft_train,numeric_equation,direct_template_template0134,synthetic,false,train_only
syn_ne_direct_template_extra_0134_0084,sft_train,numeric_equation,direct_template_template0134,synthetic,false,train_only
syn_ne_direct_template_extra_0134_0085,sft_train,numeric_equation,direct_template_template0134,synthetic,false,train_only
syn_ne_direct_template_extra_0134_0086,sft_train,numeric_equation,direct_template_template0134,synthetic,false,train_only
syn_ne_direct_template_extra_0134_0087,sft_train,numeric_equation,direct_template_template0134,synthetic,false,train_only
syn_ne_direct_template_extra_0134_0088,sft_train,numeric_equation,direct_template_template0134,synthetic,false,train_only
syn_ne_direct_template_extra_0134_0089,sft_train,numeric_equation,direct_template_template0134,synthetic,false,train_only
syn_ne_direct_template_extra_0134_0090,sft_train,numeric_equation,direct_template_template0134,synthetic,false,train_only
syn_ne_direct_template_extra_0134_0091,sft_train,numeric_equation,direct_template_template0134,synthetic,false,train_only
syn_ne_direct_template_extra_0134_0092,sft_train,numeric_equation,direct_template_template0134,synthetic,false,train_only
syn_ne_direct_template_extra_0134_0093,sft_train,numeric_equation,direct_template_template0134,synthetic,false,train_only
syn_ne_direct_template_extra_0134_0094,sft_train,numeric_equation,direct_template_template0134,synthetic,false,train_only
syn_ne_direct_template_extra_0134_0095,sft_train,numeric_equation,direct_template_template0134,synthetic,false,train_only
syn_ne_direct_template_extra_0134_0096,sft_train,numeric_equation,direct_template_template0134,synthetic,false,train_only
syn_ne_direct_template_extra_0134_0097,sft_train,numeric_equation,direct_template_template0134,synthetic,false,train_only
syn_ne_direct_template_extra_0134_0098,sft_train,numeric_equation,direct_template_template0134,synthetic,false,train_only
syn_ne_direct_template_extra_0134_0099,sft_train,numeric_equation,direct_template_template0134,synthetic,false,train_only
syn_ne_direct_template_extra_0134_0100,sft_train,numeric_equation,direct_template_template0134,synthetic,false,train_only
syn_ne_direct_template_extra_0134_0101,sft_train,numeric_equation,direct_template_template0134,synthetic,false,train_only
syn_ne_direct_template_extra_0134_0102,sft_train,numeric_equation,direct_template_template0134,synthetic,false,train_only
syn_ne_direct_template_extra_0134_0103,sft_train,numeric_equation,direct_template_template0134,synthetic,false,train_only
syn_ne_direct_template_extra_0134_0104,sft_train,numeric_equation,direct_template_template0134,synthetic,false,train_only
syn_ne_direct_template_extra_0134_0105,sft_train,numeric_equation,direct_template_template0134,synthetic,false,train_only
syn_ne_direct_template_extra_0134_0106,sft_train,numeric_equation,direct_template_template0134,synthetic,false,train_only
syn_ne_direct_template_extra_0134_0107,sft_train,numeric_equation,direct_template_template0134,synthetic,false,train_only
syn_ne_direct_template_extra_0134_0108,sft_train,numeric_equation,direct_template_template0134,synthetic,false,train_only
syn_ne_direct_template_extra_0134_0109,sft_train,numeric_equation,direct_template_template0134,synthetic,false,train_only
syn_ne_direct_template_extra_0134_0110,sft_train,numeric_equation,direct_template_template0134,synthetic,false,train_only
syn_ne_direct_template_extra_0134_0111,sft_train,numeric_equation,direct_template_template0134,synthetic,false,train_only
syn_ne_direct_template_extra_0134_0112,sft_train,numeric_equation,direct_template_template0134,synthetic,false,train_only
syn_ne_direct_template_extra_0134_0113,sft_train,numeric_equation,direct_template_template0134,synthetic,false,train_only
syn_ne_direct_template_extra_0134_0114,sft_train,numeric_equation,direct_template_template0134,synthetic,false,train_only
syn_ne_direct_template_extra_0134_0115,sft_train,numeric_equation,direct_template_template0134,synthetic,false,train_only
syn_ne_direct_template_extra_0134_0116,sft_train,numeric_equation,direct_template_template0134,synthetic,false,train_only
syn_ne_direct_template_extra_0134_0117,sft_train,numeric_equation,direct_template_template0134,synthetic,false,train_only
syn_ne_direct_template_extra_0134_0118,sft_train,numeric_equation,direct_template_template0134,synthetic,false,train_only
syn_ne_direct_template_extra_0134_0119,sft_train,numeric_equation,direct_template_template0134,synthetic,false,train_only
syn_ne_direct_template_extra_0134_0120,sft_train,numeric_equation,direct_template_template0134,synthetic,false,train_only
syn_ne_direct_template_extra_0134_0121,sft_train,numeric_equation,direct_template_template0134,synthetic,false,train_only
syn_ne_direct_template_extra_0134_0122,sft_train,numeric_equation,direct_template_template0134,synthetic,false,train_only
syn_ne_direct_template_extra_0134_0123,sft_train,numeric_equation,direct_template_template0134,synthetic,false,train_only
syn_ne_direct_template_extra_0134_0124,sft_train,numeric_equation,direct_template_template0134,synthetic,false,train_only
syn_ne_direct_template_extra_0134_0125,sft_train,numeric_equation,direct_template_template0134,synthetic,false,train_only
syn_ne_direct_template_extra_0134_0126,sft_train,numeric_equation,direct_template_template0134,synthetic,false,train_only
syn_ne_direct_template_extra_0134_0127,sft_train,numeric_equation,direct_template_template0134,synthetic,false,train_only
syn_ne_direct_template_extra_0134_0128,sft_train,numeric_equation,direct_template_template0134,synthetic,false,train_only
syn_ne_direct_template_extra_0134_0129,sft_train,numeric_equation,direct_template_template0134,synthetic,false,train_only
syn_ne_direct_template_extra_0134_0130,sft_train,numeric_equation,direct_template_template0134,synthetic,false,train_only
syn_ne_direct_template_extra_0134_0131,sft_train,numeric_equation,direct_template_template0134,synthetic,false,train_only
syn_ne_direct_template_extra_0134_0132,sft_train,numeric_equation,direct_template_template0134,synthetic,false,train_only
syn_ne_direct_template_extra_0134_0133,sft_train,numeric_equation,direct_template_template0134,synthetic,false,train_only
syn_ne_direct_template_extra_0134_0134,sft_train,numeric_equation,direct_template_template0134,synthetic,false,train_only
syn_ne_direct_template_extra_0134_0135,sft_train,numeric_equation,direct_template_template0134,synthetic,false,train_only
syn_ne_direct_template_extra_0134_0136,sft_train,numeric_equation,direct_template_template0134,synthetic,false,train_only
syn_ne_direct_template_extra_0134_0137,sft_train,numeric_equation,direct_template_template0134,synthetic,false,train_only
syn_ne_direct_template_extra_0134_0138,sft_train,numeric_equation,direct_template_template0134,synthetic,false,train_only
syn_ne_direct_template_extra_0134_0139,sft_train,numeric_equation,direct_template_template0134,synthetic,false,train_only
syn_ne_direct_template_extra_0134_0140,sft_train,numeric_equation,direct_template_template0134,synthetic,false,train_only
syn_ne_direct_template_extra_0134_0141,sft_train,numeric_equation,direct_template_template0134,synthetic,false,train_only
syn_ne_direct_template_extra_0134_0142,sft_train,numeric_equation,direct_template_template0134,synthetic,false,train_only
syn_ne_direct_template_extra_0134_0143,sft_train,numeric_equation,direct_template_template0134,synthetic,false,train_only
syn_ne_direct_template_extra_0134_0144,sft_train,numeric_equation,direct_template_template0134,synthetic,false,train_only
syn_ne_direct_template_extra_0134_0145,sft_train,numeric_equation,direct_template_template0134,synthetic,false,train_only
syn_ne_direct_template_extra_0134_0146,sft_train,numeric_equation,direct_template_template0134,synthetic,false,train_only
syn_ne_direct_template_extra_0134_0147,sft_train,numeric_equation,direct_template_template0134,synthetic,false,train_only
syn_ne_direct_template_extra_0134_0148,sft_train,numeric_equation,direct_template_template0134,synthetic,false,train_only
syn_ne_direct_template_extra_0134_0149,sft_train,numeric_equation,direct_template_template0134,synthetic,false,train_only
syn_ne_direct_template_extra_0134_0150,sft_train,numeric_equation,direct_template_template0134,synthetic,false,train_only
syn_ne_direct_template_extra_0134_0151,sft_train,numeric_equation,direct_template_template0134,synthetic,false,train_only
syn_ne_direct_template_extra_0134_0152,sft_train,numeric_equation,direct_template_template0134,synthetic,false,train_only
syn_ne_direct_template_extra_0134_0153,sft_train,numeric_equation,direct_template_template0134,synthetic,false,train_only
syn_ne_direct_template_extra_0134_0154,sft_train,numeric_equation,direct_template_template0134,synthetic,false,train_only
syn_ne_direct_template_extra_0134_0155,sft_train,numeric_equation,direct_template_template0134,synthetic,false,train_only
syn_ne_direct_template_extra_0134_0156,sft_train,numeric_equation,direct_template_template0134,synthetic,false,train_only
syn_ne_direct_template_extra_0134_0157,sft_train,numeric_equation,direct_template_template0134,synthetic,false,train_only
syn_ne_direct_template_extra_0134_0158,sft_train,numeric_equation,direct_template_template0134,synthetic,false,train_only
syn_ne_direct_template_extra_0134_0159,sft_train,numeric_equation,direct_template_template0134,synthetic,false,train_only
syn_ne_direct_template_extra_0134_0160,sft_train,numeric_equation,direct_template_template0134,synthetic,false,train_only
syn_ne_direct_template_extra_0134_0161,sft_train,numeric_equation,direct_template_template0134,synthetic,false,train_only
syn_ne_direct_template_extra_0134_0162,sft_train,numeric_equation,direct_template_template0134,synthetic,false,train_only
syn_ne_direct_template_extra_0134_0163,sft_train,numeric_equation,direct_template_template0134,synthetic,false,train_only
syn_ne_direct_template_extra_0134_0164,sft_train,numeric_equation,direct_template_template0134,synthetic,false,train_only
syn_ne_direct_template_extra_0134_0165,sft_train,numeric_equation,direct_template_template0134,synthetic,false,train_only
syn_ne_direct_template_extra_0134_0166,sft_train,numeric_equation,direct_template_template0134,synthetic,false,train_only
syn_ne_direct_template_extra_0134_0167,sft_train,numeric_equation,direct_template_template0134,synthetic,false,train_only
syn_ne_direct_template_extra_0134_0168,sft_train,numeric_equation,direct_template_template0134,synthetic,false,train_only
syn_ne_direct_template_extra_0134_0169,sft_train,numeric_equation,direct_template_template0134,synthetic,false,train_only
syn_ne_direct_template_extra_0134_0170,sft_train,numeric_equation,direct_template_template0134,synthetic,false,train_only
syn_ne_direct_template_extra_0134_0171,sft_train,numeric_equation,direct_template_template0134,synthetic,false,train_only
syn_ne_direct_template_extra_0134_0172,sft_train,numeric_equation,direct_template_template0134,synthetic,false,train_only
syn_ne_direct_template_extra_0134_0173,sft_train,numeric_equation,direct_template_template0134,synthetic,false,train_only
syn_ne_direct_template_extra_0134_0174,sft_train,numeric_equation,direct_template_template0134,synthetic,false,train_only
syn_ne_direct_template_extra_0134_0175,sft_train,numeric_equation,direct_template_template0134,synthetic,false,train_only
syn_ne_direct_template_extra_0134_0176,sft_train,numeric_equation,direct_template_template0134,synthetic,false,train_only
syn_ne_direct_template_extra_0134_0177,sft_train,numeric_equation,direct_template_template0134,synthetic,false,train_only
syn_ne_direct_template_extra_0134_0178,sft_train,numeric_equation,direct_template_template0134,synthetic,false,train_only
syn_ne_direct_template_extra_0134_0179,sft_train,numeric_equation,direct_template_template0134,synthetic,false,train_only
syn_ne_direct_template_extra_0134_0180,sft_train,numeric_equation,direct_template_template0134,synthetic,false,train_only
syn_ne_direct_template_extra_0134_0181,sft_train,numeric_equation,direct_template_template0134,synthetic,false,train_only
syn_ne_direct_template_extra_0134_0182,sft_train,numeric_equation,direct_template_template0134,synthetic,false,train_only
syn_ne_direct_template_extra_0134_0183,sft_train,numeric_equation,direct_template_template0134,synthetic,false,train_only
syn_ne_direct_template_extra_0134_0184,sft_train,numeric_equation,direct_template_template0134,synthetic,false,train_only
syn_ne_direct_template_extra_0134_0185,sft_train,numeric_equation,direct_template_template0134,synthetic,false,train_only
syn_ne_direct_template_extra_0134_0186,sft_train,numeric_equation,direct_template_template0134,synthetic,false,train_only
syn_ne_direct_template_extra_0134_0187,sft_train,numeric_equation,direct_template_template0134,synthetic,false,train_only
syn_ne_direct_template_extra_0134_0188,sft_train,numeric_equation,direct_template_template0134,synthetic,false,train_only
syn_ne_direct_template_extra_0134_0189,sft_train,numeric_equation,direct_template_template0134,synthetic,false,train_only
syn_ne_direct_template_extra_0134_0190,sft_train,numeric_equation,direct_template_template0134,synthetic,false,train_only
syn_ne_direct_template_extra_0134_0191,sft_train,numeric_equation,direct_template_template0134,synthetic,false,train_only
syn_ne_direct_template_extra_0134_0192,sft_train,numeric_equation,direct_template_template0134,synthetic,false,train_only
syn_ne_direct_template_extra_0134_0193,sft_train,numeric_equation,direct_template_template0134,synthetic,false,train_only
syn_ne_direct_template_extra_0134_0194,sft_train,numeric_equation,direct_template_template0134,synthetic,false,train_only
syn_ne_direct_template_extra_0134_0195,sft_train,numeric_equation,direct_template_template0134,synthetic,false,train_only
syn_ne_direct_template_extra_0134_0196,sft_train,numeric_equation,direct_template_template0134,synthetic,false,train_only
syn_ne_direct_template_extra_0134_0197,sft_train,numeric_equation,direct_template_template0134,synthetic,false,train_only
syn_ne_direct_template_extra_0134_0198,sft_train,numeric_equation,direct_template_template0134,synthetic,false,train_only
syn_ne_direct_template_extra_0134_0199,sft_train,numeric_equation,direct_template_template0134,synthetic,false,train_only
syn_ne_direct_template_extra_0134_0200,sft_train,numeric_equation,direct_template_template0134,synthetic,false,train_only
syn_ne_direct_template_extra_3401_0001,sft_train,numeric_equation,direct_template_template3401,synthetic,false,train_only
syn_ne_direct_template_extra_3401_0002,sft_train,numeric_equation,direct_template_template3401,synthetic,false,train_only
syn_ne_direct_template_extra_3401_0003,sft_train,numeric_equation,direct_template_template3401,synthetic,false,train_only
syn_ne_direct_template_extra_3401_0004,sft_train,numeric_equation,direct_template_template3401,synthetic,false,train_only
syn_ne_direct_template_extra_3401_0005,sft_train,numeric_equation,direct_template_template3401,synthetic,false,train_only
syn_ne_direct_template_extra_3401_0006,sft_train,numeric_equation,direct_template_template3401,synthetic,false,train_only
syn_ne_direct_template_extra_3401_0007,sft_train,numeric_equation,direct_template_template3401,synthetic,false,train_only
syn_ne_direct_template_extra_3401_0008,sft_train,numeric_equation,direct_template_template3401,synthetic,false,train_only
syn_ne_direct_template_extra_3401_0009,sft_train,numeric_equation,direct_template_template3401,synthetic,false,train_only
syn_ne_direct_template_extra_3401_0010,sft_train,numeric_equation,direct_template_template3401,synthetic,false,train_only
syn_ne_direct_template_extra_3401_0011,sft_train,numeric_equation,direct_template_template3401,synthetic,false,train_only
syn_ne_direct_template_extra_3401_0012,sft_train,numeric_equation,direct_template_template3401,synthetic,false,train_only
syn_ne_direct_template_extra_3401_0013,sft_train,numeric_equation,direct_template_template3401,synthetic,false,train_only
syn_ne_direct_template_extra_3401_0014,sft_train,numeric_equation,direct_template_template3401,synthetic,false,train_only
syn_ne_direct_template_extra_3401_0015,sft_train,numeric_equation,direct_template_template3401,synthetic,false,train_only
syn_ne_direct_template_extra_3401_0016,sft_train,numeric_equation,direct_template_template3401,synthetic,false,train_only
syn_ne_direct_template_extra_3401_0017,sft_train,numeric_equation,direct_template_template3401,synthetic,false,train_only
syn_ne_direct_template_extra_3401_0018,sft_train,numeric_equation,direct_template_template3401,synthetic,false,train_only
syn_ne_direct_template_extra_3401_0019,sft_train,numeric_equation,direct_template_template3401,synthetic,false,train_only
syn_ne_direct_template_extra_3401_0020,sft_train,numeric_equation,direct_template_template3401,synthetic,false,train_only
syn_ne_direct_template_extra_3401_0021,sft_train,numeric_equation,direct_template_template3401,synthetic,false,train_only
syn_ne_direct_template_extra_3401_0022,sft_train,numeric_equation,direct_template_template3401,synthetic,false,train_only
syn_ne_direct_template_extra_3401_0023,sft_train,numeric_equation,direct_template_template3401,synthetic,false,train_only
syn_ne_direct_template_extra_3401_0024,sft_train,numeric_equation,direct_template_template3401,synthetic,false,train_only
syn_ne_direct_template_extra_3401_0025,sft_train,numeric_equation,direct_template_template3401,synthetic,false,train_only
syn_ne_direct_template_extra_3401_0026,sft_train,numeric_equation,direct_template_template3401,synthetic,false,train_only
syn_ne_direct_template_extra_3401_0027,sft_train,numeric_equation,direct_template_template3401,synthetic,false,train_only
syn_ne_direct_template_extra_3401_0028,sft_train,numeric_equation,direct_template_template3401,synthetic,false,train_only
syn_ne_direct_template_extra_3401_0029,sft_train,numeric_equation,direct_template_template3401,synthetic,false,train_only
syn_ne_direct_template_extra_3401_0030,sft_train,numeric_equation,direct_template_template3401,synthetic,false,train_only
syn_ne_direct_template_extra_3401_0031,sft_train,numeric_equation,direct_template_template3401,synthetic,false,train_only
syn_ne_direct_template_extra_3401_0032,sft_train,numeric_equation,direct_template_template3401,synthetic,false,train_only
syn_ne_direct_template_extra_3401_0033,sft_train,numeric_equation,direct_template_template3401,synthetic,false,train_only
syn_ne_direct_template_extra_3401_0034,sft_train,numeric_equation,direct_template_template3401,synthetic,false,train_only
syn_ne_direct_template_extra_3401_0035,sft_train,numeric_equation,direct_template_template3401,synthetic,false,train_only
syn_ne_direct_template_extra_3401_0036,sft_train,numeric_equation,direct_template_template3401,synthetic,false,train_only
syn_ne_direct_template_extra_3401_0037,sft_train,numeric_equation,direct_template_template3401,synthetic,false,train_only
syn_ne_direct_template_extra_3401_0038,sft_train,numeric_equation,direct_template_template3401,synthetic,false,train_only
syn_ne_direct_template_extra_3401_0039,sft_train,numeric_equation,direct_template_template3401,synthetic,false,train_only
syn_ne_direct_template_extra_3401_0040,sft_train,numeric_equation,direct_template_template3401,synthetic,false,train_only
syn_ne_direct_template_extra_3401_0041,sft_train,numeric_equation,direct_template_template3401,synthetic,false,train_only
syn_ne_direct_template_extra_3401_0042,sft_train,numeric_equation,direct_template_template3401,synthetic,false,train_only
syn_ne_direct_template_extra_3401_0043,sft_train,numeric_equation,direct_template_template3401,synthetic,false,train_only
syn_ne_direct_template_extra_3401_0044,sft_train,numeric_equation,direct_template_template3401,synthetic,false,train_only
syn_ne_direct_template_extra_3401_0045,sft_train,numeric_equation,direct_template_template3401,synthetic,false,train_only
syn_ne_direct_template_extra_3401_0046,sft_train,numeric_equation,direct_template_template3401,synthetic,false,train_only
syn_ne_direct_template_extra_3401_0047,sft_train,numeric_equation,direct_template_template3401,synthetic,false,train_only
syn_ne_direct_template_extra_3401_0048,sft_train,numeric_equation,direct_template_template3401,synthetic,false,train_only
syn_ne_direct_template_extra_3401_0049,sft_train,numeric_equation,direct_template_template3401,synthetic,false,train_only
syn_ne_direct_template_extra_3401_0050,sft_train,numeric_equation,direct_template_template3401,synthetic,false,train_only
syn_ne_direct_template_extra_3401_0051,sft_train,numeric_equation,direct_template_template3401,synthetic,false,train_only
syn_ne_direct_template_extra_3401_0052,sft_train,numeric_equation,direct_template_template3401,synthetic,false,train_only
syn_ne_direct_template_extra_3401_0053,sft_train,numeric_equation,direct_template_template3401,synthetic,false,train_only
syn_ne_direct_template_extra_3401_0054,sft_train,numeric_equation,direct_template_template3401,synthetic,false,train_only
syn_ne_direct_template_extra_3401_0055,sft_train,numeric_equation,direct_template_template3401,synthetic,false,train_only
syn_ne_direct_template_extra_3401_0056,sft_train,numeric_equation,direct_template_template3401,synthetic,false,train_only
syn_ne_direct_template_extra_3401_0057,sft_train,numeric_equation,direct_template_template3401,synthetic,false,train_only
syn_ne_direct_template_extra_3401_0058,sft_train,numeric_equation,direct_template_template3401,synthetic,false,train_only
syn_ne_direct_template_extra_3401_0059,sft_train,numeric_equation,direct_template_template3401,synthetic,false,train_only
syn_ne_direct_template_extra_3401_0060,sft_train,numeric_equation,direct_template_template3401,synthetic,false,train_only
syn_ne_direct_template_extra_3401_0061,sft_train,numeric_equation,direct_template_template3401,synthetic,false,train_only
syn_ne_direct_template_extra_3401_0062,sft_train,numeric_equation,direct_template_template3401,synthetic,false,train_only
syn_ne_direct_template_extra_3401_0063,sft_train,numeric_equation,direct_template_template3401,synthetic,false,train_only
syn_ne_direct_template_extra_3401_0064,sft_train,numeric_equation,direct_template_template3401,synthetic,false,train_only
syn_ne_direct_template_extra_3401_0065,sft_train,numeric_equation,direct_template_template3401,synthetic,false,train_only
syn_ne_direct_template_extra_3401_0066,sft_train,numeric_equation,direct_template_template3401,synthetic,false,train_only
syn_ne_direct_template_extra_3401_0067,sft_train,numeric_equation,direct_template_template3401,synthetic,false,train_only
syn_ne_direct_template_extra_3401_0068,sft_train,numeric_equation,direct_template_template3401,synthetic,false,train_only
syn_ne_direct_template_extra_3401_0069,sft_train,numeric_equation,direct_template_template3401,synthetic,false,train_only
syn_ne_direct_template_extra_3401_0070,sft_train,numeric_equation,direct_template_template3401,synthetic,false,train_only
syn_ne_direct_template_extra_3401_0071,sft_train,numeric_equation,direct_template_template3401,synthetic,false,train_only
syn_ne_direct_template_extra_3401_0072,sft_train,numeric_equation,direct_template_template3401,synthetic,false,train_only
syn_ne_direct_template_extra_3401_0073,sft_train,numeric_equation,direct_template_template3401,synthetic,false,train_only
syn_ne_direct_template_extra_3401_0074,sft_train,numeric_equation,direct_template_template3401,synthetic,false,train_only
syn_ne_direct_template_extra_3401_0075,sft_train,numeric_equation,direct_template_template3401,synthetic,false,train_only
syn_ne_direct_template_extra_3401_0076,sft_train,numeric_equation,direct_template_template3401,synthetic,false,train_only
syn_ne_direct_template_extra_3401_0077,sft_train,numeric_equation,direct_template_template3401,synthetic,false,train_only
syn_ne_direct_template_extra_3401_0078,sft_train,numeric_equation,direct_template_template3401,synthetic,false,train_only
syn_ne_direct_template_extra_3401_0079,sft_train,numeric_equation,direct_template_template3401,synthetic,false,train_only
syn_ne_direct_template_extra_3401_0080,sft_train,numeric_equation,direct_template_template3401,synthetic,false,train_only
syn_ne_direct_template_extra_3401_0081,sft_train,numeric_equation,direct_template_template3401,synthetic,false,train_only
syn_ne_direct_template_extra_3401_0082,sft_train,numeric_equation,direct_template_template3401,synthetic,false,train_only
syn_ne_direct_template_extra_3401_0083,sft_train,numeric_equation,direct_template_template3401,synthetic,false,train_only
syn_ne_direct_template_extra_3401_0084,sft_train,numeric_equation,direct_template_template3401,synthetic,false,train_only
syn_ne_direct_template_extra_3401_0085,sft_train,numeric_equation,direct_template_template3401,synthetic,false,train_only
syn_ne_direct_template_extra_3401_0086,sft_train,numeric_equation,direct_template_template3401,synthetic,false,train_only
syn_ne_direct_template_extra_3401_0087,sft_train,numeric_equation,direct_template_template3401,synthetic,false,train_only
syn_ne_direct_template_extra_3401_0088,sft_train,numeric_equation,direct_template_template3401,synthetic,false,train_only
syn_ne_direct_template_extra_3401_0089,sft_train,numeric_equation,direct_template_template3401,synthetic,false,train_only
syn_ne_direct_template_extra_3401_0090,sft_train,numeric_equation,direct_template_template3401,synthetic,false,train_only
syn_ne_direct_template_extra_3401_0091,sft_train,numeric_equation,direct_template_template3401,synthetic,false,train_only
syn_ne_direct_template_extra_3401_0092,sft_train,numeric_equation,direct_template_template3401,synthetic,false,train_only
syn_ne_direct_template_extra_3401_0093,sft_train,numeric_equation,direct_template_template3401,synthetic,false,train_only
syn_ne_direct_template_extra_3401_0094,sft_train,numeric_equation,direct_template_template3401,synthetic,false,train_only
syn_ne_direct_template_extra_3401_0095,sft_train,numeric_equation,direct_template_template3401,synthetic,false,train_only
syn_ne_direct_template_extra_3401_0096,sft_train,numeric_equation,direct_template_template3401,synthetic,false,train_only
syn_ne_direct_template_extra_3401_0097,sft_train,numeric_equation,direct_template_template3401,synthetic,false,train_only
syn_ne_direct_template_extra_3401_0098,sft_train,numeric_equation,direct_template_template3401,synthetic,false,train_only
syn_ne_direct_template_extra_3401_0099,sft_train,numeric_equation,direct_template_template3401,synthetic,false,train_only
syn_ne_direct_template_extra_3401_0100,sft_train,numeric_equation,direct_template_template3401,synthetic,false,train_only
syn_ne_direct_template_extra_3401_0101,sft_train,numeric_equation,direct_template_template3401,synthetic,false,train_only
syn_ne_direct_template_extra_3401_0102,sft_train,numeric_equation,direct_template_template3401,synthetic,false,train_only
syn_ne_direct_template_extra_3401_0103,sft_train,numeric_equation,direct_template_template3401,synthetic,false,train_only
syn_ne_direct_template_extra_3401_0104,sft_train,numeric_equation,direct_template_template3401,synthetic,false,train_only
syn_ne_direct_template_extra_3401_0105,sft_train,numeric_equation,direct_template_template3401,synthetic,false,train_only
syn_ne_direct_template_extra_3401_0106,sft_train,numeric_equation,direct_template_template3401,synthetic,false,train_only
syn_ne_direct_template_extra_3401_0107,sft_train,numeric_equation,direct_template_template3401,synthetic,false,train_only
syn_ne_direct_template_extra_3401_0108,sft_train,numeric_equation,direct_template_template3401,synthetic,false,train_only
syn_ne_direct_template_extra_3401_0109,sft_train,numeric_equation,direct_template_template3401,synthetic,false,train_only
syn_ne_direct_template_extra_3401_0110,sft_train,numeric_equation,direct_template_template3401,synthetic,false,train_only
syn_ne_direct_template_extra_3401_0111,sft_train,numeric_equation,direct_template_template3401,synthetic,false,train_only
syn_ne_direct_template_extra_3401_0112,sft_train,numeric_equation,direct_template_template3401,synthetic,false,train_only
syn_ne_direct_template_extra_3401_0113,sft_train,numeric_equation,direct_template_template3401,synthetic,false,train_only
syn_ne_direct_template_extra_3401_0114,sft_train,numeric_equation,direct_template_template3401,synthetic,false,train_only
syn_ne_direct_template_extra_3401_0115,sft_train,numeric_equation,direct_template_template3401,synthetic,false,train_only
syn_ne_direct_template_extra_3401_0116,sft_train,numeric_equation,direct_template_template3401,synthetic,false,train_only
syn_ne_direct_template_extra_3401_0117,sft_train,numeric_equation,direct_template_template3401,synthetic,false,train_only
syn_ne_direct_template_extra_3401_0118,sft_train,numeric_equation,direct_template_template3401,synthetic,false,train_only
syn_ne_direct_template_extra_3401_0119,sft_train,numeric_equation,direct_template_template3401,synthetic,false,train_only
syn_ne_direct_template_extra_3401_0120,sft_train,numeric_equation,direct_template_template3401,synthetic,false,train_only
syn_ne_direct_template_extra_3401_0121,sft_train,numeric_equation,direct_template_template3401,synthetic,false,train_only
syn_ne_direct_template_extra_3401_0122,sft_train,numeric_equation,direct_template_template3401,synthetic,false,train_only
syn_ne_direct_template_extra_3401_0123,sft_train,numeric_equation,direct_template_template3401,synthetic,false,train_only
syn_ne_direct_template_extra_3401_0124,sft_train,numeric_equation,direct_template_template3401,synthetic,false,train_only
syn_ne_direct_template_extra_3401_0125,sft_train,numeric_equation,direct_template_template3401,synthetic,false,train_only
syn_ne_direct_template_extra_3401_0126,sft_train,numeric_equation,direct_template_template3401,synthetic,false,train_only
syn_ne_direct_template_extra_3401_0127,sft_train,numeric_equation,direct_template_template3401,synthetic,false,train_only
syn_ne_direct_template_extra_3401_0128,sft_train,numeric_equation,direct_template_template3401,synthetic,false,train_only
syn_ne_direct_template_extra_3401_0129,sft_train,numeric_equation,direct_template_template3401,synthetic,false,train_only
syn_ne_direct_template_extra_3401_0130,sft_train,numeric_equation,direct_template_template3401,synthetic,false,train_only
syn_ne_direct_template_extra_3401_0131,sft_train,numeric_equation,direct_template_template3401,synthetic,false,train_only
syn_ne_direct_template_extra_3401_0132,sft_train,numeric_equation,direct_template_template3401,synthetic,false,train_only
syn_ne_direct_template_extra_3401_0133,sft_train,numeric_equation,direct_template_template3401,synthetic,false,train_only
syn_ne_direct_template_extra_3401_0134,sft_train,numeric_equation,direct_template_template3401,synthetic,false,train_only
syn_ne_direct_template_extra_3401_0135,sft_train,numeric_equation,direct_template_template3401,synthetic,false,train_only
syn_ne_direct_template_extra_3401_0136,sft_train,numeric_equation,direct_template_template3401,synthetic,false,train_only
syn_ne_direct_template_extra_3401_0137,sft_train,numeric_equation,direct_template_template3401,synthetic,false,train_only
syn_ne_direct_template_extra_3401_0138,sft_train,numeric_equation,direct_template_template3401,synthetic,false,train_only
syn_ne_direct_template_extra_3401_0139,sft_train,numeric_equation,direct_template_template3401,synthetic,false,train_only
syn_ne_direct_template_extra_3401_0140,sft_train,numeric_equation,direct_template_template3401,synthetic,false,train_only
syn_ne_direct_template_extra_3401_0141,sft_train,numeric_equation,direct_template_template3401,synthetic,false,train_only
syn_ne_direct_template_extra_3401_0142,sft_train,numeric_equation,direct_template_template3401,synthetic,false,train_only
syn_ne_direct_template_extra_3401_0143,sft_train,numeric_equation,direct_template_template3401,synthetic,false,train_only
syn_ne_direct_template_extra_3401_0144,sft_train,numeric_equation,direct_template_template3401,synthetic,false,train_only
syn_ne_direct_template_extra_3401_0145,sft_train,numeric_equation,direct_template_template3401,synthetic,false,train_only
syn_ne_direct_template_extra_3401_0146,sft_train,numeric_equation,direct_template_template3401,synthetic,false,train_only
syn_ne_direct_template_extra_3401_0147,sft_train,numeric_equation,direct_template_template3401,synthetic,false,train_only
syn_ne_direct_template_extra_3401_0148,sft_train,numeric_equation,direct_template_template3401,synthetic,false,train_only
syn_ne_direct_template_extra_3401_0149,sft_train,numeric_equation,direct_template_template3401,synthetic,false,train_only
syn_ne_direct_template_extra_3401_0150,sft_train,numeric_equation,direct_template_template3401,synthetic,false,train_only
syn_ne_direct_template_extra_3401_0151,sft_train,numeric_equation,direct_template_template3401,synthetic,false,train_only
syn_ne_direct_template_extra_3401_0152,sft_train,numeric_equation,direct_template_template3401,synthetic,false,train_only
syn_ne_direct_template_extra_3401_0153,sft_train,numeric_equation,direct_template_template3401,synthetic,false,train_only
syn_ne_direct_template_extra_3401_0154,sft_train,numeric_equation,direct_template_template3401,synthetic,false,train_only
syn_ne_direct_template_extra_3401_0155,sft_train,numeric_equation,direct_template_template3401,synthetic,false,train_only
syn_ne_direct_template_extra_3401_0156,sft_train,numeric_equation,direct_template_template3401,synthetic,false,train_only
syn_ne_direct_template_extra_3401_0157,sft_train,numeric_equation,direct_template_template3401,synthetic,false,train_only
syn_ne_direct_template_extra_3401_0158,sft_train,numeric_equation,direct_template_template3401,synthetic,false,train_only
syn_ne_direct_template_extra_3401_0159,sft_train,numeric_equation,direct_template_template3401,synthetic,false,train_only
syn_ne_direct_template_extra_3401_0160,sft_train,numeric_equation,direct_template_template3401,synthetic,false,train_only
syn_ne_direct_template_extra_3401_0161,sft_train,numeric_equation,direct_template_template3401,synthetic,false,train_only
syn_ne_direct_template_extra_3401_0162,sft_train,numeric_equation,direct_template_template3401,synthetic,false,train_only
syn_ne_direct_template_extra_3401_0163,sft_train,numeric_equation,direct_template_template3401,synthetic,false,train_only
syn_ne_direct_template_extra_3401_0164,sft_train,numeric_equation,direct_template_template3401,synthetic,false,train_only
syn_ne_direct_template_extra_3401_0165,sft_train,numeric_equation,direct_template_template3401,synthetic,false,train_only
syn_ne_direct_template_extra_3401_0166,sft_train,numeric_equation,direct_template_template3401,synthetic,false,train_only
syn_ne_direct_template_extra_3401_0167,sft_train,numeric_equation,direct_template_template3401,synthetic,false,train_only
syn_ne_direct_template_extra_3401_0168,sft_train,numeric_equation,direct_template_template3401,synthetic,false,train_only
syn_ne_direct_template_extra_3401_0169,sft_train,numeric_equation,direct_template_template3401,synthetic,false,train_only
syn_ne_direct_template_extra_3401_0170,sft_train,numeric_equation,direct_template_template3401,synthetic,false,train_only
syn_ne_direct_template_extra_3401_0171,sft_train,numeric_equation,direct_template_template3401,synthetic,false,train_only
syn_ne_direct_template_extra_3401_0172,sft_train,numeric_equation,direct_template_template3401,synthetic,false,train_only
syn_ne_direct_template_extra_3401_0173,sft_train,numeric_equation,direct_template_template3401,synthetic,false,train_only
syn_ne_direct_template_extra_3401_0174,sft_train,numeric_equation,direct_template_template3401,synthetic,false,train_only
syn_ne_direct_template_extra_3401_0175,sft_train,numeric_equation,direct_template_template3401,synthetic,false,train_only
syn_ne_direct_template_extra_3401_0176,sft_train,numeric_equation,direct_template_template3401,synthetic,false,train_only
syn_ne_direct_template_extra_3401_0177,sft_train,numeric_equation,direct_template_template3401,synthetic,false,train_only
syn_ne_direct_template_extra_3401_0178,sft_train,numeric_equation,direct_template_template3401,synthetic,false,train_only
syn_ne_direct_template_extra_3401_0179,sft_train,numeric_equation,direct_template_template3401,synthetic,false,train_only
syn_ne_direct_template_extra_3401_0180,sft_train,numeric_equation,direct_template_template3401,synthetic,false,train_only
syn_ne_direct_template_extra_3401_0181,sft_train,numeric_equation,direct_template_template3401,synthetic,false,train_only
syn_ne_direct_template_extra_3401_0182,sft_train,numeric_equation,direct_template_template3401,synthetic,false,train_only
syn_ne_direct_template_extra_3401_0183,sft_train,numeric_equation,direct_template_template3401,synthetic,false,train_only
syn_ne_direct_template_extra_3401_0184,sft_train,numeric_equation,direct_template_template3401,synthetic,false,train_only
syn_ne_direct_template_extra_3401_0185,sft_train,numeric_equation,direct_template_template3401,synthetic,false,train_only
syn_ne_direct_template_extra_3401_0186,sft_train,numeric_equation,direct_template_template3401,synthetic,false,train_only
syn_ne_direct_template_extra_3401_0187,sft_train,numeric_equation,direct_template_template3401,synthetic,false,train_only
syn_ne_direct_template_extra_3401_0188,sft_train,numeric_equation,direct_template_template3401,synthetic,false,train_only
syn_ne_direct_template_extra_3401_0189,sft_train,numeric_equation,direct_template_template3401,synthetic,false,train_only
syn_ne_direct_template_extra_3401_0190,sft_train,numeric_equation,direct_template_template3401,synthetic,false,train_only
syn_ne_direct_template_extra_3401_0191,sft_train,numeric_equation,direct_template_template3401,synthetic,false,train_only
syn_ne_direct_template_extra_3401_0192,sft_train,numeric_equation,direct_template_template3401,synthetic,false,train_only
syn_ne_direct_template_extra_3401_0193,sft_train,numeric_equation,direct_template_template3401,synthetic,false,train_only
syn_ne_direct_template_extra_3401_0194,sft_train,numeric_equation,direct_template_template3401,synthetic,false,train_only
syn_ne_direct_template_extra_3401_0195,sft_train,numeric_equation,direct_template_template3401,synthetic,false,train_only
syn_ne_direct_template_extra_3401_0196,sft_train,numeric_equation,direct_template_template3401,synthetic,false,train_only
syn_ne_direct_template_extra_3401_0197,sft_train,numeric_equation,direct_template_template3401,synthetic,false,train_only
syn_ne_direct_template_extra_3401_0198,sft_train,numeric_equation,direct_template_template3401,synthetic,false,train_only
syn_ne_direct_template_extra_3401_0199,sft_train,numeric_equation,direct_template_template3401,synthetic,false,train_only
syn_ne_direct_template_extra_3401_0200,sft_train,numeric_equation,direct_template_template3401,synthetic,false,train_only
syn_ne_dp_common_intersection_0003,sft_train,numeric_equation,docs_numeric_equation_motif_override_traces_syn_ne_dp_common_intersection_0003_txt,synthetic,false,train_only
syn_ne_dp_common_intersection_0106,sft_train,numeric_equation,docs_numeric_equation_motif_override_traces_syn_ne_dp_common_intersection_0106_txt,synthetic,false,train_only
syn_ne_dp_common_intersection_0113,sft_train,numeric_equation,docs_numeric_equation_motif_override_traces_syn_ne_dp_common_intersection_0113_txt,synthetic,false,train_only
syn_ne_dp_common_intersection_0130,sft_train,numeric_equation,docs_numeric_equation_motif_override_traces_syn_ne_dp_common_intersection_0130_txt,synthetic,false,train_only
syn_ne_dp_common_intersection_0148,sft_train,numeric_equation,docs_numeric_equation_motif_override_traces_syn_ne_dp_common_intersection_0148_txt,synthetic,false,train_only
syn_ne_dp_common_intersection_0156,sft_train,numeric_equation,docs_numeric_equation_motif_override_traces_syn_ne_dp_common_intersection_0156_txt,synthetic,false,train_only
syn_ne_dp_common_intersection_0248,sft_train,numeric_equation,docs_numeric_equation_motif_override_traces_syn_ne_dp_common_intersection_0248_txt,synthetic,false,train_only
syn_ne_dp_common_intersection_0251,sft_train,numeric_equation,docs_numeric_equation_motif_override_traces_syn_ne_dp_common_intersection_0251_txt,synthetic,false,train_only
syn_ne_dp_common_intersection_0259,sft_train,numeric_equation,docs_numeric_equation_motif_override_traces_syn_ne_dp_common_intersection_0259_txt,synthetic,false,train_only
syn_ne_dp_common_intersection_0282,sft_train,numeric_equation,docs_numeric_equation_motif_override_traces_syn_ne_dp_common_intersection_0282_txt,synthetic,false,train_only
syn_ne_dp_literal_minus_rendering_policy_0528,sft_train,numeric_equation,docs_numeric_equation_motif_override_traces_syn_ne_dp_literal_minus_rendering_policy_0528_txt,synthetic,false,train_only
syn_ne_dp_literal_minus_rendering_policy_0591,sft_train,numeric_equation,docs_numeric_equation_motif_override_traces_syn_ne_dp_literal_minus_rendering_policy_0591_txt,synthetic,false,train_only
syn_ne_dp_output_format_rendering_0299,sft_train,numeric_equation,docs_numeric_equation_motif_override_traces_syn_ne_dp_output_format_rendering_0299_txt,synthetic,false,train_only
syn_ne_dp_output_format_rendering_0324,sft_train,numeric_equation,docs_numeric_equation_motif_override_traces_syn_ne_dp_output_format_rendering_0324_txt,synthetic,false,train_only
syn_ne_dp_output_format_rendering_0328,sft_train,numeric_equation,docs_numeric_equation_motif_override_traces_syn_ne_dp_output_format_rendering_0328_txt,synthetic,false,train_only
syn_ne_dp_output_format_rendering_0335,sft_train,numeric_equation,docs_numeric_equation_motif_override_traces_syn_ne_dp_output_format_rendering_0335_txt,synthetic,false,train_only
syn_ne_dp_output_format_rendering_0355,sft_train,numeric_equation,docs_numeric_equation_motif_override_traces_syn_ne_dp_output_format_rendering_0355_txt,synthetic,false,train_only
syn_ne_dp_output_format_rendering_0359,sft_train,numeric_equation,docs_numeric_equation_motif_override_traces_syn_ne_dp_output_format_rendering_0359_txt,synthetic,false,train_only
syn_ne_dp_output_format_rendering_0365,sft_train,numeric_equation,docs_numeric_equation_motif_override_traces_syn_ne_dp_output_format_rendering_0365_txt,synthetic,false,train_only
syn_ne_dp_output_format_rendering_0378,sft_train,numeric_equation,docs_numeric_equation_motif_override_traces_syn_ne_dp_output_format_rendering_0378_txt,synthetic,false,train_only
syn_ne_dp_output_format_rendering_0408,sft_train,numeric_equation,docs_numeric_equation_motif_override_traces_syn_ne_dp_output_format_rendering_0408_txt,synthetic,false,train_only
syn_ne_dp_output_format_rendering_0411,sft_train,numeric_equation,docs_numeric_equation_motif_override_traces_syn_ne_dp_output_format_rendering_0411_txt,synthetic,false,train_only
syn_ne_dp_output_format_rendering_0416,sft_train,numeric_equation,docs_numeric_equation_motif_override_traces_syn_ne_dp_output_format_rendering_0416_txt,synthetic,false,train_only
syn_ne_dp_output_format_rendering_0436,sft_train,numeric_equation,docs_numeric_equation_motif_override_traces_syn_ne_dp_output_format_rendering_0436_txt,synthetic,false,train_only
syn_ne_dp_output_format_rendering_0466,sft_train,numeric_equation,docs_numeric_equation_motif_override_traces_syn_ne_dp_output_format_rendering_0466_txt,synthetic,false,train_only
syn_ne_dp_output_format_rendering_0469,sft_train,numeric_equation,docs_numeric_equation_motif_override_traces_syn_ne_dp_output_format_rendering_0469_txt,synthetic,false,train_only
syn_ne_dp_output_format_rendering_0479,sft_train,numeric_equation,docs_numeric_equation_motif_override_traces_syn_ne_dp_output_format_rendering_0479_txt,synthetic,false,train_only
syn_ne_dp_output_format_rendering_0482,sft_train,numeric_equation,docs_numeric_equation_motif_override_traces_syn_ne_dp_output_format_rendering_0482_txt,synthetic,false,train_only
syn_ne_dp_output_format_rendering_0488,sft_train,numeric_equation,docs_numeric_equation_motif_override_traces_syn_ne_dp_output_format_rendering_0488_txt,synthetic,false,train_only
syn_ne_dp_output_format_rendering_0495,sft_train,numeric_equation,docs_numeric_equation_motif_override_traces_syn_ne_dp_output_format_rendering_0495_txt,synthetic,false,train_only
syn_ne_normal_ab_cd_maxmodmin_len12_0024,sft_train,numeric_equation,docs_numeric_equation_motif_override_traces_syn_ne_normal_ab_cd_maxmodmin_len12_0024_txt,synthetic,false,train_only
syn_ne_normal_ab_cd_maxmodmin_len12_0025,sft_train,numeric_equation,docs_numeric_equation_motif_override_traces_syn_ne_normal_ab_cd_maxmodmin_len12_0025_txt,synthetic,false,train_only
syn_ne_normal_ab_cd_maxmodmin_len12_0026,sft_train,numeric_equation,docs_numeric_equation_motif_override_traces_syn_ne_normal_ab_cd_maxmodmin_len12_0026_txt,synthetic,false,train_only
syn_ne_normal_ab_cd_maxmodmin_len12_0027,sft_train,numeric_equation,docs_numeric_equation_motif_override_traces_syn_ne_normal_ab_cd_maxmodmin_len12_0027_txt,synthetic,false,train_only
syn_ne_normal_ab_cd_maxmodmin_len12_0028,sft_train,numeric_equation,docs_numeric_equation_motif_override_traces_syn_ne_normal_ab_cd_maxmodmin_len12_0028_txt,synthetic,false,train_only
syn_ne_normal_ab_cd_maxmodmin_len12_0029,sft_train,numeric_equation,docs_numeric_equation_motif_override_traces_syn_ne_normal_ab_cd_maxmodmin_len12_0029_txt,synthetic,false,train_only
syn_ne_normal_ab_cd_maxmodmin_len12_0030,sft_train,numeric_equation,docs_numeric_equation_motif_override_traces_syn_ne_normal_ab_cd_maxmodmin_len12_0030_txt,synthetic,false,train_only
syn_ne_normal_ab_cd_maxmodmin_len12_0031,sft_train,numeric_equation,docs_numeric_equation_motif_override_traces_syn_ne_normal_ab_cd_maxmodmin_len12_0031_txt,synthetic,false,train_only
syn_ne_normal_ab_cd_maxmodmin_len12_0032,sft_train,numeric_equation,docs_numeric_equation_motif_override_traces_syn_ne_normal_ab_cd_maxmodmin_len12_0032_txt,synthetic,false,train_only
syn_ne_normal_ab_cd_maxmodmin_len12_0033,sft_train,numeric_equation,docs_numeric_equation_motif_override_traces_syn_ne_normal_ab_cd_maxmodmin_len12_0033_txt,synthetic,false,train_only
syn_ne_normal_ab_cd_maxmodmin_len12_0034,sft_train,numeric_equation,docs_numeric_equation_motif_override_traces_syn_ne_normal_ab_cd_maxmodmin_len12_0034_txt,synthetic,false,train_only
syn_ne_normal_ab_cd_maxmodmin_len12_0035,sft_train,numeric_equation,docs_numeric_equation_motif_override_traces_syn_ne_normal_ab_cd_maxmodmin_len12_0035_txt,synthetic,false,train_only
syn_ne_normal_ab_cd_maxmodmin_len12_0036,sft_train,numeric_equation,docs_numeric_equation_motif_override_traces_syn_ne_normal_ab_cd_maxmodmin_len12_0036_txt,synthetic,false,train_only
syn_ne_normal_ab_cd_maxmodmin_len12_0037,sft_train,numeric_equation,docs_numeric_equation_motif_override_traces_syn_ne_normal_ab_cd_maxmodmin_len12_0037_txt,synthetic,false,train_only
syn_ne_normal_ab_cd_maxmodmin_len12_0038,sft_train,numeric_equation,docs_numeric_equation_motif_override_traces_syn_ne_normal_ab_cd_maxmodmin_len12_0038_txt,synthetic,false,train_only
syn_ne_normal_ab_cd_maxmodmin_len12_0039,sft_train,numeric_equation,docs_numeric_equation_motif_override_traces_syn_ne_normal_ab_cd_maxmodmin_len12_0039_txt,synthetic,false,train_only
syn_ne_normal_ab_cd_maxmodmin_len12_0040,sft_train,numeric_equation,docs_numeric_equation_motif_override_traces_syn_ne_normal_ab_cd_maxmodmin_len12_0040_txt,synthetic,false,train_only
syn_ne_normal_ab_cd_maxmodmin_len12_0041,sft_train,numeric_equation,docs_numeric_equation_motif_override_traces_syn_ne_normal_ab_cd_maxmodmin_len12_0041_txt,synthetic,false,train_only
syn_ne_normal_ab_cd_maxmodmin_len12_0042,sft_train,numeric_equation,docs_numeric_equation_motif_override_traces_syn_ne_normal_ab_cd_maxmodmin_len12_0042_txt,synthetic,false,train_only
syn_ne_normal_ab_cd_maxmodmin_len12_0043,sft_train,numeric_equation,docs_numeric_equation_motif_override_traces_syn_ne_normal_ab_cd_maxmodmin_len12_0043_txt,synthetic,false,train_only
syn_ne_normal_ab_cd_maxmodmin_len12_0044,sft_train,numeric_equation,docs_numeric_equation_motif_override_traces_syn_ne_normal_ab_cd_maxmodmin_len12_0044_txt,synthetic,false,train_only
syn_ne_normal_ab_cd_maxmodmin_len12_0045,sft_train,numeric_equation,docs_numeric_equation_motif_override_traces_syn_ne_normal_ab_cd_maxmodmin_len12_0045_txt,synthetic,false,train_only
syn_ne_normal_ab_cd_maxmodmin_len12_0046,sft_train,numeric_equation,docs_numeric_equation_motif_override_traces_syn_ne_normal_ab_cd_maxmodmin_len12_0046_txt,synthetic,false,train_only
syn_ne_normal_ab_cd_maxmodmin_len1_0001,sft_train,numeric_equation,docs_numeric_equation_motif_override_traces_syn_ne_normal_ab_cd_maxmodmin_len1_0001_txt,synthetic,false,train_only
syn_ne_normal_ab_cd_maxmodmin_len1_0002,sft_train,numeric_equation,docs_numeric_equation_motif_override_traces_syn_ne_normal_ab_cd_maxmodmin_len1_0002_txt,synthetic,false,train_only
syn_ne_normal_ab_cd_maxmodmin_len1_0003,sft_train,numeric_equation,docs_numeric_equation_motif_override_traces_syn_ne_normal_ab_cd_maxmodmin_len1_0003_txt,synthetic,false,train_only
syn_ne_normal_ab_cd_maxmodmin_len1_0004,sft_train,numeric_equation,docs_numeric_equation_motif_override_traces_syn_ne_normal_ab_cd_maxmodmin_len1_0004_txt,synthetic,false,train_only
syn_ne_normal_ab_cd_maxmodmin_len1_0005,sft_train,numeric_equation,docs_numeric_equation_motif_override_traces_syn_ne_normal_ab_cd_maxmodmin_len1_0005_txt,synthetic,false,train_only
syn_ne_normal_ab_cd_maxmodmin_len1_0006,sft_train,numeric_equation,docs_numeric_equation_motif_override_traces_syn_ne_normal_ab_cd_maxmodmin_len1_0006_txt,synthetic,false,train_only
syn_ne_normal_ab_cd_maxmodmin_len1_0007,sft_train,numeric_equation,docs_numeric_equation_motif_override_traces_syn_ne_normal_ab_cd_maxmodmin_len1_0007_txt,synthetic,false,train_only
syn_ne_normal_ab_cd_maxmodmin_len1_0008,sft_train,numeric_equation,docs_numeric_equation_motif_override_traces_syn_ne_normal_ab_cd_maxmodmin_len1_0008_txt,synthetic,false,train_only
syn_ne_normal_ab_cd_maxmodmin_len1_0009,sft_train,numeric_equation,docs_numeric_equation_motif_override_traces_syn_ne_normal_ab_cd_maxmodmin_len1_0009_txt,synthetic,false,train_only
syn_ne_normal_ab_cd_maxmodmin_len1_0010,sft_train,numeric_equation,docs_numeric_equation_motif_override_traces_syn_ne_normal_ab_cd_maxmodmin_len1_0010_txt,synthetic,false,train_only
syn_ne_normal_ab_cd_maxmodmin_len1_0011,sft_train,numeric_equation,docs_numeric_equation_motif_override_traces_syn_ne_normal_ab_cd_maxmodmin_len1_0011_txt,synthetic,false,train_only
syn_ne_normal_ab_cd_maxmodmin_len1_0012,sft_train,numeric_equation,docs_numeric_equation_motif_override_traces_syn_ne_normal_ab_cd_maxmodmin_len1_0012_txt,synthetic,false,train_only
syn_ne_normal_ab_cd_maxmodmin_len1_0013,sft_train,numeric_equation,docs_numeric_equation_motif_override_traces_syn_ne_normal_ab_cd_maxmodmin_len1_0013_txt,synthetic,false,train_only
syn_ne_normal_ab_cd_maxmodmin_len1_0014,sft_train,numeric_equation,docs_numeric_equation_motif_override_traces_syn_ne_normal_ab_cd_maxmodmin_len1_0014_txt,synthetic,false,train_only
syn_ne_normal_ab_cd_maxmodmin_len1_0015,sft_train,numeric_equation,docs_numeric_equation_motif_override_traces_syn_ne_normal_ab_cd_maxmodmin_len1_0015_txt,synthetic,false,train_only
syn_ne_normal_ab_cd_maxmodmin_len1_0016,sft_train,numeric_equation,docs_numeric_equation_motif_override_traces_syn_ne_normal_ab_cd_maxmodmin_len1_0016_txt,synthetic,false,train_only
syn_ne_normal_ab_cd_maxmodmin_len1_0017,sft_train,numeric_equation,docs_numeric_equation_motif_override_traces_syn_ne_normal_ab_cd_maxmodmin_len1_0017_txt,synthetic,false,train_only
syn_ne_normal_ab_cd_maxmodmin_len1_0018,sft_train,numeric_equation,docs_numeric_equation_motif_override_traces_syn_ne_normal_ab_cd_maxmodmin_len1_0018_txt,synthetic,false,train_only
syn_ne_normal_ab_cd_maxmodmin_len1_0019,sft_train,numeric_equation,docs_numeric_equation_motif_override_traces_syn_ne_normal_ab_cd_maxmodmin_len1_0019_txt,synthetic,false,train_only
syn_ne_normal_ab_cd_maxmodmin_len1_0020,sft_train,numeric_equation,docs_numeric_equation_motif_override_traces_syn_ne_normal_ab_cd_maxmodmin_len1_0020_txt,synthetic,false,train_only
syn_ne_normal_ab_cd_maxmodmin_len1_0021,sft_train,numeric_equation,docs_numeric_equation_motif_override_traces_syn_ne_normal_ab_cd_maxmodmin_len1_0021_txt,synthetic,false,train_only
syn_ne_normal_ab_cd_maxmodmin_len1_0022,sft_train,numeric_equation,docs_numeric_equation_motif_override_traces_syn_ne_normal_ab_cd_maxmodmin_len1_0022_txt,synthetic,false,train_only
syn_ne_normal_ab_cd_maxmodmin_len1_0023,sft_train,numeric_equation,docs_numeric_equation_motif_override_traces_syn_ne_normal_ab_cd_maxmodmin_len1_0023_txt,synthetic,false,train_only
syn_ne_normal_ab_cd_xmy_len12_0416,sft_train,numeric_equation,docs_numeric_equation_motif_override_traces_syn_ne_normal_ab_cd_xmy_len12_0416_txt,synthetic,false,train_only
syn_ne_normal_ab_cd_xmy_len12_0417,sft_train,numeric_equation,docs_numeric_equation_motif_override_traces_syn_ne_normal_ab_cd_xmy_len12_0417_txt,synthetic,false,train_only
syn_ne_normal_ab_cd_xmy_len12_0418,sft_train,numeric_equation,docs_numeric_equation_motif_override_traces_syn_ne_normal_ab_cd_xmy_len12_0418_txt,synthetic,false,train_only
syn_ne_normal_ab_cd_xmy_len12_0419,sft_train,numeric_equation,docs_numeric_equation_motif_override_traces_syn_ne_normal_ab_cd_xmy_len12_0419_txt,synthetic,false,train_only
syn_ne_normal_ab_cd_xmy_len12_0420,sft_train,numeric_equation,docs_numeric_equation_motif_override_traces_syn_ne_normal_ab_cd_xmy_len12_0420_txt,synthetic,false,train_only
syn_ne_normal_ab_cd_xmy_len12_0421,sft_train,numeric_equation,docs_numeric_equation_motif_override_traces_syn_ne_normal_ab_cd_xmy_len12_0421_txt,synthetic,false,train_only
syn_ne_normal_ab_cd_xmy_len12_0422,sft_train,numeric_equation,docs_numeric_equation_motif_override_traces_syn_ne_normal_ab_cd_xmy_len12_0422_txt,synthetic,false,train_only
syn_ne_normal_ab_cd_xmy_len12_0423,sft_train,numeric_equation,docs_numeric_equation_motif_override_traces_syn_ne_normal_ab_cd_xmy_len12_0423_txt,synthetic,false,train_only
syn_ne_normal_ab_cd_xmy_len12_0424,sft_train,numeric_equation,docs_numeric_equation_motif_override_traces_syn_ne_normal_ab_cd_xmy_len12_0424_txt,synthetic,false,train_only
syn_ne_normal_ab_cd_xmy_len12_0425,sft_train,numeric_equation,docs_numeric_equation_motif_override_traces_syn_ne_normal_ab_cd_xmy_len12_0425_txt,synthetic,false,train_only
syn_ne_normal_ab_cd_xmy_len12_0426,sft_train,numeric_equation,docs_numeric_equation_motif_override_traces_syn_ne_normal_ab_cd_xmy_len12_0426_txt,synthetic,false,train_only
syn_ne_normal_ab_cd_xmy_len12_0427,sft_train,numeric_equation,docs_numeric_equation_motif_override_traces_syn_ne_normal_ab_cd_xmy_len12_0427_txt,synthetic,false,train_only
syn_ne_normal_ab_cd_xmy_len12_0428,sft_train,numeric_equation,docs_numeric_equation_motif_override_traces_syn_ne_normal_ab_cd_xmy_len12_0428_txt,synthetic,false,train_only
syn_ne_normal_ab_cd_xmy_len12_0429,sft_train,numeric_equation,docs_numeric_equation_motif_override_traces_syn_ne_normal_ab_cd_xmy_len12_0429_txt,synthetic,false,train_only
syn_ne_normal_ab_cd_xmy_len12_0430,sft_train,numeric_equation,docs_numeric_equation_motif_override_traces_syn_ne_normal_ab_cd_xmy_len12_0430_txt,synthetic,false,train_only
syn_ne_normal_ab_cd_xmy_len12_0431,sft_train,numeric_equation,docs_numeric_equation_motif_override_traces_syn_ne_normal_ab_cd_xmy_len12_0431_txt,synthetic,false,train_only
syn_ne_normal_ab_cd_xmy_len12_0432,sft_train,numeric_equation,docs_numeric_equation_motif_override_traces_syn_ne_normal_ab_cd_xmy_len12_0432_txt,synthetic,false,train_only
syn_ne_normal_ab_cd_xmy_len12_0433,sft_train,numeric_equation,docs_numeric_equation_motif_override_traces_syn_ne_normal_ab_cd_xmy_len12_0433_txt,synthetic,false,train_only
syn_ne_normal_ab_cd_xmy_len12_0434,sft_train,numeric_equation,docs_numeric_equation_motif_override_traces_syn_ne_normal_ab_cd_xmy_len12_0434_txt,synthetic,false,train_only
syn_ne_normal_ab_cd_xmy_len12_0435,sft_train,numeric_equation,docs_numeric_equation_motif_override_traces_syn_ne_normal_ab_cd_xmy_len12_0435_txt,synthetic,false,train_only
syn_ne_normal_ab_cd_xmy_len12_0436,sft_train,numeric_equation,docs_numeric_equation_motif_override_traces_syn_ne_normal_ab_cd_xmy_len12_0436_txt,synthetic,false,train_only
syn_ne_normal_ab_cd_xmy_len12_0437,sft_train,numeric_equation,docs_numeric_equation_motif_override_traces_syn_ne_normal_ab_cd_xmy_len12_0437_txt,synthetic,false,train_only
syn_ne_normal_ab_cd_xmy_len12_0438,sft_train,numeric_equation,docs_numeric_equation_motif_override_traces_syn_ne_normal_ab_cd_xmy_len12_0438_txt,synthetic,false,train_only
syn_ne_normal_ab_cd_xmy_len12_0439,sft_train,numeric_equation,docs_numeric_equation_motif_override_traces_syn_ne_normal_ab_cd_xmy_len12_0439_txt,synthetic,false,train_only
syn_ne_normal_ab_cd_xmy_len12_0440,sft_train,numeric_equation,docs_numeric_equation_motif_override_traces_syn_ne_normal_ab_cd_xmy_len12_0440_txt,synthetic,false,train_only
syn_ne_normal_ab_cd_xmy_len12_0441,sft_train,numeric_equation,docs_numeric_equation_motif_override_traces_syn_ne_normal_ab_cd_xmy_len12_0441_txt,synthetic,false,train_only
syn_ne_normal_ab_cd_xmy_len12_0442,sft_train,numeric_equation,docs_numeric_equation_motif_override_traces_syn_ne_normal_ab_cd_xmy_len12_0442_txt,synthetic,false,train_only
syn_ne_normal_ab_cd_xmy_len12_0443,sft_train,numeric_equation,docs_numeric_equation_motif_override_traces_syn_ne_normal_ab_cd_xmy_len12_0443_txt,synthetic,false,train_only
syn_ne_normal_ab_cd_xmy_len12_0444,sft_train,numeric_equation,docs_numeric_equation_motif_override_traces_syn_ne_normal_ab_cd_xmy_len12_0444_txt,synthetic,false,train_only
syn_ne_normal_ab_cd_xmy_len12_0445,sft_train,numeric_equation,docs_numeric_equation_motif_override_traces_syn_ne_normal_ab_cd_xmy_len12_0445_txt,synthetic,false,train_only
syn_ne_normal_ab_cd_xmy_len12_0446,sft_train,numeric_equation,docs_numeric_equation_motif_override_traces_syn_ne_normal_ab_cd_xmy_len12_0446_txt,synthetic,false,train_only
syn_ne_normal_ab_cd_xmy_len12_0447,sft_train,numeric_equation,docs_numeric_equation_motif_override_traces_syn_ne_normal_ab_cd_xmy_len12_0447_txt,synthetic,false,train_only
syn_ne_normal_ab_cd_xmy_len12_0448,sft_train,numeric_equation,docs_numeric_equation_motif_override_traces_syn_ne_normal_ab_cd_xmy_len12_0448_txt,synthetic,false,train_only
syn_ne_normal_ab_cd_xmy_len12_0449,sft_train,numeric_equation,docs_numeric_equation_motif_override_traces_syn_ne_normal_ab_cd_xmy_len12_0449_txt,synthetic,false,train_only
syn_ne_normal_ab_cd_xmy_len12_0450,sft_train,numeric_equation,docs_numeric_equation_motif_override_traces_syn_ne_normal_ab_cd_xmy_len12_0450_txt,synthetic,false,train_only
syn_ne_normal_ab_cd_xmy_len12_0451,sft_train,numeric_equation,docs_numeric_equation_motif_override_traces_syn_ne_normal_ab_cd_xmy_len12_0451_txt,synthetic,false,train_only
syn_ne_normal_ab_cd_xmy_len12_0452,sft_train,numeric_equation,docs_numeric_equation_motif_override_traces_syn_ne_normal_ab_cd_xmy_len12_0452_txt,synthetic,false,train_only
syn_ne_normal_ab_cd_xmy_len12_0453,sft_train,numeric_equation,docs_numeric_equation_motif_override_traces_syn_ne_normal_ab_cd_xmy_len12_0453_txt,synthetic,false,train_only
syn_ne_normal_ab_cd_xmy_len12_0454,sft_train,numeric_equation,docs_numeric_equation_motif_override_traces_syn_ne_normal_ab_cd_xmy_len12_0454_txt,synthetic,false,train_only
syn_ne_normal_ab_cd_xmy_len12_0455,sft_train,numeric_equation,docs_numeric_equation_motif_override_traces_syn_ne_normal_ab_cd_xmy_len12_0455_txt,synthetic,false,train_only
syn_ne_normal_ab_cd_xmy_len12_0456,sft_train,numeric_equation,docs_numeric_equation_motif_override_traces_syn_ne_normal_ab_cd_xmy_len12_0456_txt,synthetic,false,train_only
syn_ne_normal_ab_cd_xmy_len12_0457,sft_train,numeric_equation,docs_numeric_equation_motif_override_traces_syn_ne_normal_ab_cd_xmy_len12_0457_txt,synthetic,false,train_only
syn_ne_normal_ab_cd_xmy_len12_0458,sft_train,numeric_equation,docs_numeric_equation_motif_override_traces_syn_ne_normal_ab_cd_xmy_len12_0458_txt,synthetic,false,train_only
syn_ne_normal_ab_cd_xmy_len12_0459,sft_train,numeric_equation,docs_numeric_equation_motif_override_traces_syn_ne_normal_ab_cd_xmy_len12_0459_txt,synthetic,false,train_only
syn_ne_normal_ab_cd_xmy_len12_0460,sft_train,numeric_equation,docs_numeric_equation_motif_override_traces_syn_ne_normal_ab_cd_xmy_len12_0460_txt,synthetic,false,train_only
syn_ne_normal_ab_cd_xmy_len12_0461,sft_train,numeric_equation,docs_numeric_equation_motif_override_traces_syn_ne_normal_ab_cd_xmy_len12_0461_txt,synthetic,false,train_only
syn_ne_normal_ab_cd_xmy_len12_0462,sft_train,numeric_equation,docs_numeric_equation_motif_override_traces_syn_ne_normal_ab_cd_xmy_len12_0462_txt,synthetic,false,train_only
syn_ne_normal_ab_cd_xmy_len12_0463,sft_train,numeric_equation,docs_numeric_equation_motif_override_traces_syn_ne_normal_ab_cd_xmy_len12_0463_txt,synthetic,false,train_only
syn_ne_normal_ab_cd_xmy_len12_0464,sft_train,numeric_equation,docs_numeric_equation_motif_override_traces_syn_ne_normal_ab_cd_xmy_len12_0464_txt,synthetic,false,train_only
syn_ne_normal_ab_cd_xmy_len12_0465,sft_train,numeric_equation,docs_numeric_equation_motif_override_traces_syn_ne_normal_ab_cd_xmy_len12_0465_txt,synthetic,false,train_only
syn_ne_normal_ab_cd_xmy_len12_0466,sft_train,numeric_equation,docs_numeric_equation_motif_override_traces_syn_ne_normal_ab_cd_xmy_len12_0466_txt,synthetic,false,train_only
syn_ne_normal_ab_cd_xmy_len12_0467,sft_train,numeric_equation,docs_numeric_equation_motif_override_traces_syn_ne_normal_ab_cd_xmy_len12_0467_txt,synthetic,false,train_only
syn_ne_normal_ab_cd_xmy_len12_0468,sft_train,numeric_equation,docs_numeric_equation_motif_override_traces_syn_ne_normal_ab_cd_xmy_len12_0468_txt,synthetic,false,train_only
syn_ne_normal_ab_cd_xmy_len2_0469,sft_train,numeric_equation,docs_numeric_equation_motif_override_traces_syn_ne_normal_ab_cd_xmy_len2_0469_txt,synthetic,false,train_only
syn_ne_normal_ab_cd_xmy_len2_0470,sft_train,numeric_equation,docs_numeric_equation_motif_override_traces_syn_ne_normal_ab_cd_xmy_len2_0470_txt,synthetic,false,train_only
syn_ne_normal_ab_cd_xmy_len2_0471,sft_train,numeric_equation,docs_numeric_equation_motif_override_traces_syn_ne_normal_ab_cd_xmy_len2_0471_txt,synthetic,false,train_only
syn_ne_normal_ab_cd_xmy_len2_0472,sft_train,numeric_equation,docs_numeric_equation_motif_override_traces_syn_ne_normal_ab_cd_xmy_len2_0472_txt,synthetic,false,train_only
syn_ne_normal_ab_cd_xmy_len2_0473,sft_train,numeric_equation,docs_numeric_equation_motif_override_traces_syn_ne_normal_ab_cd_xmy_len2_0473_txt,synthetic,false,train_only
syn_ne_normal_ab_cd_xmy_len2_0474,sft_train,numeric_equation,docs_numeric_equation_motif_override_traces_syn_ne_normal_ab_cd_xmy_len2_0474_txt,synthetic,false,train_only
syn_ne_normal_ab_cd_xmy_len2_0475,sft_train,numeric_equation,docs_numeric_equation_motif_override_traces_syn_ne_normal_ab_cd_xmy_len2_0475_txt,synthetic,false,train_only
syn_ne_normal_ab_cd_xmy_len2_0476,sft_train,numeric_equation,docs_numeric_equation_motif_override_traces_syn_ne_normal_ab_cd_xmy_len2_0476_txt,synthetic,false,train_only
syn_ne_normal_ab_cd_xmy_len2_0477,sft_train,numeric_equation,docs_numeric_equation_motif_override_traces_syn_ne_normal_ab_cd_xmy_len2_0477_txt,synthetic,false,train_only
syn_ne_normal_ab_cd_xmy_len2_0478,sft_train,numeric_equation,docs_numeric_equation_motif_override_traces_syn_ne_normal_ab_cd_xmy_len2_0478_txt,synthetic,false,train_only
syn_ne_normal_ab_cd_xmy_len2_0479,sft_train,numeric_equation,docs_numeric_equation_motif_override_traces_syn_ne_normal_ab_cd_xmy_len2_0479_txt,synthetic,false,train_only
syn_ne_normal_ab_cd_xmy_len2_0480,sft_train,numeric_equation,docs_numeric_equation_motif_override_traces_syn_ne_normal_ab_cd_xmy_len2_0480_txt,synthetic,false,train_only
syn_ne_normal_ab_cd_xmy_len2_0481,sft_train,numeric_equation,docs_numeric_equation_motif_override_traces_syn_ne_normal_ab_cd_xmy_len2_0481_txt,synthetic,false,train_only
syn_ne_normal_ab_cd_xmy_len2_0482,sft_train,numeric_equation,docs_numeric_equation_motif_override_traces_syn_ne_normal_ab_cd_xmy_len2_0482_txt,synthetic,false,train_only
syn_ne_normal_ab_cd_xmy_len2_0483,sft_train,numeric_equation,docs_numeric_equation_motif_override_traces_syn_ne_normal_ab_cd_xmy_len2_0483_txt,synthetic,false,train_only
syn_ne_normal_ab_cd_xmy_len2_0484,sft_train,numeric_equation,docs_numeric_equation_motif_override_traces_syn_ne_normal_ab_cd_xmy_len2_0484_txt,synthetic,false,train_only
syn_ne_normal_ab_cd_xmy_len2_0485,sft_train,numeric_equation,docs_numeric_equation_motif_override_traces_syn_ne_normal_ab_cd_xmy_len2_0485_txt,synthetic,false,train_only
syn_ne_normal_ab_cd_xmy_len2_0486,sft_train,numeric_equation,docs_numeric_equation_motif_override_traces_syn_ne_normal_ab_cd_xmy_len2_0486_txt,synthetic,false,train_only
syn_ne_normal_ab_cd_xmy_len2_0487,sft_train,numeric_equation,docs_numeric_equation_motif_override_traces_syn_ne_normal_ab_cd_xmy_len2_0487_txt,synthetic,false,train_only
syn_ne_normal_ab_cd_xmy_len2_0488,sft_train,numeric_equation,docs_numeric_equation_motif_override_traces_syn_ne_normal_ab_cd_xmy_len2_0488_txt,synthetic,false,train_only
syn_ne_normal_ab_cd_xmy_len2_0489,sft_train,numeric_equation,docs_numeric_equation_motif_override_traces_syn_ne_normal_ab_cd_xmy_len2_0489_txt,synthetic,false,train_only
syn_ne_normal_ab_cd_xmy_len2_0490,sft_train,numeric_equation,docs_numeric_equation_motif_override_traces_syn_ne_normal_ab_cd_xmy_len2_0490_txt,synthetic,false,train_only
syn_ne_normal_ab_cd_xmy_len2_0491,sft_train,numeric_equation,docs_numeric_equation_motif_override_traces_syn_ne_normal_ab_cd_xmy_len2_0491_txt,synthetic,false,train_only
syn_ne_normal_ab_cd_xmy_len2_0492,sft_train,numeric_equation,docs_numeric_equation_motif_override_traces_syn_ne_normal_ab_cd_xmy_len2_0492_txt,synthetic,false,train_only
syn_ne_normal_ab_cd_xmy_len2_0493,sft_train,numeric_equation,docs_numeric_equation_motif_override_traces_syn_ne_normal_ab_cd_xmy_len2_0493_txt,synthetic,false,train_only
syn_ne_normal_ab_cd_xmy_len2_0494,sft_train,numeric_equation,docs_numeric_equation_motif_override_traces_syn_ne_normal_ab_cd_xmy_len2_0494_txt,synthetic,false,train_only
syn_ne_normal_ab_cd_xmy_len2_0495,sft_train,numeric_equation,docs_numeric_equation_motif_override_traces_syn_ne_normal_ab_cd_xmy_len2_0495_txt,synthetic,false,train_only
syn_ne_normal_ab_cd_xmy_len2_0496,sft_train,numeric_equation,docs_numeric_equation_motif_override_traces_syn_ne_normal_ab_cd_xmy_len2_0496_txt,synthetic,false,train_only
syn_ne_normal_ab_cd_xmy_len2_0497,sft_train,numeric_equation,docs_numeric_equation_motif_override_traces_syn_ne_normal_ab_cd_xmy_len2_0497_txt,synthetic,false,train_only
syn_ne_normal_ab_cd_xmy_len2_0498,sft_train,numeric_equation,docs_numeric_equation_motif_override_traces_syn_ne_normal_ab_cd_xmy_len2_0498_txt,synthetic,false,train_only
syn_ne_normal_ab_cd_xmy_len2_0499,sft_train,numeric_equation,docs_numeric_equation_motif_override_traces_syn_ne_normal_ab_cd_xmy_len2_0499_txt,synthetic,false,train_only
syn_ne_normal_ab_cd_xmy_len2_0500,sft_train,numeric_equation,docs_numeric_equation_motif_override_traces_syn_ne_normal_ab_cd_xmy_len2_0500_txt,synthetic,false,train_only
syn_ne_normal_ab_cd_xmy_len2_0501,sft_train,numeric_equation,docs_numeric_equation_motif_override_traces_syn_ne_normal_ab_cd_xmy_len2_0501_txt,synthetic,false,train_only
syn_ne_normal_ab_cd_xmy_len2_0502,sft_train,numeric_equation,docs_numeric_equation_motif_override_traces_syn_ne_normal_ab_cd_xmy_len2_0502_txt,synthetic,false,train_only
syn_ne_normal_ab_cd_xmy_len2_0503,sft_train,numeric_equation,docs_numeric_equation_motif_override_traces_syn_ne_normal_ab_cd_xmy_len2_0503_txt,synthetic,false,train_only
syn_ne_normal_ab_cd_xmy_len2_0504,sft_train,numeric_equation,docs_numeric_equation_motif_override_traces_syn_ne_normal_ab_cd_xmy_len2_0504_txt,synthetic,false,train_only
syn_ne_normal_ab_cd_xmy_len2_0505,sft_train,numeric_equation,docs_numeric_equation_motif_override_traces_syn_ne_normal_ab_cd_xmy_len2_0505_txt,synthetic,false,train_only
syn_ne_normal_ab_cd_xmy_len2_0506,sft_train,numeric_equation,docs_numeric_equation_motif_override_traces_syn_ne_normal_ab_cd_xmy_len2_0506_txt,synthetic,false,train_only
syn_ne_normal_ab_cd_xmy_len2_0507,sft_train,numeric_equation,docs_numeric_equation_motif_override_traces_syn_ne_normal_ab_cd_xmy_len2_0507_txt,synthetic,false,train_only
syn_ne_normal_ab_cd_xmy_len2_0508,sft_train,numeric_equation,docs_numeric_equation_motif_override_traces_syn_ne_normal_ab_cd_xmy_len2_0508_txt,synthetic,false,train_only
syn_ne_normal_ab_cd_xmy_len2_0509,sft_train,numeric_equation,docs_numeric_equation_motif_override_traces_syn_ne_normal_ab_cd_xmy_len2_0509_txt,synthetic,false,train_only
syn_ne_normal_ab_cd_xmy_len2_0510,sft_train,numeric_equation,docs_numeric_equation_motif_override_traces_syn_ne_normal_ab_cd_xmy_len2_0510_txt,synthetic,false,train_only
syn_ne_normal_ab_cd_xmy_len2_0511,sft_train,numeric_equation,docs_numeric_equation_motif_override_traces_syn_ne_normal_ab_cd_xmy_len2_0511_txt,synthetic,false,train_only
syn_ne_normal_ab_cd_xmy_len2_0512,sft_train,numeric_equation,docs_numeric_equation_motif_override_traces_syn_ne_normal_ab_cd_xmy_len2_0512_txt,synthetic,false,train_only
syn_ne_normal_ab_cd_xmy_len2_0513,sft_train,numeric_equation,docs_numeric_equation_motif_override_traces_syn_ne_normal_ab_cd_xmy_len2_0513_txt,synthetic,false,train_only
syn_ne_normal_ab_cd_xmy_len2_0514,sft_train,numeric_equation,docs_numeric_equation_motif_override_traces_syn_ne_normal_ab_cd_xmy_len2_0514_txt,synthetic,false,train_only
syn_ne_normal_ab_cd_xmy_len2_0515,sft_train,numeric_equation,docs_numeric_equation_motif_override_traces_syn_ne_normal_ab_cd_xmy_len2_0515_txt,synthetic,false,train_only
syn_ne_normal_ab_cd_xmy_len2_0516,sft_train,numeric_equation,docs_numeric_equation_motif_override_traces_syn_ne_normal_ab_cd_xmy_len2_0516_txt,synthetic,false,train_only
syn_ne_normal_ab_cd_xmy_len2_0517,sft_train,numeric_equation,docs_numeric_equation_motif_override_traces_syn_ne_normal_ab_cd_xmy_len2_0517_txt,synthetic,false,train_only
syn_ne_normal_ab_cd_xpy_len23_0241,sft_train,numeric_equation,docs_numeric_equation_motif_override_traces_syn_ne_normal_ab_cd_xpy_len23_0241_txt,synthetic,false,train_only
syn_ne_normal_ab_cd_xpy_len23_0242,sft_train,numeric_equation,docs_numeric_equation_motif_override_traces_syn_ne_normal_ab_cd_xpy_len23_0242_txt,synthetic,false,train_only
syn_ne_normal_ab_cd_xpy_len23_0243,sft_train,numeric_equation,docs_numeric_equation_motif_override_traces_syn_ne_normal_ab_cd_xpy_len23_0243_txt,synthetic,false,train_only
syn_ne_normal_ab_cd_xpy_len23_0244,sft_train,numeric_equation,docs_numeric_equation_motif_override_traces_syn_ne_normal_ab_cd_xpy_len23_0244_txt,synthetic,false,train_only
syn_ne_normal_ab_cd_xpy_len23_0245,sft_train,numeric_equation,docs_numeric_equation_motif_override_traces_syn_ne_normal_ab_cd_xpy_len23_0245_txt,synthetic,false,train_only
syn_ne_normal_ab_cd_xpy_len23_0246,sft_train,numeric_equation,docs_numeric_equation_motif_override_traces_syn_ne_normal_ab_cd_xpy_len23_0246_txt,synthetic,false,train_only
syn_ne_normal_ab_cd_xpy_len23_0247,sft_train,numeric_equation,docs_numeric_equation_motif_override_traces_syn_ne_normal_ab_cd_xpy_len23_0247_txt,synthetic,false,train_only
syn_ne_normal_ab_cd_xpy_len23_0248,sft_train,numeric_equation,docs_numeric_equation_motif_override_traces_syn_ne_normal_ab_cd_xpy_len23_0248_txt,synthetic,false,train_only
syn_ne_normal_ab_cd_xpy_len23_0249,sft_train,numeric_equation,docs_numeric_equation_motif_override_traces_syn_ne_normal_ab_cd_xpy_len23_0249_txt,synthetic,false,train_only
syn_ne_normal_ab_cd_xpy_len23_0250,sft_train,numeric_equation,docs_numeric_equation_motif_override_traces_syn_ne_normal_ab_cd_xpy_len23_0250_txt,synthetic,false,train_only
syn_ne_normal_ab_cd_xpy_len23_0251,sft_train,numeric_equation,docs_numeric_equation_motif_override_traces_syn_ne_normal_ab_cd_xpy_len23_0251_txt,synthetic,false,train_only
syn_ne_normal_ab_cd_xpy_len23_0252,sft_train,numeric_equation,docs_numeric_equation_motif_override_traces_syn_ne_normal_ab_cd_xpy_len23_0252_txt,synthetic,false,train_only
syn_ne_normal_ab_cd_xpy_len23_0253,sft_train,numeric_equation,docs_numeric_equation_motif_override_traces_syn_ne_normal_ab_cd_xpy_len23_0253_txt,synthetic,false,train_only
syn_ne_normal_ab_cd_xpy_len23_0254,sft_train,numeric_equation,docs_numeric_equation_motif_override_traces_syn_ne_normal_ab_cd_xpy_len23_0254_txt,synthetic,false,train_only
syn_ne_normal_ab_cd_xpy_len23_0255,sft_train,numeric_equation,docs_numeric_equation_motif_override_traces_syn_ne_normal_ab_cd_xpy_len23_0255_txt,synthetic,false,train_only
syn_ne_normal_ab_cd_xpy_len23_0256,sft_train,numeric_equation,docs_numeric_equation_motif_override_traces_syn_ne_normal_ab_cd_xpy_len23_0256_txt,synthetic,false,train_only
syn_ne_normal_ab_cd_xpy_len23_0257,sft_train,numeric_equation,docs_numeric_equation_motif_override_traces_syn_ne_normal_ab_cd_xpy_len23_0257_txt,synthetic,false,train_only
syn_ne_normal_ab_cd_xpy_len23_0258,sft_train,numeric_equation,docs_numeric_equation_motif_override_traces_syn_ne_normal_ab_cd_xpy_len23_0258_txt,synthetic,false,train_only
syn_ne_normal_ab_cd_xpy_len23_0259,sft_train,numeric_equation,docs_numeric_equation_motif_override_traces_syn_ne_normal_ab_cd_xpy_len23_0259_txt,synthetic,false,train_only
syn_ne_normal_ab_cd_xpy_len23_0260,sft_train,numeric_equation,docs_numeric_equation_motif_override_traces_syn_ne_normal_ab_cd_xpy_len23_0260_txt,synthetic,false,train_only
syn_ne_normal_ab_cd_xpy_len23_0261,sft_train,numeric_equation,docs_numeric_equation_motif_override_traces_syn_ne_normal_ab_cd_xpy_len23_0261_txt,synthetic,false,train_only
syn_ne_normal_ab_cd_xpy_len23_0262,sft_train,numeric_equation,docs_numeric_equation_motif_override_traces_syn_ne_normal_ab_cd_xpy_len23_0262_txt,synthetic,false,train_only
syn_ne_normal_ab_cd_xpy_len23_0263,sft_train,numeric_equation,docs_numeric_equation_motif_override_traces_syn_ne_normal_ab_cd_xpy_len23_0263_txt,synthetic,false,train_only
syn_ne_normal_ab_cd_xpy_len23_0264,sft_train,numeric_equation,docs_numeric_equation_motif_override_traces_syn_ne_normal_ab_cd_xpy_len23_0264_txt,synthetic,false,train_only
syn_ne_normal_ab_cd_xpy_len23_0265,sft_train,numeric_equation,docs_numeric_equation_motif_override_traces_syn_ne_normal_ab_cd_xpy_len23_0265_txt,synthetic,false,train_only
syn_ne_normal_ab_cd_xpy_len23_0266,sft_train,numeric_equation,docs_numeric_equation_motif_override_traces_syn_ne_normal_ab_cd_xpy_len23_0266_txt,synthetic,false,train_only
syn_ne_normal_ab_cd_xpy_len23_0267,sft_train,numeric_equation,docs_numeric_equation_motif_override_traces_syn_ne_normal_ab_cd_xpy_len23_0267_txt,synthetic,false,train_only
syn_ne_normal_ab_cd_xpy_len23_0268,sft_train,numeric_equation,docs_numeric_equation_motif_override_traces_syn_ne_normal_ab_cd_xpy_len23_0268_txt,synthetic,false,train_only
syn_ne_normal_ab_cd_xpy_len23_0269,sft_train,numeric_equation,docs_numeric_equation_motif_override_traces_syn_ne_normal_ab_cd_xpy_len23_0269_txt,synthetic,false,train_only
syn_ne_normal_ab_cd_xpy_len23_0270,sft_train,numeric_equation,docs_numeric_equation_motif_override_traces_syn_ne_normal_ab_cd_xpy_len23_0270_txt,synthetic,false,train_only
syn_ne_normal_ab_cd_xpy_len23_0271,sft_train,numeric_equation,docs_numeric_equation_motif_override_traces_syn_ne_normal_ab_cd_xpy_len23_0271_txt,synthetic,false,train_only
syn_ne_normal_ab_cd_xpy_len3_0272,sft_train,numeric_equation,docs_numeric_equation_motif_override_traces_syn_ne_normal_ab_cd_xpy_len3_0272_txt,synthetic,false,train_only
syn_ne_normal_ab_cd_xpy_len3_0273,sft_train,numeric_equation,docs_numeric_equation_motif_override_traces_syn_ne_normal_ab_cd_xpy_len3_0273_txt,synthetic,false,train_only
syn_ne_normal_ab_cd_xpy_len3_0274,sft_train,numeric_equation,docs_numeric_equation_motif_override_traces_syn_ne_normal_ab_cd_xpy_len3_0274_txt,synthetic,false,train_only
syn_ne_normal_ab_cd_xpy_len3_0275,sft_train,numeric_equation,docs_numeric_equation_motif_override_traces_syn_ne_normal_ab_cd_xpy_len3_0275_txt,synthetic,false,train_only
syn_ne_normal_ab_cd_xpy_len3_0276,sft_train,numeric_equation,docs_numeric_equation_motif_override_traces_syn_ne_normal_ab_cd_xpy_len3_0276_txt,synthetic,false,train_only
syn_ne_normal_ab_cd_xpy_len3_0277,sft_train,numeric_equation,docs_numeric_equation_motif_override_traces_syn_ne_normal_ab_cd_xpy_len3_0277_txt,synthetic,false,train_only
syn_ne_normal_ab_cd_xpy_len3_0278,sft_train,numeric_equation,docs_numeric_equation_motif_override_traces_syn_ne_normal_ab_cd_xpy_len3_0278_txt,synthetic,false,train_only
syn_ne_normal_ab_cd_xpy_len3_0279,sft_train,numeric_equation,docs_numeric_equation_motif_override_traces_syn_ne_normal_ab_cd_xpy_len3_0279_txt,synthetic,false,train_only
syn_ne_normal_ab_cd_xpy_len3_0280,sft_train,numeric_equation,docs_numeric_equation_motif_override_traces_syn_ne_normal_ab_cd_xpy_len3_0280_txt,synthetic,false,train_only
syn_ne_normal_ab_cd_xpy_len3_0281,sft_train,numeric_equation,docs_numeric_equation_motif_override_traces_syn_ne_normal_ab_cd_xpy_len3_0281_txt,synthetic,false,train_only
syn_ne_normal_ab_cd_xpy_len3_0282,sft_train,numeric_equation,docs_numeric_equation_motif_override_traces_syn_ne_normal_ab_cd_xpy_len3_0282_txt,synthetic,false,train_only
syn_ne_normal_ab_cd_xpy_len3_0283,sft_train,numeric_equation,docs_numeric_equation_motif_override_traces_syn_ne_normal_ab_cd_xpy_len3_0283_txt,synthetic,false,train_only
syn_ne_normal_ab_cd_xpy_len3_0284,sft_train,numeric_equation,docs_numeric_equation_motif_override_traces_syn_ne_normal_ab_cd_xpy_len3_0284_txt,synthetic,false,train_only
syn_ne_normal_ab_cd_xpy_len3_0285,sft_train,numeric_equation,docs_numeric_equation_motif_override_traces_syn_ne_normal_ab_cd_xpy_len3_0285_txt,synthetic,false,train_only
syn_ne_normal_ab_cd_xpy_len3_0286,sft_train,numeric_equation,docs_numeric_equation_motif_override_traces_syn_ne_normal_ab_cd_xpy_len3_0286_txt,synthetic,false,train_only
syn_ne_normal_ab_cd_xpy_len3_0287,sft_train,numeric_equation,docs_numeric_equation_motif_override_traces_syn_ne_normal_ab_cd_xpy_len3_0287_txt,synthetic,false,train_only
syn_ne_normal_ab_cd_xpy_len3_0288,sft_train,numeric_equation,docs_numeric_equation_motif_override_traces_syn_ne_normal_ab_cd_xpy_len3_0288_txt,synthetic,false,train_only
syn_ne_normal_ab_cd_xpy_len3_0289,sft_train,numeric_equation,docs_numeric_equation_motif_override_traces_syn_ne_normal_ab_cd_xpy_len3_0289_txt,synthetic,false,train_only
syn_ne_normal_ab_cd_xpy_len3_0290,sft_train,numeric_equation,docs_numeric_equation_motif_override_traces_syn_ne_normal_ab_cd_xpy_len3_0290_txt,synthetic,false,train_only
syn_ne_normal_ab_cd_xpy_len3_0291,sft_train,numeric_equation,docs_numeric_equation_motif_override_traces_syn_ne_normal_ab_cd_xpy_len3_0291_txt,synthetic,false,train_only
syn_ne_normal_ab_cd_xpy_len3_0292,sft_train,numeric_equation,docs_numeric_equation_motif_override_traces_syn_ne_normal_ab_cd_xpy_len3_0292_txt,synthetic,false,train_only
syn_ne_normal_ab_cd_xpy_len3_0293,sft_train,numeric_equation,docs_numeric_equation_motif_override_traces_syn_ne_normal_ab_cd_xpy_len3_0293_txt,synthetic,false,train_only
syn_ne_normal_ab_cd_xpy_len3_0294,sft_train,numeric_equation,docs_numeric_equation_motif_override_traces_syn_ne_normal_ab_cd_xpy_len3_0294_txt,synthetic,false,train_only
syn_ne_normal_ab_cd_xpy_len3_0295,sft_train,numeric_equation,docs_numeric_equation_motif_override_traces_syn_ne_normal_ab_cd_xpy_len3_0295_txt,synthetic,false,train_only
syn_ne_normal_ab_cd_xpy_len3_0296,sft_train,numeric_equation,docs_numeric_equation_motif_override_traces_syn_ne_normal_ab_cd_xpy_len3_0296_txt,synthetic,false,train_only
syn_ne_normal_ab_cd_xpy_len3_0297,sft_train,numeric_equation,docs_numeric_equation_motif_override_traces_syn_ne_normal_ab_cd_xpy_len3_0297_txt,synthetic,false,train_only
syn_ne_normal_ab_cd_xpy_len3_0298,sft_train,numeric_equation,docs_numeric_equation_motif_override_traces_syn_ne_normal_ab_cd_xpy_len3_0298_txt,synthetic,false,train_only
syn_ne_normal_ab_cd_xpy_len3_0299,sft_train,numeric_equation,docs_numeric_equation_motif_override_traces_syn_ne_normal_ab_cd_xpy_len3_0299_txt,synthetic,false,train_only
syn_ne_normal_ab_cd_xpym1_len23_0363,sft_train,numeric_equation,docs_numeric_equation_motif_override_traces_syn_ne_normal_ab_cd_xpym1_len23_0363_txt,synthetic,false,train_only
syn_ne_normal_ab_cd_xpym1_len23_0364,sft_train,numeric_equation,docs_numeric_equation_motif_override_traces_syn_ne_normal_ab_cd_xpym1_len23_0364_txt,synthetic,false,train_only
syn_ne_normal_ab_cd_xpym1_len23_0365,sft_train,numeric_equation,docs_numeric_equation_motif_override_traces_syn_ne_normal_ab_cd_xpym1_len23_0365_txt,synthetic,false,train_only
syn_ne_normal_ab_cd_xpym1_len23_0366,sft_train,numeric_equation,docs_numeric_equation_motif_override_traces_syn_ne_normal_ab_cd_xpym1_len23_0366_txt,synthetic,false,train_only
syn_ne_normal_ab_cd_xpym1_len23_0367,sft_train,numeric_equation,docs_numeric_equation_motif_override_traces_syn_ne_normal_ab_cd_xpym1_len23_0367_txt,synthetic,false,train_only
syn_ne_normal_ab_cd_xpym1_len23_0368,sft_train,numeric_equation,docs_numeric_equation_motif_override_traces_syn_ne_normal_ab_cd_xpym1_len23_0368_txt,synthetic,false,train_only
syn_ne_normal_ab_cd_xpym1_len23_0369,sft_train,numeric_equation,docs_numeric_equation_motif_override_traces_syn_ne_normal_ab_cd_xpym1_len23_0369_txt,synthetic,false,train_only
syn_ne_normal_ab_cd_xpym1_len23_0370,sft_train,numeric_equation,docs_numeric_equation_motif_override_traces_syn_ne_normal_ab_cd_xpym1_len23_0370_txt,synthetic,false,train_only
syn_ne_normal_ab_cd_xpym1_len23_0371,sft_train,numeric_equation,docs_numeric_equation_motif_override_traces_syn_ne_normal_ab_cd_xpym1_len23_0371_txt,synthetic,false,train_only
syn_ne_normal_ab_cd_xpym1_len23_0372,sft_train,numeric_equation,docs_numeric_equation_motif_override_traces_syn_ne_normal_ab_cd_xpym1_len23_0372_txt,synthetic,false,train_only
syn_ne_normal_ab_cd_xpym1_len23_0373,sft_train,numeric_equation,docs_numeric_equation_motif_override_traces_syn_ne_normal_ab_cd_xpym1_len23_0373_txt,synthetic,false,train_only
syn_ne_normal_ab_cd_xpym1_len23_0374,sft_train,numeric_equation,docs_numeric_equation_motif_override_traces_syn_ne_normal_ab_cd_xpym1_len23_0374_txt,synthetic,false,train_only
syn_ne_normal_ab_cd_xpym1_len23_0375,sft_train,numeric_equation,docs_numeric_equation_motif_override_traces_syn_ne_normal_ab_cd_xpym1_len23_0375_txt,synthetic,false,train_only
syn_ne_normal_ab_cd_xpym1_len23_0376,sft_train,numeric_equation,docs_numeric_equation_motif_override_traces_syn_ne_normal_ab_cd_xpym1_len23_0376_txt,synthetic,false,train_only
syn_ne_normal_ab_cd_xpym1_len23_0377,sft_train,numeric_equation,docs_numeric_equation_motif_override_traces_syn_ne_normal_ab_cd_xpym1_len23_0377_txt,synthetic,false,train_only
syn_ne_normal_ab_cd_xpym1_len23_0378,sft_train,numeric_equation,docs_numeric_equation_motif_override_traces_syn_ne_normal_ab_cd_xpym1_len23_0378_txt,synthetic,false,train_only
syn_ne_normal_ab_cd_xpym1_len23_0379,sft_train,numeric_equation,docs_numeric_equation_motif_override_traces_syn_ne_normal_ab_cd_xpym1_len23_0379_txt,synthetic,false,train_only
syn_ne_normal_ab_cd_xpym1_len23_0380,sft_train,numeric_equation,docs_numeric_equation_motif_override_traces_syn_ne_normal_ab_cd_xpym1_len23_0380_txt,synthetic,false,train_only
syn_ne_normal_ab_cd_xpym1_len23_0381,sft_train,numeric_equation,docs_numeric_equation_motif_override_traces_syn_ne_normal_ab_cd_xpym1_len23_0381_txt,synthetic,false,train_only
syn_ne_normal_ab_cd_xpym1_len23_0382,sft_train,numeric_equation,docs_numeric_equation_motif_override_traces_syn_ne_normal_ab_cd_xpym1_len23_0382_txt,synthetic,false,train_only
syn_ne_normal_ab_cd_xpym1_len23_0383,sft_train,numeric_equation,docs_numeric_equation_motif_override_traces_syn_ne_normal_ab_cd_xpym1_len23_0383_txt,synthetic,false,train_only
syn_ne_normal_ab_cd_xpym1_len23_0384,sft_train,numeric_equation,docs_numeric_equation_motif_override_traces_syn_ne_normal_ab_cd_xpym1_len23_0384_txt,synthetic,false,train_only
syn_ne_normal_ab_cd_xpym1_len23_0385,sft_train,numeric_equation,docs_numeric_equation_motif_override_traces_syn_ne_normal_ab_cd_xpym1_len23_0385_txt,synthetic,false,train_only
syn_ne_normal_ab_cd_xpym1_len23_0386,sft_train,numeric_equation,docs_numeric_equation_motif_override_traces_syn_ne_normal_ab_cd_xpym1_len23_0386_txt,synthetic,false,train_only
syn_ne_normal_ab_cd_xpym1_len23_0387,sft_train,numeric_equation,docs_numeric_equation_motif_override_traces_syn_ne_normal_ab_cd_xpym1_len23_0387_txt,synthetic,false,train_only
syn_ne_normal_ab_cd_xpym1_len23_0388,sft_train,numeric_equation,docs_numeric_equation_motif_override_traces_syn_ne_normal_ab_cd_xpym1_len23_0388_txt,synthetic,false,train_only
syn_ne_normal_ab_cd_xpym1_len23_0389,sft_train,numeric_equation,docs_numeric_equation_motif_override_traces_syn_ne_normal_ab_cd_xpym1_len23_0389_txt,synthetic,false,train_only
syn_ne_normal_ab_cd_xpym1_len23_0390,sft_train,numeric_equation,docs_numeric_equation_motif_override_traces_syn_ne_normal_ab_cd_xpym1_len23_0390_txt,synthetic,false,train_only
syn_ne_normal_ab_cd_xpym1_len23_0391,sft_train,numeric_equation,docs_numeric_equation_motif_override_traces_syn_ne_normal_ab_cd_xpym1_len23_0391_txt,synthetic,false,train_only
syn_ne_normal_ab_cd_xpym1_len23_0392,sft_train,numeric_equation,docs_numeric_equation_motif_override_traces_syn_ne_normal_ab_cd_xpym1_len23_0392_txt,synthetic,false,train_only
syn_ne_normal_ab_cd_xpym1_len3_0393,sft_train,numeric_equation,docs_numeric_equation_motif_override_traces_syn_ne_normal_ab_cd_xpym1_len3_0393_txt,synthetic,false,train_only
syn_ne_normal_ab_cd_xpym1_len3_0394,sft_train,numeric_equation,docs_numeric_equation_motif_override_traces_syn_ne_normal_ab_cd_xpym1_len3_0394_txt,synthetic,false,train_only
syn_ne_normal_ab_cd_xpym1_len3_0395,sft_train,numeric_equation,docs_numeric_equation_motif_override_traces_syn_ne_normal_ab_cd_xpym1_len3_0395_txt,synthetic,false,train_only
syn_ne_normal_ab_cd_xpym1_len3_0396,sft_train,numeric_equation,docs_numeric_equation_motif_override_traces_syn_ne_normal_ab_cd_xpym1_len3_0396_txt,synthetic,false,train_only
syn_ne_normal_ab_cd_xpym1_len3_0397,sft_train,numeric_equation,docs_numeric_equation_motif_override_traces_syn_ne_normal_ab_cd_xpym1_len3_0397_txt,synthetic,false,train_only
syn_ne_normal_ab_cd_xpym1_len3_0398,sft_train,numeric_equation,docs_numeric_equation_motif_override_traces_syn_ne_normal_ab_cd_xpym1_len3_0398_txt,synthetic,false,train_only
syn_ne_normal_ab_cd_xpym1_len3_0399,sft_train,numeric_equation,docs_numeric_equation_motif_override_traces_syn_ne_normal_ab_cd_xpym1_len3_0399_txt,synthetic,false,train_only
syn_ne_normal_ab_cd_xpym1_len3_0400,sft_train,numeric_equation,docs_numeric_equation_motif_override_traces_syn_ne_normal_ab_cd_xpym1_len3_0400_txt,synthetic,false,train_only
syn_ne_normal_ab_cd_xpym1_len3_0401,sft_train,numeric_equation,docs_numeric_equation_motif_override_traces_syn_ne_normal_ab_cd_xpym1_len3_0401_txt,synthetic,false,train_only
syn_ne_normal_ab_cd_xpym1_len3_0402,sft_train,numeric_equation,docs_numeric_equation_motif_override_traces_syn_ne_normal_ab_cd_xpym1_len3_0402_txt,synthetic,false,train_only
syn_ne_normal_ab_cd_xpym1_len3_0403,sft_train,numeric_equation,docs_numeric_equation_motif_override_traces_syn_ne_normal_ab_cd_xpym1_len3_0403_txt,synthetic,false,train_only
syn_ne_normal_ab_cd_xpym1_len3_0404,sft_train,numeric_equation,docs_numeric_equation_motif_override_traces_syn_ne_normal_ab_cd_xpym1_len3_0404_txt,synthetic,false,train_only
syn_ne_normal_ab_cd_xpym1_len3_0405,sft_train,numeric_equation,docs_numeric_equation_motif_override_traces_syn_ne_normal_ab_cd_xpym1_len3_0405_txt,synthetic,false,train_only
syn_ne_normal_ab_cd_xpym1_len3_0406,sft_train,numeric_equation,docs_numeric_equation_motif_override_traces_syn_ne_normal_ab_cd_xpym1_len3_0406_txt,synthetic,false,train_only
syn_ne_normal_ab_cd_xpym1_len3_0407,sft_train,numeric_equation,docs_numeric_equation_motif_override_traces_syn_ne_normal_ab_cd_xpym1_len3_0407_txt,synthetic,false,train_only
syn_ne_normal_ab_cd_xpym1_len3_0408,sft_train,numeric_equation,docs_numeric_equation_motif_override_traces_syn_ne_normal_ab_cd_xpym1_len3_0408_txt,synthetic,false,train_only
syn_ne_normal_ab_cd_xpym1_len3_0409,sft_train,numeric_equation,docs_numeric_equation_motif_override_traces_syn_ne_normal_ab_cd_xpym1_len3_0409_txt,synthetic,false,train_only
syn_ne_normal_ab_cd_xpym1_len3_0410,sft_train,numeric_equation,docs_numeric_equation_motif_override_traces_syn_ne_normal_ab_cd_xpym1_len3_0410_txt,synthetic,false,train_only
syn_ne_normal_ab_cd_xpym1_len3_0411,sft_train,numeric_equation,docs_numeric_equation_motif_override_traces_syn_ne_normal_ab_cd_xpym1_len3_0411_txt,synthetic,false,train_only
syn_ne_normal_ab_cd_xpym1_len3_0412,sft_train,numeric_equation,docs_numeric_equation_motif_override_traces_syn_ne_normal_ab_cd_xpym1_len3_0412_txt,synthetic,false,train_only
syn_ne_normal_ab_cd_xpym1_len3_0413,sft_train,numeric_equation,docs_numeric_equation_motif_override_traces_syn_ne_normal_ab_cd_xpym1_len3_0413_txt,synthetic,false,train_only
syn_ne_normal_ab_cd_xpym1_len3_0414,sft_train,numeric_equation,docs_numeric_equation_motif_override_traces_syn_ne_normal_ab_cd_xpym1_len3_0414_txt,synthetic,false,train_only
syn_ne_normal_ab_cd_xpym1_len3_0415,sft_train,numeric_equation,docs_numeric_equation_motif_override_traces_syn_ne_normal_ab_cd_xpym1_len3_0415_txt,synthetic,false,train_only
syn_ne_normal_ab_cd_xpyp1_len23_0300,sft_train,numeric_equation,docs_numeric_equation_motif_override_traces_syn_ne_normal_ab_cd_xpyp1_len23_0300_txt,synthetic,false,train_only
syn_ne_normal_ab_cd_xpyp1_len23_0301,sft_train,numeric_equation,docs_numeric_equation_motif_override_traces_syn_ne_normal_ab_cd_xpyp1_len23_0301_txt,synthetic,false,train_only
syn_ne_normal_ab_cd_xpyp1_len23_0302,sft_train,numeric_equation,docs_numeric_equation_motif_override_traces_syn_ne_normal_ab_cd_xpyp1_len23_0302_txt,synthetic,false,train_only
syn_ne_normal_ab_cd_xpyp1_len23_0303,sft_train,numeric_equation,docs_numeric_equation_motif_override_traces_syn_ne_normal_ab_cd_xpyp1_len23_0303_txt,synthetic,false,train_only
syn_ne_normal_ab_cd_xpyp1_len23_0304,sft_train,numeric_equation,docs_numeric_equation_motif_override_traces_syn_ne_normal_ab_cd_xpyp1_len23_0304_txt,synthetic,false,train_only
syn_ne_normal_ab_cd_xpyp1_len23_0305,sft_train,numeric_equation,docs_numeric_equation_motif_override_traces_syn_ne_normal_ab_cd_xpyp1_len23_0305_txt,synthetic,false,train_only
syn_ne_normal_ab_cd_xpyp1_len23_0306,sft_train,numeric_equation,docs_numeric_equation_motif_override_traces_syn_ne_normal_ab_cd_xpyp1_len23_0306_txt,synthetic,false,train_only
syn_ne_normal_ab_cd_xpyp1_len23_0307,sft_train,numeric_equation,docs_numeric_equation_motif_override_traces_syn_ne_normal_ab_cd_xpyp1_len23_0307_txt,synthetic,false,train_only
syn_ne_normal_ab_cd_xpyp1_len23_0308,sft_train,numeric_equation,docs_numeric_equation_motif_override_traces_syn_ne_normal_ab_cd_xpyp1_len23_0308_txt,synthetic,false,train_only
syn_ne_normal_ab_cd_xpyp1_len23_0309,sft_train,numeric_equation,docs_numeric_equation_motif_override_traces_syn_ne_normal_ab_cd_xpyp1_len23_0309_txt,synthetic,false,train_only
syn_ne_normal_ab_cd_xpyp1_len23_0310,sft_train,numeric_equation,docs_numeric_equation_motif_override_traces_syn_ne_normal_ab_cd_xpyp1_len23_0310_txt,synthetic,false,train_only
syn_ne_normal_ab_cd_xpyp1_len23_0311,sft_train,numeric_equation,docs_numeric_equation_motif_override_traces_syn_ne_normal_ab_cd_xpyp1_len23_0311_txt,synthetic,false,train_only
syn_ne_normal_ab_cd_xpyp1_len23_0312,sft_train,numeric_equation,docs_numeric_equation_motif_override_traces_syn_ne_normal_ab_cd_xpyp1_len23_0312_txt,synthetic,false,train_only
syn_ne_normal_ab_cd_xpyp1_len23_0313,sft_train,numeric_equation,docs_numeric_equation_motif_override_traces_syn_ne_normal_ab_cd_xpyp1_len23_0313_txt,synthetic,false,train_only
syn_ne_normal_ab_cd_xpyp1_len23_0314,sft_train,numeric_equation,docs_numeric_equation_motif_override_traces_syn_ne_normal_ab_cd_xpyp1_len23_0314_txt,synthetic,false,train_only
syn_ne_normal_ab_cd_xpyp1_len23_0315,sft_train,numeric_equation,docs_numeric_equation_motif_override_traces_syn_ne_normal_ab_cd_xpyp1_len23_0315_txt,synthetic,false,train_only
syn_ne_normal_ab_cd_xpyp1_len23_0316,sft_train,numeric_equation,docs_numeric_equation_motif_override_traces_syn_ne_normal_ab_cd_xpyp1_len23_0316_txt,synthetic,false,train_only
syn_ne_normal_ab_cd_xpyp1_len23_0317,sft_train,numeric_equation,docs_numeric_equation_motif_override_traces_syn_ne_normal_ab_cd_xpyp1_len23_0317_txt,synthetic,false,train_only
syn_ne_normal_ab_cd_xpyp1_len23_0318,sft_train,numeric_equation,docs_numeric_equation_motif_override_traces_syn_ne_normal_ab_cd_xpyp1_len23_0318_txt,synthetic,false,train_only
syn_ne_normal_ab_cd_xpyp1_len23_0319,sft_train,numeric_equation,docs_numeric_equation_motif_override_traces_syn_ne_normal_ab_cd_xpyp1_len23_0319_txt,synthetic,false,train_only
syn_ne_normal_ab_cd_xpyp1_len23_0320,sft_train,numeric_equation,docs_numeric_equation_motif_override_traces_syn_ne_normal_ab_cd_xpyp1_len23_0320_txt,synthetic,false,train_only
syn_ne_normal_ab_cd_xpyp1_len23_0321,sft_train,numeric_equation,docs_numeric_equation_motif_override_traces_syn_ne_normal_ab_cd_xpyp1_len23_0321_txt,synthetic,false,train_only
syn_ne_normal_ab_cd_xpyp1_len23_0322,sft_train,numeric_equation,docs_numeric_equation_motif_override_traces_syn_ne_normal_ab_cd_xpyp1_len23_0322_txt,synthetic,false,train_only
syn_ne_normal_ab_cd_xpyp1_len23_0323,sft_train,numeric_equation,docs_numeric_equation_motif_override_traces_syn_ne_normal_ab_cd_xpyp1_len23_0323_txt,synthetic,false,train_only
syn_ne_normal_ab_cd_xpyp1_len23_0324,sft_train,numeric_equation,docs_numeric_equation_motif_override_traces_syn_ne_normal_ab_cd_xpyp1_len23_0324_txt,synthetic,false,train_only
syn_ne_normal_ab_cd_xpyp1_len23_0325,sft_train,numeric_equation,docs_numeric_equation_motif_override_traces_syn_ne_normal_ab_cd_xpyp1_len23_0325_txt,synthetic,false,train_only
syn_ne_normal_ab_cd_xpyp1_len23_0326,sft_train,numeric_equation,docs_numeric_equation_motif_override_traces_syn_ne_normal_ab_cd_xpyp1_len23_0326_txt,synthetic,false,train_only
syn_ne_normal_ab_cd_xpyp1_len23_0327,sft_train,numeric_equation,docs_numeric_equation_motif_override_traces_syn_ne_normal_ab_cd_xpyp1_len23_0327_txt,synthetic,false,train_only
syn_ne_normal_ab_cd_xpyp1_len23_0328,sft_train,numeric_equation,docs_numeric_equation_motif_override_traces_syn_ne_normal_ab_cd_xpyp1_len23_0328_txt,synthetic,false,train_only
syn_ne_normal_ab_cd_xpyp1_len23_0329,sft_train,numeric_equation,docs_numeric_equation_motif_override_traces_syn_ne_normal_ab_cd_xpyp1_len23_0329_txt,synthetic,false,train_only
syn_ne_normal_ab_cd_xpyp1_len23_0330,sft_train,numeric_equation,docs_numeric_equation_motif_override_traces_syn_ne_normal_ab_cd_xpyp1_len23_0330_txt,synthetic,false,train_only
syn_ne_normal_ab_cd_xpyp1_len3_0331,sft_train,numeric_equation,docs_numeric_equation_motif_override_traces_syn_ne_normal_ab_cd_xpyp1_len3_0331_txt,synthetic,false,train_only
syn_ne_normal_ab_cd_xpyp1_len3_0332,sft_train,numeric_equation,docs_numeric_equation_motif_override_traces_syn_ne_normal_ab_cd_xpyp1_len3_0332_txt,synthetic,false,train_only
syn_ne_normal_ab_cd_xpyp1_len3_0333,sft_train,numeric_equation,docs_numeric_equation_motif_override_traces_syn_ne_normal_ab_cd_xpyp1_len3_0333_txt,synthetic,false,train_only
syn_ne_normal_ab_cd_xpyp1_len3_0334,sft_train,numeric_equation,docs_numeric_equation_motif_override_traces_syn_ne_normal_ab_cd_xpyp1_len3_0334_txt,synthetic,false,train_only
syn_ne_normal_ab_cd_xpyp1_len3_0335,sft_train,numeric_equation,docs_numeric_equation_motif_override_traces_syn_ne_normal_ab_cd_xpyp1_len3_0335_txt,synthetic,false,train_only
syn_ne_normal_ab_cd_xpyp1_len3_0336,sft_train,numeric_equation,docs_numeric_equation_motif_override_traces_syn_ne_normal_ab_cd_xpyp1_len3_0336_txt,synthetic,false,train_only
syn_ne_normal_ab_cd_xpyp1_len3_0337,sft_train,numeric_equation,docs_numeric_equation_motif_override_traces_syn_ne_normal_ab_cd_xpyp1_len3_0337_txt,synthetic,false,train_only
syn_ne_normal_ab_cd_xpyp1_len3_0338,sft_train,numeric_equation,docs_numeric_equation_motif_override_traces_syn_ne_normal_ab_cd_xpyp1_len3_0338_txt,synthetic,false,train_only
syn_ne_normal_ab_cd_xpyp1_len3_0339,sft_train,numeric_equation,docs_numeric_equation_motif_override_traces_syn_ne_normal_ab_cd_xpyp1_len3_0339_txt,synthetic,false,train_only
syn_ne_normal_ab_cd_xpyp1_len3_0340,sft_train,numeric_equation,docs_numeric_equation_motif_override_traces_syn_ne_normal_ab_cd_xpyp1_len3_0340_txt,synthetic,false,train_only
syn_ne_normal_ab_cd_xpyp1_len3_0341,sft_train,numeric_equation,docs_numeric_equation_motif_override_traces_syn_ne_normal_ab_cd_xpyp1_len3_0341_txt,synthetic,false,train_only
syn_ne_normal_ab_cd_xpyp1_len3_0342,sft_train,numeric_equation,docs_numeric_equation_motif_override_traces_syn_ne_normal_ab_cd_xpyp1_len3_0342_txt,synthetic,false,train_only
syn_ne_normal_ab_cd_xpyp1_len3_0343,sft_train,numeric_equation,docs_numeric_equation_motif_override_traces_syn_ne_normal_ab_cd_xpyp1_len3_0343_txt,synthetic,false,train_only
syn_ne_normal_ab_cd_xpyp1_len3_0344,sft_train,numeric_equation,docs_numeric_equation_motif_override_traces_syn_ne_normal_ab_cd_xpyp1_len3_0344_txt,synthetic,false,train_only
syn_ne_normal_ab_cd_xpyp1_len3_0345,sft_train,numeric_equation,docs_numeric_equation_motif_override_traces_syn_ne_normal_ab_cd_xpyp1_len3_0345_txt,synthetic,false,train_only
syn_ne_normal_ab_cd_xpyp1_len3_0346,sft_train,numeric_equation,docs_numeric_equation_motif_override_traces_syn_ne_normal_ab_cd_xpyp1_len3_0346_txt,synthetic,false,train_only
syn_ne_normal_ab_cd_xpyp1_len3_0347,sft_train,numeric_equation,docs_numeric_equation_motif_override_traces_syn_ne_normal_ab_cd_xpyp1_len3_0347_txt,synthetic,false,train_only
syn_ne_normal_ab_cd_xpyp1_len3_0348,sft_train,numeric_equation,docs_numeric_equation_motif_override_traces_syn_ne_normal_ab_cd_xpyp1_len3_0348_txt,synthetic,false,train_only
syn_ne_normal_ab_cd_xpyp1_len3_0349,sft_train,numeric_equation,docs_numeric_equation_motif_override_traces_syn_ne_normal_ab_cd_xpyp1_len3_0349_txt,synthetic,false,train_only
syn_ne_normal_ab_cd_xpyp1_len3_0350,sft_train,numeric_equation,docs_numeric_equation_motif_override_traces_syn_ne_normal_ab_cd_xpyp1_len3_0350_txt,synthetic,false,train_only
syn_ne_normal_ab_cd_xpyp1_len3_0351,sft_train,numeric_equation,docs_numeric_equation_motif_override_traces_syn_ne_normal_ab_cd_xpyp1_len3_0351_txt,synthetic,false,train_only
syn_ne_normal_ab_cd_xpyp1_len3_0352,sft_train,numeric_equation,docs_numeric_equation_motif_override_traces_syn_ne_normal_ab_cd_xpyp1_len3_0352_txt,synthetic,false,train_only
syn_ne_normal_ab_cd_xpyp1_len3_0353,sft_train,numeric_equation,docs_numeric_equation_motif_override_traces_syn_ne_normal_ab_cd_xpyp1_len3_0353_txt,synthetic,false,train_only
syn_ne_normal_ab_cd_xpyp1_len3_0354,sft_train,numeric_equation,docs_numeric_equation_motif_override_traces_syn_ne_normal_ab_cd_xpyp1_len3_0354_txt,synthetic,false,train_only
syn_ne_normal_ab_cd_xpyp1_len3_0355,sft_train,numeric_equation,docs_numeric_equation_motif_override_traces_syn_ne_normal_ab_cd_xpyp1_len3_0355_txt,synthetic,false,train_only
syn_ne_normal_ab_cd_xpyp1_len3_0356,sft_train,numeric_equation,docs_numeric_equation_motif_override_traces_syn_ne_normal_ab_cd_xpyp1_len3_0356_txt,synthetic,false,train_only
syn_ne_normal_ab_cd_xpyp1_len3_0357,sft_train,numeric_equation,docs_numeric_equation_motif_override_traces_syn_ne_normal_ab_cd_xpyp1_len3_0357_txt,synthetic,false,train_only
syn_ne_normal_ab_cd_xpyp1_len3_0358,sft_train,numeric_equation,docs_numeric_equation_motif_override_traces_syn_ne_normal_ab_cd_xpyp1_len3_0358_txt,synthetic,false,train_only
syn_ne_normal_ab_cd_xpyp1_len3_0359,sft_train,numeric_equation,docs_numeric_equation_motif_override_traces_syn_ne_normal_ab_cd_xpyp1_len3_0359_txt,synthetic,false,train_only
syn_ne_normal_ab_cd_xpyp1_len3_0360,sft_train,numeric_equation,docs_numeric_equation_motif_override_traces_syn_ne_normal_ab_cd_xpyp1_len3_0360_txt,synthetic,false,train_only
syn_ne_normal_ab_cd_xpyp1_len3_0361,sft_train,numeric_equation,docs_numeric_equation_motif_override_traces_syn_ne_normal_ab_cd_xpyp1_len3_0361_txt,synthetic,false,train_only
syn_ne_normal_ab_cd_xpyp1_len3_0362,sft_train,numeric_equation,docs_numeric_equation_motif_override_traces_syn_ne_normal_ab_cd_xpyp1_len3_0362_txt,synthetic,false,train_only
syn_ne_normal_ab_cd_xty_len34_0047,sft_train,numeric_equation,docs_numeric_equation_motif_override_traces_syn_ne_normal_ab_cd_xty_len34_0047_txt,synthetic,false,train_only
syn_ne_normal_ab_cd_xty_len34_0048,sft_train,numeric_equation,docs_numeric_equation_motif_override_traces_syn_ne_normal_ab_cd_xty_len34_0048_txt,synthetic,false,train_only
syn_ne_normal_ab_cd_xty_len34_0049,sft_train,numeric_equation,docs_numeric_equation_motif_override_traces_syn_ne_normal_ab_cd_xty_len34_0049_txt,synthetic,false,train_only
syn_ne_normal_ab_cd_xty_len34_0050,sft_train,numeric_equation,docs_numeric_equation_motif_override_traces_syn_ne_normal_ab_cd_xty_len34_0050_txt,synthetic,false,train_only
syn_ne_normal_ab_cd_xty_len34_0051,sft_train,numeric_equation,docs_numeric_equation_motif_override_traces_syn_ne_normal_ab_cd_xty_len34_0051_txt,synthetic,false,train_only
syn_ne_normal_ab_cd_xty_len34_0052,sft_train,numeric_equation,docs_numeric_equation_motif_override_traces_syn_ne_normal_ab_cd_xty_len34_0052_txt,synthetic,false,train_only
syn_ne_normal_ab_cd_xty_len34_0053,sft_train,numeric_equation,docs_numeric_equation_motif_override_traces_syn_ne_normal_ab_cd_xty_len34_0053_txt,synthetic,false,train_only
syn_ne_normal_ab_cd_xty_len34_0054,sft_train,numeric_equation,docs_numeric_equation_motif_override_traces_syn_ne_normal_ab_cd_xty_len34_0054_txt,synthetic,false,train_only
syn_ne_normal_ab_cd_xty_len34_0055,sft_train,numeric_equation,docs_numeric_equation_motif_override_traces_syn_ne_normal_ab_cd_xty_len34_0055_txt,synthetic,false,train_only
syn_ne_normal_ab_cd_xty_len34_0056,sft_train,numeric_equation,docs_numeric_equation_motif_override_traces_syn_ne_normal_ab_cd_xty_len34_0056_txt,synthetic,false,train_only
syn_ne_normal_ab_cd_xty_len34_0057,sft_train,numeric_equation,docs_numeric_equation_motif_override_traces_syn_ne_normal_ab_cd_xty_len34_0057_txt,synthetic,false,train_only
syn_ne_normal_ab_cd_xty_len34_0058,sft_train,numeric_equation,docs_numeric_equation_motif_override_traces_syn_ne_normal_ab_cd_xty_len34_0058_txt,synthetic,false,train_only
syn_ne_normal_ab_cd_xty_len34_0059,sft_train,numeric_equation,docs_numeric_equation_motif_override_traces_syn_ne_normal_ab_cd_xty_len34_0059_txt,synthetic,false,train_only
syn_ne_normal_ab_cd_xty_len34_0060,sft_train,numeric_equation,docs_numeric_equation_motif_override_traces_syn_ne_normal_ab_cd_xty_len34_0060_txt,synthetic,false,train_only
syn_ne_normal_ab_cd_xty_len34_0061,sft_train,numeric_equation,docs_numeric_equation_motif_override_traces_syn_ne_normal_ab_cd_xty_len34_0061_txt,synthetic,false,train_only
syn_ne_normal_ab_cd_xty_len34_0062,sft_train,numeric_equation,docs_numeric_equation_motif_override_traces_syn_ne_normal_ab_cd_xty_len34_0062_txt,synthetic,false,train_only
syn_ne_normal_ab_cd_xty_len34_0063,sft_train,numeric_equation,docs_numeric_equation_motif_override_traces_syn_ne_normal_ab_cd_xty_len34_0063_txt,synthetic,false,train_only
syn_ne_normal_ab_cd_xty_len34_0064,sft_train,numeric_equation,docs_numeric_equation_motif_override_traces_syn_ne_normal_ab_cd_xty_len34_0064_txt,synthetic,false,train_only
syn_ne_normal_ab_cd_xty_len34_0065,sft_train,numeric_equation,docs_numeric_equation_motif_override_traces_syn_ne_normal_ab_cd_xty_len34_0065_txt,synthetic,false,train_only
syn_ne_normal_ab_cd_xty_len34_0066,sft_train,numeric_equation,docs_numeric_equation_motif_override_traces_syn_ne_normal_ab_cd_xty_len34_0066_txt,synthetic,false,train_only
syn_ne_normal_ab_cd_xty_len34_0067,sft_train,numeric_equation,docs_numeric_equation_motif_override_traces_syn_ne_normal_ab_cd_xty_len34_0067_txt,synthetic,false,train_only
syn_ne_normal_ab_cd_xty_len34_0068,sft_train,numeric_equation,docs_numeric_equation_motif_override_traces_syn_ne_normal_ab_cd_xty_len34_0068_txt,synthetic,false,train_only
syn_ne_normal_ab_cd_xty_len34_0069,sft_train,numeric_equation,docs_numeric_equation_motif_override_traces_syn_ne_normal_ab_cd_xty_len34_0069_txt,synthetic,false,train_only
syn_ne_normal_ab_cd_xty_len34_0070,sft_train,numeric_equation,docs_numeric_equation_motif_override_traces_syn_ne_normal_ab_cd_xty_len34_0070_txt,synthetic,false,train_only
syn_ne_normal_ab_cd_xty_len34_0071,sft_train,numeric_equation,docs_numeric_equation_motif_override_traces_syn_ne_normal_ab_cd_xty_len34_0071_txt,synthetic,false,train_only
syn_ne_normal_ab_cd_xty_len34_0072,sft_train,numeric_equation,docs_numeric_equation_motif_override_traces_syn_ne_normal_ab_cd_xty_len34_0072_txt,synthetic,false,train_only
syn_ne_normal_ab_cd_xty_len34_0073,sft_train,numeric_equation,docs_numeric_equation_motif_override_traces_syn_ne_normal_ab_cd_xty_len34_0073_txt,synthetic,false,train_only
syn_ne_normal_ab_cd_xty_len34_0074,sft_train,numeric_equation,docs_numeric_equation_motif_override_traces_syn_ne_normal_ab_cd_xty_len34_0074_txt,synthetic,false,train_only
syn_ne_normal_ab_cd_xty_len4_0075,sft_train,numeric_equation,docs_numeric_equation_motif_override_traces_syn_ne_normal_ab_cd_xty_len4_0075_txt,synthetic,false,train_only
syn_ne_normal_ab_cd_xty_len4_0076,sft_train,numeric_equation,docs_numeric_equation_motif_override_traces_syn_ne_normal_ab_cd_xty_len4_0076_txt,synthetic,false,train_only
syn_ne_normal_ab_cd_xty_len4_0077,sft_train,numeric_equation,docs_numeric_equation_motif_override_traces_syn_ne_normal_ab_cd_xty_len4_0077_txt,synthetic,false,train_only
syn_ne_normal_ab_cd_xty_len4_0078,sft_train,numeric_equation,docs_numeric_equation_motif_override_traces_syn_ne_normal_ab_cd_xty_len4_0078_txt,synthetic,false,train_only
syn_ne_normal_ab_cd_xty_len4_0079,sft_train,numeric_equation,docs_numeric_equation_motif_override_traces_syn_ne_normal_ab_cd_xty_len4_0079_txt,synthetic,false,train_only
syn_ne_normal_ab_cd_xty_len4_0080,sft_train,numeric_equation,docs_numeric_equation_motif_override_traces_syn_ne_normal_ab_cd_xty_len4_0080_txt,synthetic,false,train_only
syn_ne_normal_ab_cd_xty_len4_0081,sft_train,numeric_equation,docs_numeric_equation_motif_override_traces_syn_ne_normal_ab_cd_xty_len4_0081_txt,synthetic,false,train_only
syn_ne_normal_ab_cd_xty_len4_0082,sft_train,numeric_equation,docs_numeric_equation_motif_override_traces_syn_ne_normal_ab_cd_xty_len4_0082_txt,synthetic,false,train_only
syn_ne_normal_ab_cd_xty_len4_0083,sft_train,numeric_equation,docs_numeric_equation_motif_override_traces_syn_ne_normal_ab_cd_xty_len4_0083_txt,synthetic,false,train_only
syn_ne_normal_ab_cd_xty_len4_0084,sft_train,numeric_equation,docs_numeric_equation_motif_override_traces_syn_ne_normal_ab_cd_xty_len4_0084_txt,synthetic,false,train_only
syn_ne_normal_ab_cd_xty_len4_0085,sft_train,numeric_equation,docs_numeric_equation_motif_override_traces_syn_ne_normal_ab_cd_xty_len4_0085_txt,synthetic,false,train_only
syn_ne_normal_ab_cd_xty_len4_0086,sft_train,numeric_equation,docs_numeric_equation_motif_override_traces_syn_ne_normal_ab_cd_xty_len4_0086_txt,synthetic,false,train_only
syn_ne_normal_ab_cd_xty_len4_0087,sft_train,numeric_equation,docs_numeric_equation_motif_override_traces_syn_ne_normal_ab_cd_xty_len4_0087_txt,synthetic,false,train_only
syn_ne_normal_ab_cd_xty_len4_0088,sft_train,numeric_equation,docs_numeric_equation_motif_override_traces_syn_ne_normal_ab_cd_xty_len4_0088_txt,synthetic,false,train_only
syn_ne_normal_ab_cd_xty_len4_0089,sft_train,numeric_equation,docs_numeric_equation_motif_override_traces_syn_ne_normal_ab_cd_xty_len4_0089_txt,synthetic,false,train_only
syn_ne_normal_ab_cd_xty_len4_0090,sft_train,numeric_equation,docs_numeric_equation_motif_override_traces_syn_ne_normal_ab_cd_xty_len4_0090_txt,synthetic,false,train_only
syn_ne_normal_ab_cd_xty_len4_0091,sft_train,numeric_equation,docs_numeric_equation_motif_override_traces_syn_ne_normal_ab_cd_xty_len4_0091_txt,synthetic,false,train_only
syn_ne_normal_ab_cd_xty_len4_0092,sft_train,numeric_equation,docs_numeric_equation_motif_override_traces_syn_ne_normal_ab_cd_xty_len4_0092_txt,synthetic,false,train_only
syn_ne_normal_ab_cd_xty_len4_0093,sft_train,numeric_equation,docs_numeric_equation_motif_override_traces_syn_ne_normal_ab_cd_xty_len4_0093_txt,synthetic,false,train_only
syn_ne_normal_ab_cd_xty_len4_0094,sft_train,numeric_equation,docs_numeric_equation_motif_override_traces_syn_ne_normal_ab_cd_xty_len4_0094_txt,synthetic,false,train_only
syn_ne_normal_ab_cd_xty_len4_0095,sft_train,numeric_equation,docs_numeric_equation_motif_override_traces_syn_ne_normal_ab_cd_xty_len4_0095_txt,synthetic,false,train_only
syn_ne_normal_ab_cd_xty_len4_0096,sft_train,numeric_equation,docs_numeric_equation_motif_override_traces_syn_ne_normal_ab_cd_xty_len4_0096_txt,synthetic,false,train_only
syn_ne_normal_ab_cd_xty_len4_0097,sft_train,numeric_equation,docs_numeric_equation_motif_override_traces_syn_ne_normal_ab_cd_xty_len4_0097_txt,synthetic,false,train_only
syn_ne_normal_ab_cd_xty_len4_0098,sft_train,numeric_equation,docs_numeric_equation_motif_override_traces_syn_ne_normal_ab_cd_xty_len4_0098_txt,synthetic,false,train_only
syn_ne_normal_ab_cd_xty_len4_0099,sft_train,numeric_equation,docs_numeric_equation_motif_override_traces_syn_ne_normal_ab_cd_xty_len4_0099_txt,synthetic,false,train_only
syn_ne_normal_ab_cd_xty_len4_0100,sft_train,numeric_equation,docs_numeric_equation_motif_override_traces_syn_ne_normal_ab_cd_xty_len4_0100_txt,synthetic,false,train_only
syn_ne_normal_ab_cd_xty_len4_0101,sft_train,numeric_equation,docs_numeric_equation_motif_override_traces_syn_ne_normal_ab_cd_xty_len4_0101_txt,synthetic,false,train_only
syn_ne_normal_ab_cd_xty_len4_0102,sft_train,numeric_equation,docs_numeric_equation_motif_override_traces_syn_ne_normal_ab_cd_xty_len4_0102_txt,synthetic,false,train_only
syn_ne_normal_ab_cd_xty_len4_0103,sft_train,numeric_equation,docs_numeric_equation_motif_override_traces_syn_ne_normal_ab_cd_xty_len4_0103_txt,synthetic,false,train_only
syn_ne_normal_ab_cd_xty_len4_0104,sft_train,numeric_equation,docs_numeric_equation_motif_override_traces_syn_ne_normal_ab_cd_xty_len4_0104_txt,synthetic,false,train_only
syn_ne_normal_ab_cd_xtym1_len34_0187,sft_train,numeric_equation,docs_numeric_equation_motif_override_traces_syn_ne_normal_ab_cd_xtym1_len34_0187_txt,synthetic,false,train_only
syn_ne_normal_ab_cd_xtym1_len34_0188,sft_train,numeric_equation,docs_numeric_equation_motif_override_traces_syn_ne_normal_ab_cd_xtym1_len34_0188_txt,synthetic,false,train_only
syn_ne_normal_ab_cd_xtym1_len34_0189,sft_train,numeric_equation,docs_numeric_equation_motif_override_traces_syn_ne_normal_ab_cd_xtym1_len34_0189_txt,synthetic,false,train_only
syn_ne_normal_ab_cd_xtym1_len34_0190,sft_train,numeric_equation,docs_numeric_equation_motif_override_traces_syn_ne_normal_ab_cd_xtym1_len34_0190_txt,synthetic,false,train_only
syn_ne_normal_ab_cd_xtym1_len34_0191,sft_train,numeric_equation,docs_numeric_equation_motif_override_traces_syn_ne_normal_ab_cd_xtym1_len34_0191_txt,synthetic,false,train_only
syn_ne_normal_ab_cd_xtym1_len34_0192,sft_train,numeric_equation,docs_numeric_equation_motif_override_traces_syn_ne_normal_ab_cd_xtym1_len34_0192_txt,synthetic,false,train_only
syn_ne_normal_ab_cd_xtym1_len34_0193,sft_train,numeric_equation,docs_numeric_equation_motif_override_traces_syn_ne_normal_ab_cd_xtym1_len34_0193_txt,synthetic,false,train_only
syn_ne_normal_ab_cd_xtym1_len34_0194,sft_train,numeric_equation,docs_numeric_equation_motif_override_traces_syn_ne_normal_ab_cd_xtym1_len34_0194_txt,synthetic,false,train_only
syn_ne_normal_ab_cd_xtym1_len34_0195,sft_train,numeric_equation,docs_numeric_equation_motif_override_traces_syn_ne_normal_ab_cd_xtym1_len34_0195_txt,synthetic,false,train_only
syn_ne_normal_ab_cd_xtym1_len34_0196,sft_train,numeric_equation,docs_numeric_equation_motif_override_traces_syn_ne_normal_ab_cd_xtym1_len34_0196_txt,synthetic,false,train_only
syn_ne_normal_ab_cd_xtym1_len34_0197,sft_train,numeric_equation,docs_numeric_equation_motif_override_traces_syn_ne_normal_ab_cd_xtym1_len34_0197_txt,synthetic,false,train_only
syn_ne_normal_ab_cd_xtym1_len34_0198,sft_train,numeric_equation,docs_numeric_equation_motif_override_traces_syn_ne_normal_ab_cd_xtym1_len34_0198_txt,synthetic,false,train_only
syn_ne_normal_ab_cd_xtym1_len34_0199,sft_train,numeric_equation,docs_numeric_equation_motif_override_traces_syn_ne_normal_ab_cd_xtym1_len34_0199_txt,synthetic,false,train_only
syn_ne_normal_ab_cd_xtym1_len34_0200,sft_train,numeric_equation,docs_numeric_equation_motif_override_traces_syn_ne_normal_ab_cd_xtym1_len34_0200_txt,synthetic,false,train_only
syn_ne_normal_ab_cd_xtym1_len34_0201,sft_train,numeric_equation,docs_numeric_equation_motif_override_traces_syn_ne_normal_ab_cd_xtym1_len34_0201_txt,synthetic,false,train_only
syn_ne_normal_ab_cd_xtym1_len34_0202,sft_train,numeric_equation,docs_numeric_equation_motif_override_traces_syn_ne_normal_ab_cd_xtym1_len34_0202_txt,synthetic,false,train_only
syn_ne_normal_ab_cd_xtym1_len34_0203,sft_train,numeric_equation,docs_numeric_equation_motif_override_traces_syn_ne_normal_ab_cd_xtym1_len34_0203_txt,synthetic,false,train_only
syn_ne_normal_ab_cd_xtym1_len34_0204,sft_train,numeric_equation,docs_numeric_equation_motif_override_traces_syn_ne_normal_ab_cd_xtym1_len34_0204_txt,synthetic,false,train_only
syn_ne_normal_ab_cd_xtym1_len34_0205,sft_train,numeric_equation,docs_numeric_equation_motif_override_traces_syn_ne_normal_ab_cd_xtym1_len34_0205_txt,synthetic,false,train_only
syn_ne_normal_ab_cd_xtym1_len34_0206,sft_train,numeric_equation,docs_numeric_equation_motif_override_traces_syn_ne_normal_ab_cd_xtym1_len34_0206_txt,synthetic,false,train_only
syn_ne_normal_ab_cd_xtym1_len34_0207,sft_train,numeric_equation,docs_numeric_equation_motif_override_traces_syn_ne_normal_ab_cd_xtym1_len34_0207_txt,synthetic,false,train_only
syn_ne_normal_ab_cd_xtym1_len34_0208,sft_train,numeric_equation,docs_numeric_equation_motif_override_traces_syn_ne_normal_ab_cd_xtym1_len34_0208_txt,synthetic,false,train_only
syn_ne_normal_ab_cd_xtym1_len34_0209,sft_train,numeric_equation,docs_numeric_equation_motif_override_traces_syn_ne_normal_ab_cd_xtym1_len34_0209_txt,synthetic,false,train_only
syn_ne_normal_ab_cd_xtym1_len34_0210,sft_train,numeric_equation,docs_numeric_equation_motif_override_traces_syn_ne_normal_ab_cd_xtym1_len34_0210_txt,synthetic,false,train_only
syn_ne_normal_ab_cd_xtym1_len34_0211,sft_train,numeric_equation,docs_numeric_equation_motif_override_traces_syn_ne_normal_ab_cd_xtym1_len34_0211_txt,synthetic,false,train_only
syn_ne_normal_ab_cd_xtym1_len34_0212,sft_train,numeric_equation,docs_numeric_equation_motif_override_traces_syn_ne_normal_ab_cd_xtym1_len34_0212_txt,synthetic,false,train_only
syn_ne_normal_ab_cd_xtym1_len34_0213,sft_train,numeric_equation,docs_numeric_equation_motif_override_traces_syn_ne_normal_ab_cd_xtym1_len34_0213_txt,synthetic,false,train_only
syn_ne_normal_ab_cd_xtym1_len3_0159,sft_train,numeric_equation,docs_numeric_equation_motif_override_traces_syn_ne_normal_ab_cd_xtym1_len3_0159_txt,synthetic,false,train_only
syn_ne_normal_ab_cd_xtym1_len3_0160,sft_train,numeric_equation,docs_numeric_equation_motif_override_traces_syn_ne_normal_ab_cd_xtym1_len3_0160_txt,synthetic,false,train_only
syn_ne_normal_ab_cd_xtym1_len3_0161,sft_train,numeric_equation,docs_numeric_equation_motif_override_traces_syn_ne_normal_ab_cd_xtym1_len3_0161_txt,synthetic,false,train_only
syn_ne_normal_ab_cd_xtym1_len3_0162,sft_train,numeric_equation,docs_numeric_equation_motif_override_traces_syn_ne_normal_ab_cd_xtym1_len3_0162_txt,synthetic,false,train_only
syn_ne_normal_ab_cd_xtym1_len3_0163,sft_train,numeric_equation,docs_numeric_equation_motif_override_traces_syn_ne_normal_ab_cd_xtym1_len3_0163_txt,synthetic,false,train_only
syn_ne_normal_ab_cd_xtym1_len3_0164,sft_train,numeric_equation,docs_numeric_equation_motif_override_traces_syn_ne_normal_ab_cd_xtym1_len3_0164_txt,synthetic,false,train_only
syn_ne_normal_ab_cd_xtym1_len3_0165,sft_train,numeric_equation,docs_numeric_equation_motif_override_traces_syn_ne_normal_ab_cd_xtym1_len3_0165_txt,synthetic,false,train_only
syn_ne_normal_ab_cd_xtym1_len3_0166,sft_train,numeric_equation,docs_numeric_equation_motif_override_traces_syn_ne_normal_ab_cd_xtym1_len3_0166_txt,synthetic,false,train_only
syn_ne_normal_ab_cd_xtym1_len3_0167,sft_train,numeric_equation,docs_numeric_equation_motif_override_traces_syn_ne_normal_ab_cd_xtym1_len3_0167_txt,synthetic,false,train_only
syn_ne_normal_ab_cd_xtym1_len3_0168,sft_train,numeric_equation,docs_numeric_equation_motif_override_traces_syn_ne_normal_ab_cd_xtym1_len3_0168_txt,synthetic,false,train_only
syn_ne_normal_ab_cd_xtym1_len3_0169,sft_train,numeric_equation,docs_numeric_equation_motif_override_traces_syn_ne_normal_ab_cd_xtym1_len3_0169_txt,synthetic,false,train_only
syn_ne_normal_ab_cd_xtym1_len3_0170,sft_train,numeric_equation,docs_numeric_equation_motif_override_traces_syn_ne_normal_ab_cd_xtym1_len3_0170_txt,synthetic,false,train_only
syn_ne_normal_ab_cd_xtym1_len3_0171,sft_train,numeric_equation,docs_numeric_equation_motif_override_traces_syn_ne_normal_ab_cd_xtym1_len3_0171_txt,synthetic,false,train_only
syn_ne_normal_ab_cd_xtym1_len3_0172,sft_train,numeric_equation,docs_numeric_equation_motif_override_traces_syn_ne_normal_ab_cd_xtym1_len3_0172_txt,synthetic,false,train_only
syn_ne_normal_ab_cd_xtym1_len3_0173,sft_train,numeric_equation,docs_numeric_equation_motif_override_traces_syn_ne_normal_ab_cd_xtym1_len3_0173_txt,synthetic,false,train_only
syn_ne_normal_ab_cd_xtym1_len3_0174,sft_train,numeric_equation,docs_numeric_equation_motif_override_traces_syn_ne_normal_ab_cd_xtym1_len3_0174_txt,synthetic,false,train_only
syn_ne_normal_ab_cd_xtym1_len3_0175,sft_train,numeric_equation,docs_numeric_equation_motif_override_traces_syn_ne_normal_ab_cd_xtym1_len3_0175_txt,synthetic,false,train_only
syn_ne_normal_ab_cd_xtym1_len3_0176,sft_train,numeric_equation,docs_numeric_equation_motif_override_traces_syn_ne_normal_ab_cd_xtym1_len3_0176_txt,synthetic,false,train_only
syn_ne_normal_ab_cd_xtym1_len3_0177,sft_train,numeric_equation,docs_numeric_equation_motif_override_traces_syn_ne_normal_ab_cd_xtym1_len3_0177_txt,synthetic,false,train_only
syn_ne_normal_ab_cd_xtym1_len3_0178,sft_train,numeric_equation,docs_numeric_equation_motif_override_traces_syn_ne_normal_ab_cd_xtym1_len3_0178_txt,synthetic,false,train_only
syn_ne_normal_ab_cd_xtym1_len3_0179,sft_train,numeric_equation,docs_numeric_equation_motif_override_traces_syn_ne_normal_ab_cd_xtym1_len3_0179_txt,synthetic,false,train_only
syn_ne_normal_ab_cd_xtym1_len3_0180,sft_train,numeric_equation,docs_numeric_equation_motif_override_traces_syn_ne_normal_ab_cd_xtym1_len3_0180_txt,synthetic,false,train_only
syn_ne_normal_ab_cd_xtym1_len3_0181,sft_train,numeric_equation,docs_numeric_equation_motif_override_traces_syn_ne_normal_ab_cd_xtym1_len3_0181_txt,synthetic,false,train_only
syn_ne_normal_ab_cd_xtym1_len3_0182,sft_train,numeric_equation,docs_numeric_equation_motif_override_traces_syn_ne_normal_ab_cd_xtym1_len3_0182_txt,synthetic,false,train_only
syn_ne_normal_ab_cd_xtym1_len3_0183,sft_train,numeric_equation,docs_numeric_equation_motif_override_traces_syn_ne_normal_ab_cd_xtym1_len3_0183_txt,synthetic,false,train_only
syn_ne_normal_ab_cd_xtym1_len3_0184,sft_train,numeric_equation,docs_numeric_equation_motif_override_traces_syn_ne_normal_ab_cd_xtym1_len3_0184_txt,synthetic,false,train_only
syn_ne_normal_ab_cd_xtym1_len3_0185,sft_train,numeric_equation,docs_numeric_equation_motif_override_traces_syn_ne_normal_ab_cd_xtym1_len3_0185_txt,synthetic,false,train_only
syn_ne_normal_ab_cd_xtym1_len3_0186,sft_train,numeric_equation,docs_numeric_equation_motif_override_traces_syn_ne_normal_ab_cd_xtym1_len3_0186_txt,synthetic,false,train_only
syn_ne_normal_ab_cd_xtym1_len4_0214,sft_train,numeric_equation,docs_numeric_equation_motif_override_traces_syn_ne_normal_ab_cd_xtym1_len4_0214_txt,synthetic,false,train_only
syn_ne_normal_ab_cd_xtym1_len4_0215,sft_train,numeric_equation,docs_numeric_equation_motif_override_traces_syn_ne_normal_ab_cd_xtym1_len4_0215_txt,synthetic,false,train_only
syn_ne_normal_ab_cd_xtym1_len4_0216,sft_train,numeric_equation,docs_numeric_equation_motif_override_traces_syn_ne_normal_ab_cd_xtym1_len4_0216_txt,synthetic,false,train_only
syn_ne_normal_ab_cd_xtym1_len4_0217,sft_train,numeric_equation,docs_numeric_equation_motif_override_traces_syn_ne_normal_ab_cd_xtym1_len4_0217_txt,synthetic,false,train_only
syn_ne_normal_ab_cd_xtym1_len4_0218,sft_train,numeric_equation,docs_numeric_equation_motif_override_traces_syn_ne_normal_ab_cd_xtym1_len4_0218_txt,synthetic,false,train_only
syn_ne_normal_ab_cd_xtym1_len4_0219,sft_train,numeric_equation,docs_numeric_equation_motif_override_traces_syn_ne_normal_ab_cd_xtym1_len4_0219_txt,synthetic,false,train_only
syn_ne_normal_ab_cd_xtym1_len4_0220,sft_train,numeric_equation,docs_numeric_equation_motif_override_traces_syn_ne_normal_ab_cd_xtym1_len4_0220_txt,synthetic,false,train_only
syn_ne_normal_ab_cd_xtym1_len4_0221,sft_train,numeric_equation,docs_numeric_equation_motif_override_traces_syn_ne_normal_ab_cd_xtym1_len4_0221_txt,synthetic,false,train_only
syn_ne_normal_ab_cd_xtym1_len4_0222,sft_train,numeric_equation,docs_numeric_equation_motif_override_traces_syn_ne_normal_ab_cd_xtym1_len4_0222_txt,synthetic,false,train_only
syn_ne_normal_ab_cd_xtym1_len4_0223,sft_train,numeric_equation,docs_numeric_equation_motif_override_traces_syn_ne_normal_ab_cd_xtym1_len4_0223_txt,synthetic,false,train_only
syn_ne_normal_ab_cd_xtym1_len4_0224,sft_train,numeric_equation,docs_numeric_equation_motif_override_traces_syn_ne_normal_ab_cd_xtym1_len4_0224_txt,synthetic,false,train_only
syn_ne_normal_ab_cd_xtym1_len4_0225,sft_train,numeric_equation,docs_numeric_equation_motif_override_traces_syn_ne_normal_ab_cd_xtym1_len4_0225_txt,synthetic,false,train_only
syn_ne_normal_ab_cd_xtym1_len4_0226,sft_train,numeric_equation,docs_numeric_equation_motif_override_traces_syn_ne_normal_ab_cd_xtym1_len4_0226_txt,synthetic,false,train_only
syn_ne_normal_ab_cd_xtym1_len4_0227,sft_train,numeric_equation,docs_numeric_equation_motif_override_traces_syn_ne_normal_ab_cd_xtym1_len4_0227_txt,synthetic,false,train_only
syn_ne_normal_ab_cd_xtym1_len4_0228,sft_train,numeric_equation,docs_numeric_equation_motif_override_traces_syn_ne_normal_ab_cd_xtym1_len4_0228_txt,synthetic,false,train_only
syn_ne_normal_ab_cd_xtym1_len4_0229,sft_train,numeric_equation,docs_numeric_equation_motif_override_traces_syn_ne_normal_ab_cd_xtym1_len4_0229_txt,synthetic,false,train_only
syn_ne_normal_ab_cd_xtym1_len4_0230,sft_train,numeric_equation,docs_numeric_equation_motif_override_traces_syn_ne_normal_ab_cd_xtym1_len4_0230_txt,synthetic,false,train_only
syn_ne_normal_ab_cd_xtym1_len4_0231,sft_train,numeric_equation,docs_numeric_equation_motif_override_traces_syn_ne_normal_ab_cd_xtym1_len4_0231_txt,synthetic,false,train_only
syn_ne_normal_ab_cd_xtym1_len4_0232,sft_train,numeric_equation,docs_numeric_equation_motif_override_traces_syn_ne_normal_ab_cd_xtym1_len4_0232_txt,synthetic,false,train_only
syn_ne_normal_ab_cd_xtym1_len4_0233,sft_train,numeric_equation,docs_numeric_equation_motif_override_traces_syn_ne_normal_ab_cd_xtym1_len4_0233_txt,synthetic,false,train_only
syn_ne_normal_ab_cd_xtym1_len4_0234,sft_train,numeric_equation,docs_numeric_equation_motif_override_traces_syn_ne_normal_ab_cd_xtym1_len4_0234_txt,synthetic,false,train_only
syn_ne_normal_ab_cd_xtym1_len4_0235,sft_train,numeric_equation,docs_numeric_equation_motif_override_traces_syn_ne_normal_ab_cd_xtym1_len4_0235_txt,synthetic,false,train_only
syn_ne_normal_ab_cd_xtym1_len4_0236,sft_train,numeric_equation,docs_numeric_equation_motif_override_traces_syn_ne_normal_ab_cd_xtym1_len4_0236_txt,synthetic,false,train_only
syn_ne_normal_ab_cd_xtym1_len4_0237,sft_train,numeric_equation,docs_numeric_equation_motif_override_traces_syn_ne_normal_ab_cd_xtym1_len4_0237_txt,synthetic,false,train_only
syn_ne_normal_ab_cd_xtym1_len4_0238,sft_train,numeric_equation,docs_numeric_equation_motif_override_traces_syn_ne_normal_ab_cd_xtym1_len4_0238_txt,synthetic,false,train_only
syn_ne_normal_ab_cd_xtym1_len4_0239,sft_train,numeric_equation,docs_numeric_equation_motif_override_traces_syn_ne_normal_ab_cd_xtym1_len4_0239_txt,synthetic,false,train_only
syn_ne_normal_ab_cd_xtym1_len4_0240,sft_train,numeric_equation,docs_numeric_equation_motif_override_traces_syn_ne_normal_ab_cd_xtym1_len4_0240_txt,synthetic,false,train_only
syn_ne_normal_ab_cd_xtyp1_len34_0105,sft_train,numeric_equation,docs_numeric_equation_motif_override_traces_syn_ne_normal_ab_cd_xtyp1_len34_0105_txt,synthetic,false,train_only
syn_ne_normal_ab_cd_xtyp1_len34_0106,sft_train,numeric_equation,docs_numeric_equation_motif_override_traces_syn_ne_normal_ab_cd_xtyp1_len34_0106_txt,synthetic,false,train_only
syn_ne_normal_ab_cd_xtyp1_len34_0107,sft_train,numeric_equation,docs_numeric_equation_motif_override_traces_syn_ne_normal_ab_cd_xtyp1_len34_0107_txt,synthetic,false,train_only
syn_ne_normal_ab_cd_xtyp1_len34_0108,sft_train,numeric_equation,docs_numeric_equation_motif_override_traces_syn_ne_normal_ab_cd_xtyp1_len34_0108_txt,synthetic,false,train_only
syn_ne_normal_ab_cd_xtyp1_len34_0109,sft_train,numeric_equation,docs_numeric_equation_motif_override_traces_syn_ne_normal_ab_cd_xtyp1_len34_0109_txt,synthetic,false,train_only
syn_ne_normal_ab_cd_xtyp1_len34_0110,sft_train,numeric_equation,docs_numeric_equation_motif_override_traces_syn_ne_normal_ab_cd_xtyp1_len34_0110_txt,synthetic,false,train_only
syn_ne_normal_ab_cd_xtyp1_len34_0111,sft_train,numeric_equation,docs_numeric_equation_motif_override_traces_syn_ne_normal_ab_cd_xtyp1_len34_0111_txt,synthetic,false,train_only
syn_ne_normal_ab_cd_xtyp1_len34_0112,sft_train,numeric_equation,docs_numeric_equation_motif_override_traces_syn_ne_normal_ab_cd_xtyp1_len34_0112_txt,synthetic,false,train_only
syn_ne_normal_ab_cd_xtyp1_len34_0113,sft_train,numeric_equation,docs_numeric_equation_motif_override_traces_syn_ne_normal_ab_cd_xtyp1_len34_0113_txt,synthetic,false,train_only
syn_ne_normal_ab_cd_xtyp1_len34_0114,sft_train,numeric_equation,docs_numeric_equation_motif_override_traces_syn_ne_normal_ab_cd_xtyp1_len34_0114_txt,synthetic,false,train_only
syn_ne_normal_ab_cd_xtyp1_len34_0115,sft_train,numeric_equation,docs_numeric_equation_motif_override_traces_syn_ne_normal_ab_cd_xtyp1_len34_0115_txt,synthetic,false,train_only
syn_ne_normal_ab_cd_xtyp1_len34_0116,sft_train,numeric_equation,docs_numeric_equation_motif_override_traces_syn_ne_normal_ab_cd_xtyp1_len34_0116_txt,synthetic,false,train_only
syn_ne_normal_ab_cd_xtyp1_len34_0117,sft_train,numeric_equation,docs_numeric_equation_motif_override_traces_syn_ne_normal_ab_cd_xtyp1_len34_0117_txt,synthetic,false,train_only
syn_ne_normal_ab_cd_xtyp1_len34_0118,sft_train,numeric_equation,docs_numeric_equation_motif_override_traces_syn_ne_normal_ab_cd_xtyp1_len34_0118_txt,synthetic,false,train_only
syn_ne_normal_ab_cd_xtyp1_len34_0119,sft_train,numeric_equation,docs_numeric_equation_motif_override_traces_syn_ne_normal_ab_cd_xtyp1_len34_0119_txt,synthetic,false,train_only
syn_ne_normal_ab_cd_xtyp1_len34_0120,sft_train,numeric_equation,docs_numeric_equation_motif_override_traces_syn_ne_normal_ab_cd_xtyp1_len34_0120_txt,synthetic,false,train_only
syn_ne_normal_ab_cd_xtyp1_len34_0121,sft_train,numeric_equation,docs_numeric_equation_motif_override_traces_syn_ne_normal_ab_cd_xtyp1_len34_0121_txt,synthetic,false,train_only
syn_ne_normal_ab_cd_xtyp1_len34_0122,sft_train,numeric_equation,docs_numeric_equation_motif_override_traces_syn_ne_normal_ab_cd_xtyp1_len34_0122_txt,synthetic,false,train_only
syn_ne_normal_ab_cd_xtyp1_len34_0123,sft_train,numeric_equation,docs_numeric_equation_motif_override_traces_syn_ne_normal_ab_cd_xtyp1_len34_0123_txt,synthetic,false,train_only
syn_ne_normal_ab_cd_xtyp1_len34_0124,sft_train,numeric_equation,docs_numeric_equation_motif_override_traces_syn_ne_normal_ab_cd_xtyp1_len34_0124_txt,synthetic,false,train_only
syn_ne_normal_ab_cd_xtyp1_len34_0125,sft_train,numeric_equation,docs_numeric_equation_motif_override_traces_syn_ne_normal_ab_cd_xtyp1_len34_0125_txt,synthetic,false,train_only
syn_ne_normal_ab_cd_xtyp1_len34_0126,sft_train,numeric_equation,docs_numeric_equation_motif_override_traces_syn_ne_normal_ab_cd_xtyp1_len34_0126_txt,synthetic,false,train_only
syn_ne_normal_ab_cd_xtyp1_len34_0127,sft_train,numeric_equation,docs_numeric_equation_motif_override_traces_syn_ne_normal_ab_cd_xtyp1_len34_0127_txt,synthetic,false,train_only
syn_ne_normal_ab_cd_xtyp1_len34_0128,sft_train,numeric_equation,docs_numeric_equation_motif_override_traces_syn_ne_normal_ab_cd_xtyp1_len34_0128_txt,synthetic,false,train_only
syn_ne_normal_ab_cd_xtyp1_len34_0129,sft_train,numeric_equation,docs_numeric_equation_motif_override_traces_syn_ne_normal_ab_cd_xtyp1_len34_0129_txt,synthetic,false,train_only
syn_ne_normal_ab_cd_xtyp1_len34_0130,sft_train,numeric_equation,docs_numeric_equation_motif_override_traces_syn_ne_normal_ab_cd_xtyp1_len34_0130_txt,synthetic,false,train_only
syn_ne_normal_ab_cd_xtyp1_len34_0131,sft_train,numeric_equation,docs_numeric_equation_motif_override_traces_syn_ne_normal_ab_cd_xtyp1_len34_0131_txt,synthetic,false,train_only
syn_ne_normal_ab_cd_xtyp1_len34_0132,sft_train,numeric_equation,docs_numeric_equation_motif_override_traces_syn_ne_normal_ab_cd_xtyp1_len34_0132_txt,synthetic,false,train_only
syn_ne_normal_ab_cd_xtyp1_len34_0133,sft_train,numeric_equation,docs_numeric_equation_motif_override_traces_syn_ne_normal_ab_cd_xtyp1_len34_0133_txt,synthetic,false,train_only
syn_ne_normal_ab_cd_xtyp1_len34_0134,sft_train,numeric_equation,docs_numeric_equation_motif_override_traces_syn_ne_normal_ab_cd_xtyp1_len34_0134_txt,synthetic,false,train_only
syn_ne_normal_ab_cd_xtyp1_len34_0135,sft_train,numeric_equation,docs_numeric_equation_motif_override_traces_syn_ne_normal_ab_cd_xtyp1_len34_0135_txt,synthetic,false,train_only
syn_ne_normal_ab_cd_xtyp1_len4_0136,sft_train,numeric_equation,docs_numeric_equation_motif_override_traces_syn_ne_normal_ab_cd_xtyp1_len4_0136_txt,synthetic,false,train_only
syn_ne_normal_ab_cd_xtyp1_len4_0137,sft_train,numeric_equation,docs_numeric_equation_motif_override_traces_syn_ne_normal_ab_cd_xtyp1_len4_0137_txt,synthetic,false,train_only
syn_ne_normal_ab_cd_xtyp1_len4_0138,sft_train,numeric_equation,docs_numeric_equation_motif_override_traces_syn_ne_normal_ab_cd_xtyp1_len4_0138_txt,synthetic,false,train_only
syn_ne_normal_ab_cd_xtyp1_len4_0139,sft_train,numeric_equation,docs_numeric_equation_motif_override_traces_syn_ne_normal_ab_cd_xtyp1_len4_0139_txt,synthetic,false,train_only
syn_ne_normal_ab_cd_xtyp1_len4_0140,sft_train,numeric_equation,docs_numeric_equation_motif_override_traces_syn_ne_normal_ab_cd_xtyp1_len4_0140_txt,synthetic,false,train_only
syn_ne_normal_ab_cd_xtyp1_len4_0141,sft_train,numeric_equation,docs_numeric_equation_motif_override_traces_syn_ne_normal_ab_cd_xtyp1_len4_0141_txt,synthetic,false,train_only
syn_ne_normal_ab_cd_xtyp1_len4_0142,sft_train,numeric_equation,docs_numeric_equation_motif_override_traces_syn_ne_normal_ab_cd_xtyp1_len4_0142_txt,synthetic,false,train_only
syn_ne_normal_ab_cd_xtyp1_len4_0143,sft_train,numeric_equation,docs_numeric_equation_motif_override_traces_syn_ne_normal_ab_cd_xtyp1_len4_0143_txt,synthetic,false,train_only
syn_ne_normal_ab_cd_xtyp1_len4_0144,sft_train,numeric_equation,docs_numeric_equation_motif_override_traces_syn_ne_normal_ab_cd_xtyp1_len4_0144_txt,synthetic,false,train_only
syn_ne_normal_ab_cd_xtyp1_len4_0145,sft_train,numeric_equation,docs_numeric_equation_motif_override_traces_syn_ne_normal_ab_cd_xtyp1_len4_0145_txt,synthetic,false,train_only
syn_ne_normal_ab_cd_xtyp1_len4_0146,sft_train,numeric_equation,docs_numeric_equation_motif_override_traces_syn_ne_normal_ab_cd_xtyp1_len4_0146_txt,synthetic,false,train_only
syn_ne_normal_ab_cd_xtyp1_len4_0147,sft_train,numeric_equation,docs_numeric_equation_motif_override_traces_syn_ne_normal_ab_cd_xtyp1_len4_0147_txt,synthetic,false,train_only
syn_ne_normal_ab_cd_xtyp1_len4_0148,sft_train,numeric_equation,docs_numeric_equation_motif_override_traces_syn_ne_normal_ab_cd_xtyp1_len4_0148_txt,synthetic,false,train_only
syn_ne_normal_ab_cd_xtyp1_len4_0149,sft_train,numeric_equation,docs_numeric_equation_motif_override_traces_syn_ne_normal_ab_cd_xtyp1_len4_0149_txt,synthetic,false,train_only
syn_ne_normal_ab_cd_xtyp1_len4_0150,sft_train,numeric_equation,docs_numeric_equation_motif_override_traces_syn_ne_normal_ab_cd_xtyp1_len4_0150_txt,synthetic,false,train_only
syn_ne_normal_ab_cd_xtyp1_len4_0151,sft_train,numeric_equation,docs_numeric_equation_motif_override_traces_syn_ne_normal_ab_cd_xtyp1_len4_0151_txt,synthetic,false,train_only
syn_ne_normal_ab_cd_xtyp1_len4_0152,sft_train,numeric_equation,docs_numeric_equation_motif_override_traces_syn_ne_normal_ab_cd_xtyp1_len4_0152_txt,synthetic,false,train_only
syn_ne_normal_ab_cd_xtyp1_len4_0153,sft_train,numeric_equation,docs_numeric_equation_motif_override_traces_syn_ne_normal_ab_cd_xtyp1_len4_0153_txt,synthetic,false,train_only
syn_ne_normal_ab_cd_xtyp1_len4_0154,sft_train,numeric_equation,docs_numeric_equation_motif_override_traces_syn_ne_normal_ab_cd_xtyp1_len4_0154_txt,synthetic,false,train_only
syn_ne_normal_ab_cd_xtyp1_len4_0155,sft_train,numeric_equation,docs_numeric_equation_motif_override_traces_syn_ne_normal_ab_cd_xtyp1_len4_0155_txt,synthetic,false,train_only
syn_ne_normal_ab_cd_xtyp1_len4_0156,sft_train,numeric_equation,docs_numeric_equation_motif_override_traces_syn_ne_normal_ab_cd_xtyp1_len4_0156_txt,synthetic,false,train_only
syn_ne_normal_ab_cd_xtyp1_len4_0157,sft_train,numeric_equation,docs_numeric_equation_motif_override_traces_syn_ne_normal_ab_cd_xtyp1_len4_0157_txt,synthetic,false,train_only
syn_ne_normal_ab_cd_xtyp1_len4_0158,sft_train,numeric_equation,docs_numeric_equation_motif_override_traces_syn_ne_normal_ab_cd_xtyp1_len4_0158_txt,synthetic,false,train_only
syn_ne_normal_ba_dc_maxmodmin_len12_0518,sft_train,numeric_equation,docs_numeric_equation_motif_override_traces_syn_ne_normal_ba_dc_maxmodmin_len12_0518_txt,synthetic,false,train_only
syn_ne_normal_ba_dc_maxmodmin_len12_0519,sft_train,numeric_equation,docs_numeric_equation_motif_override_traces_syn_ne_normal_ba_dc_maxmodmin_len12_0519_txt,synthetic,false,train_only
syn_ne_normal_ba_dc_maxmodmin_len12_0520,sft_train,numeric_equation,docs_numeric_equation_motif_override_traces_syn_ne_normal_ba_dc_maxmodmin_len12_0520_txt,synthetic,false,train_only
syn_ne_normal_ba_dc_maxmodmin_len12_0521,sft_train,numeric_equation,docs_numeric_equation_motif_override_traces_syn_ne_normal_ba_dc_maxmodmin_len12_0521_txt,synthetic,false,train_only
syn_ne_normal_ba_dc_maxmodmin_len12_0522,sft_train,numeric_equation,docs_numeric_equation_motif_override_traces_syn_ne_normal_ba_dc_maxmodmin_len12_0522_txt,synthetic,false,train_only
syn_ne_normal_ba_dc_maxmodmin_len12_0523,sft_train,numeric_equation,docs_numeric_equation_motif_override_traces_syn_ne_normal_ba_dc_maxmodmin_len12_0523_txt,synthetic,false,train_only
syn_ne_normal_ba_dc_maxmodmin_len12_0524,sft_train,numeric_equation,docs_numeric_equation_motif_override_traces_syn_ne_normal_ba_dc_maxmodmin_len12_0524_txt,synthetic,false,train_only
syn_ne_normal_ba_dc_maxmodmin_len12_0525,sft_train,numeric_equation,docs_numeric_equation_motif_override_traces_syn_ne_normal_ba_dc_maxmodmin_len12_0525_txt,synthetic,false,train_only
syn_ne_normal_ba_dc_maxmodmin_len12_0526,sft_train,numeric_equation,docs_numeric_equation_motif_override_traces_syn_ne_normal_ba_dc_maxmodmin_len12_0526_txt,synthetic,false,train_only
syn_ne_normal_ba_dc_maxmodmin_len12_0527,sft_train,numeric_equation,docs_numeric_equation_motif_override_traces_syn_ne_normal_ba_dc_maxmodmin_len12_0527_txt,synthetic,false,train_only
syn_ne_normal_ba_dc_maxmodmin_len12_0528,sft_train,numeric_equation,docs_numeric_equation_motif_override_traces_syn_ne_normal_ba_dc_maxmodmin_len12_0528_txt,synthetic,false,train_only
syn_ne_normal_ba_dc_maxmodmin_len12_0529,sft_train,numeric_equation,docs_numeric_equation_motif_override_traces_syn_ne_normal_ba_dc_maxmodmin_len12_0529_txt,synthetic,false,train_only
syn_ne_normal_ba_dc_maxmodmin_len12_0530,sft_train,numeric_equation,docs_numeric_equation_motif_override_traces_syn_ne_normal_ba_dc_maxmodmin_len12_0530_txt,synthetic,false,train_only
syn_ne_normal_ba_dc_maxmodmin_len12_0531,sft_train,numeric_equation,docs_numeric_equation_motif_override_traces_syn_ne_normal_ba_dc_maxmodmin_len12_0531_txt,synthetic,false,train_only
syn_ne_normal_ba_dc_maxmodmin_len12_0532,sft_train,numeric_equation,docs_numeric_equation_motif_override_traces_syn_ne_normal_ba_dc_maxmodmin_len12_0532_txt,synthetic,false,train_only
syn_ne_normal_ba_dc_maxmodmin_len12_0533,sft_train,numeric_equation,docs_numeric_equation_motif_override_traces_syn_ne_normal_ba_dc_maxmodmin_len12_0533_txt,synthetic,false,train_only
syn_ne_normal_ba_dc_maxmodmin_len12_0534,sft_train,numeric_equation,docs_numeric_equation_motif_override_traces_syn_ne_normal_ba_dc_maxmodmin_len12_0534_txt,synthetic,false,train_only
syn_ne_normal_ba_dc_maxmodmin_len12_0535,sft_train,numeric_equation,docs_numeric_equation_motif_override_traces_syn_ne_normal_ba_dc_maxmodmin_len12_0535_txt,synthetic,false,train_only
syn_ne_normal_ba_dc_maxmodmin_len12_0536,sft_train,numeric_equation,docs_numeric_equation_motif_override_traces_syn_ne_normal_ba_dc_maxmodmin_len12_0536_txt,synthetic,false,train_only
syn_ne_normal_ba_dc_maxmodmin_len12_0537,sft_train,numeric_equation,docs_numeric_equation_motif_override_traces_syn_ne_normal_ba_dc_maxmodmin_len12_0537_txt,synthetic,false,train_only
syn_ne_normal_ba_dc_maxmodmin_len12_0538,sft_train,numeric_equation,docs_numeric_equation_motif_override_traces_syn_ne_normal_ba_dc_maxmodmin_len12_0538_txt,synthetic,false,train_only
syn_ne_normal_ba_dc_maxmodmin_len12_0539,sft_train,numeric_equation,docs_numeric_equation_motif_override_traces_syn_ne_normal_ba_dc_maxmodmin_len12_0539_txt,synthetic,false,train_only
syn_ne_normal_ba_dc_maxmodmin_len12_0540,sft_train,numeric_equation,docs_numeric_equation_motif_override_traces_syn_ne_normal_ba_dc_maxmodmin_len12_0540_txt,synthetic,false,train_only
syn_ne_normal_ba_dc_maxmodmin_len12_0541,sft_train,numeric_equation,docs_numeric_equation_motif_override_traces_syn_ne_normal_ba_dc_maxmodmin_len12_0541_txt,synthetic,false,train_only
syn_ne_normal_ba_dc_maxmodmin_len12_0542,sft_train,numeric_equation,docs_numeric_equation_motif_override_traces_syn_ne_normal_ba_dc_maxmodmin_len12_0542_txt,synthetic,false,train_only
syn_ne_normal_ba_dc_maxmodmin_len12_0543,sft_train,numeric_equation,docs_numeric_equation_motif_override_traces_syn_ne_normal_ba_dc_maxmodmin_len12_0543_txt,synthetic,false,train_only
syn_ne_normal_ba_dc_maxmodmin_len12_0544,sft_train,numeric_equation,docs_numeric_equation_motif_override_traces_syn_ne_normal_ba_dc_maxmodmin_len12_0544_txt,synthetic,false,train_only
syn_ne_normal_ba_dc_maxmodmin_len12_0545,sft_train,numeric_equation,docs_numeric_equation_motif_override_traces_syn_ne_normal_ba_dc_maxmodmin_len12_0545_txt,synthetic,false,train_only
syn_ne_normal_ba_dc_maxmodmin_len12_0546,sft_train,numeric_equation,docs_numeric_equation_motif_override_traces_syn_ne_normal_ba_dc_maxmodmin_len12_0546_txt,synthetic,false,train_only
syn_ne_normal_ba_dc_maxmodmin_len12_0547,sft_train,numeric_equation,docs_numeric_equation_motif_override_traces_syn_ne_normal_ba_dc_maxmodmin_len12_0547_txt,synthetic,false,train_only
syn_ne_normal_ba_dc_maxmodmin_len12_0548,sft_train,numeric_equation,docs_numeric_equation_motif_override_traces_syn_ne_normal_ba_dc_maxmodmin_len12_0548_txt,synthetic,false,train_only
syn_ne_normal_ba_dc_maxmodmin_len12_0549,sft_train,numeric_equation,docs_numeric_equation_motif_override_traces_syn_ne_normal_ba_dc_maxmodmin_len12_0549_txt,synthetic,false,train_only
syn_ne_normal_ba_dc_maxmodmin_len12_0550,sft_train,numeric_equation,docs_numeric_equation_motif_override_traces_syn_ne_normal_ba_dc_maxmodmin_len12_0550_txt,synthetic,false,train_only
syn_ne_normal_ba_dc_maxmodmin_len12_0551,sft_train,numeric_equation,docs_numeric_equation_motif_override_traces_syn_ne_normal_ba_dc_maxmodmin_len12_0551_txt,synthetic,false,train_only
syn_ne_normal_ba_dc_maxmodmin_len12_0552,sft_train,numeric_equation,docs_numeric_equation_motif_override_traces_syn_ne_normal_ba_dc_maxmodmin_len12_0552_txt,synthetic,false,train_only
syn_ne_normal_ba_dc_maxmodmin_len12_0553,sft_train,numeric_equation,docs_numeric_equation_motif_override_traces_syn_ne_normal_ba_dc_maxmodmin_len12_0553_txt,synthetic,false,train_only
syn_ne_normal_ba_dc_maxmodmin_len12_0554,sft_train,numeric_equation,docs_numeric_equation_motif_override_traces_syn_ne_normal_ba_dc_maxmodmin_len12_0554_txt,synthetic,false,train_only
syn_ne_normal_ba_dc_maxmodmin_len12_0555,sft_train,numeric_equation,docs_numeric_equation_motif_override_traces_syn_ne_normal_ba_dc_maxmodmin_len12_0555_txt,synthetic,false,train_only
syn_ne_normal_ba_dc_maxmodmin_len12_0556,sft_train,numeric_equation,docs_numeric_equation_motif_override_traces_syn_ne_normal_ba_dc_maxmodmin_len12_0556_txt,synthetic,false,train_only
syn_ne_normal_ba_dc_maxmodmin_len12_0557,sft_train,numeric_equation,docs_numeric_equation_motif_override_traces_syn_ne_normal_ba_dc_maxmodmin_len12_0557_txt,synthetic,false,train_only
syn_ne_normal_ba_dc_maxmodmin_len12_0558,sft_train,numeric_equation,docs_numeric_equation_motif_override_traces_syn_ne_normal_ba_dc_maxmodmin_len12_0558_txt,synthetic,false,train_only
syn_ne_normal_ba_dc_maxmodmin_len2_0559,sft_train,numeric_equation,docs_numeric_equation_motif_override_traces_syn_ne_normal_ba_dc_maxmodmin_len2_0559_txt,synthetic,false,train_only
syn_ne_normal_ba_dc_maxmodmin_len2_0560,sft_train,numeric_equation,docs_numeric_equation_motif_override_traces_syn_ne_normal_ba_dc_maxmodmin_len2_0560_txt,synthetic,false,train_only
syn_ne_normal_ba_dc_maxmodmin_len2_0561,sft_train,numeric_equation,docs_numeric_equation_motif_override_traces_syn_ne_normal_ba_dc_maxmodmin_len2_0561_txt,synthetic,false,train_only
syn_ne_normal_ba_dc_maxmodmin_len2_0562,sft_train,numeric_equation,docs_numeric_equation_motif_override_traces_syn_ne_normal_ba_dc_maxmodmin_len2_0562_txt,synthetic,false,train_only
syn_ne_normal_ba_dc_maxmodmin_len2_0563,sft_train,numeric_equation,docs_numeric_equation_motif_override_traces_syn_ne_normal_ba_dc_maxmodmin_len2_0563_txt,synthetic,false,train_only
syn_ne_normal_ba_dc_maxmodmin_len2_0564,sft_train,numeric_equation,docs_numeric_equation_motif_override_traces_syn_ne_normal_ba_dc_maxmodmin_len2_0564_txt,synthetic,false,train_only
syn_ne_normal_ba_dc_maxmodmin_len2_0565,sft_train,numeric_equation,docs_numeric_equation_motif_override_traces_syn_ne_normal_ba_dc_maxmodmin_len2_0565_txt,synthetic,false,train_only
syn_ne_normal_ba_dc_maxmodmin_len2_0566,sft_train,numeric_equation,docs_numeric_equation_motif_override_traces_syn_ne_normal_ba_dc_maxmodmin_len2_0566_txt,synthetic,false,train_only
syn_ne_normal_ba_dc_maxmodmin_len2_0567,sft_train,numeric_equation,docs_numeric_equation_motif_override_traces_syn_ne_normal_ba_dc_maxmodmin_len2_0567_txt,synthetic,false,train_only
syn_ne_normal_ba_dc_maxmodmin_len2_0568,sft_train,numeric_equation,docs_numeric_equation_motif_override_traces_syn_ne_normal_ba_dc_maxmodmin_len2_0568_txt,synthetic,false,train_only
syn_ne_normal_ba_dc_maxmodmin_len2_0569,sft_train,numeric_equation,docs_numeric_equation_motif_override_traces_syn_ne_normal_ba_dc_maxmodmin_len2_0569_txt,synthetic,false,train_only
syn_ne_normal_ba_dc_maxmodmin_len2_0570,sft_train,numeric_equation,docs_numeric_equation_motif_override_traces_syn_ne_normal_ba_dc_maxmodmin_len2_0570_txt,synthetic,false,train_only
syn_ne_normal_ba_dc_maxmodmin_len2_0571,sft_train,numeric_equation,docs_numeric_equation_motif_override_traces_syn_ne_normal_ba_dc_maxmodmin_len2_0571_txt,synthetic,false,train_only
syn_ne_normal_ba_dc_maxmodmin_len2_0572,sft_train,numeric_equation,docs_numeric_equation_motif_override_traces_syn_ne_normal_ba_dc_maxmodmin_len2_0572_txt,synthetic,false,train_only
syn_ne_normal_ba_dc_maxmodmin_len2_0573,sft_train,numeric_equation,docs_numeric_equation_motif_override_traces_syn_ne_normal_ba_dc_maxmodmin_len2_0573_txt,synthetic,false,train_only
syn_ne_normal_ba_dc_maxmodmin_len2_0574,sft_train,numeric_equation,docs_numeric_equation_motif_override_traces_syn_ne_normal_ba_dc_maxmodmin_len2_0574_txt,synthetic,false,train_only
syn_ne_normal_ba_dc_maxmodmin_len2_0575,sft_train,numeric_equation,docs_numeric_equation_motif_override_traces_syn_ne_normal_ba_dc_maxmodmin_len2_0575_txt,synthetic,false,train_only
syn_ne_normal_ba_dc_maxmodmin_len2_0576,sft_train,numeric_equation,docs_numeric_equation_motif_override_traces_syn_ne_normal_ba_dc_maxmodmin_len2_0576_txt,synthetic,false,train_only
syn_ne_normal_ba_dc_maxmodmin_len2_0577,sft_train,numeric_equation,docs_numeric_equation_motif_override_traces_syn_ne_normal_ba_dc_maxmodmin_len2_0577_txt,synthetic,false,train_only
syn_ne_normal_ba_dc_maxmodmin_len2_0578,sft_train,numeric_equation,docs_numeric_equation_motif_override_traces_syn_ne_normal_ba_dc_maxmodmin_len2_0578_txt,synthetic,false,train_only
syn_ne_normal_ba_dc_maxmodmin_len2_0579,sft_train,numeric_equation,docs_numeric_equation_motif_override_traces_syn_ne_normal_ba_dc_maxmodmin_len2_0579_txt,synthetic,false,train_only
syn_ne_normal_ba_dc_maxmodmin_len2_0580,sft_train,numeric_equation,docs_numeric_equation_motif_override_traces_syn_ne_normal_ba_dc_maxmodmin_len2_0580_txt,synthetic,false,train_only
syn_ne_normal_ba_dc_maxmodmin_len2_0581,sft_train,numeric_equation,docs_numeric_equation_motif_override_traces_syn_ne_normal_ba_dc_maxmodmin_len2_0581_txt,synthetic,false,train_only
syn_ne_normal_ba_dc_maxmodmin_len2_0582,sft_train,numeric_equation,docs_numeric_equation_motif_override_traces_syn_ne_normal_ba_dc_maxmodmin_len2_0582_txt,synthetic,false,train_only
syn_ne_normal_ba_dc_maxmodmin_len2_0583,sft_train,numeric_equation,docs_numeric_equation_motif_override_traces_syn_ne_normal_ba_dc_maxmodmin_len2_0583_txt,synthetic,false,train_only
syn_ne_normal_ba_dc_maxmodmin_len2_0584,sft_train,numeric_equation,docs_numeric_equation_motif_override_traces_syn_ne_normal_ba_dc_maxmodmin_len2_0584_txt,synthetic,false,train_only
syn_ne_normal_ba_dc_maxmodmin_len2_0585,sft_train,numeric_equation,docs_numeric_equation_motif_override_traces_syn_ne_normal_ba_dc_maxmodmin_len2_0585_txt,synthetic,false,train_only
syn_ne_normal_ba_dc_maxmodmin_len2_0586,sft_train,numeric_equation,docs_numeric_equation_motif_override_traces_syn_ne_normal_ba_dc_maxmodmin_len2_0586_txt,synthetic,false,train_only
syn_ne_normal_ba_dc_minmax_len2_0587,sft_train,numeric_equation,docs_numeric_equation_motif_override_traces_syn_ne_normal_ba_dc_minmax_len2_0587_txt,synthetic,false,train_only
syn_ne_normal_ba_dc_minmax_len2_0588,sft_train,numeric_equation,docs_numeric_equation_motif_override_traces_syn_ne_normal_ba_dc_minmax_len2_0588_txt,synthetic,false,train_only
syn_ne_normal_ba_dc_minmax_len2_0589,sft_train,numeric_equation,docs_numeric_equation_motif_override_traces_syn_ne_normal_ba_dc_minmax_len2_0589_txt,synthetic,false,train_only
syn_ne_normal_ba_dc_minmax_len2_0590,sft_train,numeric_equation,docs_numeric_equation_motif_override_traces_syn_ne_normal_ba_dc_minmax_len2_0590_txt,synthetic,false,train_only
syn_ne_normal_ba_dc_minmax_len2_0591,sft_train,numeric_equation,docs_numeric_equation_motif_override_traces_syn_ne_normal_ba_dc_minmax_len2_0591_txt,synthetic,false,train_only
syn_ne_normal_ba_dc_minmax_len2_0592,sft_train,numeric_equation,docs_numeric_equation_motif_override_traces_syn_ne_normal_ba_dc_minmax_len2_0592_txt,synthetic,false,train_only
syn_ne_normal_ba_dc_minmax_len2_0593,sft_train,numeric_equation,docs_numeric_equation_motif_override_traces_syn_ne_normal_ba_dc_minmax_len2_0593_txt,synthetic,false,train_only
syn_ne_normal_ba_dc_minmax_len2_0594,sft_train,numeric_equation,docs_numeric_equation_motif_override_traces_syn_ne_normal_ba_dc_minmax_len2_0594_txt,synthetic,false,train_only
syn_ne_normal_ba_dc_minmax_len2_0595,sft_train,numeric_equation,docs_numeric_equation_motif_override_traces_syn_ne_normal_ba_dc_minmax_len2_0595_txt,synthetic,false,train_only
syn_ne_normal_ba_dc_minmax_len2_0596,sft_train,numeric_equation,docs_numeric_equation_motif_override_traces_syn_ne_normal_ba_dc_minmax_len2_0596_txt,synthetic,false,train_only
syn_ne_normal_ba_dc_minmax_len2_0597,sft_train,numeric_equation,docs_numeric_equation_motif_override_traces_syn_ne_normal_ba_dc_minmax_len2_0597_txt,synthetic,false,train_only
syn_ne_normal_ba_dc_minmax_len2_0598,sft_train,numeric_equation,docs_numeric_equation_motif_override_traces_syn_ne_normal_ba_dc_minmax_len2_0598_txt,synthetic,false,train_only
syn_ne_normal_ba_dc_minmax_len2_0599,sft_train,numeric_equation,docs_numeric_equation_motif_override_traces_syn_ne_normal_ba_dc_minmax_len2_0599_txt,synthetic,false,train_only
syn_ne_normal_ba_dc_minmax_len2_0600,sft_train,numeric_equation,docs_numeric_equation_motif_override_traces_syn_ne_normal_ba_dc_minmax_len2_0600_txt,synthetic,false,train_only
syn_ne_normal_ba_dc_minmax_len2_0601,sft_train,numeric_equation,docs_numeric_equation_motif_override_traces_syn_ne_normal_ba_dc_minmax_len2_0601_txt,synthetic,false,train_only
syn_ne_normal_ba_dc_minmax_len2_0602,sft_train,numeric_equation,docs_numeric_equation_motif_override_traces_syn_ne_normal_ba_dc_minmax_len2_0602_txt,synthetic,false,train_only
syn_ne_normal_ba_dc_minmax_len2_0603,sft_train,numeric_equation,docs_numeric_equation_motif_override_traces_syn_ne_normal_ba_dc_minmax_len2_0603_txt,synthetic,false,train_only
syn_ne_normal_ba_dc_minmax_len2_0604,sft_train,numeric_equation,docs_numeric_equation_motif_override_traces_syn_ne_normal_ba_dc_minmax_len2_0604_txt,synthetic,false,train_only
syn_ne_normal_ba_dc_minmax_len2_0605,sft_train,numeric_equation,docs_numeric_equation_motif_override_traces_syn_ne_normal_ba_dc_minmax_len2_0605_txt,synthetic,false,train_only
syn_ne_normal_ba_dc_minmax_len2_0606,sft_train,numeric_equation,docs_numeric_equation_motif_override_traces_syn_ne_normal_ba_dc_minmax_len2_0606_txt,synthetic,false,train_only
syn_ne_normal_ba_dc_minmax_len2_0607,sft_train,numeric_equation,docs_numeric_equation_motif_override_traces_syn_ne_normal_ba_dc_minmax_len2_0607_txt,synthetic,false,train_only
syn_ne_normal_ba_dc_minmax_len2_0608,sft_train,numeric_equation,docs_numeric_equation_motif_override_traces_syn_ne_normal_ba_dc_minmax_len2_0608_txt,synthetic,false,train_only
syn_ne_normal_ba_dc_minmax_len2_0609,sft_train,numeric_equation,docs_numeric_equation_motif_override_traces_syn_ne_normal_ba_dc_minmax_len2_0609_txt,synthetic,false,train_only
syn_ne_normal_ba_dc_xmy_len12_1236,sft_train,numeric_equation,docs_numeric_equation_motif_override_traces_syn_ne_normal_ba_dc_xmy_len12_1236_txt,synthetic,false,train_only
syn_ne_normal_ba_dc_xmy_len12_1237,sft_train,numeric_equation,docs_numeric_equation_motif_override_traces_syn_ne_normal_ba_dc_xmy_len12_1237_txt,synthetic,false,train_only
syn_ne_normal_ba_dc_xmy_len12_1238,sft_train,numeric_equation,docs_numeric_equation_motif_override_traces_syn_ne_normal_ba_dc_xmy_len12_1238_txt,synthetic,false,train_only
syn_ne_normal_ba_dc_xmy_len12_1239,sft_train,numeric_equation,docs_numeric_equation_motif_override_traces_syn_ne_normal_ba_dc_xmy_len12_1239_txt,synthetic,false,train_only
syn_ne_normal_ba_dc_xmy_len12_1240,sft_train,numeric_equation,docs_numeric_equation_motif_override_traces_syn_ne_normal_ba_dc_xmy_len12_1240_txt,synthetic,false,train_only
syn_ne_normal_ba_dc_xmy_len12_1241,sft_train,numeric_equation,docs_numeric_equation_motif_override_traces_syn_ne_normal_ba_dc_xmy_len12_1241_txt,synthetic,false,train_only
syn_ne_normal_ba_dc_xmy_len12_1242,sft_train,numeric_equation,docs_numeric_equation_motif_override_traces_syn_ne_normal_ba_dc_xmy_len12_1242_txt,synthetic,false,train_only
syn_ne_normal_ba_dc_xmy_len12_1243,sft_train,numeric_equation,docs_numeric_equation_motif_override_traces_syn_ne_normal_ba_dc_xmy_len12_1243_txt,synthetic,false,train_only
syn_ne_normal_ba_dc_xmy_len12_1244,sft_train,numeric_equation,docs_numeric_equation_motif_override_traces_syn_ne_normal_ba_dc_xmy_len12_1244_txt,synthetic,false,train_only
syn_ne_normal_ba_dc_xmy_len12_1245,sft_train,numeric_equation,docs_numeric_equation_motif_override_traces_syn_ne_normal_ba_dc_xmy_len12_1245_txt,synthetic,false,train_only
syn_ne_normal_ba_dc_xmy_len12_1246,sft_train,numeric_equation,docs_numeric_equation_motif_override_traces_syn_ne_normal_ba_dc_xmy_len12_1246_txt,synthetic,false,train_only
syn_ne_normal_ba_dc_xmy_len12_1247,sft_train,numeric_equation,docs_numeric_equation_motif_override_traces_syn_ne_normal_ba_dc_xmy_len12_1247_txt,synthetic,false,train_only
syn_ne_normal_ba_dc_xmy_len12_1248,sft_train,numeric_equation,docs_numeric_equation_motif_override_traces_syn_ne_normal_ba_dc_xmy_len12_1248_txt,synthetic,false,train_only
syn_ne_normal_ba_dc_xmy_len12_1249,sft_train,numeric_equation,docs_numeric_equation_motif_override_traces_syn_ne_normal_ba_dc_xmy_len12_1249_txt,synthetic,false,train_only
syn_ne_normal_ba_dc_xmy_len12_1250,sft_train,numeric_equation,docs_numeric_equation_motif_override_traces_syn_ne_normal_ba_dc_xmy_len12_1250_txt,synthetic,false,train_only
syn_ne_normal_ba_dc_xmy_len12_1251,sft_train,numeric_equation,docs_numeric_equation_motif_override_traces_syn_ne_normal_ba_dc_xmy_len12_1251_txt,synthetic,false,train_only
syn_ne_normal_ba_dc_xmy_len12_1252,sft_train,numeric_equation,docs_numeric_equation_motif_override_traces_syn_ne_normal_ba_dc_xmy_len12_1252_txt,synthetic,false,train_only
syn_ne_normal_ba_dc_xmy_len12_1253,sft_train,numeric_equation,docs_numeric_equation_motif_override_traces_syn_ne_normal_ba_dc_xmy_len12_1253_txt,synthetic,false,train_only
syn_ne_normal_ba_dc_xmy_len12_1254,sft_train,numeric_equation,docs_numeric_equation_motif_override_traces_syn_ne_normal_ba_dc_xmy_len12_1254_txt,synthetic,false,train_only
syn_ne_normal_ba_dc_xmy_len12_1255,sft_train,numeric_equation,docs_numeric_equation_motif_override_traces_syn_ne_normal_ba_dc_xmy_len12_1255_txt,synthetic,false,train_only
syn_ne_normal_ba_dc_xmy_len12_1256,sft_train,numeric_equation,docs_numeric_equation_motif_override_traces_syn_ne_normal_ba_dc_xmy_len12_1256_txt,synthetic,false,train_only
syn_ne_normal_ba_dc_xmy_len12_1257,sft_train,numeric_equation,docs_numeric_equation_motif_override_traces_syn_ne_normal_ba_dc_xmy_len12_1257_txt,synthetic,false,train_only
syn_ne_normal_ba_dc_xmy_len12_1258,sft_train,numeric_equation,docs_numeric_equation_motif_override_traces_syn_ne_normal_ba_dc_xmy_len12_1258_txt,synthetic,false,train_only
syn_ne_normal_ba_dc_xmy_len12_1259,sft_train,numeric_equation,docs_numeric_equation_motif_override_traces_syn_ne_normal_ba_dc_xmy_len12_1259_txt,synthetic,false,train_only
syn_ne_normal_ba_dc_xmy_len12_1260,sft_train,numeric_equation,docs_numeric_equation_motif_override_traces_syn_ne_normal_ba_dc_xmy_len12_1260_txt,synthetic,false,train_only
syn_ne_normal_ba_dc_xmy_len12_1261,sft_train,numeric_equation,docs_numeric_equation_motif_override_traces_syn_ne_normal_ba_dc_xmy_len12_1261_txt,synthetic,false,train_only
syn_ne_normal_ba_dc_xmy_len12_1262,sft_train,numeric_equation,docs_numeric_equation_motif_override_traces_syn_ne_normal_ba_dc_xmy_len12_1262_txt,synthetic,false,train_only
syn_ne_normal_ba_dc_xmy_len12_1263,sft_train,numeric_equation,docs_numeric_equation_motif_override_traces_syn_ne_normal_ba_dc_xmy_len12_1263_txt,synthetic,false,train_only
syn_ne_normal_ba_dc_xmy_len12_1264,sft_train,numeric_equation,docs_numeric_equation_motif_override_traces_syn_ne_normal_ba_dc_xmy_len12_1264_txt,synthetic,false,train_only
syn_ne_normal_ba_dc_xmy_len12_1265,sft_train,numeric_equation,docs_numeric_equation_motif_override_traces_syn_ne_normal_ba_dc_xmy_len12_1265_txt,synthetic,false,train_only
syn_ne_normal_ba_dc_xmy_len12_1266,sft_train,numeric_equation,docs_numeric_equation_motif_override_traces_syn_ne_normal_ba_dc_xmy_len12_1266_txt,synthetic,false,train_only
syn_ne_normal_ba_dc_xmy_len12_1267,sft_train,numeric_equation,docs_numeric_equation_motif_override_traces_syn_ne_normal_ba_dc_xmy_len12_1267_txt,synthetic,false,train_only
syn_ne_normal_ba_dc_xmy_len12_1268,sft_train,numeric_equation,docs_numeric_equation_motif_override_traces_syn_ne_normal_ba_dc_xmy_len12_1268_txt,synthetic,false,train_only
syn_ne_normal_ba_dc_xmy_len12_1269,sft_train,numeric_equation,docs_numeric_equation_motif_override_traces_syn_ne_normal_ba_dc_xmy_len12_1269_txt,synthetic,false,train_only
syn_ne_normal_ba_dc_xmy_len12_1270,sft_train,numeric_equation,docs_numeric_equation_motif_override_traces_syn_ne_normal_ba_dc_xmy_len12_1270_txt,synthetic,false,train_only
syn_ne_normal_ba_dc_xmy_len12_1271,sft_train,numeric_equation,docs_numeric_equation_motif_override_traces_syn_ne_normal_ba_dc_xmy_len12_1271_txt,synthetic,false,train_only
syn_ne_normal_ba_dc_xmy_len12_1272,sft_train,numeric_equation,docs_numeric_equation_motif_override_traces_syn_ne_normal_ba_dc_xmy_len12_1272_txt,synthetic,false,train_only
syn_ne_normal_ba_dc_xmy_len12_1273,sft_train,numeric_equation,docs_numeric_equation_motif_override_traces_syn_ne_normal_ba_dc_xmy_len12_1273_txt,synthetic,false,train_only
syn_ne_normal_ba_dc_xmy_len12_1274,sft_train,numeric_equation,docs_numeric_equation_motif_override_traces_syn_ne_normal_ba_dc_xmy_len12_1274_txt,synthetic,false,train_only
syn_ne_normal_ba_dc_xmy_len12_1275,sft_train,numeric_equation,docs_numeric_equation_motif_override_traces_syn_ne_normal_ba_dc_xmy_len12_1275_txt,synthetic,false,train_only
syn_ne_normal_ba_dc_xmy_len12_1276,sft_train,numeric_equation,docs_numeric_equation_motif_override_traces_syn_ne_normal_ba_dc_xmy_len12_1276_txt,synthetic,false,train_only
syn_ne_normal_ba_dc_xmy_len12_1277,sft_train,numeric_equation,docs_numeric_equation_motif_override_traces_syn_ne_normal_ba_dc_xmy_len12_1277_txt,synthetic,false,train_only
syn_ne_normal_ba_dc_xmy_len12_1278,sft_train,numeric_equation,docs_numeric_equation_motif_override_traces_syn_ne_normal_ba_dc_xmy_len12_1278_txt,synthetic,false,train_only
syn_ne_normal_ba_dc_xmy_len12_1279,sft_train,numeric_equation,docs_numeric_equation_motif_override_traces_syn_ne_normal_ba_dc_xmy_len12_1279_txt,synthetic,false,train_only
syn_ne_normal_ba_dc_xmy_len12_1280,sft_train,numeric_equation,docs_numeric_equation_motif_override_traces_syn_ne_normal_ba_dc_xmy_len12_1280_txt,synthetic,false,train_only
syn_ne_normal_ba_dc_xmy_len12_1281,sft_train,numeric_equation,docs_numeric_equation_motif_override_traces_syn_ne_normal_ba_dc_xmy_len12_1281_txt,synthetic,false,train_only
syn_ne_normal_ba_dc_xmy_len12_1282,sft_train,numeric_equation,docs_numeric_equation_motif_override_traces_syn_ne_normal_ba_dc_xmy_len12_1282_txt,synthetic,false,train_only
syn_ne_normal_ba_dc_xmy_len12_1283,sft_train,numeric_equation,docs_numeric_equation_motif_override_traces_syn_ne_normal_ba_dc_xmy_len12_1283_txt,synthetic,false,train_only
syn_ne_normal_ba_dc_xmy_len12_1284,sft_train,numeric_equation,docs_numeric_equation_motif_override_traces_syn_ne_normal_ba_dc_xmy_len12_1284_txt,synthetic,false,train_only
syn_ne_normal_ba_dc_xmy_len12_1285,sft_train,numeric_equation,docs_numeric_equation_motif_override_traces_syn_ne_normal_ba_dc_xmy_len12_1285_txt,synthetic,false,train_only
syn_ne_normal_ba_dc_xmy_len12_1286,sft_train,numeric_equation,docs_numeric_equation_motif_override_traces_syn_ne_normal_ba_dc_xmy_len12_1286_txt,synthetic,false,train_only
syn_ne_normal_ba_dc_xmy_len12_1287,sft_train,numeric_equation,docs_numeric_equation_motif_override_traces_syn_ne_normal_ba_dc_xmy_len12_1287_txt,synthetic,false,train_only
syn_ne_normal_ba_dc_xmy_len12_1288,sft_train,numeric_equation,docs_numeric_equation_motif_override_traces_syn_ne_normal_ba_dc_xmy_len12_1288_txt,synthetic,false,train_only
syn_ne_normal_ba_dc_xmy_len12_1289,sft_train,numeric_equation,docs_numeric_equation_motif_override_traces_syn_ne_normal_ba_dc_xmy_len12_1289_txt,synthetic,false,train_only
syn_ne_normal_ba_dc_xmy_len12_1290,sft_train,numeric_equation,docs_numeric_equation_motif_override_traces_syn_ne_normal_ba_dc_xmy_len12_1290_txt,synthetic,false,train_only
syn_ne_normal_ba_dc_xmy_len12_1291,sft_train,numeric_equation,docs_numeric_equation_motif_override_traces_syn_ne_normal_ba_dc_xmy_len12_1291_txt,synthetic,false,train_only
syn_ne_normal_ba_dc_xmy_len12_1292,sft_train,numeric_equation,docs_numeric_equation_motif_override_traces_syn_ne_normal_ba_dc_xmy_len12_1292_txt,synthetic,false,train_only
syn_ne_normal_ba_dc_xmy_len12_1293,sft_train,numeric_equation,docs_numeric_equation_motif_override_traces_syn_ne_normal_ba_dc_xmy_len12_1293_txt,synthetic,false,train_only
syn_ne_normal_ba_dc_xmy_len12_1294,sft_train,numeric_equation,docs_numeric_equation_motif_override_traces_syn_ne_normal_ba_dc_xmy_len12_1294_txt,synthetic,false,train_only
syn_ne_normal_ba_dc_xmy_len12_1295,sft_train,numeric_equation,docs_numeric_equation_motif_override_traces_syn_ne_normal_ba_dc_xmy_len12_1295_txt,synthetic,false,train_only
syn_ne_normal_ba_dc_xmy_len1_1213,sft_train,numeric_equation,docs_numeric_equation_motif_override_traces_syn_ne_normal_ba_dc_xmy_len1_1213_txt,synthetic,false,train_only
syn_ne_normal_ba_dc_xmy_len1_1214,sft_train,numeric_equation,docs_numeric_equation_motif_override_traces_syn_ne_normal_ba_dc_xmy_len1_1214_txt,synthetic,false,train_only
syn_ne_normal_ba_dc_xmy_len1_1215,sft_train,numeric_equation,docs_numeric_equation_motif_override_traces_syn_ne_normal_ba_dc_xmy_len1_1215_txt,synthetic,false,train_only
syn_ne_normal_ba_dc_xmy_len1_1216,sft_train,numeric_equation,docs_numeric_equation_motif_override_traces_syn_ne_normal_ba_dc_xmy_len1_1216_txt,synthetic,false,train_only
syn_ne_normal_ba_dc_xmy_len1_1217,sft_train,numeric_equation,docs_numeric_equation_motif_override_traces_syn_ne_normal_ba_dc_xmy_len1_1217_txt,synthetic,false,train_only
syn_ne_normal_ba_dc_xmy_len1_1218,sft_train,numeric_equation,docs_numeric_equation_motif_override_traces_syn_ne_normal_ba_dc_xmy_len1_1218_txt,synthetic,false,train_only
syn_ne_normal_ba_dc_xmy_len1_1219,sft_train,numeric_equation,docs_numeric_equation_motif_override_traces_syn_ne_normal_ba_dc_xmy_len1_1219_txt,synthetic,false,train_only
syn_ne_normal_ba_dc_xmy_len1_1220,sft_train,numeric_equation,docs_numeric_equation_motif_override_traces_syn_ne_normal_ba_dc_xmy_len1_1220_txt,synthetic,false,train_only
syn_ne_normal_ba_dc_xmy_len1_1221,sft_train,numeric_equation,docs_numeric_equation_motif_override_traces_syn_ne_normal_ba_dc_xmy_len1_1221_txt,synthetic,false,train_only
syn_ne_normal_ba_dc_xmy_len1_1222,sft_train,numeric_equation,docs_numeric_equation_motif_override_traces_syn_ne_normal_ba_dc_xmy_len1_1222_txt,synthetic,false,train_only
syn_ne_normal_ba_dc_xmy_len1_1223,sft_train,numeric_equation,docs_numeric_equation_motif_override_traces_syn_ne_normal_ba_dc_xmy_len1_1223_txt,synthetic,false,train_only
syn_ne_normal_ba_dc_xmy_len1_1224,sft_train,numeric_equation,docs_numeric_equation_motif_override_traces_syn_ne_normal_ba_dc_xmy_len1_1224_txt,synthetic,false,train_only
syn_ne_normal_ba_dc_xmy_len1_1225,sft_train,numeric_equation,docs_numeric_equation_motif_override_traces_syn_ne_normal_ba_dc_xmy_len1_1225_txt,synthetic,false,train_only
syn_ne_normal_ba_dc_xmy_len1_1226,sft_train,numeric_equation,docs_numeric_equation_motif_override_traces_syn_ne_normal_ba_dc_xmy_len1_1226_txt,synthetic,false,train_only
syn_ne_normal_ba_dc_xmy_len1_1227,sft_train,numeric_equation,docs_numeric_equation_motif_override_traces_syn_ne_normal_ba_dc_xmy_len1_1227_txt,synthetic,false,train_only
syn_ne_normal_ba_dc_xmy_len1_1228,sft_train,numeric_equation,docs_numeric_equation_motif_override_traces_syn_ne_normal_ba_dc_xmy_len1_1228_txt,synthetic,false,train_only
syn_ne_normal_ba_dc_xmy_len1_1229,sft_train,numeric_equation,docs_numeric_equation_motif_override_traces_syn_ne_normal_ba_dc_xmy_len1_1229_txt,synthetic,false,train_only
syn_ne_normal_ba_dc_xmy_len1_1230,sft_train,numeric_equation,docs_numeric_equation_motif_override_traces_syn_ne_normal_ba_dc_xmy_len1_1230_txt,synthetic,false,train_only
syn_ne_normal_ba_dc_xmy_len1_1231,sft_train,numeric_equation,docs_numeric_equation_motif_override_traces_syn_ne_normal_ba_dc_xmy_len1_1231_txt,synthetic,false,train_only
syn_ne_normal_ba_dc_xmy_len1_1232,sft_train,numeric_equation,docs_numeric_equation_motif_override_traces_syn_ne_normal_ba_dc_xmy_len1_1232_txt,synthetic,false,train_only
syn_ne_normal_ba_dc_xmy_len1_1233,sft_train,numeric_equation,docs_numeric_equation_motif_override_traces_syn_ne_normal_ba_dc_xmy_len1_1233_txt,synthetic,false,train_only
syn_ne_normal_ba_dc_xmy_len1_1234,sft_train,numeric_equation,docs_numeric_equation_motif_override_traces_syn_ne_normal_ba_dc_xmy_len1_1234_txt,synthetic,false,train_only
syn_ne_normal_ba_dc_xmy_len1_1235,sft_train,numeric_equation,docs_numeric_equation_motif_override_traces_syn_ne_normal_ba_dc_xmy_len1_1235_txt,synthetic,false,train_only
syn_ne_normal_ba_dc_xmy_len2_1296,sft_train,numeric_equation,docs_numeric_equation_motif_override_traces_syn_ne_normal_ba_dc_xmy_len2_1296_txt,synthetic,false,train_only
syn_ne_normal_ba_dc_xmy_len2_1297,sft_train,numeric_equation,docs_numeric_equation_motif_override_traces_syn_ne_normal_ba_dc_xmy_len2_1297_txt,synthetic,false,train_only
syn_ne_normal_ba_dc_xmy_len2_1298,sft_train,numeric_equation,docs_numeric_equation_motif_override_traces_syn_ne_normal_ba_dc_xmy_len2_1298_txt,synthetic,false,train_only
syn_ne_normal_ba_dc_xmy_len2_1299,sft_train,numeric_equation,docs_numeric_equation_motif_override_traces_syn_ne_normal_ba_dc_xmy_len2_1299_txt,synthetic,false,train_only
syn_ne_normal_ba_dc_xmy_len2_1300,sft_train,numeric_equation,docs_numeric_equation_motif_override_traces_syn_ne_normal_ba_dc_xmy_len2_1300_txt,synthetic,false,train_only
syn_ne_normal_ba_dc_xmy_len2_1301,sft_train,numeric_equation,docs_numeric_equation_motif_override_traces_syn_ne_normal_ba_dc_xmy_len2_1301_txt,synthetic,false,train_only
syn_ne_normal_ba_dc_xmy_len2_1302,sft_train,numeric_equation,docs_numeric_equation_motif_override_traces_syn_ne_normal_ba_dc_xmy_len2_1302_txt,synthetic,false,train_only
syn_ne_normal_ba_dc_xmy_len2_1303,sft_train,numeric_equation,docs_numeric_equation_motif_override_traces_syn_ne_normal_ba_dc_xmy_len2_1303_txt,synthetic,false,train_only
syn_ne_normal_ba_dc_xmy_len2_1304,sft_train,numeric_equation,docs_numeric_equation_motif_override_traces_syn_ne_normal_ba_dc_xmy_len2_1304_txt,synthetic,false,train_only
syn_ne_normal_ba_dc_xmy_len2_1305,sft_train,numeric_equation,docs_numeric_equation_motif_override_traces_syn_ne_normal_ba_dc_xmy_len2_1305_txt,synthetic,false,train_only
syn_ne_normal_ba_dc_xmy_len2_1306,sft_train,numeric_equation,docs_numeric_equation_motif_override_traces_syn_ne_normal_ba_dc_xmy_len2_1306_txt,synthetic,false,train_only
syn_ne_normal_ba_dc_xmy_len2_1307,sft_train,numeric_equation,docs_numeric_equation_motif_override_traces_syn_ne_normal_ba_dc_xmy_len2_1307_txt,synthetic,false,train_only
syn_ne_normal_ba_dc_xmy_len2_1308,sft_train,numeric_equation,docs_numeric_equation_motif_override_traces_syn_ne_normal_ba_dc_xmy_len2_1308_txt,synthetic,false,train_only
syn_ne_normal_ba_dc_xmy_len2_1309,sft_train,numeric_equation,docs_numeric_equation_motif_override_traces_syn_ne_normal_ba_dc_xmy_len2_1309_txt,synthetic,false,train_only
syn_ne_normal_ba_dc_xmy_len2_1310,sft_train,numeric_equation,docs_numeric_equation_motif_override_traces_syn_ne_normal_ba_dc_xmy_len2_1310_txt,synthetic,false,train_only
syn_ne_normal_ba_dc_xmy_len2_1311,sft_train,numeric_equation,docs_numeric_equation_motif_override_traces_syn_ne_normal_ba_dc_xmy_len2_1311_txt,synthetic,false,train_only
syn_ne_normal_ba_dc_xmy_len2_1312,sft_train,numeric_equation,docs_numeric_equation_motif_override_traces_syn_ne_normal_ba_dc_xmy_len2_1312_txt,synthetic,false,train_only
syn_ne_normal_ba_dc_xmy_len2_1313,sft_train,numeric_equation,docs_numeric_equation_motif_override_traces_syn_ne_normal_ba_dc_xmy_len2_1313_txt,synthetic,false,train_only
syn_ne_normal_ba_dc_xmy_len2_1314,sft_train,numeric_equation,docs_numeric_equation_motif_override_traces_syn_ne_normal_ba_dc_xmy_len2_1314_txt,synthetic,false,train_only
syn_ne_normal_ba_dc_xmy_len2_1315,sft_train,numeric_equation,docs_numeric_equation_motif_override_traces_syn_ne_normal_ba_dc_xmy_len2_1315_txt,synthetic,false,train_only
syn_ne_normal_ba_dc_xmy_len2_1316,sft_train,numeric_equation,docs_numeric_equation_motif_override_traces_syn_ne_normal_ba_dc_xmy_len2_1316_txt,synthetic,false,train_only
syn_ne_normal_ba_dc_xmy_len2_1317,sft_train,numeric_equation,docs_numeric_equation_motif_override_traces_syn_ne_normal_ba_dc_xmy_len2_1317_txt,synthetic,false,train_only
syn_ne_normal_ba_dc_xmy_len2_1318,sft_train,numeric_equation,docs_numeric_equation_motif_override_traces_syn_ne_normal_ba_dc_xmy_len2_1318_txt,synthetic,false,train_only
syn_ne_normal_ba_dc_xmy_len2_1319,sft_train,numeric_equation,docs_numeric_equation_motif_override_traces_syn_ne_normal_ba_dc_xmy_len2_1319_txt,synthetic,false,train_only
syn_ne_normal_ba_dc_xmy_len2_1320,sft_train,numeric_equation,docs_numeric_equation_motif_override_traces_syn_ne_normal_ba_dc_xmy_len2_1320_txt,synthetic,false,train_only
syn_ne_normal_ba_dc_xmy_len2_1321,sft_train,numeric_equation,docs_numeric_equation_motif_override_traces_syn_ne_normal_ba_dc_xmy_len2_1321_txt,synthetic,false,train_only
syn_ne_normal_ba_dc_xmy_len2_1322,sft_train,numeric_equation,docs_numeric_equation_motif_override_traces_syn_ne_normal_ba_dc_xmy_len2_1322_txt,synthetic,false,train_only
syn_ne_normal_ba_dc_xmy_len2_1323,sft_train,numeric_equation,docs_numeric_equation_motif_override_traces_syn_ne_normal_ba_dc_xmy_len2_1323_txt,synthetic,false,train_only
syn_ne_normal_ba_dc_xmy_len2_1324,sft_train,numeric_equation,docs_numeric_equation_motif_override_traces_syn_ne_normal_ba_dc_xmy_len2_1324_txt,synthetic,false,train_only
syn_ne_normal_ba_dc_xmy_len2_1325,sft_train,numeric_equation,docs_numeric_equation_motif_override_traces_syn_ne_normal_ba_dc_xmy_len2_1325_txt,synthetic,false,train_only
syn_ne_normal_ba_dc_xmy_len2_1326,sft_train,numeric_equation,docs_numeric_equation_motif_override_traces_syn_ne_normal_ba_dc_xmy_len2_1326_txt,synthetic,false,train_only
syn_ne_normal_ba_dc_xmy_len2_1327,sft_train,numeric_equation,docs_numeric_equation_motif_override_traces_syn_ne_normal_ba_dc_xmy_len2_1327_txt,synthetic,false,train_only
syn_ne_normal_ba_dc_xmy_len2_1328,sft_train,numeric_equation,docs_numeric_equation_motif_override_traces_syn_ne_normal_ba_dc_xmy_len2_1328_txt,synthetic,false,train_only
syn_ne_normal_ba_dc_xmy_len2_1329,sft_train,numeric_equation,docs_numeric_equation_motif_override_traces_syn_ne_normal_ba_dc_xmy_len2_1329_txt,synthetic,false,train_only
syn_ne_normal_ba_dc_xmy_len2_1330,sft_train,numeric_equation,docs_numeric_equation_motif_override_traces_syn_ne_normal_ba_dc_xmy_len2_1330_txt,synthetic,false,train_only
syn_ne_normal_ba_dc_xmy_len2_1331,sft_train,numeric_equation,docs_numeric_equation_motif_override_traces_syn_ne_normal_ba_dc_xmy_len2_1331_txt,synthetic,false,train_only
syn_ne_normal_ba_dc_xmy_len2_1332,sft_train,numeric_equation,docs_numeric_equation_motif_override_traces_syn_ne_normal_ba_dc_xmy_len2_1332_txt,synthetic,false,train_only
syn_ne_normal_ba_dc_xmy_len2_1333,sft_train,numeric_equation,docs_numeric_equation_motif_override_traces_syn_ne_normal_ba_dc_xmy_len2_1333_txt,synthetic,false,train_only
syn_ne_normal_ba_dc_xmy_len2_1334,sft_train,numeric_equation,docs_numeric_equation_motif_override_traces_syn_ne_normal_ba_dc_xmy_len2_1334_txt,synthetic,false,train_only
syn_ne_normal_ba_dc_xmy_len2_1335,sft_train,numeric_equation,docs_numeric_equation_motif_override_traces_syn_ne_normal_ba_dc_xmy_len2_1335_txt,synthetic,false,train_only
syn_ne_normal_ba_dc_xmy_len2_1336,sft_train,numeric_equation,docs_numeric_equation_motif_override_traces_syn_ne_normal_ba_dc_xmy_len2_1336_txt,synthetic,false,train_only
syn_ne_normal_ba_dc_xmy_len2_1337,sft_train,numeric_equation,docs_numeric_equation_motif_override_traces_syn_ne_normal_ba_dc_xmy_len2_1337_txt,synthetic,false,train_only
syn_ne_normal_ba_dc_xmy_len2_1338,sft_train,numeric_equation,docs_numeric_equation_motif_override_traces_syn_ne_normal_ba_dc_xmy_len2_1338_txt,synthetic,false,train_only
syn_ne_normal_ba_dc_xmy_len2_1339,sft_train,numeric_equation,docs_numeric_equation_motif_override_traces_syn_ne_normal_ba_dc_xmy_len2_1339_txt,synthetic,false,train_only
syn_ne_normal_ba_dc_xmy_len2_1340,sft_train,numeric_equation,docs_numeric_equation_motif_override_traces_syn_ne_normal_ba_dc_xmy_len2_1340_txt,synthetic,false,train_only
syn_ne_normal_ba_dc_xmy_len2_1341,sft_train,numeric_equation,docs_numeric_equation_motif_override_traces_syn_ne_normal_ba_dc_xmy_len2_1341_txt,synthetic,false,train_only
syn_ne_normal_ba_dc_xmy_len2_1342,sft_train,numeric_equation,docs_numeric_equation_motif_override_traces_syn_ne_normal_ba_dc_xmy_len2_1342_txt,synthetic,false,train_only
syn_ne_normal_ba_dc_xmy_len2_1343,sft_train,numeric_equation,docs_numeric_equation_motif_override_traces_syn_ne_normal_ba_dc_xmy_len2_1343_txt,synthetic,false,train_only
syn_ne_normal_ba_dc_xmy_len2_1344,sft_train,numeric_equation,docs_numeric_equation_motif_override_traces_syn_ne_normal_ba_dc_xmy_len2_1344_txt,synthetic,false,train_only
syn_ne_normal_ba_dc_xmy_len2_1345,sft_train,numeric_equation,docs_numeric_equation_motif_override_traces_syn_ne_normal_ba_dc_xmy_len2_1345_txt,synthetic,false,train_only
syn_ne_normal_ba_dc_xmy_len2_1346,sft_train,numeric_equation,docs_numeric_equation_motif_override_traces_syn_ne_normal_ba_dc_xmy_len2_1346_txt,synthetic,false,train_only
syn_ne_normal_ba_dc_xmy_len2_1347,sft_train,numeric_equation,docs_numeric_equation_motif_override_traces_syn_ne_normal_ba_dc_xmy_len2_1347_txt,synthetic,false,train_only
syn_ne_normal_ba_dc_xmy_len2_1348,sft_train,numeric_equation,docs_numeric_equation_motif_override_traces_syn_ne_normal_ba_dc_xmy_len2_1348_txt,synthetic,false,train_only
syn_ne_normal_ba_dc_xmy_len2_1349,sft_train,numeric_equation,docs_numeric_equation_motif_override_traces_syn_ne_normal_ba_dc_xmy_len2_1349_txt,synthetic,false,train_only
syn_ne_normal_ba_dc_xmy_len2_1350,sft_train,numeric_equation,docs_numeric_equation_motif_override_traces_syn_ne_normal_ba_dc_xmy_len2_1350_txt,synthetic,false,train_only
syn_ne_normal_ba_dc_xmy_len2_1351,sft_train,numeric_equation,docs_numeric_equation_motif_override_traces_syn_ne_normal_ba_dc_xmy_len2_1351_txt,synthetic,false,train_only
syn_ne_normal_ba_dc_xmy_len2_1352,sft_train,numeric_equation,docs_numeric_equation_motif_override_traces_syn_ne_normal_ba_dc_xmy_len2_1352_txt,synthetic,false,train_only
syn_ne_normal_ba_dc_xmy_len2_1353,sft_train,numeric_equation,docs_numeric_equation_motif_override_traces_syn_ne_normal_ba_dc_xmy_len2_1353_txt,synthetic,false,train_only
syn_ne_normal_ba_dc_xmy_len2_1354,sft_train,numeric_equation,docs_numeric_equation_motif_override_traces_syn_ne_normal_ba_dc_xmy_len2_1354_txt,synthetic,false,train_only
syn_ne_normal_ba_dc_xmy_len2_1355,sft_train,numeric_equation,docs_numeric_equation_motif_override_traces_syn_ne_normal_ba_dc_xmy_len2_1355_txt,synthetic,false,train_only
syn_ne_normal_ba_dc_xmy_len2_1356,sft_train,numeric_equation,docs_numeric_equation_motif_override_traces_syn_ne_normal_ba_dc_xmy_len2_1356_txt,synthetic,false,train_only
syn_ne_normal_ba_dc_xmy_len2_1357,sft_train,numeric_equation,docs_numeric_equation_motif_override_traces_syn_ne_normal_ba_dc_xmy_len2_1357_txt,synthetic,false,train_only
syn_ne_normal_ba_dc_xmy_len2_1358,sft_train,numeric_equation,docs_numeric_equation_motif_override_traces_syn_ne_normal_ba_dc_xmy_len2_1358_txt,synthetic,false,train_only
syn_ne_normal_ba_dc_xmy_len2_1359,sft_train,numeric_equation,docs_numeric_equation_motif_override_traces_syn_ne_normal_ba_dc_xmy_len2_1359_txt,synthetic,false,train_only
syn_ne_normal_ba_dc_xmy_len2_1360,sft_train,numeric_equation,docs_numeric_equation_motif_override_traces_syn_ne_normal_ba_dc_xmy_len2_1360_txt,synthetic,false,train_only
syn_ne_normal_ba_dc_xmy_len2_1361,sft_train,numeric_equation,docs_numeric_equation_motif_override_traces_syn_ne_normal_ba_dc_xmy_len2_1361_txt,synthetic,false,train_only
syn_ne_normal_ba_dc_xmy_len2_1362,sft_train,numeric_equation,docs_numeric_equation_motif_override_traces_syn_ne_normal_ba_dc_xmy_len2_1362_txt,synthetic,false,train_only
syn_ne_normal_ba_dc_xmy_len2_1363,sft_train,numeric_equation,docs_numeric_equation_motif_override_traces_syn_ne_normal_ba_dc_xmy_len2_1363_txt,synthetic,false,train_only
syn_ne_normal_ba_dc_xmy_len2_1364,sft_train,numeric_equation,docs_numeric_equation_motif_override_traces_syn_ne_normal_ba_dc_xmy_len2_1364_txt,synthetic,false,train_only
syn_ne_normal_ba_dc_xpy_len23_0932,sft_train,numeric_equation,docs_numeric_equation_motif_override_traces_syn_ne_normal_ba_dc_xpy_len23_0932_txt,synthetic,false,train_only
syn_ne_normal_ba_dc_xpy_len23_0933,sft_train,numeric_equation,docs_numeric_equation_motif_override_traces_syn_ne_normal_ba_dc_xpy_len23_0933_txt,synthetic,false,train_only
syn_ne_normal_ba_dc_xpy_len23_0934,sft_train,numeric_equation,docs_numeric_equation_motif_override_traces_syn_ne_normal_ba_dc_xpy_len23_0934_txt,synthetic,false,train_only
syn_ne_normal_ba_dc_xpy_len23_0935,sft_train,numeric_equation,docs_numeric_equation_motif_override_traces_syn_ne_normal_ba_dc_xpy_len23_0935_txt,synthetic,false,train_only
syn_ne_normal_ba_dc_xpy_len23_0936,sft_train,numeric_equation,docs_numeric_equation_motif_override_traces_syn_ne_normal_ba_dc_xpy_len23_0936_txt,synthetic,false,train_only
syn_ne_normal_ba_dc_xpy_len23_0937,sft_train,numeric_equation,docs_numeric_equation_motif_override_traces_syn_ne_normal_ba_dc_xpy_len23_0937_txt,synthetic,false,train_only
syn_ne_normal_ba_dc_xpy_len23_0938,sft_train,numeric_equation,docs_numeric_equation_motif_override_traces_syn_ne_normal_ba_dc_xpy_len23_0938_txt,synthetic,false,train_only
syn_ne_normal_ba_dc_xpy_len23_0939,sft_train,numeric_equation,docs_numeric_equation_motif_override_traces_syn_ne_normal_ba_dc_xpy_len23_0939_txt,synthetic,false,train_only
syn_ne_normal_ba_dc_xpy_len23_0940,sft_train,numeric_equation,docs_numeric_equation_motif_override_traces_syn_ne_normal_ba_dc_xpy_len23_0940_txt,synthetic,false,train_only
syn_ne_normal_ba_dc_xpy_len23_0941,sft_train,numeric_equation,docs_numeric_equation_motif_override_traces_syn_ne_normal_ba_dc_xpy_len23_0941_txt,synthetic,false,train_only
syn_ne_normal_ba_dc_xpy_len23_0942,sft_train,numeric_equation,docs_numeric_equation_motif_override_traces_syn_ne_normal_ba_dc_xpy_len23_0942_txt,synthetic,false,train_only
syn_ne_normal_ba_dc_xpy_len23_0943,sft_train,numeric_equation,docs_numeric_equation_motif_override_traces_syn_ne_normal_ba_dc_xpy_len23_0943_txt,synthetic,false,train_only
syn_ne_normal_ba_dc_xpy_len23_0944,sft_train,numeric_equation,docs_numeric_equation_motif_override_traces_syn_ne_normal_ba_dc_xpy_len23_0944_txt,synthetic,false,train_only
syn_ne_normal_ba_dc_xpy_len23_0945,sft_train,numeric_equation,docs_numeric_equation_motif_override_traces_syn_ne_normal_ba_dc_xpy_len23_0945_txt,synthetic,false,train_only
syn_ne_normal_ba_dc_xpy_len23_0946,sft_train,numeric_equation,docs_numeric_equation_motif_override_traces_syn_ne_normal_ba_dc_xpy_len23_0946_txt,synthetic,false,train_only
syn_ne_normal_ba_dc_xpy_len23_0947,sft_train,numeric_equation,docs_numeric_equation_motif_override_traces_syn_ne_normal_ba_dc_xpy_len23_0947_txt,synthetic,false,train_only
syn_ne_normal_ba_dc_xpy_len23_0948,sft_train,numeric_equation,docs_numeric_equation_motif_override_traces_syn_ne_normal_ba_dc_xpy_len23_0948_txt,synthetic,false,train_only
syn_ne_normal_ba_dc_xpy_len23_0949,sft_train,numeric_equation,docs_numeric_equation_motif_override_traces_syn_ne_normal_ba_dc_xpy_len23_0949_txt,synthetic,false,train_only
syn_ne_normal_ba_dc_xpy_len23_0950,sft_train,numeric_equation,docs_numeric_equation_motif_override_traces_syn_ne_normal_ba_dc_xpy_len23_0950_txt,synthetic,false,train_only
syn_ne_normal_ba_dc_xpy_len23_0951,sft_train,numeric_equation,docs_numeric_equation_motif_override_traces_syn_ne_normal_ba_dc_xpy_len23_0951_txt,synthetic,false,train_only
syn_ne_normal_ba_dc_xpy_len23_0952,sft_train,numeric_equation,docs_numeric_equation_motif_override_traces_syn_ne_normal_ba_dc_xpy_len23_0952_txt,synthetic,false,train_only
syn_ne_normal_ba_dc_xpy_len23_0953,sft_train,numeric_equation,docs_numeric_equation_motif_override_traces_syn_ne_normal_ba_dc_xpy_len23_0953_txt,synthetic,false,train_only
syn_ne_normal_ba_dc_xpy_len23_0954,sft_train,numeric_equation,docs_numeric_equation_motif_override_traces_syn_ne_normal_ba_dc_xpy_len23_0954_txt,synthetic,false,train_only
syn_ne_normal_ba_dc_xpy_len23_0955,sft_train,numeric_equation,docs_numeric_equation_motif_override_traces_syn_ne_normal_ba_dc_xpy_len23_0955_txt,synthetic,false,train_only
syn_ne_normal_ba_dc_xpy_len23_0956,sft_train,numeric_equation,docs_numeric_equation_motif_override_traces_syn_ne_normal_ba_dc_xpy_len23_0956_txt,synthetic,false,train_only
syn_ne_normal_ba_dc_xpy_len23_0957,sft_train,numeric_equation,docs_numeric_equation_motif_override_traces_syn_ne_normal_ba_dc_xpy_len23_0957_txt,synthetic,false,train_only
syn_ne_normal_ba_dc_xpy_len23_0958,sft_train,numeric_equation,docs_numeric_equation_motif_override_traces_syn_ne_normal_ba_dc_xpy_len23_0958_txt,synthetic,false,train_only
syn_ne_normal_ba_dc_xpy_len23_0959,sft_train,numeric_equation,docs_numeric_equation_motif_override_traces_syn_ne_normal_ba_dc_xpy_len23_0959_txt,synthetic,false,train_only
syn_ne_normal_ba_dc_xpy_len23_0960,sft_train,numeric_equation,docs_numeric_equation_motif_override_traces_syn_ne_normal_ba_dc_xpy_len23_0960_txt,synthetic,false,train_only
syn_ne_normal_ba_dc_xpy_len23_0961,sft_train,numeric_equation,docs_numeric_equation_motif_override_traces_syn_ne_normal_ba_dc_xpy_len23_0961_txt,synthetic,false,train_only
syn_ne_normal_ba_dc_xpy_len23_0962,sft_train,numeric_equation,docs_numeric_equation_motif_override_traces_syn_ne_normal_ba_dc_xpy_len23_0962_txt,synthetic,false,train_only
syn_ne_normal_ba_dc_xpy_len23_0963,sft_train,numeric_equation,docs_numeric_equation_motif_override_traces_syn_ne_normal_ba_dc_xpy_len23_0963_txt,synthetic,false,train_only
syn_ne_normal_ba_dc_xpy_len23_0964,sft_train,numeric_equation,docs_numeric_equation_motif_override_traces_syn_ne_normal_ba_dc_xpy_len23_0964_txt,synthetic,false,train_only
syn_ne_normal_ba_dc_xpy_len23_0965,sft_train,numeric_equation,docs_numeric_equation_motif_override_traces_syn_ne_normal_ba_dc_xpy_len23_0965_txt,synthetic,false,train_only
syn_ne_normal_ba_dc_xpy_len23_0966,sft_train,numeric_equation,docs_numeric_equation_motif_override_traces_syn_ne_normal_ba_dc_xpy_len23_0966_txt,synthetic,false,train_only
syn_ne_normal_ba_dc_xpy_len23_0967,sft_train,numeric_equation,docs_numeric_equation_motif_override_traces_syn_ne_normal_ba_dc_xpy_len23_0967_txt,synthetic,false,train_only
syn_ne_normal_ba_dc_xpy_len23_0968,sft_train,numeric_equation,docs_numeric_equation_motif_override_traces_syn_ne_normal_ba_dc_xpy_len23_0968_txt,synthetic,false,train_only
syn_ne_normal_ba_dc_xpy_len23_0969,sft_train,numeric_equation,docs_numeric_equation_motif_override_traces_syn_ne_normal_ba_dc_xpy_len23_0969_txt,synthetic,false,train_only
syn_ne_normal_ba_dc_xpy_len23_0970,sft_train,numeric_equation,docs_numeric_equation_motif_override_traces_syn_ne_normal_ba_dc_xpy_len23_0970_txt,synthetic,false,train_only
syn_ne_normal_ba_dc_xpy_len23_0971,sft_train,numeric_equation,docs_numeric_equation_motif_override_traces_syn_ne_normal_ba_dc_xpy_len23_0971_txt,synthetic,false,train_only
syn_ne_normal_ba_dc_xpy_len23_0972,sft_train,numeric_equation,docs_numeric_equation_motif_override_traces_syn_ne_normal_ba_dc_xpy_len23_0972_txt,synthetic,false,train_only
syn_ne_normal_ba_dc_xpy_len23_0973,sft_train,numeric_equation,docs_numeric_equation_motif_override_traces_syn_ne_normal_ba_dc_xpy_len23_0973_txt,synthetic,false,train_only
syn_ne_normal_ba_dc_xpy_len23_0974,sft_train,numeric_equation,docs_numeric_equation_motif_override_traces_syn_ne_normal_ba_dc_xpy_len23_0974_txt,synthetic,false,train_only
syn_ne_normal_ba_dc_xpy_len23_0975,sft_train,numeric_equation,docs_numeric_equation_motif_override_traces_syn_ne_normal_ba_dc_xpy_len23_0975_txt,synthetic,false,train_only
syn_ne_normal_ba_dc_xpy_len23_0976,sft_train,numeric_equation,docs_numeric_equation_motif_override_traces_syn_ne_normal_ba_dc_xpy_len23_0976_txt,synthetic,false,train_only
syn_ne_normal_ba_dc_xpy_len23_0977,sft_train,numeric_equation,docs_numeric_equation_motif_override_traces_syn_ne_normal_ba_dc_xpy_len23_0977_txt,synthetic,false,train_only
syn_ne_normal_ba_dc_xpy_len23_0978,sft_train,numeric_equation,docs_numeric_equation_motif_override_traces_syn_ne_normal_ba_dc_xpy_len23_0978_txt,synthetic,false,train_only
syn_ne_normal_ba_dc_xpy_len23_0979,sft_train,numeric_equation,docs_numeric_equation_motif_override_traces_syn_ne_normal_ba_dc_xpy_len23_0979_txt,synthetic,false,train_only
syn_ne_normal_ba_dc_xpy_len23_0980,sft_train,numeric_equation,docs_numeric_equation_motif_override_traces_syn_ne_normal_ba_dc_xpy_len23_0980_txt,synthetic,false,train_only
syn_ne_normal_ba_dc_xpy_len23_0981,sft_train,numeric_equation,docs_numeric_equation_motif_override_traces_syn_ne_normal_ba_dc_xpy_len23_0981_txt,synthetic,false,train_only
syn_ne_normal_ba_dc_xpy_len23_0982,sft_train,numeric_equation,docs_numeric_equation_motif_override_traces_syn_ne_normal_ba_dc_xpy_len23_0982_txt,synthetic,false,train_only
syn_ne_normal_ba_dc_xpy_len23_0983,sft_train,numeric_equation,docs_numeric_equation_motif_override_traces_syn_ne_normal_ba_dc_xpy_len23_0983_txt,synthetic,false,train_only
syn_ne_normal_ba_dc_xpy_len23_0984,sft_train,numeric_equation,docs_numeric_equation_motif_override_traces_syn_ne_normal_ba_dc_xpy_len23_0984_txt,synthetic,false,train_only
syn_ne_normal_ba_dc_xpy_len23_0985,sft_train,numeric_equation,docs_numeric_equation_motif_override_traces_syn_ne_normal_ba_dc_xpy_len23_0985_txt,synthetic,false,train_only
syn_ne_normal_ba_dc_xpy_len23_0986,sft_train,numeric_equation,docs_numeric_equation_motif_override_traces_syn_ne_normal_ba_dc_xpy_len23_0986_txt,synthetic,false,train_only
syn_ne_normal_ba_dc_xpy_len23_0987,sft_train,numeric_equation,docs_numeric_equation_motif_override_traces_syn_ne_normal_ba_dc_xpy_len23_0987_txt,synthetic,false,train_only
syn_ne_normal_ba_dc_xpy_len23_0988,sft_train,numeric_equation,docs_numeric_equation_motif_override_traces_syn_ne_normal_ba_dc_xpy_len23_0988_txt,synthetic,false,train_only
syn_ne_normal_ba_dc_xpy_len23_0989,sft_train,numeric_equation,docs_numeric_equation_motif_override_traces_syn_ne_normal_ba_dc_xpy_len23_0989_txt,synthetic,false,train_only
syn_ne_normal_ba_dc_xpy_len23_0990,sft_train,numeric_equation,docs_numeric_equation_motif_override_traces_syn_ne_normal_ba_dc_xpy_len23_0990_txt,synthetic,false,train_only
syn_ne_normal_ba_dc_xpy_len23_0991,sft_train,numeric_equation,docs_numeric_equation_motif_override_traces_syn_ne_normal_ba_dc_xpy_len23_0991_txt,synthetic,false,train_only
syn_ne_normal_ba_dc_xpy_len23_0992,sft_train,numeric_equation,docs_numeric_equation_motif_override_traces_syn_ne_normal_ba_dc_xpy_len23_0992_txt,synthetic,false,train_only
syn_ne_normal_ba_dc_xpy_len23_0993,sft_train,numeric_equation,docs_numeric_equation_motif_override_traces_syn_ne_normal_ba_dc_xpy_len23_0993_txt,synthetic,false,train_only
syn_ne_normal_ba_dc_xpy_len2_0891,sft_train,numeric_equation,docs_numeric_equation_motif_override_traces_syn_ne_normal_ba_dc_xpy_len2_0891_txt,synthetic,false,train_only
syn_ne_normal_ba_dc_xpy_len2_0892,sft_train,numeric_equation,docs_numeric_equation_motif_override_traces_syn_ne_normal_ba_dc_xpy_len2_0892_txt,synthetic,false,train_only
syn_ne_normal_ba_dc_xpy_len2_0893,sft_train,numeric_equation,docs_numeric_equation_motif_override_traces_syn_ne_normal_ba_dc_xpy_len2_0893_txt,synthetic,false,train_only
syn_ne_normal_ba_dc_xpy_len2_0894,sft_train,numeric_equation,docs_numeric_equation_motif_override_traces_syn_ne_normal_ba_dc_xpy_len2_0894_txt,synthetic,false,train_only
syn_ne_normal_ba_dc_xpy_len2_0895,sft_train,numeric_equation,docs_numeric_equation_motif_override_traces_syn_ne_normal_ba_dc_xpy_len2_0895_txt,synthetic,false,train_only
syn_ne_normal_ba_dc_xpy_len2_0896,sft_train,numeric_equation,docs_numeric_equation_motif_override_traces_syn_ne_normal_ba_dc_xpy_len2_0896_txt,synthetic,false,train_only
syn_ne_normal_ba_dc_xpy_len2_0897,sft_train,numeric_equation,docs_numeric_equation_motif_override_traces_syn_ne_normal_ba_dc_xpy_len2_0897_txt,synthetic,false,train_only
syn_ne_normal_ba_dc_xpy_len2_0898,sft_train,numeric_equation,docs_numeric_equation_motif_override_traces_syn_ne_normal_ba_dc_xpy_len2_0898_txt,synthetic,false,train_only
syn_ne_normal_ba_dc_xpy_len2_0899,sft_train,numeric_equation,docs_numeric_equation_motif_override_traces_syn_ne_normal_ba_dc_xpy_len2_0899_txt,synthetic,false,train_only
syn_ne_normal_ba_dc_xpy_len2_0900,sft_train,numeric_equation,docs_numeric_equation_motif_override_traces_syn_ne_normal_ba_dc_xpy_len2_0900_txt,synthetic,false,train_only
syn_ne_normal_ba_dc_xpy_len2_0901,sft_train,numeric_equation,docs_numeric_equation_motif_override_traces_syn_ne_normal_ba_dc_xpy_len2_0901_txt,synthetic,false,train_only
syn_ne_normal_ba_dc_xpy_len2_0902,sft_train,numeric_equation,docs_numeric_equation_motif_override_traces_syn_ne_normal_ba_dc_xpy_len2_0902_txt,synthetic,false,train_only
syn_ne_normal_ba_dc_xpy_len2_0903,sft_train,numeric_equation,docs_numeric_equation_motif_override_traces_syn_ne_normal_ba_dc_xpy_len2_0903_txt,synthetic,false,train_only
syn_ne_normal_ba_dc_xpy_len2_0904,sft_train,numeric_equation,docs_numeric_equation_motif_override_traces_syn_ne_normal_ba_dc_xpy_len2_0904_txt,synthetic,false,train_only
syn_ne_normal_ba_dc_xpy_len2_0905,sft_train,numeric_equation,docs_numeric_equation_motif_override_traces_syn_ne_normal_ba_dc_xpy_len2_0905_txt,synthetic,false,train_only
syn_ne_normal_ba_dc_xpy_len2_0906,sft_train,numeric_equation,docs_numeric_equation_motif_override_traces_syn_ne_normal_ba_dc_xpy_len2_0906_txt,synthetic,false,train_only
syn_ne_normal_ba_dc_xpy_len2_0907,sft_train,numeric_equation,docs_numeric_equation_motif_override_traces_syn_ne_normal_ba_dc_xpy_len2_0907_txt,synthetic,false,train_only
syn_ne_normal_ba_dc_xpy_len2_0908,sft_train,numeric_equation,docs_numeric_equation_motif_override_traces_syn_ne_normal_ba_dc_xpy_len2_0908_txt,synthetic,false,train_only
syn_ne_normal_ba_dc_xpy_len2_0909,sft_train,numeric_equation,docs_numeric_equation_motif_override_traces_syn_ne_normal_ba_dc_xpy_len2_0909_txt,synthetic,false,train_only
syn_ne_normal_ba_dc_xpy_len2_0910,sft_train,numeric_equation,docs_numeric_equation_motif_override_traces_syn_ne_normal_ba_dc_xpy_len2_0910_txt,synthetic,false,train_only
syn_ne_normal_ba_dc_xpy_len2_0911,sft_train,numeric_equation,docs_numeric_equation_motif_override_traces_syn_ne_normal_ba_dc_xpy_len2_0911_txt,synthetic,false,train_only
syn_ne_normal_ba_dc_xpy_len2_0912,sft_train,numeric_equation,docs_numeric_equation_motif_override_traces_syn_ne_normal_ba_dc_xpy_len2_0912_txt,synthetic,false,train_only
syn_ne_normal_ba_dc_xpy_len2_0913,sft_train,numeric_equation,docs_numeric_equation_motif_override_traces_syn_ne_normal_ba_dc_xpy_len2_0913_txt,synthetic,false,train_only
syn_ne_normal_ba_dc_xpy_len2_0914,sft_train,numeric_equation,docs_numeric_equation_motif_override_traces_syn_ne_normal_ba_dc_xpy_len2_0914_txt,synthetic,false,train_only
syn_ne_normal_ba_dc_xpy_len2_0915,sft_train,numeric_equation,docs_numeric_equation_motif_override_traces_syn_ne_normal_ba_dc_xpy_len2_0915_txt,synthetic,false,train_only
syn_ne_normal_ba_dc_xpy_len2_0916,sft_train,numeric_equation,docs_numeric_equation_motif_override_traces_syn_ne_normal_ba_dc_xpy_len2_0916_txt,synthetic,false,train_only
syn_ne_normal_ba_dc_xpy_len2_0917,sft_train,numeric_equation,docs_numeric_equation_motif_override_traces_syn_ne_normal_ba_dc_xpy_len2_0917_txt,synthetic,false,train_only
syn_ne_normal_ba_dc_xpy_len2_0918,sft_train,numeric_equation,docs_numeric_equation_motif_override_traces_syn_ne_normal_ba_dc_xpy_len2_0918_txt,synthetic,false,train_only
syn_ne_normal_ba_dc_xpy_len2_0919,sft_train,numeric_equation,docs_numeric_equation_motif_override_traces_syn_ne_normal_ba_dc_xpy_len2_0919_txt,synthetic,false,train_only
syn_ne_normal_ba_dc_xpy_len2_0920,sft_train,numeric_equation,docs_numeric_equation_motif_override_traces_syn_ne_normal_ba_dc_xpy_len2_0920_txt,synthetic,false,train_only
syn_ne_normal_ba_dc_xpy_len2_0921,sft_train,numeric_equation,docs_numeric_equation_motif_override_traces_syn_ne_normal_ba_dc_xpy_len2_0921_txt,synthetic,false,train_only
syn_ne_normal_ba_dc_xpy_len2_0922,sft_train,numeric_equation,docs_numeric_equation_motif_override_traces_syn_ne_normal_ba_dc_xpy_len2_0922_txt,synthetic,false,train_only
syn_ne_normal_ba_dc_xpy_len2_0923,sft_train,numeric_equation,docs_numeric_equation_motif_override_traces_syn_ne_normal_ba_dc_xpy_len2_0923_txt,synthetic,false,train_only
syn_ne_normal_ba_dc_xpy_len2_0924,sft_train,numeric_equation,docs_numeric_equation_motif_override_traces_syn_ne_normal_ba_dc_xpy_len2_0924_txt,synthetic,false,train_only
syn_ne_normal_ba_dc_xpy_len2_0925,sft_train,numeric_equation,docs_numeric_equation_motif_override_traces_syn_ne_normal_ba_dc_xpy_len2_0925_txt,synthetic,false,train_only
syn_ne_normal_ba_dc_xpy_len2_0926,sft_train,numeric_equation,docs_numeric_equation_motif_override_traces_syn_ne_normal_ba_dc_xpy_len2_0926_txt,synthetic,false,train_only
syn_ne_normal_ba_dc_xpy_len2_0927,sft_train,numeric_equation,docs_numeric_equation_motif_override_traces_syn_ne_normal_ba_dc_xpy_len2_0927_txt,synthetic,false,train_only
syn_ne_normal_ba_dc_xpy_len2_0928,sft_train,numeric_equation,docs_numeric_equation_motif_override_traces_syn_ne_normal_ba_dc_xpy_len2_0928_txt,synthetic,false,train_only
syn_ne_normal_ba_dc_xpy_len2_0929,sft_train,numeric_equation,docs_numeric_equation_motif_override_traces_syn_ne_normal_ba_dc_xpy_len2_0929_txt,synthetic,false,train_only
syn_ne_normal_ba_dc_xpy_len2_0930,sft_train,numeric_equation,docs_numeric_equation_motif_override_traces_syn_ne_normal_ba_dc_xpy_len2_0930_txt,synthetic,false,train_only
syn_ne_normal_ba_dc_xpy_len2_0931,sft_train,numeric_equation,docs_numeric_equation_motif_override_traces_syn_ne_normal_ba_dc_xpy_len2_0931_txt,synthetic,false,train_only
syn_ne_normal_ba_dc_xpy_len3_0994,sft_train,numeric_equation,docs_numeric_equation_motif_override_traces_syn_ne_normal_ba_dc_xpy_len3_0994_txt,synthetic,false,train_only
syn_ne_normal_ba_dc_xpy_len3_0995,sft_train,numeric_equation,docs_numeric_equation_motif_override_traces_syn_ne_normal_ba_dc_xpy_len3_0995_txt,synthetic,false,train_only
syn_ne_normal_ba_dc_xpy_len3_0996,sft_train,numeric_equation,docs_numeric_equation_motif_override_traces_syn_ne_normal_ba_dc_xpy_len3_0996_txt,synthetic,false,train_only
syn_ne_normal_ba_dc_xpy_len3_0997,sft_train,numeric_equation,docs_numeric_equation_motif_override_traces_syn_ne_normal_ba_dc_xpy_len3_0997_txt,synthetic,false,train_only
syn_ne_normal_ba_dc_xpy_len3_0998,sft_train,numeric_equation,docs_numeric_equation_motif_override_traces_syn_ne_normal_ba_dc_xpy_len3_0998_txt,synthetic,false,train_only
syn_ne_normal_ba_dc_xpy_len3_0999,sft_train,numeric_equation,docs_numeric_equation_motif_override_traces_syn_ne_normal_ba_dc_xpy_len3_0999_txt,synthetic,false,train_only
syn_ne_normal_ba_dc_xpy_len3_1000,sft_train,numeric_equation,docs_numeric_equation_motif_override_traces_syn_ne_normal_ba_dc_xpy_len3_1000_txt,synthetic,false,train_only
syn_ne_normal_ba_dc_xpy_len3_1001,sft_train,numeric_equation,docs_numeric_equation_motif_override_traces_syn_ne_normal_ba_dc_xpy_len3_1001_txt,synthetic,false,train_only
syn_ne_normal_ba_dc_xpy_len3_1002,sft_train,numeric_equation,docs_numeric_equation_motif_override_traces_syn_ne_normal_ba_dc_xpy_len3_1002_txt,synthetic,false,train_only
syn_ne_normal_ba_dc_xpy_len3_1003,sft_train,numeric_equation,docs_numeric_equation_motif_override_traces_syn_ne_normal_ba_dc_xpy_len3_1003_txt,synthetic,false,train_only
syn_ne_normal_ba_dc_xpy_len3_1004,sft_train,numeric_equation,docs_numeric_equation_motif_override_traces_syn_ne_normal_ba_dc_xpy_len3_1004_txt,synthetic,false,train_only
syn_ne_normal_ba_dc_xpy_len3_1005,sft_train,numeric_equation,docs_numeric_equation_motif_override_traces_syn_ne_normal_ba_dc_xpy_len3_1005_txt,synthetic,false,train_only
syn_ne_normal_ba_dc_xpy_len3_1006,sft_train,numeric_equation,docs_numeric_equation_motif_override_traces_syn_ne_normal_ba_dc_xpy_len3_1006_txt,synthetic,false,train_only
syn_ne_normal_ba_dc_xpy_len3_1007,sft_train,numeric_equation,docs_numeric_equation_motif_override_traces_syn_ne_normal_ba_dc_xpy_len3_1007_txt,synthetic,false,train_only
syn_ne_normal_ba_dc_xpy_len3_1008,sft_train,numeric_equation,docs_numeric_equation_motif_override_traces_syn_ne_normal_ba_dc_xpy_len3_1008_txt,synthetic,false,train_only
syn_ne_normal_ba_dc_xpy_len3_1009,sft_train,numeric_equation,docs_numeric_equation_motif_override_traces_syn_ne_normal_ba_dc_xpy_len3_1009_txt,synthetic,false,train_only
syn_ne_normal_ba_dc_xpy_len3_1010,sft_train,numeric_equation,docs_numeric_equation_motif_override_traces_syn_ne_normal_ba_dc_xpy_len3_1010_txt,synthetic,false,train_only
syn_ne_normal_ba_dc_xpy_len3_1011,sft_train,numeric_equation,docs_numeric_equation_motif_override_traces_syn_ne_normal_ba_dc_xpy_len3_1011_txt,synthetic,false,train_only
syn_ne_normal_ba_dc_xpy_len3_1012,sft_train,numeric_equation,docs_numeric_equation_motif_override_traces_syn_ne_normal_ba_dc_xpy_len3_1012_txt,synthetic,false,train_only
syn_ne_normal_ba_dc_xpy_len3_1013,sft_train,numeric_equation,docs_numeric_equation_motif_override_traces_syn_ne_normal_ba_dc_xpy_len3_1013_txt,synthetic,false,train_only
syn_ne_normal_ba_dc_xpy_len3_1014,sft_train,numeric_equation,docs_numeric_equation_motif_override_traces_syn_ne_normal_ba_dc_xpy_len3_1014_txt,synthetic,false,train_only
syn_ne_normal_ba_dc_xpy_len3_1015,sft_train,numeric_equation,docs_numeric_equation_motif_override_traces_syn_ne_normal_ba_dc_xpy_len3_1015_txt,synthetic,false,train_only
syn_ne_normal_ba_dc_xpy_len3_1016,sft_train,numeric_equation,docs_numeric_equation_motif_override_traces_syn_ne_normal_ba_dc_xpy_len3_1016_txt,synthetic,false,train_only
syn_ne_normal_ba_dc_xpy_len3_1017,sft_train,numeric_equation,docs_numeric_equation_motif_override_traces_syn_ne_normal_ba_dc_xpy_len3_1017_txt,synthetic,false,train_only
syn_ne_normal_ba_dc_xpy_len3_1018,sft_train,numeric_equation,docs_numeric_equation_motif_override_traces_syn_ne_normal_ba_dc_xpy_len3_1018_txt,synthetic,false,train_only
syn_ne_normal_ba_dc_xpy_len3_1019,sft_train,numeric_equation,docs_numeric_equation_motif_override_traces_syn_ne_normal_ba_dc_xpy_len3_1019_txt,synthetic,false,train_only
syn_ne_normal_ba_dc_xpy_len3_1020,sft_train,numeric_equation,docs_numeric_equation_motif_override_traces_syn_ne_normal_ba_dc_xpy_len3_1020_txt,synthetic,false,train_only
syn_ne_normal_ba_dc_xpy_len3_1021,sft_train,numeric_equation,docs_numeric_equation_motif_override_traces_syn_ne_normal_ba_dc_xpy_len3_1021_txt,synthetic,false,train_only
syn_ne_normal_ba_dc_xpy_len3_1022,sft_train,numeric_equation,docs_numeric_equation_motif_override_traces_syn_ne_normal_ba_dc_xpy_len3_1022_txt,synthetic,false,train_only
syn_ne_normal_ba_dc_xpy_len3_1023,sft_train,numeric_equation,docs_numeric_equation_motif_override_traces_syn_ne_normal_ba_dc_xpy_len3_1023_txt,synthetic,false,train_only
syn_ne_normal_ba_dc_xpy_len3_1024,sft_train,numeric_equation,docs_numeric_equation_motif_override_traces_syn_ne_normal_ba_dc_xpy_len3_1024_txt,synthetic,false,train_only
syn_ne_normal_ba_dc_xpy_len3_1025,sft_train,numeric_equation,docs_numeric_equation_motif_override_traces_syn_ne_normal_ba_dc_xpy_len3_1025_txt,synthetic,false,train_only
syn_ne_normal_ba_dc_xpy_len3_1026,sft_train,numeric_equation,docs_numeric_equation_motif_override_traces_syn_ne_normal_ba_dc_xpy_len3_1026_txt,synthetic,false,train_only
syn_ne_normal_ba_dc_xpy_len3_1027,sft_train,numeric_equation,docs_numeric_equation_motif_override_traces_syn_ne_normal_ba_dc_xpy_len3_1027_txt,synthetic,false,train_only
syn_ne_normal_ba_dc_xpy_len3_1028,sft_train,numeric_equation,docs_numeric_equation_motif_override_traces_syn_ne_normal_ba_dc_xpy_len3_1028_txt,synthetic,false,train_only
syn_ne_normal_ba_dc_xpy_len3_1029,sft_train,numeric_equation,docs_numeric_equation_motif_override_traces_syn_ne_normal_ba_dc_xpy_len3_1029_txt,synthetic,false,train_only
syn_ne_normal_ba_dc_xpy_len3_1030,sft_train,numeric_equation,docs_numeric_equation_motif_override_traces_syn_ne_normal_ba_dc_xpy_len3_1030_txt,synthetic,false,train_only
syn_ne_normal_ba_dc_xpy_len3_1031,sft_train,numeric_equation,docs_numeric_equation_motif_override_traces_syn_ne_normal_ba_dc_xpy_len3_1031_txt,synthetic,false,train_only
syn_ne_normal_ba_dc_xpy_len3_1032,sft_train,numeric_equation,docs_numeric_equation_motif_override_traces_syn_ne_normal_ba_dc_xpy_len3_1032_txt,synthetic,false,train_only
syn_ne_normal_ba_dc_xpy_len3_1033,sft_train,numeric_equation,docs_numeric_equation_motif_override_traces_syn_ne_normal_ba_dc_xpy_len3_1033_txt,synthetic,false,train_only
syn_ne_normal_ba_dc_xpy_len3_1034,sft_train,numeric_equation,docs_numeric_equation_motif_override_traces_syn_ne_normal_ba_dc_xpy_len3_1034_txt,synthetic,false,train_only
syn_ne_normal_ba_dc_xpy_len3_1035,sft_train,numeric_equation,docs_numeric_equation_motif_override_traces_syn_ne_normal_ba_dc_xpy_len3_1035_txt,synthetic,false,train_only
syn_ne_normal_ba_dc_xpy_len3_1036,sft_train,numeric_equation,docs_numeric_equation_motif_override_traces_syn_ne_normal_ba_dc_xpy_len3_1036_txt,synthetic,false,train_only
syn_ne_normal_ba_dc_xpy_len3_1037,sft_train,numeric_equation,docs_numeric_equation_motif_override_traces_syn_ne_normal_ba_dc_xpy_len3_1037_txt,synthetic,false,train_only
syn_ne_normal_ba_dc_xpy_len3_1038,sft_train,numeric_equation,docs_numeric_equation_motif_override_traces_syn_ne_normal_ba_dc_xpy_len3_1038_txt,synthetic,false,train_only
syn_ne_normal_ba_dc_xpy_len3_1039,sft_train,numeric_equation,docs_numeric_equation_motif_override_traces_syn_ne_normal_ba_dc_xpy_len3_1039_txt,synthetic,false,train_only
syn_ne_normal_ba_dc_xpy_len3_1040,sft_train,numeric_equation,docs_numeric_equation_motif_override_traces_syn_ne_normal_ba_dc_xpy_len3_1040_txt,synthetic,false,train_only
syn_ne_normal_ba_dc_xpy_len3_1041,sft_train,numeric_equation,docs_numeric_equation_motif_override_traces_syn_ne_normal_ba_dc_xpy_len3_1041_txt,synthetic,false,train_only
syn_ne_normal_ba_dc_xpy_len3_1042,sft_train,numeric_equation,docs_numeric_equation_motif_override_traces_syn_ne_normal_ba_dc_xpy_len3_1042_txt,synthetic,false,train_only
syn_ne_normal_ba_dc_xpy_len3_1043,sft_train,numeric_equation,docs_numeric_equation_motif_override_traces_syn_ne_normal_ba_dc_xpy_len3_1043_txt,synthetic,false,train_only
syn_ne_normal_ba_dc_xpym1_len23_1143,sft_train,numeric_equation,docs_numeric_equation_motif_override_traces_syn_ne_normal_ba_dc_xpym1_len23_1143_txt,synthetic,false,train_only
syn_ne_normal_ba_dc_xpym1_len23_1144,sft_train,numeric_equation,docs_numeric_equation_motif_override_traces_syn_ne_normal_ba_dc_xpym1_len23_1144_txt,synthetic,false,train_only
syn_ne_normal_ba_dc_xpym1_len23_1145,sft_train,numeric_equation,docs_numeric_equation_motif_override_traces_syn_ne_normal_ba_dc_xpym1_len23_1145_txt,synthetic,false,train_only
syn_ne_normal_ba_dc_xpym1_len23_1146,sft_train,numeric_equation,docs_numeric_equation_motif_override_traces_syn_ne_normal_ba_dc_xpym1_len23_1146_txt,synthetic,false,train_only
syn_ne_normal_ba_dc_xpym1_len23_1147,sft_train,numeric_equation,docs_numeric_equation_motif_override_traces_syn_ne_normal_ba_dc_xpym1_len23_1147_txt,synthetic,false,train_only
syn_ne_normal_ba_dc_xpym1_len23_1148,sft_train,numeric_equation,docs_numeric_equation_motif_override_traces_syn_ne_normal_ba_dc_xpym1_len23_1148_txt,synthetic,false,train_only
syn_ne_normal_ba_dc_xpym1_len23_1149,sft_train,numeric_equation,docs_numeric_equation_motif_override_traces_syn_ne_normal_ba_dc_xpym1_len23_1149_txt,synthetic,false,train_only
syn_ne_normal_ba_dc_xpym1_len23_1150,sft_train,numeric_equation,docs_numeric_equation_motif_override_traces_syn_ne_normal_ba_dc_xpym1_len23_1150_txt,synthetic,false,train_only
syn_ne_normal_ba_dc_xpym1_len23_1151,sft_train,numeric_equation,docs_numeric_equation_motif_override_traces_syn_ne_normal_ba_dc_xpym1_len23_1151_txt,synthetic,false,train_only
syn_ne_normal_ba_dc_xpym1_len23_1152,sft_train,numeric_equation,docs_numeric_equation_motif_override_traces_syn_ne_normal_ba_dc_xpym1_len23_1152_txt,synthetic,false,train_only
syn_ne_normal_ba_dc_xpym1_len23_1153,sft_train,numeric_equation,docs_numeric_equation_motif_override_traces_syn_ne_normal_ba_dc_xpym1_len23_1153_txt,synthetic,false,train_only
syn_ne_normal_ba_dc_xpym1_len23_1154,sft_train,numeric_equation,docs_numeric_equation_motif_override_traces_syn_ne_normal_ba_dc_xpym1_len23_1154_txt,synthetic,false,train_only
syn_ne_normal_ba_dc_xpym1_len23_1155,sft_train,numeric_equation,docs_numeric_equation_motif_override_traces_syn_ne_normal_ba_dc_xpym1_len23_1155_txt,synthetic,false,train_only
syn_ne_normal_ba_dc_xpym1_len23_1156,sft_train,numeric_equation,docs_numeric_equation_motif_override_traces_syn_ne_normal_ba_dc_xpym1_len23_1156_txt,synthetic,false,train_only
syn_ne_normal_ba_dc_xpym1_len23_1157,sft_train,numeric_equation,docs_numeric_equation_motif_override_traces_syn_ne_normal_ba_dc_xpym1_len23_1157_txt,synthetic,false,train_only
syn_ne_normal_ba_dc_xpym1_len23_1158,sft_train,numeric_equation,docs_numeric_equation_motif_override_traces_syn_ne_normal_ba_dc_xpym1_len23_1158_txt,synthetic,false,train_only
syn_ne_normal_ba_dc_xpym1_len23_1159,sft_train,numeric_equation,docs_numeric_equation_motif_override_traces_syn_ne_normal_ba_dc_xpym1_len23_1159_txt,synthetic,false,train_only
syn_ne_normal_ba_dc_xpym1_len23_1160,sft_train,numeric_equation,docs_numeric_equation_motif_override_traces_syn_ne_normal_ba_dc_xpym1_len23_1160_txt,synthetic,false,train_only
syn_ne_normal_ba_dc_xpym1_len23_1161,sft_train,numeric_equation,docs_numeric_equation_motif_override_traces_syn_ne_normal_ba_dc_xpym1_len23_1161_txt,synthetic,false,train_only
syn_ne_normal_ba_dc_xpym1_len23_1162,sft_train,numeric_equation,docs_numeric_equation_motif_override_traces_syn_ne_normal_ba_dc_xpym1_len23_1162_txt,synthetic,false,train_only
syn_ne_normal_ba_dc_xpym1_len23_1163,sft_train,numeric_equation,docs_numeric_equation_motif_override_traces_syn_ne_normal_ba_dc_xpym1_len23_1163_txt,synthetic,false,train_only
syn_ne_normal_ba_dc_xpym1_len23_1164,sft_train,numeric_equation,docs_numeric_equation_motif_override_traces_syn_ne_normal_ba_dc_xpym1_len23_1164_txt,synthetic,false,train_only
syn_ne_normal_ba_dc_xpym1_len23_1165,sft_train,numeric_equation,docs_numeric_equation_motif_override_traces_syn_ne_normal_ba_dc_xpym1_len23_1165_txt,synthetic,false,train_only
syn_ne_normal_ba_dc_xpym1_len23_1166,sft_train,numeric_equation,docs_numeric_equation_motif_override_traces_syn_ne_normal_ba_dc_xpym1_len23_1166_txt,synthetic,false,train_only
syn_ne_normal_ba_dc_xpym1_len23_1167,sft_train,numeric_equation,docs_numeric_equation_motif_override_traces_syn_ne_normal_ba_dc_xpym1_len23_1167_txt,synthetic,false,train_only
syn_ne_normal_ba_dc_xpym1_len23_1168,sft_train,numeric_equation,docs_numeric_equation_motif_override_traces_syn_ne_normal_ba_dc_xpym1_len23_1168_txt,synthetic,false,train_only
syn_ne_normal_ba_dc_xpym1_len23_1169,sft_train,numeric_equation,docs_numeric_equation_motif_override_traces_syn_ne_normal_ba_dc_xpym1_len23_1169_txt,synthetic,false,train_only
syn_ne_normal_ba_dc_xpym1_len23_1170,sft_train,numeric_equation,docs_numeric_equation_motif_override_traces_syn_ne_normal_ba_dc_xpym1_len23_1170_txt,synthetic,false,train_only
syn_ne_normal_ba_dc_xpym1_len23_1171,sft_train,numeric_equation,docs_numeric_equation_motif_override_traces_syn_ne_normal_ba_dc_xpym1_len23_1171_txt,synthetic,false,train_only
syn_ne_normal_ba_dc_xpym1_len23_1172,sft_train,numeric_equation,docs_numeric_equation_motif_override_traces_syn_ne_normal_ba_dc_xpym1_len23_1172_txt,synthetic,false,train_only
syn_ne_normal_ba_dc_xpym1_len23_1173,sft_train,numeric_equation,docs_numeric_equation_motif_override_traces_syn_ne_normal_ba_dc_xpym1_len23_1173_txt,synthetic,false,train_only
syn_ne_normal_ba_dc_xpym1_len2_1120,sft_train,numeric_equation,docs_numeric_equation_motif_override_traces_syn_ne_normal_ba_dc_xpym1_len2_1120_txt,synthetic,false,train_only
syn_ne_normal_ba_dc_xpym1_len2_1121,sft_train,numeric_equation,docs_numeric_equation_motif_override_traces_syn_ne_normal_ba_dc_xpym1_len2_1121_txt,synthetic,false,train_only
syn_ne_normal_ba_dc_xpym1_len2_1122,sft_train,numeric_equation,docs_numeric_equation_motif_override_traces_syn_ne_normal_ba_dc_xpym1_len2_1122_txt,synthetic,false,train_only
syn_ne_normal_ba_dc_xpym1_len2_1123,sft_train,numeric_equation,docs_numeric_equation_motif_override_traces_syn_ne_normal_ba_dc_xpym1_len2_1123_txt,synthetic,false,train_only
syn_ne_normal_ba_dc_xpym1_len2_1124,sft_train,numeric_equation,docs_numeric_equation_motif_override_traces_syn_ne_normal_ba_dc_xpym1_len2_1124_txt,synthetic,false,train_only
syn_ne_normal_ba_dc_xpym1_len2_1125,sft_train,numeric_equation,docs_numeric_equation_motif_override_traces_syn_ne_normal_ba_dc_xpym1_len2_1125_txt,synthetic,false,train_only
syn_ne_normal_ba_dc_xpym1_len2_1126,sft_train,numeric_equation,docs_numeric_equation_motif_override_traces_syn_ne_normal_ba_dc_xpym1_len2_1126_txt,synthetic,false,train_only
syn_ne_normal_ba_dc_xpym1_len2_1127,sft_train,numeric_equation,docs_numeric_equation_motif_override_traces_syn_ne_normal_ba_dc_xpym1_len2_1127_txt,synthetic,false,train_only
syn_ne_normal_ba_dc_xpym1_len2_1128,sft_train,numeric_equation,docs_numeric_equation_motif_override_traces_syn_ne_normal_ba_dc_xpym1_len2_1128_txt,synthetic,false,train_only
syn_ne_normal_ba_dc_xpym1_len2_1129,sft_train,numeric_equation,docs_numeric_equation_motif_override_traces_syn_ne_normal_ba_dc_xpym1_len2_1129_txt,synthetic,false,train_only
syn_ne_normal_ba_dc_xpym1_len2_1130,sft_train,numeric_equation,docs_numeric_equation_motif_override_traces_syn_ne_normal_ba_dc_xpym1_len2_1130_txt,synthetic,false,train_only
syn_ne_normal_ba_dc_xpym1_len2_1131,sft_train,numeric_equation,docs_numeric_equation_motif_override_traces_syn_ne_normal_ba_dc_xpym1_len2_1131_txt,synthetic,false,train_only
syn_ne_normal_ba_dc_xpym1_len2_1132,sft_train,numeric_equation,docs_numeric_equation_motif_override_traces_syn_ne_normal_ba_dc_xpym1_len2_1132_txt,synthetic,false,train_only
syn_ne_normal_ba_dc_xpym1_len2_1133,sft_train,numeric_equation,docs_numeric_equation_motif_override_traces_syn_ne_normal_ba_dc_xpym1_len2_1133_txt,synthetic,false,train_only
syn_ne_normal_ba_dc_xpym1_len2_1134,sft_train,numeric_equation,docs_numeric_equation_motif_override_traces_syn_ne_normal_ba_dc_xpym1_len2_1134_txt,synthetic,false,train_only
syn_ne_normal_ba_dc_xpym1_len2_1135,sft_train,numeric_equation,docs_numeric_equation_motif_override_traces_syn_ne_normal_ba_dc_xpym1_len2_1135_txt,synthetic,false,train_only
syn_ne_normal_ba_dc_xpym1_len2_1136,sft_train,numeric_equation,docs_numeric_equation_motif_override_traces_syn_ne_normal_ba_dc_xpym1_len2_1136_txt,synthetic,false,train_only
syn_ne_normal_ba_dc_xpym1_len2_1137,sft_train,numeric_equation,docs_numeric_equation_motif_override_traces_syn_ne_normal_ba_dc_xpym1_len2_1137_txt,synthetic,false,train_only
syn_ne_normal_ba_dc_xpym1_len2_1138,sft_train,numeric_equation,docs_numeric_equation_motif_override_traces_syn_ne_normal_ba_dc_xpym1_len2_1138_txt,synthetic,false,train_only
syn_ne_normal_ba_dc_xpym1_len2_1139,sft_train,numeric_equation,docs_numeric_equation_motif_override_traces_syn_ne_normal_ba_dc_xpym1_len2_1139_txt,synthetic,false,train_only
syn_ne_normal_ba_dc_xpym1_len2_1140,sft_train,numeric_equation,docs_numeric_equation_motif_override_traces_syn_ne_normal_ba_dc_xpym1_len2_1140_txt,synthetic,false,train_only
syn_ne_normal_ba_dc_xpym1_len2_1141,sft_train,numeric_equation,docs_numeric_equation_motif_override_traces_syn_ne_normal_ba_dc_xpym1_len2_1141_txt,synthetic,false,train_only
syn_ne_normal_ba_dc_xpym1_len2_1142,sft_train,numeric_equation,docs_numeric_equation_motif_override_traces_syn_ne_normal_ba_dc_xpym1_len2_1142_txt,synthetic,false,train_only
syn_ne_normal_ba_dc_xpym1_len3_1174,sft_train,numeric_equation,docs_numeric_equation_motif_override_traces_syn_ne_normal_ba_dc_xpym1_len3_1174_txt,synthetic,false,train_only
syn_ne_normal_ba_dc_xpym1_len3_1175,sft_train,numeric_equation,docs_numeric_equation_motif_override_traces_syn_ne_normal_ba_dc_xpym1_len3_1175_txt,synthetic,false,train_only
syn_ne_normal_ba_dc_xpym1_len3_1176,sft_train,numeric_equation,docs_numeric_equation_motif_override_traces_syn_ne_normal_ba_dc_xpym1_len3_1176_txt,synthetic,false,train_only
syn_ne_normal_ba_dc_xpym1_len3_1177,sft_train,numeric_equation,docs_numeric_equation_motif_override_traces_syn_ne_normal_ba_dc_xpym1_len3_1177_txt,synthetic,false,train_only
syn_ne_normal_ba_dc_xpym1_len3_1178,sft_train,numeric_equation,docs_numeric_equation_motif_override_traces_syn_ne_normal_ba_dc_xpym1_len3_1178_txt,synthetic,false,train_only
syn_ne_normal_ba_dc_xpym1_len3_1179,sft_train,numeric_equation,docs_numeric_equation_motif_override_traces_syn_ne_normal_ba_dc_xpym1_len3_1179_txt,synthetic,false,train_only
syn_ne_normal_ba_dc_xpym1_len3_1180,sft_train,numeric_equation,docs_numeric_equation_motif_override_traces_syn_ne_normal_ba_dc_xpym1_len3_1180_txt,synthetic,false,train_only
syn_ne_normal_ba_dc_xpym1_len3_1181,sft_train,numeric_equation,docs_numeric_equation_motif_override_traces_syn_ne_normal_ba_dc_xpym1_len3_1181_txt,synthetic,false,train_only
syn_ne_normal_ba_dc_xpym1_len3_1182,sft_train,numeric_equation,docs_numeric_equation_motif_override_traces_syn_ne_normal_ba_dc_xpym1_len3_1182_txt,synthetic,false,train_only
syn_ne_normal_ba_dc_xpym1_len3_1183,sft_train,numeric_equation,docs_numeric_equation_motif_override_traces_syn_ne_normal_ba_dc_xpym1_len3_1183_txt,synthetic,false,train_only
syn_ne_normal_ba_dc_xpym1_len3_1184,sft_train,numeric_equation,docs_numeric_equation_motif_override_traces_syn_ne_normal_ba_dc_xpym1_len3_1184_txt,synthetic,false,train_only
syn_ne_normal_ba_dc_xpym1_len3_1185,sft_train,numeric_equation,docs_numeric_equation_motif_override_traces_syn_ne_normal_ba_dc_xpym1_len3_1185_txt,synthetic,false,train_only
syn_ne_normal_ba_dc_xpym1_len3_1186,sft_train,numeric_equation,docs_numeric_equation_motif_override_traces_syn_ne_normal_ba_dc_xpym1_len3_1186_txt,synthetic,false,train_only
syn_ne_normal_ba_dc_xpym1_len3_1187,sft_train,numeric_equation,docs_numeric_equation_motif_override_traces_syn_ne_normal_ba_dc_xpym1_len3_1187_txt,synthetic,false,train_only
syn_ne_normal_ba_dc_xpym1_len3_1188,sft_train,numeric_equation,docs_numeric_equation_motif_override_traces_syn_ne_normal_ba_dc_xpym1_len3_1188_txt,synthetic,false,train_only
syn_ne_normal_ba_dc_xpym1_len3_1189,sft_train,numeric_equation,docs_numeric_equation_motif_override_traces_syn_ne_normal_ba_dc_xpym1_len3_1189_txt,synthetic,false,train_only
syn_ne_normal_ba_dc_xpym1_len3_1190,sft_train,numeric_equation,docs_numeric_equation_motif_override_traces_syn_ne_normal_ba_dc_xpym1_len3_1190_txt,synthetic,false,train_only
syn_ne_normal_ba_dc_xpym1_len3_1191,sft_train,numeric_equation,docs_numeric_equation_motif_override_traces_syn_ne_normal_ba_dc_xpym1_len3_1191_txt,synthetic,false,train_only
syn_ne_normal_ba_dc_xpym1_len3_1192,sft_train,numeric_equation,docs_numeric_equation_motif_override_traces_syn_ne_normal_ba_dc_xpym1_len3_1192_txt,synthetic,false,train_only
syn_ne_normal_ba_dc_xpym1_len3_1193,sft_train,numeric_equation,docs_numeric_equation_motif_override_traces_syn_ne_normal_ba_dc_xpym1_len3_1193_txt,synthetic,false,train_only
syn_ne_normal_ba_dc_xpym1_len3_1194,sft_train,numeric_equation,docs_numeric_equation_motif_override_traces_syn_ne_normal_ba_dc_xpym1_len3_1194_txt,synthetic,false,train_only
syn_ne_normal_ba_dc_xpym1_len3_1195,sft_train,numeric_equation,docs_numeric_equation_motif_override_traces_syn_ne_normal_ba_dc_xpym1_len3_1195_txt,synthetic,false,train_only
syn_ne_normal_ba_dc_xpym1_len3_1196,sft_train,numeric_equation,docs_numeric_equation_motif_override_traces_syn_ne_normal_ba_dc_xpym1_len3_1196_txt,synthetic,false,train_only
syn_ne_normal_ba_dc_xpym1_len3_1197,sft_train,numeric_equation,docs_numeric_equation_motif_override_traces_syn_ne_normal_ba_dc_xpym1_len3_1197_txt,synthetic,false,train_only
syn_ne_normal_ba_dc_xpym1_len3_1198,sft_train,numeric_equation,docs_numeric_equation_motif_override_traces_syn_ne_normal_ba_dc_xpym1_len3_1198_txt,synthetic,false,train_only
syn_ne_normal_ba_dc_xpym1_len3_1199,sft_train,numeric_equation,docs_numeric_equation_motif_override_traces_syn_ne_normal_ba_dc_xpym1_len3_1199_txt,synthetic,false,train_only
syn_ne_normal_ba_dc_xpym1_len3_1200,sft_train,numeric_equation,docs_numeric_equation_motif_override_traces_syn_ne_normal_ba_dc_xpym1_len3_1200_txt,synthetic,false,train_only
syn_ne_normal_ba_dc_xpym1_len3_1201,sft_train,numeric_equation,docs_numeric_equation_motif_override_traces_syn_ne_normal_ba_dc_xpym1_len3_1201_txt,synthetic,false,train_only
syn_ne_normal_ba_dc_xpym1_len3_1202,sft_train,numeric_equation,docs_numeric_equation_motif_override_traces_syn_ne_normal_ba_dc_xpym1_len3_1202_txt,synthetic,false,train_only
syn_ne_normal_ba_dc_xpym1_len3_1203,sft_train,numeric_equation,docs_numeric_equation_motif_override_traces_syn_ne_normal_ba_dc_xpym1_len3_1203_txt,synthetic,false,train_only
syn_ne_normal_ba_dc_xpym1_len3_1204,sft_train,numeric_equation,docs_numeric_equation_motif_override_traces_syn_ne_normal_ba_dc_xpym1_len3_1204_txt,synthetic,false,train_only
syn_ne_normal_ba_dc_xpym1_len3_1205,sft_train,numeric_equation,docs_numeric_equation_motif_override_traces_syn_ne_normal_ba_dc_xpym1_len3_1205_txt,synthetic,false,train_only
syn_ne_normal_ba_dc_xpym1_len3_1206,sft_train,numeric_equation,docs_numeric_equation_motif_override_traces_syn_ne_normal_ba_dc_xpym1_len3_1206_txt,synthetic,false,train_only
syn_ne_normal_ba_dc_xpym1_len3_1207,sft_train,numeric_equation,docs_numeric_equation_motif_override_traces_syn_ne_normal_ba_dc_xpym1_len3_1207_txt,synthetic,false,train_only
syn_ne_normal_ba_dc_xpym1_len3_1208,sft_train,numeric_equation,docs_numeric_equation_motif_override_traces_syn_ne_normal_ba_dc_xpym1_len3_1208_txt,synthetic,false,train_only
syn_ne_normal_ba_dc_xpym1_len3_1209,sft_train,numeric_equation,docs_numeric_equation_motif_override_traces_syn_ne_normal_ba_dc_xpym1_len3_1209_txt,synthetic,false,train_only
syn_ne_normal_ba_dc_xpym1_len3_1210,sft_train,numeric_equation,docs_numeric_equation_motif_override_traces_syn_ne_normal_ba_dc_xpym1_len3_1210_txt,synthetic,false,train_only
syn_ne_normal_ba_dc_xpym1_len3_1211,sft_train,numeric_equation,docs_numeric_equation_motif_override_traces_syn_ne_normal_ba_dc_xpym1_len3_1211_txt,synthetic,false,train_only
syn_ne_normal_ba_dc_xpym1_len3_1212,sft_train,numeric_equation,docs_numeric_equation_motif_override_traces_syn_ne_normal_ba_dc_xpym1_len3_1212_txt,synthetic,false,train_only
syn_ne_normal_ba_dc_xpyp1_len23_1067,sft_train,numeric_equation,docs_numeric_equation_motif_override_traces_syn_ne_normal_ba_dc_xpyp1_len23_1067_txt,synthetic,false,train_only
syn_ne_normal_ba_dc_xpyp1_len23_1068,sft_train,numeric_equation,docs_numeric_equation_motif_override_traces_syn_ne_normal_ba_dc_xpyp1_len23_1068_txt,synthetic,false,train_only
syn_ne_normal_ba_dc_xpyp1_len23_1069,sft_train,numeric_equation,docs_numeric_equation_motif_override_traces_syn_ne_normal_ba_dc_xpyp1_len23_1069_txt,synthetic,false,train_only
syn_ne_normal_ba_dc_xpyp1_len23_1070,sft_train,numeric_equation,docs_numeric_equation_motif_override_traces_syn_ne_normal_ba_dc_xpyp1_len23_1070_txt,synthetic,false,train_only
syn_ne_normal_ba_dc_xpyp1_len23_1071,sft_train,numeric_equation,docs_numeric_equation_motif_override_traces_syn_ne_normal_ba_dc_xpyp1_len23_1071_txt,synthetic,false,train_only
syn_ne_normal_ba_dc_xpyp1_len23_1072,sft_train,numeric_equation,docs_numeric_equation_motif_override_traces_syn_ne_normal_ba_dc_xpyp1_len23_1072_txt,synthetic,false,train_only
syn_ne_normal_ba_dc_xpyp1_len23_1073,sft_train,numeric_equation,docs_numeric_equation_motif_override_traces_syn_ne_normal_ba_dc_xpyp1_len23_1073_txt,synthetic,false,train_only
syn_ne_normal_ba_dc_xpyp1_len23_1074,sft_train,numeric_equation,docs_numeric_equation_motif_override_traces_syn_ne_normal_ba_dc_xpyp1_len23_1074_txt,synthetic,false,train_only
syn_ne_normal_ba_dc_xpyp1_len23_1075,sft_train,numeric_equation,docs_numeric_equation_motif_override_traces_syn_ne_normal_ba_dc_xpyp1_len23_1075_txt,synthetic,false,train_only
syn_ne_normal_ba_dc_xpyp1_len23_1076,sft_train,numeric_equation,docs_numeric_equation_motif_override_traces_syn_ne_normal_ba_dc_xpyp1_len23_1076_txt,synthetic,false,train_only
syn_ne_normal_ba_dc_xpyp1_len23_1077,sft_train,numeric_equation,docs_numeric_equation_motif_override_traces_syn_ne_normal_ba_dc_xpyp1_len23_1077_txt,synthetic,false,train_only
syn_ne_normal_ba_dc_xpyp1_len23_1078,sft_train,numeric_equation,docs_numeric_equation_motif_override_traces_syn_ne_normal_ba_dc_xpyp1_len23_1078_txt,synthetic,false,train_only
syn_ne_normal_ba_dc_xpyp1_len23_1079,sft_train,numeric_equation,docs_numeric_equation_motif_override_traces_syn_ne_normal_ba_dc_xpyp1_len23_1079_txt,synthetic,false,train_only
syn_ne_normal_ba_dc_xpyp1_len23_1080,sft_train,numeric_equation,docs_numeric_equation_motif_override_traces_syn_ne_normal_ba_dc_xpyp1_len23_1080_txt,synthetic,false,train_only
syn_ne_normal_ba_dc_xpyp1_len23_1081,sft_train,numeric_equation,docs_numeric_equation_motif_override_traces_syn_ne_normal_ba_dc_xpyp1_len23_1081_txt,synthetic,false,train_only
syn_ne_normal_ba_dc_xpyp1_len23_1082,sft_train,numeric_equation,docs_numeric_equation_motif_override_traces_syn_ne_normal_ba_dc_xpyp1_len23_1082_txt,synthetic,false,train_only
syn_ne_normal_ba_dc_xpyp1_len23_1083,sft_train,numeric_equation,docs_numeric_equation_motif_override_traces_syn_ne_normal_ba_dc_xpyp1_len23_1083_txt,synthetic,false,train_only
syn_ne_normal_ba_dc_xpyp1_len23_1084,sft_train,numeric_equation,docs_numeric_equation_motif_override_traces_syn_ne_normal_ba_dc_xpyp1_len23_1084_txt,synthetic,false,train_only
syn_ne_normal_ba_dc_xpyp1_len23_1085,sft_train,numeric_equation,docs_numeric_equation_motif_override_traces_syn_ne_normal_ba_dc_xpyp1_len23_1085_txt,synthetic,false,train_only
syn_ne_normal_ba_dc_xpyp1_len23_1086,sft_train,numeric_equation,docs_numeric_equation_motif_override_traces_syn_ne_normal_ba_dc_xpyp1_len23_1086_txt,synthetic,false,train_only
syn_ne_normal_ba_dc_xpyp1_len23_1087,sft_train,numeric_equation,docs_numeric_equation_motif_override_traces_syn_ne_normal_ba_dc_xpyp1_len23_1087_txt,synthetic,false,train_only
syn_ne_normal_ba_dc_xpyp1_len23_1088,sft_train,numeric_equation,docs_numeric_equation_motif_override_traces_syn_ne_normal_ba_dc_xpyp1_len23_1088_txt,synthetic,false,train_only
syn_ne_normal_ba_dc_xpyp1_len23_1089,sft_train,numeric_equation,docs_numeric_equation_motif_override_traces_syn_ne_normal_ba_dc_xpyp1_len23_1089_txt,synthetic,false,train_only
syn_ne_normal_ba_dc_xpyp1_len23_1090,sft_train,numeric_equation,docs_numeric_equation_motif_override_traces_syn_ne_normal_ba_dc_xpyp1_len23_1090_txt,synthetic,false,train_only
syn_ne_normal_ba_dc_xpyp1_len23_1091,sft_train,numeric_equation,docs_numeric_equation_motif_override_traces_syn_ne_normal_ba_dc_xpyp1_len23_1091_txt,synthetic,false,train_only
syn_ne_normal_ba_dc_xpyp1_len23_1092,sft_train,numeric_equation,docs_numeric_equation_motif_override_traces_syn_ne_normal_ba_dc_xpyp1_len23_1092_txt,synthetic,false,train_only
syn_ne_normal_ba_dc_xpyp1_len23_1093,sft_train,numeric_equation,docs_numeric_equation_motif_override_traces_syn_ne_normal_ba_dc_xpyp1_len23_1093_txt,synthetic,false,train_only
syn_ne_normal_ba_dc_xpyp1_len23_1094,sft_train,numeric_equation,docs_numeric_equation_motif_override_traces_syn_ne_normal_ba_dc_xpyp1_len23_1094_txt,synthetic,false,train_only
syn_ne_normal_ba_dc_xpyp1_len23_1095,sft_train,numeric_equation,docs_numeric_equation_motif_override_traces_syn_ne_normal_ba_dc_xpyp1_len23_1095_txt,synthetic,false,train_only
syn_ne_normal_ba_dc_xpyp1_len23_1096,sft_train,numeric_equation,docs_numeric_equation_motif_override_traces_syn_ne_normal_ba_dc_xpyp1_len23_1096_txt,synthetic,false,train_only
syn_ne_normal_ba_dc_xpyp1_len2_1044,sft_train,numeric_equation,docs_numeric_equation_motif_override_traces_syn_ne_normal_ba_dc_xpyp1_len2_1044_txt,synthetic,false,train_only
syn_ne_normal_ba_dc_xpyp1_len2_1045,sft_train,numeric_equation,docs_numeric_equation_motif_override_traces_syn_ne_normal_ba_dc_xpyp1_len2_1045_txt,synthetic,false,train_only
syn_ne_normal_ba_dc_xpyp1_len2_1046,sft_train,numeric_equation,docs_numeric_equation_motif_override_traces_syn_ne_normal_ba_dc_xpyp1_len2_1046_txt,synthetic,false,train_only
syn_ne_normal_ba_dc_xpyp1_len2_1047,sft_train,numeric_equation,docs_numeric_equation_motif_override_traces_syn_ne_normal_ba_dc_xpyp1_len2_1047_txt,synthetic,false,train_only
syn_ne_normal_ba_dc_xpyp1_len2_1048,sft_train,numeric_equation,docs_numeric_equation_motif_override_traces_syn_ne_normal_ba_dc_xpyp1_len2_1048_txt,synthetic,false,train_only
syn_ne_normal_ba_dc_xpyp1_len2_1049,sft_train,numeric_equation,docs_numeric_equation_motif_override_traces_syn_ne_normal_ba_dc_xpyp1_len2_1049_txt,synthetic,false,train_only
syn_ne_normal_ba_dc_xpyp1_len2_1050,sft_train,numeric_equation,docs_numeric_equation_motif_override_traces_syn_ne_normal_ba_dc_xpyp1_len2_1050_txt,synthetic,false,train_only
syn_ne_normal_ba_dc_xpyp1_len2_1051,sft_train,numeric_equation,docs_numeric_equation_motif_override_traces_syn_ne_normal_ba_dc_xpyp1_len2_1051_txt,synthetic,false,train_only
syn_ne_normal_ba_dc_xpyp1_len2_1052,sft_train,numeric_equation,docs_numeric_equation_motif_override_traces_syn_ne_normal_ba_dc_xpyp1_len2_1052_txt,synthetic,false,train_only
syn_ne_normal_ba_dc_xpyp1_len2_1053,sft_train,numeric_equation,docs_numeric_equation_motif_override_traces_syn_ne_normal_ba_dc_xpyp1_len2_1053_txt,synthetic,false,train_only
syn_ne_normal_ba_dc_xpyp1_len2_1054,sft_train,numeric_equation,docs_numeric_equation_motif_override_traces_syn_ne_normal_ba_dc_xpyp1_len2_1054_txt,synthetic,false,train_only
syn_ne_normal_ba_dc_xpyp1_len2_1055,sft_train,numeric_equation,docs_numeric_equation_motif_override_traces_syn_ne_normal_ba_dc_xpyp1_len2_1055_txt,synthetic,false,train_only
syn_ne_normal_ba_dc_xpyp1_len2_1056,sft_train,numeric_equation,docs_numeric_equation_motif_override_traces_syn_ne_normal_ba_dc_xpyp1_len2_1056_txt,synthetic,false,train_only
syn_ne_normal_ba_dc_xpyp1_len2_1057,sft_train,numeric_equation,docs_numeric_equation_motif_override_traces_syn_ne_normal_ba_dc_xpyp1_len2_1057_txt,synthetic,false,train_only
syn_ne_normal_ba_dc_xpyp1_len2_1058,sft_train,numeric_equation,docs_numeric_equation_motif_override_traces_syn_ne_normal_ba_dc_xpyp1_len2_1058_txt,synthetic,false,train_only
syn_ne_normal_ba_dc_xpyp1_len2_1059,sft_train,numeric_equation,docs_numeric_equation_motif_override_traces_syn_ne_normal_ba_dc_xpyp1_len2_1059_txt,synthetic,false,train_only
syn_ne_normal_ba_dc_xpyp1_len2_1060,sft_train,numeric_equation,docs_numeric_equation_motif_override_traces_syn_ne_normal_ba_dc_xpyp1_len2_1060_txt,synthetic,false,train_only
syn_ne_normal_ba_dc_xpyp1_len2_1061,sft_train,numeric_equation,docs_numeric_equation_motif_override_traces_syn_ne_normal_ba_dc_xpyp1_len2_1061_txt,synthetic,false,train_only
syn_ne_normal_ba_dc_xpyp1_len2_1062,sft_train,numeric_equation,docs_numeric_equation_motif_override_traces_syn_ne_normal_ba_dc_xpyp1_len2_1062_txt,synthetic,false,train_only
syn_ne_normal_ba_dc_xpyp1_len2_1063,sft_train,numeric_equation,docs_numeric_equation_motif_override_traces_syn_ne_normal_ba_dc_xpyp1_len2_1063_txt,synthetic,false,train_only
syn_ne_normal_ba_dc_xpyp1_len2_1064,sft_train,numeric_equation,docs_numeric_equation_motif_override_traces_syn_ne_normal_ba_dc_xpyp1_len2_1064_txt,synthetic,false,train_only
syn_ne_normal_ba_dc_xpyp1_len2_1065,sft_train,numeric_equation,docs_numeric_equation_motif_override_traces_syn_ne_normal_ba_dc_xpyp1_len2_1065_txt,synthetic,false,train_only
syn_ne_normal_ba_dc_xpyp1_len2_1066,sft_train,numeric_equation,docs_numeric_equation_motif_override_traces_syn_ne_normal_ba_dc_xpyp1_len2_1066_txt,synthetic,false,train_only
syn_ne_normal_ba_dc_xpyp1_len3_1097,sft_train,numeric_equation,docs_numeric_equation_motif_override_traces_syn_ne_normal_ba_dc_xpyp1_len3_1097_txt,synthetic,false,train_only
syn_ne_normal_ba_dc_xpyp1_len3_1098,sft_train,numeric_equation,docs_numeric_equation_motif_override_traces_syn_ne_normal_ba_dc_xpyp1_len3_1098_txt,synthetic,false,train_only
syn_ne_normal_ba_dc_xpyp1_len3_1099,sft_train,numeric_equation,docs_numeric_equation_motif_override_traces_syn_ne_normal_ba_dc_xpyp1_len3_1099_txt,synthetic,false,train_only
syn_ne_normal_ba_dc_xpyp1_len3_1100,sft_train,numeric_equation,docs_numeric_equation_motif_override_traces_syn_ne_normal_ba_dc_xpyp1_len3_1100_txt,synthetic,false,train_only
syn_ne_normal_ba_dc_xpyp1_len3_1101,sft_train,numeric_equation,docs_numeric_equation_motif_override_traces_syn_ne_normal_ba_dc_xpyp1_len3_1101_txt,synthetic,false,train_only
syn_ne_normal_ba_dc_xpyp1_len3_1102,sft_train,numeric_equation,docs_numeric_equation_motif_override_traces_syn_ne_normal_ba_dc_xpyp1_len3_1102_txt,synthetic,false,train_only
syn_ne_normal_ba_dc_xpyp1_len3_1103,sft_train,numeric_equation,docs_numeric_equation_motif_override_traces_syn_ne_normal_ba_dc_xpyp1_len3_1103_txt,synthetic,false,train_only
syn_ne_normal_ba_dc_xpyp1_len3_1104,sft_train,numeric_equation,docs_numeric_equation_motif_override_traces_syn_ne_normal_ba_dc_xpyp1_len3_1104_txt,synthetic,false,train_only
syn_ne_normal_ba_dc_xpyp1_len3_1105,sft_train,numeric_equation,docs_numeric_equation_motif_override_traces_syn_ne_normal_ba_dc_xpyp1_len3_1105_txt,synthetic,false,train_only
syn_ne_normal_ba_dc_xpyp1_len3_1106,sft_train,numeric_equation,docs_numeric_equation_motif_override_traces_syn_ne_normal_ba_dc_xpyp1_len3_1106_txt,synthetic,false,train_only
syn_ne_normal_ba_dc_xpyp1_len3_1107,sft_train,numeric_equation,docs_numeric_equation_motif_override_traces_syn_ne_normal_ba_dc_xpyp1_len3_1107_txt,synthetic,false,train_only
syn_ne_normal_ba_dc_xpyp1_len3_1108,sft_train,numeric_equation,docs_numeric_equation_motif_override_traces_syn_ne_normal_ba_dc_xpyp1_len3_1108_txt,synthetic,false,train_only
syn_ne_normal_ba_dc_xpyp1_len3_1109,sft_train,numeric_equation,docs_numeric_equation_motif_override_traces_syn_ne_normal_ba_dc_xpyp1_len3_1109_txt,synthetic,false,train_only
syn_ne_normal_ba_dc_xpyp1_len3_1110,sft_train,numeric_equation,docs_numeric_equation_motif_override_traces_syn_ne_normal_ba_dc_xpyp1_len3_1110_txt,synthetic,false,train_only
syn_ne_normal_ba_dc_xpyp1_len3_1111,sft_train,numeric_equation,docs_numeric_equation_motif_override_traces_syn_ne_normal_ba_dc_xpyp1_len3_1111_txt,synthetic,false,train_only
syn_ne_normal_ba_dc_xpyp1_len3_1112,sft_train,numeric_equation,docs_numeric_equation_motif_override_traces_syn_ne_normal_ba_dc_xpyp1_len3_1112_txt,synthetic,false,train_only
syn_ne_normal_ba_dc_xpyp1_len3_1113,sft_train,numeric_equation,docs_numeric_equation_motif_override_traces_syn_ne_normal_ba_dc_xpyp1_len3_1113_txt,synthetic,false,train_only
syn_ne_normal_ba_dc_xpyp1_len3_1114,sft_train,numeric_equation,docs_numeric_equation_motif_override_traces_syn_ne_normal_ba_dc_xpyp1_len3_1114_txt,synthetic,false,train_only
syn_ne_normal_ba_dc_xpyp1_len3_1115,sft_train,numeric_equation,docs_numeric_equation_motif_override_traces_syn_ne_normal_ba_dc_xpyp1_len3_1115_txt,synthetic,false,train_only
syn_ne_normal_ba_dc_xpyp1_len3_1116,sft_train,numeric_equation,docs_numeric_equation_motif_override_traces_syn_ne_normal_ba_dc_xpyp1_len3_1116_txt,synthetic,false,train_only
syn_ne_normal_ba_dc_xpyp1_len3_1117,sft_train,numeric_equation,docs_numeric_equation_motif_override_traces_syn_ne_normal_ba_dc_xpyp1_len3_1117_txt,synthetic,false,train_only
syn_ne_normal_ba_dc_xpyp1_len3_1118,sft_train,numeric_equation,docs_numeric_equation_motif_override_traces_syn_ne_normal_ba_dc_xpyp1_len3_1118_txt,synthetic,false,train_only
syn_ne_normal_ba_dc_xpyp1_len3_1119,sft_train,numeric_equation,docs_numeric_equation_motif_override_traces_syn_ne_normal_ba_dc_xpyp1_len3_1119_txt,synthetic,false,train_only
syn_ne_normal_ba_dc_xty_len34_0610,sft_train,numeric_equation,docs_numeric_equation_motif_override_traces_syn_ne_normal_ba_dc_xty_len34_0610_txt,synthetic,false,train_only
syn_ne_normal_ba_dc_xty_len34_0611,sft_train,numeric_equation,docs_numeric_equation_motif_override_traces_syn_ne_normal_ba_dc_xty_len34_0611_txt,synthetic,false,train_only
syn_ne_normal_ba_dc_xty_len34_0612,sft_train,numeric_equation,docs_numeric_equation_motif_override_traces_syn_ne_normal_ba_dc_xty_len34_0612_txt,synthetic,false,train_only
syn_ne_normal_ba_dc_xty_len34_0613,sft_train,numeric_equation,docs_numeric_equation_motif_override_traces_syn_ne_normal_ba_dc_xty_len34_0613_txt,synthetic,false,train_only
syn_ne_normal_ba_dc_xty_len34_0614,sft_train,numeric_equation,docs_numeric_equation_motif_override_traces_syn_ne_normal_ba_dc_xty_len34_0614_txt,synthetic,false,train_only
syn_ne_normal_ba_dc_xty_len34_0615,sft_train,numeric_equation,docs_numeric_equation_motif_override_traces_syn_ne_normal_ba_dc_xty_len34_0615_txt,synthetic,false,train_only
syn_ne_normal_ba_dc_xty_len34_0616,sft_train,numeric_equation,docs_numeric_equation_motif_override_traces_syn_ne_normal_ba_dc_xty_len34_0616_txt,synthetic,false,train_only
syn_ne_normal_ba_dc_xty_len34_0617,sft_train,numeric_equation,docs_numeric_equation_motif_override_traces_syn_ne_normal_ba_dc_xty_len34_0617_txt,synthetic,false,train_only
syn_ne_normal_ba_dc_xty_len34_0618,sft_train,numeric_equation,docs_numeric_equation_motif_override_traces_syn_ne_normal_ba_dc_xty_len34_0618_txt,synthetic,false,train_only
syn_ne_normal_ba_dc_xty_len34_0619,sft_train,numeric_equation,docs_numeric_equation_motif_override_traces_syn_ne_normal_ba_dc_xty_len34_0619_txt,synthetic,false,train_only
syn_ne_normal_ba_dc_xty_len34_0620,sft_train,numeric_equation,docs_numeric_equation_motif_override_traces_syn_ne_normal_ba_dc_xty_len34_0620_txt,synthetic,false,train_only
syn_ne_normal_ba_dc_xty_len34_0621,sft_train,numeric_equation,docs_numeric_equation_motif_override_traces_syn_ne_normal_ba_dc_xty_len34_0621_txt,synthetic,false,train_only
syn_ne_normal_ba_dc_xty_len34_0622,sft_train,numeric_equation,docs_numeric_equation_motif_override_traces_syn_ne_normal_ba_dc_xty_len34_0622_txt,synthetic,false,train_only
syn_ne_normal_ba_dc_xty_len34_0623,sft_train,numeric_equation,docs_numeric_equation_motif_override_traces_syn_ne_normal_ba_dc_xty_len34_0623_txt,synthetic,false,train_only
syn_ne_normal_ba_dc_xty_len34_0624,sft_train,numeric_equation,docs_numeric_equation_motif_override_traces_syn_ne_normal_ba_dc_xty_len34_0624_txt,synthetic,false,train_only
syn_ne_normal_ba_dc_xty_len34_0625,sft_train,numeric_equation,docs_numeric_equation_motif_override_traces_syn_ne_normal_ba_dc_xty_len34_0625_txt,synthetic,false,train_only
syn_ne_normal_ba_dc_xty_len34_0626,sft_train,numeric_equation,docs_numeric_equation_motif_override_traces_syn_ne_normal_ba_dc_xty_len34_0626_txt,synthetic,false,train_only
syn_ne_normal_ba_dc_xty_len34_0627,sft_train,numeric_equation,docs_numeric_equation_motif_override_traces_syn_ne_normal_ba_dc_xty_len34_0627_txt,synthetic,false,train_only
syn_ne_normal_ba_dc_xty_len34_0628,sft_train,numeric_equation,docs_numeric_equation_motif_override_traces_syn_ne_normal_ba_dc_xty_len34_0628_txt,synthetic,false,train_only
syn_ne_normal_ba_dc_xty_len34_0629,sft_train,numeric_equation,docs_numeric_equation_motif_override_traces_syn_ne_normal_ba_dc_xty_len34_0629_txt,synthetic,false,train_only
syn_ne_normal_ba_dc_xty_len34_0630,sft_train,numeric_equation,docs_numeric_equation_motif_override_traces_syn_ne_normal_ba_dc_xty_len34_0630_txt,synthetic,false,train_only
syn_ne_normal_ba_dc_xty_len34_0631,sft_train,numeric_equation,docs_numeric_equation_motif_override_traces_syn_ne_normal_ba_dc_xty_len34_0631_txt,synthetic,false,train_only
syn_ne_normal_ba_dc_xty_len34_0632,sft_train,numeric_equation,docs_numeric_equation_motif_override_traces_syn_ne_normal_ba_dc_xty_len34_0632_txt,synthetic,false,train_only
syn_ne_normal_ba_dc_xty_len34_0633,sft_train,numeric_equation,docs_numeric_equation_motif_override_traces_syn_ne_normal_ba_dc_xty_len34_0633_txt,synthetic,false,train_only
syn_ne_normal_ba_dc_xty_len34_0634,sft_train,numeric_equation,docs_numeric_equation_motif_override_traces_syn_ne_normal_ba_dc_xty_len34_0634_txt,synthetic,false,train_only
syn_ne_normal_ba_dc_xty_len34_0635,sft_train,numeric_equation,docs_numeric_equation_motif_override_traces_syn_ne_normal_ba_dc_xty_len34_0635_txt,synthetic,false,train_only
syn_ne_normal_ba_dc_xty_len34_0636,sft_train,numeric_equation,docs_numeric_equation_motif_override_traces_syn_ne_normal_ba_dc_xty_len34_0636_txt,synthetic,false,train_only
syn_ne_normal_ba_dc_xty_len34_0637,sft_train,numeric_equation,docs_numeric_equation_motif_override_traces_syn_ne_normal_ba_dc_xty_len34_0637_txt,synthetic,false,train_only
syn_ne_normal_ba_dc_xty_len34_0638,sft_train,numeric_equation,docs_numeric_equation_motif_override_traces_syn_ne_normal_ba_dc_xty_len34_0638_txt,synthetic,false,train_only
syn_ne_normal_ba_dc_xty_len34_0639,sft_train,numeric_equation,docs_numeric_equation_motif_override_traces_syn_ne_normal_ba_dc_xty_len34_0639_txt,synthetic,false,train_only
syn_ne_normal_ba_dc_xty_len34_0640,sft_train,numeric_equation,docs_numeric_equation_motif_override_traces_syn_ne_normal_ba_dc_xty_len34_0640_txt,synthetic,false,train_only
syn_ne_normal_ba_dc_xty_len34_0641,sft_train,numeric_equation,docs_numeric_equation_motif_override_traces_syn_ne_normal_ba_dc_xty_len34_0641_txt,synthetic,false,train_only
syn_ne_normal_ba_dc_xty_len34_0642,sft_train,numeric_equation,docs_numeric_equation_motif_override_traces_syn_ne_normal_ba_dc_xty_len34_0642_txt,synthetic,false,train_only
syn_ne_normal_ba_dc_xty_len34_0643,sft_train,numeric_equation,docs_numeric_equation_motif_override_traces_syn_ne_normal_ba_dc_xty_len34_0643_txt,synthetic,false,train_only
syn_ne_normal_ba_dc_xty_len34_0644,sft_train,numeric_equation,docs_numeric_equation_motif_override_traces_syn_ne_normal_ba_dc_xty_len34_0644_txt,synthetic,false,train_only
syn_ne_normal_ba_dc_xty_len34_0645,sft_train,numeric_equation,docs_numeric_equation_motif_override_traces_syn_ne_normal_ba_dc_xty_len34_0645_txt,synthetic,false,train_only
syn_ne_normal_ba_dc_xty_len34_0646,sft_train,numeric_equation,docs_numeric_equation_motif_override_traces_syn_ne_normal_ba_dc_xty_len34_0646_txt,synthetic,false,train_only
syn_ne_normal_ba_dc_xty_len34_0647,sft_train,numeric_equation,docs_numeric_equation_motif_override_traces_syn_ne_normal_ba_dc_xty_len34_0647_txt,synthetic,false,train_only
syn_ne_normal_ba_dc_xty_len34_0648,sft_train,numeric_equation,docs_numeric_equation_motif_override_traces_syn_ne_normal_ba_dc_xty_len34_0648_txt,synthetic,false,train_only
syn_ne_normal_ba_dc_xty_len34_0649,sft_train,numeric_equation,docs_numeric_equation_motif_override_traces_syn_ne_normal_ba_dc_xty_len34_0649_txt,synthetic,false,train_only
syn_ne_normal_ba_dc_xty_len34_0650,sft_train,numeric_equation,docs_numeric_equation_motif_override_traces_syn_ne_normal_ba_dc_xty_len34_0650_txt,synthetic,false,train_only
syn_ne_normal_ba_dc_xty_len34_0651,sft_train,numeric_equation,docs_numeric_equation_motif_override_traces_syn_ne_normal_ba_dc_xty_len34_0651_txt,synthetic,false,train_only
syn_ne_normal_ba_dc_xty_len34_0652,sft_train,numeric_equation,docs_numeric_equation_motif_override_traces_syn_ne_normal_ba_dc_xty_len34_0652_txt,synthetic,false,train_only
syn_ne_normal_ba_dc_xty_len34_0653,sft_train,numeric_equation,docs_numeric_equation_motif_override_traces_syn_ne_normal_ba_dc_xty_len34_0653_txt,synthetic,false,train_only
syn_ne_normal_ba_dc_xty_len34_0654,sft_train,numeric_equation,docs_numeric_equation_motif_override_traces_syn_ne_normal_ba_dc_xty_len34_0654_txt,synthetic,false,train_only
syn_ne_normal_ba_dc_xty_len34_0655,sft_train,numeric_equation,docs_numeric_equation_motif_override_traces_syn_ne_normal_ba_dc_xty_len34_0655_txt,synthetic,false,train_only
syn_ne_normal_ba_dc_xty_len34_0656,sft_train,numeric_equation,docs_numeric_equation_motif_override_traces_syn_ne_normal_ba_dc_xty_len34_0656_txt,synthetic,false,train_only
syn_ne_normal_ba_dc_xty_len34_0657,sft_train,numeric_equation,docs_numeric_equation_motif_override_traces_syn_ne_normal_ba_dc_xty_len34_0657_txt,synthetic,false,train_only
syn_ne_normal_ba_dc_xty_len34_0658,sft_train,numeric_equation,docs_numeric_equation_motif_override_traces_syn_ne_normal_ba_dc_xty_len34_0658_txt,synthetic,false,train_only
syn_ne_normal_ba_dc_xty_len34_0659,sft_train,numeric_equation,docs_numeric_equation_motif_override_traces_syn_ne_normal_ba_dc_xty_len34_0659_txt,synthetic,false,train_only
syn_ne_normal_ba_dc_xty_len34_0660,sft_train,numeric_equation,docs_numeric_equation_motif_override_traces_syn_ne_normal_ba_dc_xty_len34_0660_txt,synthetic,false,train_only
syn_ne_normal_ba_dc_xty_len34_0661,sft_train,numeric_equation,docs_numeric_equation_motif_override_traces_syn_ne_normal_ba_dc_xty_len34_0661_txt,synthetic,false,train_only
syn_ne_normal_ba_dc_xty_len34_0662,sft_train,numeric_equation,docs_numeric_equation_motif_override_traces_syn_ne_normal_ba_dc_xty_len34_0662_txt,synthetic,false,train_only
syn_ne_normal_ba_dc_xty_len34_0663,sft_train,numeric_equation,docs_numeric_equation_motif_override_traces_syn_ne_normal_ba_dc_xty_len34_0663_txt,synthetic,false,train_only
syn_ne_normal_ba_dc_xty_len34_0664,sft_train,numeric_equation,docs_numeric_equation_motif_override_traces_syn_ne_normal_ba_dc_xty_len34_0664_txt,synthetic,false,train_only
syn_ne_normal_ba_dc_xty_len34_0665,sft_train,numeric_equation,docs_numeric_equation_motif_override_traces_syn_ne_normal_ba_dc_xty_len34_0665_txt,synthetic,false,train_only
syn_ne_normal_ba_dc_xty_len34_0666,sft_train,numeric_equation,docs_numeric_equation_motif_override_traces_syn_ne_normal_ba_dc_xty_len34_0666_txt,synthetic,false,train_only
syn_ne_normal_ba_dc_xty_len34_0667,sft_train,numeric_equation,docs_numeric_equation_motif_override_traces_syn_ne_normal_ba_dc_xty_len34_0667_txt,synthetic,false,train_only
syn_ne_normal_ba_dc_xty_len34_0668,sft_train,numeric_equation,docs_numeric_equation_motif_override_traces_syn_ne_normal_ba_dc_xty_len34_0668_txt,synthetic,false,train_only
syn_ne_normal_ba_dc_xty_len34_0669,sft_train,numeric_equation,docs_numeric_equation_motif_override_traces_syn_ne_normal_ba_dc_xty_len34_0669_txt,synthetic,false,train_only
syn_ne_normal_ba_dc_xty_len34_0670,sft_train,numeric_equation,docs_numeric_equation_motif_override_traces_syn_ne_normal_ba_dc_xty_len34_0670_txt,synthetic,false,train_only
syn_ne_normal_ba_dc_xty_len34_0671,sft_train,numeric_equation,docs_numeric_equation_motif_override_traces_syn_ne_normal_ba_dc_xty_len34_0671_txt,synthetic,false,train_only
syn_ne_normal_ba_dc_xty_len34_0672,sft_train,numeric_equation,docs_numeric_equation_motif_override_traces_syn_ne_normal_ba_dc_xty_len34_0672_txt,synthetic,false,train_only
syn_ne_normal_ba_dc_xty_len4_0673,sft_train,numeric_equation,docs_numeric_equation_motif_override_traces_syn_ne_normal_ba_dc_xty_len4_0673_txt,synthetic,false,train_only
syn_ne_normal_ba_dc_xty_len4_0674,sft_train,numeric_equation,docs_numeric_equation_motif_override_traces_syn_ne_normal_ba_dc_xty_len4_0674_txt,synthetic,false,train_only
syn_ne_normal_ba_dc_xty_len4_0675,sft_train,numeric_equation,docs_numeric_equation_motif_override_traces_syn_ne_normal_ba_dc_xty_len4_0675_txt,synthetic,false,train_only
syn_ne_normal_ba_dc_xty_len4_0676,sft_train,numeric_equation,docs_numeric_equation_motif_override_traces_syn_ne_normal_ba_dc_xty_len4_0676_txt,synthetic,false,train_only
syn_ne_normal_ba_dc_xty_len4_0677,sft_train,numeric_equation,docs_numeric_equation_motif_override_traces_syn_ne_normal_ba_dc_xty_len4_0677_txt,synthetic,false,train_only
syn_ne_normal_ba_dc_xty_len4_0678,sft_train,numeric_equation,docs_numeric_equation_motif_override_traces_syn_ne_normal_ba_dc_xty_len4_0678_txt,synthetic,false,train_only
syn_ne_normal_ba_dc_xty_len4_0679,sft_train,numeric_equation,docs_numeric_equation_motif_override_traces_syn_ne_normal_ba_dc_xty_len4_0679_txt,synthetic,false,train_only
syn_ne_normal_ba_dc_xty_len4_0680,sft_train,numeric_equation,docs_numeric_equation_motif_override_traces_syn_ne_normal_ba_dc_xty_len4_0680_txt,synthetic,false,train_only
syn_ne_normal_ba_dc_xty_len4_0681,sft_train,numeric_equation,docs_numeric_equation_motif_override_traces_syn_ne_normal_ba_dc_xty_len4_0681_txt,synthetic,false,train_only
syn_ne_normal_ba_dc_xty_len4_0682,sft_train,numeric_equation,docs_numeric_equation_motif_override_traces_syn_ne_normal_ba_dc_xty_len4_0682_txt,synthetic,false,train_only
syn_ne_normal_ba_dc_xty_len4_0683,sft_train,numeric_equation,docs_numeric_equation_motif_override_traces_syn_ne_normal_ba_dc_xty_len4_0683_txt,synthetic,false,train_only
syn_ne_normal_ba_dc_xty_len4_0684,sft_train,numeric_equation,docs_numeric_equation_motif_override_traces_syn_ne_normal_ba_dc_xty_len4_0684_txt,synthetic,false,train_only
syn_ne_normal_ba_dc_xty_len4_0685,sft_train,numeric_equation,docs_numeric_equation_motif_override_traces_syn_ne_normal_ba_dc_xty_len4_0685_txt,synthetic,false,train_only
syn_ne_normal_ba_dc_xty_len4_0686,sft_train,numeric_equation,docs_numeric_equation_motif_override_traces_syn_ne_normal_ba_dc_xty_len4_0686_txt,synthetic,false,train_only
syn_ne_normal_ba_dc_xty_len4_0687,sft_train,numeric_equation,docs_numeric_equation_motif_override_traces_syn_ne_normal_ba_dc_xty_len4_0687_txt,synthetic,false,train_only
syn_ne_normal_ba_dc_xty_len4_0688,sft_train,numeric_equation,docs_numeric_equation_motif_override_traces_syn_ne_normal_ba_dc_xty_len4_0688_txt,synthetic,false,train_only
syn_ne_normal_ba_dc_xty_len4_0689,sft_train,numeric_equation,docs_numeric_equation_motif_override_traces_syn_ne_normal_ba_dc_xty_len4_0689_txt,synthetic,false,train_only
syn_ne_normal_ba_dc_xty_len4_0690,sft_train,numeric_equation,docs_numeric_equation_motif_override_traces_syn_ne_normal_ba_dc_xty_len4_0690_txt,synthetic,false,train_only
syn_ne_normal_ba_dc_xty_len4_0691,sft_train,numeric_equation,docs_numeric_equation_motif_override_traces_syn_ne_normal_ba_dc_xty_len4_0691_txt,synthetic,false,train_only
syn_ne_normal_ba_dc_xty_len4_0692,sft_train,numeric_equation,docs_numeric_equation_motif_override_traces_syn_ne_normal_ba_dc_xty_len4_0692_txt,synthetic,false,train_only
syn_ne_normal_ba_dc_xty_len4_0693,sft_train,numeric_equation,docs_numeric_equation_motif_override_traces_syn_ne_normal_ba_dc_xty_len4_0693_txt,synthetic,false,train_only
syn_ne_normal_ba_dc_xty_len4_0694,sft_train,numeric_equation,docs_numeric_equation_motif_override_traces_syn_ne_normal_ba_dc_xty_len4_0694_txt,synthetic,false,train_only
syn_ne_normal_ba_dc_xty_len4_0695,sft_train,numeric_equation,docs_numeric_equation_motif_override_traces_syn_ne_normal_ba_dc_xty_len4_0695_txt,synthetic,false,train_only
syn_ne_normal_ba_dc_xty_len4_0696,sft_train,numeric_equation,docs_numeric_equation_motif_override_traces_syn_ne_normal_ba_dc_xty_len4_0696_txt,synthetic,false,train_only
syn_ne_normal_ba_dc_xty_len4_0697,sft_train,numeric_equation,docs_numeric_equation_motif_override_traces_syn_ne_normal_ba_dc_xty_len4_0697_txt,synthetic,false,train_only
syn_ne_normal_ba_dc_xty_len4_0698,sft_train,numeric_equation,docs_numeric_equation_motif_override_traces_syn_ne_normal_ba_dc_xty_len4_0698_txt,synthetic,false,train_only
syn_ne_normal_ba_dc_xty_len4_0699,sft_train,numeric_equation,docs_numeric_equation_motif_override_traces_syn_ne_normal_ba_dc_xty_len4_0699_txt,synthetic,false,train_only
syn_ne_normal_ba_dc_xty_len4_0700,sft_train,numeric_equation,docs_numeric_equation_motif_override_traces_syn_ne_normal_ba_dc_xty_len4_0700_txt,synthetic,false,train_only
syn_ne_normal_ba_dc_xty_len4_0701,sft_train,numeric_equation,docs_numeric_equation_motif_override_traces_syn_ne_normal_ba_dc_xty_len4_0701_txt,synthetic,false,train_only
syn_ne_normal_ba_dc_xty_len4_0702,sft_train,numeric_equation,docs_numeric_equation_motif_override_traces_syn_ne_normal_ba_dc_xty_len4_0702_txt,synthetic,false,train_only
syn_ne_normal_ba_dc_xty_len4_0703,sft_train,numeric_equation,docs_numeric_equation_motif_override_traces_syn_ne_normal_ba_dc_xty_len4_0703_txt,synthetic,false,train_only
syn_ne_normal_ba_dc_xty_len4_0704,sft_train,numeric_equation,docs_numeric_equation_motif_override_traces_syn_ne_normal_ba_dc_xty_len4_0704_txt,synthetic,false,train_only
syn_ne_normal_ba_dc_xty_len4_0705,sft_train,numeric_equation,docs_numeric_equation_motif_override_traces_syn_ne_normal_ba_dc_xty_len4_0705_txt,synthetic,false,train_only
syn_ne_normal_ba_dc_xty_len4_0706,sft_train,numeric_equation,docs_numeric_equation_motif_override_traces_syn_ne_normal_ba_dc_xty_len4_0706_txt,synthetic,false,train_only
syn_ne_normal_ba_dc_xty_len4_0707,sft_train,numeric_equation,docs_numeric_equation_motif_override_traces_syn_ne_normal_ba_dc_xty_len4_0707_txt,synthetic,false,train_only
syn_ne_normal_ba_dc_xty_len4_0708,sft_train,numeric_equation,docs_numeric_equation_motif_override_traces_syn_ne_normal_ba_dc_xty_len4_0708_txt,synthetic,false,train_only
syn_ne_normal_ba_dc_xty_len4_0709,sft_train,numeric_equation,docs_numeric_equation_motif_override_traces_syn_ne_normal_ba_dc_xty_len4_0709_txt,synthetic,false,train_only
syn_ne_normal_ba_dc_xty_len4_0710,sft_train,numeric_equation,docs_numeric_equation_motif_override_traces_syn_ne_normal_ba_dc_xty_len4_0710_txt,synthetic,false,train_only
syn_ne_normal_ba_dc_xty_len4_0711,sft_train,numeric_equation,docs_numeric_equation_motif_override_traces_syn_ne_normal_ba_dc_xty_len4_0711_txt,synthetic,false,train_only
syn_ne_normal_ba_dc_xty_len4_0712,sft_train,numeric_equation,docs_numeric_equation_motif_override_traces_syn_ne_normal_ba_dc_xty_len4_0712_txt,synthetic,false,train_only
syn_ne_normal_ba_dc_xty_len4_0713,sft_train,numeric_equation,docs_numeric_equation_motif_override_traces_syn_ne_normal_ba_dc_xty_len4_0713_txt,synthetic,false,train_only
syn_ne_normal_ba_dc_xty_len4_0714,sft_train,numeric_equation,docs_numeric_equation_motif_override_traces_syn_ne_normal_ba_dc_xty_len4_0714_txt,synthetic,false,train_only
syn_ne_normal_ba_dc_xty_len4_0715,sft_train,numeric_equation,docs_numeric_equation_motif_override_traces_syn_ne_normal_ba_dc_xty_len4_0715_txt,synthetic,false,train_only
syn_ne_normal_ba_dc_xty_len4_0716,sft_train,numeric_equation,docs_numeric_equation_motif_override_traces_syn_ne_normal_ba_dc_xty_len4_0716_txt,synthetic,false,train_only
syn_ne_normal_ba_dc_xty_len4_0717,sft_train,numeric_equation,docs_numeric_equation_motif_override_traces_syn_ne_normal_ba_dc_xty_len4_0717_txt,synthetic,false,train_only
syn_ne_normal_ba_dc_xty_len4_0718,sft_train,numeric_equation,docs_numeric_equation_motif_override_traces_syn_ne_normal_ba_dc_xty_len4_0718_txt,synthetic,false,train_only
syn_ne_normal_ba_dc_xty_len4_0719,sft_train,numeric_equation,docs_numeric_equation_motif_override_traces_syn_ne_normal_ba_dc_xty_len4_0719_txt,synthetic,false,train_only
syn_ne_normal_ba_dc_xty_len4_0720,sft_train,numeric_equation,docs_numeric_equation_motif_override_traces_syn_ne_normal_ba_dc_xty_len4_0720_txt,synthetic,false,train_only
syn_ne_normal_ba_dc_xty_len4_0721,sft_train,numeric_equation,docs_numeric_equation_motif_override_traces_syn_ne_normal_ba_dc_xty_len4_0721_txt,synthetic,false,train_only
syn_ne_normal_ba_dc_xty_len4_0722,sft_train,numeric_equation,docs_numeric_equation_motif_override_traces_syn_ne_normal_ba_dc_xty_len4_0722_txt,synthetic,false,train_only
syn_ne_normal_ba_dc_xty_len4_0723,sft_train,numeric_equation,docs_numeric_equation_motif_override_traces_syn_ne_normal_ba_dc_xty_len4_0723_txt,synthetic,false,train_only
syn_ne_normal_ba_dc_xty_len4_0724,sft_train,numeric_equation,docs_numeric_equation_motif_override_traces_syn_ne_normal_ba_dc_xty_len4_0724_txt,synthetic,false,train_only
syn_ne_normal_ba_dc_xty_len4_0725,sft_train,numeric_equation,docs_numeric_equation_motif_override_traces_syn_ne_normal_ba_dc_xty_len4_0725_txt,synthetic,false,train_only
syn_ne_normal_ba_dc_xty_len4_0726,sft_train,numeric_equation,docs_numeric_equation_motif_override_traces_syn_ne_normal_ba_dc_xty_len4_0726_txt,synthetic,false,train_only
syn_ne_normal_ba_dc_xty_len4_0727,sft_train,numeric_equation,docs_numeric_equation_motif_override_traces_syn_ne_normal_ba_dc_xty_len4_0727_txt,synthetic,false,train_only
syn_ne_normal_ba_dc_xty_len4_0728,sft_train,numeric_equation,docs_numeric_equation_motif_override_traces_syn_ne_normal_ba_dc_xty_len4_0728_txt,synthetic,false,train_only
syn_ne_normal_ba_dc_xty_len4_0729,sft_train,numeric_equation,docs_numeric_equation_motif_override_traces_syn_ne_normal_ba_dc_xty_len4_0729_txt,synthetic,false,train_only
syn_ne_normal_ba_dc_xty_len4_0730,sft_train,numeric_equation,docs_numeric_equation_motif_override_traces_syn_ne_normal_ba_dc_xty_len4_0730_txt,synthetic,false,train_only
syn_ne_normal_ba_dc_xty_len4_0731,sft_train,numeric_equation,docs_numeric_equation_motif_override_traces_syn_ne_normal_ba_dc_xty_len4_0731_txt,synthetic,false,train_only
syn_ne_normal_ba_dc_xty_len4_0732,sft_train,numeric_equation,docs_numeric_equation_motif_override_traces_syn_ne_normal_ba_dc_xty_len4_0732_txt,synthetic,false,train_only
syn_ne_normal_ba_dc_xty_len4_0733,sft_train,numeric_equation,docs_numeric_equation_motif_override_traces_syn_ne_normal_ba_dc_xty_len4_0733_txt,synthetic,false,train_only
syn_ne_normal_ba_dc_xtym1_len34_0822,sft_train,numeric_equation,docs_numeric_equation_motif_override_traces_syn_ne_normal_ba_dc_xtym1_len34_0822_txt,synthetic,false,train_only
syn_ne_normal_ba_dc_xtym1_len34_0823,sft_train,numeric_equation,docs_numeric_equation_motif_override_traces_syn_ne_normal_ba_dc_xtym1_len34_0823_txt,synthetic,false,train_only
syn_ne_normal_ba_dc_xtym1_len34_0824,sft_train,numeric_equation,docs_numeric_equation_motif_override_traces_syn_ne_normal_ba_dc_xtym1_len34_0824_txt,synthetic,false,train_only
syn_ne_normal_ba_dc_xtym1_len34_0825,sft_train,numeric_equation,docs_numeric_equation_motif_override_traces_syn_ne_normal_ba_dc_xtym1_len34_0825_txt,synthetic,false,train_only
syn_ne_normal_ba_dc_xtym1_len34_0826,sft_train,numeric_equation,docs_numeric_equation_motif_override_traces_syn_ne_normal_ba_dc_xtym1_len34_0826_txt,synthetic,false,train_only
syn_ne_normal_ba_dc_xtym1_len34_0827,sft_train,numeric_equation,docs_numeric_equation_motif_override_traces_syn_ne_normal_ba_dc_xtym1_len34_0827_txt,synthetic,false,train_only
syn_ne_normal_ba_dc_xtym1_len34_0828,sft_train,numeric_equation,docs_numeric_equation_motif_override_traces_syn_ne_normal_ba_dc_xtym1_len34_0828_txt,synthetic,false,train_only
syn_ne_normal_ba_dc_xtym1_len34_0829,sft_train,numeric_equation,docs_numeric_equation_motif_override_traces_syn_ne_normal_ba_dc_xtym1_len34_0829_txt,synthetic,false,train_only
syn_ne_normal_ba_dc_xtym1_len34_0830,sft_train,numeric_equation,docs_numeric_equation_motif_override_traces_syn_ne_normal_ba_dc_xtym1_len34_0830_txt,synthetic,false,train_only
syn_ne_normal_ba_dc_xtym1_len34_0831,sft_train,numeric_equation,docs_numeric_equation_motif_override_traces_syn_ne_normal_ba_dc_xtym1_len34_0831_txt,synthetic,false,train_only
syn_ne_normal_ba_dc_xtym1_len34_0832,sft_train,numeric_equation,docs_numeric_equation_motif_override_traces_syn_ne_normal_ba_dc_xtym1_len34_0832_txt,synthetic,false,train_only
syn_ne_normal_ba_dc_xtym1_len34_0833,sft_train,numeric_equation,docs_numeric_equation_motif_override_traces_syn_ne_normal_ba_dc_xtym1_len34_0833_txt,synthetic,false,train_only
syn_ne_normal_ba_dc_xtym1_len34_0834,sft_train,numeric_equation,docs_numeric_equation_motif_override_traces_syn_ne_normal_ba_dc_xtym1_len34_0834_txt,synthetic,false,train_only
syn_ne_normal_ba_dc_xtym1_len34_0835,sft_train,numeric_equation,docs_numeric_equation_motif_override_traces_syn_ne_normal_ba_dc_xtym1_len34_0835_txt,synthetic,false,train_only
syn_ne_normal_ba_dc_xtym1_len34_0836,sft_train,numeric_equation,docs_numeric_equation_motif_override_traces_syn_ne_normal_ba_dc_xtym1_len34_0836_txt,synthetic,false,train_only
syn_ne_normal_ba_dc_xtym1_len34_0837,sft_train,numeric_equation,docs_numeric_equation_motif_override_traces_syn_ne_normal_ba_dc_xtym1_len34_0837_txt,synthetic,false,train_only
syn_ne_normal_ba_dc_xtym1_len34_0838,sft_train,numeric_equation,docs_numeric_equation_motif_override_traces_syn_ne_normal_ba_dc_xtym1_len34_0838_txt,synthetic,false,train_only
syn_ne_normal_ba_dc_xtym1_len34_0839,sft_train,numeric_equation,docs_numeric_equation_motif_override_traces_syn_ne_normal_ba_dc_xtym1_len34_0839_txt,synthetic,false,train_only
syn_ne_normal_ba_dc_xtym1_len34_0840,sft_train,numeric_equation,docs_numeric_equation_motif_override_traces_syn_ne_normal_ba_dc_xtym1_len34_0840_txt,synthetic,false,train_only
syn_ne_normal_ba_dc_xtym1_len34_0841,sft_train,numeric_equation,docs_numeric_equation_motif_override_traces_syn_ne_normal_ba_dc_xtym1_len34_0841_txt,synthetic,false,train_only
syn_ne_normal_ba_dc_xtym1_len34_0842,sft_train,numeric_equation,docs_numeric_equation_motif_override_traces_syn_ne_normal_ba_dc_xtym1_len34_0842_txt,synthetic,false,train_only
syn_ne_normal_ba_dc_xtym1_len34_0843,sft_train,numeric_equation,docs_numeric_equation_motif_override_traces_syn_ne_normal_ba_dc_xtym1_len34_0843_txt,synthetic,false,train_only
syn_ne_normal_ba_dc_xtym1_len34_0844,sft_train,numeric_equation,docs_numeric_equation_motif_override_traces_syn_ne_normal_ba_dc_xtym1_len34_0844_txt,synthetic,false,train_only
syn_ne_normal_ba_dc_xtym1_len34_0845,sft_train,numeric_equation,docs_numeric_equation_motif_override_traces_syn_ne_normal_ba_dc_xtym1_len34_0845_txt,synthetic,false,train_only
syn_ne_normal_ba_dc_xtym1_len34_0846,sft_train,numeric_equation,docs_numeric_equation_motif_override_traces_syn_ne_normal_ba_dc_xtym1_len34_0846_txt,synthetic,false,train_only
syn_ne_normal_ba_dc_xtym1_len34_0847,sft_train,numeric_equation,docs_numeric_equation_motif_override_traces_syn_ne_normal_ba_dc_xtym1_len34_0847_txt,synthetic,false,train_only
syn_ne_normal_ba_dc_xtym1_len34_0848,sft_train,numeric_equation,docs_numeric_equation_motif_override_traces_syn_ne_normal_ba_dc_xtym1_len34_0848_txt,synthetic,false,train_only
syn_ne_normal_ba_dc_xtym1_len34_0849,sft_train,numeric_equation,docs_numeric_equation_motif_override_traces_syn_ne_normal_ba_dc_xtym1_len34_0849_txt,synthetic,false,train_only
syn_ne_normal_ba_dc_xtym1_len34_0850,sft_train,numeric_equation,docs_numeric_equation_motif_override_traces_syn_ne_normal_ba_dc_xtym1_len34_0850_txt,synthetic,false,train_only
syn_ne_normal_ba_dc_xtym1_len34_0851,sft_train,numeric_equation,docs_numeric_equation_motif_override_traces_syn_ne_normal_ba_dc_xtym1_len34_0851_txt,synthetic,false,train_only
syn_ne_normal_ba_dc_xtym1_len3_0794,sft_train,numeric_equation,docs_numeric_equation_motif_override_traces_syn_ne_normal_ba_dc_xtym1_len3_0794_txt,synthetic,false,train_only
syn_ne_normal_ba_dc_xtym1_len3_0795,sft_train,numeric_equation,docs_numeric_equation_motif_override_traces_syn_ne_normal_ba_dc_xtym1_len3_0795_txt,synthetic,false,train_only
syn_ne_normal_ba_dc_xtym1_len3_0796,sft_train,numeric_equation,docs_numeric_equation_motif_override_traces_syn_ne_normal_ba_dc_xtym1_len3_0796_txt,synthetic,false,train_only
syn_ne_normal_ba_dc_xtym1_len3_0797,sft_train,numeric_equation,docs_numeric_equation_motif_override_traces_syn_ne_normal_ba_dc_xtym1_len3_0797_txt,synthetic,false,train_only
syn_ne_normal_ba_dc_xtym1_len3_0798,sft_train,numeric_equation,docs_numeric_equation_motif_override_traces_syn_ne_normal_ba_dc_xtym1_len3_0798_txt,synthetic,false,train_only
syn_ne_normal_ba_dc_xtym1_len3_0799,sft_train,numeric_equation,docs_numeric_equation_motif_override_traces_syn_ne_normal_ba_dc_xtym1_len3_0799_txt,synthetic,false,train_only
syn_ne_normal_ba_dc_xtym1_len3_0800,sft_train,numeric_equation,docs_numeric_equation_motif_override_traces_syn_ne_normal_ba_dc_xtym1_len3_0800_txt,synthetic,false,train_only
syn_ne_normal_ba_dc_xtym1_len3_0801,sft_train,numeric_equation,docs_numeric_equation_motif_override_traces_syn_ne_normal_ba_dc_xtym1_len3_0801_txt,synthetic,false,train_only
syn_ne_normal_ba_dc_xtym1_len3_0802,sft_train,numeric_equation,docs_numeric_equation_motif_override_traces_syn_ne_normal_ba_dc_xtym1_len3_0802_txt,synthetic,false,train_only
syn_ne_normal_ba_dc_xtym1_len3_0803,sft_train,numeric_equation,docs_numeric_equation_motif_override_traces_syn_ne_normal_ba_dc_xtym1_len3_0803_txt,synthetic,false,train_only
syn_ne_normal_ba_dc_xtym1_len3_0804,sft_train,numeric_equation,docs_numeric_equation_motif_override_traces_syn_ne_normal_ba_dc_xtym1_len3_0804_txt,synthetic,false,train_only
syn_ne_normal_ba_dc_xtym1_len3_0805,sft_train,numeric_equation,docs_numeric_equation_motif_override_traces_syn_ne_normal_ba_dc_xtym1_len3_0805_txt,synthetic,false,train_only
syn_ne_normal_ba_dc_xtym1_len3_0806,sft_train,numeric_equation,docs_numeric_equation_motif_override_traces_syn_ne_normal_ba_dc_xtym1_len3_0806_txt,synthetic,false,train_only
syn_ne_normal_ba_dc_xtym1_len3_0807,sft_train,numeric_equation,docs_numeric_equation_motif_override_traces_syn_ne_normal_ba_dc_xtym1_len3_0807_txt,synthetic,false,train_only
syn_ne_normal_ba_dc_xtym1_len3_0808,sft_train,numeric_equation,docs_numeric_equation_motif_override_traces_syn_ne_normal_ba_dc_xtym1_len3_0808_txt,synthetic,false,train_only
syn_ne_normal_ba_dc_xtym1_len3_0809,sft_train,numeric_equation,docs_numeric_equation_motif_override_traces_syn_ne_normal_ba_dc_xtym1_len3_0809_txt,synthetic,false,train_only
syn_ne_normal_ba_dc_xtym1_len3_0810,sft_train,numeric_equation,docs_numeric_equation_motif_override_traces_syn_ne_normal_ba_dc_xtym1_len3_0810_txt,synthetic,false,train_only
syn_ne_normal_ba_dc_xtym1_len3_0811,sft_train,numeric_equation,docs_numeric_equation_motif_override_traces_syn_ne_normal_ba_dc_xtym1_len3_0811_txt,synthetic,false,train_only
syn_ne_normal_ba_dc_xtym1_len3_0812,sft_train,numeric_equation,docs_numeric_equation_motif_override_traces_syn_ne_normal_ba_dc_xtym1_len3_0812_txt,synthetic,false,train_only
syn_ne_normal_ba_dc_xtym1_len3_0813,sft_train,numeric_equation,docs_numeric_equation_motif_override_traces_syn_ne_normal_ba_dc_xtym1_len3_0813_txt,synthetic,false,train_only
syn_ne_normal_ba_dc_xtym1_len3_0814,sft_train,numeric_equation,docs_numeric_equation_motif_override_traces_syn_ne_normal_ba_dc_xtym1_len3_0814_txt,synthetic,false,train_only
syn_ne_normal_ba_dc_xtym1_len3_0815,sft_train,numeric_equation,docs_numeric_equation_motif_override_traces_syn_ne_normal_ba_dc_xtym1_len3_0815_txt,synthetic,false,train_only
syn_ne_normal_ba_dc_xtym1_len3_0816,sft_train,numeric_equation,docs_numeric_equation_motif_override_traces_syn_ne_normal_ba_dc_xtym1_len3_0816_txt,synthetic,false,train_only
syn_ne_normal_ba_dc_xtym1_len3_0817,sft_train,numeric_equation,docs_numeric_equation_motif_override_traces_syn_ne_normal_ba_dc_xtym1_len3_0817_txt,synthetic,false,train_only
syn_ne_normal_ba_dc_xtym1_len3_0818,sft_train,numeric_equation,docs_numeric_equation_motif_override_traces_syn_ne_normal_ba_dc_xtym1_len3_0818_txt,synthetic,false,train_only
syn_ne_normal_ba_dc_xtym1_len3_0819,sft_train,numeric_equation,docs_numeric_equation_motif_override_traces_syn_ne_normal_ba_dc_xtym1_len3_0819_txt,synthetic,false,train_only
syn_ne_normal_ba_dc_xtym1_len3_0820,sft_train,numeric_equation,docs_numeric_equation_motif_override_traces_syn_ne_normal_ba_dc_xtym1_len3_0820_txt,synthetic,false,train_only
syn_ne_normal_ba_dc_xtym1_len3_0821,sft_train,numeric_equation,docs_numeric_equation_motif_override_traces_syn_ne_normal_ba_dc_xtym1_len3_0821_txt,synthetic,false,train_only
syn_ne_normal_ba_dc_xtym1_len4_0852,sft_train,numeric_equation,docs_numeric_equation_motif_override_traces_syn_ne_normal_ba_dc_xtym1_len4_0852_txt,synthetic,false,train_only
syn_ne_normal_ba_dc_xtym1_len4_0853,sft_train,numeric_equation,docs_numeric_equation_motif_override_traces_syn_ne_normal_ba_dc_xtym1_len4_0853_txt,synthetic,false,train_only
syn_ne_normal_ba_dc_xtym1_len4_0854,sft_train,numeric_equation,docs_numeric_equation_motif_override_traces_syn_ne_normal_ba_dc_xtym1_len4_0854_txt,synthetic,false,train_only
syn_ne_normal_ba_dc_xtym1_len4_0855,sft_train,numeric_equation,docs_numeric_equation_motif_override_traces_syn_ne_normal_ba_dc_xtym1_len4_0855_txt,synthetic,false,train_only
syn_ne_normal_ba_dc_xtym1_len4_0856,sft_train,numeric_equation,docs_numeric_equation_motif_override_traces_syn_ne_normal_ba_dc_xtym1_len4_0856_txt,synthetic,false,train_only
syn_ne_normal_ba_dc_xtym1_len4_0857,sft_train,numeric_equation,docs_numeric_equation_motif_override_traces_syn_ne_normal_ba_dc_xtym1_len4_0857_txt,synthetic,false,train_only
syn_ne_normal_ba_dc_xtym1_len4_0858,sft_train,numeric_equation,docs_numeric_equation_motif_override_traces_syn_ne_normal_ba_dc_xtym1_len4_0858_txt,synthetic,false,train_only
syn_ne_normal_ba_dc_xtym1_len4_0859,sft_train,numeric_equation,docs_numeric_equation_motif_override_traces_syn_ne_normal_ba_dc_xtym1_len4_0859_txt,synthetic,false,train_only
syn_ne_normal_ba_dc_xtym1_len4_0860,sft_train,numeric_equation,docs_numeric_equation_motif_override_traces_syn_ne_normal_ba_dc_xtym1_len4_0860_txt,synthetic,false,train_only
syn_ne_normal_ba_dc_xtym1_len4_0861,sft_train,numeric_equation,docs_numeric_equation_motif_override_traces_syn_ne_normal_ba_dc_xtym1_len4_0861_txt,synthetic,false,train_only
syn_ne_normal_ba_dc_xtym1_len4_0862,sft_train,numeric_equation,docs_numeric_equation_motif_override_traces_syn_ne_normal_ba_dc_xtym1_len4_0862_txt,synthetic,false,train_only
syn_ne_normal_ba_dc_xtym1_len4_0863,sft_train,numeric_equation,docs_numeric_equation_motif_override_traces_syn_ne_normal_ba_dc_xtym1_len4_0863_txt,synthetic,false,train_only
syn_ne_normal_ba_dc_xtym1_len4_0864,sft_train,numeric_equation,docs_numeric_equation_motif_override_traces_syn_ne_normal_ba_dc_xtym1_len4_0864_txt,synthetic,false,train_only
syn_ne_normal_ba_dc_xtym1_len4_0865,sft_train,numeric_equation,docs_numeric_equation_motif_override_traces_syn_ne_normal_ba_dc_xtym1_len4_0865_txt,synthetic,false,train_only
syn_ne_normal_ba_dc_xtym1_len4_0866,sft_train,numeric_equation,docs_numeric_equation_motif_override_traces_syn_ne_normal_ba_dc_xtym1_len4_0866_txt,synthetic,false,train_only
syn_ne_normal_ba_dc_xtym1_len4_0867,sft_train,numeric_equation,docs_numeric_equation_motif_override_traces_syn_ne_normal_ba_dc_xtym1_len4_0867_txt,synthetic,false,train_only
syn_ne_normal_ba_dc_xtym1_len4_0868,sft_train,numeric_equation,docs_numeric_equation_motif_override_traces_syn_ne_normal_ba_dc_xtym1_len4_0868_txt,synthetic,false,train_only
syn_ne_normal_ba_dc_xtym1_len4_0869,sft_train,numeric_equation,docs_numeric_equation_motif_override_traces_syn_ne_normal_ba_dc_xtym1_len4_0869_txt,synthetic,false,train_only
syn_ne_normal_ba_dc_xtym1_len4_0870,sft_train,numeric_equation,docs_numeric_equation_motif_override_traces_syn_ne_normal_ba_dc_xtym1_len4_0870_txt,synthetic,false,train_only
syn_ne_normal_ba_dc_xtym1_len4_0871,sft_train,numeric_equation,docs_numeric_equation_motif_override_traces_syn_ne_normal_ba_dc_xtym1_len4_0871_txt,synthetic,false,train_only
syn_ne_normal_ba_dc_xtym1_len4_0872,sft_train,numeric_equation,docs_numeric_equation_motif_override_traces_syn_ne_normal_ba_dc_xtym1_len4_0872_txt,synthetic,false,train_only
syn_ne_normal_ba_dc_xtym1_len4_0873,sft_train,numeric_equation,docs_numeric_equation_motif_override_traces_syn_ne_normal_ba_dc_xtym1_len4_0873_txt,synthetic,false,train_only
syn_ne_normal_ba_dc_xtym1_len4_0874,sft_train,numeric_equation,docs_numeric_equation_motif_override_traces_syn_ne_normal_ba_dc_xtym1_len4_0874_txt,synthetic,false,train_only
syn_ne_normal_ba_dc_xtym1_len4_0875,sft_train,numeric_equation,docs_numeric_equation_motif_override_traces_syn_ne_normal_ba_dc_xtym1_len4_0875_txt,synthetic,false,train_only
syn_ne_normal_ba_dc_xtym1_len4_0876,sft_train,numeric_equation,docs_numeric_equation_motif_override_traces_syn_ne_normal_ba_dc_xtym1_len4_0876_txt,synthetic,false,train_only
syn_ne_normal_ba_dc_xtym1_len4_0877,sft_train,numeric_equation,docs_numeric_equation_motif_override_traces_syn_ne_normal_ba_dc_xtym1_len4_0877_txt,synthetic,false,train_only
syn_ne_normal_ba_dc_xtym1_len4_0878,sft_train,numeric_equation,docs_numeric_equation_motif_override_traces_syn_ne_normal_ba_dc_xtym1_len4_0878_txt,synthetic,false,train_only
syn_ne_normal_ba_dc_xtym1_len4_0879,sft_train,numeric_equation,docs_numeric_equation_motif_override_traces_syn_ne_normal_ba_dc_xtym1_len4_0879_txt,synthetic,false,train_only
syn_ne_normal_ba_dc_xtym1_len4_0880,sft_train,numeric_equation,docs_numeric_equation_motif_override_traces_syn_ne_normal_ba_dc_xtym1_len4_0880_txt,synthetic,false,train_only
syn_ne_normal_ba_dc_xtym1_len4_0881,sft_train,numeric_equation,docs_numeric_equation_motif_override_traces_syn_ne_normal_ba_dc_xtym1_len4_0881_txt,synthetic,false,train_only
syn_ne_normal_ba_dc_xtym1_len4_0882,sft_train,numeric_equation,docs_numeric_equation_motif_override_traces_syn_ne_normal_ba_dc_xtym1_len4_0882_txt,synthetic,false,train_only
syn_ne_normal_ba_dc_xtym1_len4_0883,sft_train,numeric_equation,docs_numeric_equation_motif_override_traces_syn_ne_normal_ba_dc_xtym1_len4_0883_txt,synthetic,false,train_only
syn_ne_normal_ba_dc_xtym1_len4_0884,sft_train,numeric_equation,docs_numeric_equation_motif_override_traces_syn_ne_normal_ba_dc_xtym1_len4_0884_txt,synthetic,false,train_only
syn_ne_normal_ba_dc_xtym1_len4_0885,sft_train,numeric_equation,docs_numeric_equation_motif_override_traces_syn_ne_normal_ba_dc_xtym1_len4_0885_txt,synthetic,false,train_only
syn_ne_normal_ba_dc_xtym1_len4_0886,sft_train,numeric_equation,docs_numeric_equation_motif_override_traces_syn_ne_normal_ba_dc_xtym1_len4_0886_txt,synthetic,false,train_only
syn_ne_normal_ba_dc_xtym1_len4_0887,sft_train,numeric_equation,docs_numeric_equation_motif_override_traces_syn_ne_normal_ba_dc_xtym1_len4_0887_txt,synthetic,false,train_only
syn_ne_normal_ba_dc_xtym1_len4_0888,sft_train,numeric_equation,docs_numeric_equation_motif_override_traces_syn_ne_normal_ba_dc_xtym1_len4_0888_txt,synthetic,false,train_only
syn_ne_normal_ba_dc_xtym1_len4_0889,sft_train,numeric_equation,docs_numeric_equation_motif_override_traces_syn_ne_normal_ba_dc_xtym1_len4_0889_txt,synthetic,false,train_only
syn_ne_normal_ba_dc_xtym1_len4_0890,sft_train,numeric_equation,docs_numeric_equation_motif_override_traces_syn_ne_normal_ba_dc_xtym1_len4_0890_txt,synthetic,false,train_only
syn_ne_normal_ba_dc_xtyp1_len34_0734,sft_train,numeric_equation,docs_numeric_equation_motif_override_traces_syn_ne_normal_ba_dc_xtyp1_len34_0734_txt,synthetic,false,train_only
syn_ne_normal_ba_dc_xtyp1_len34_0735,sft_train,numeric_equation,docs_numeric_equation_motif_override_traces_syn_ne_normal_ba_dc_xtyp1_len34_0735_txt,synthetic,false,train_only
syn_ne_normal_ba_dc_xtyp1_len34_0736,sft_train,numeric_equation,docs_numeric_equation_motif_override_traces_syn_ne_normal_ba_dc_xtyp1_len34_0736_txt,synthetic,false,train_only
syn_ne_normal_ba_dc_xtyp1_len34_0737,sft_train,numeric_equation,docs_numeric_equation_motif_override_traces_syn_ne_normal_ba_dc_xtyp1_len34_0737_txt,synthetic,false,train_only
syn_ne_normal_ba_dc_xtyp1_len34_0738,sft_train,numeric_equation,docs_numeric_equation_motif_override_traces_syn_ne_normal_ba_dc_xtyp1_len34_0738_txt,synthetic,false,train_only
syn_ne_normal_ba_dc_xtyp1_len34_0739,sft_train,numeric_equation,docs_numeric_equation_motif_override_traces_syn_ne_normal_ba_dc_xtyp1_len34_0739_txt,synthetic,false,train_only
syn_ne_normal_ba_dc_xtyp1_len34_0740,sft_train,numeric_equation,docs_numeric_equation_motif_override_traces_syn_ne_normal_ba_dc_xtyp1_len34_0740_txt,synthetic,false,train_only
syn_ne_normal_ba_dc_xtyp1_len34_0741,sft_train,numeric_equation,docs_numeric_equation_motif_override_traces_syn_ne_normal_ba_dc_xtyp1_len34_0741_txt,synthetic,false,train_only
syn_ne_normal_ba_dc_xtyp1_len34_0742,sft_train,numeric_equation,docs_numeric_equation_motif_override_traces_syn_ne_normal_ba_dc_xtyp1_len34_0742_txt,synthetic,false,train_only
syn_ne_normal_ba_dc_xtyp1_len34_0743,sft_train,numeric_equation,docs_numeric_equation_motif_override_traces_syn_ne_normal_ba_dc_xtyp1_len34_0743_txt,synthetic,false,train_only
syn_ne_normal_ba_dc_xtyp1_len34_0744,sft_train,numeric_equation,docs_numeric_equation_motif_override_traces_syn_ne_normal_ba_dc_xtyp1_len34_0744_txt,synthetic,false,train_only
syn_ne_normal_ba_dc_xtyp1_len34_0745,sft_train,numeric_equation,docs_numeric_equation_motif_override_traces_syn_ne_normal_ba_dc_xtyp1_len34_0745_txt,synthetic,false,train_only
syn_ne_normal_ba_dc_xtyp1_len34_0746,sft_train,numeric_equation,docs_numeric_equation_motif_override_traces_syn_ne_normal_ba_dc_xtyp1_len34_0746_txt,synthetic,false,train_only
syn_ne_normal_ba_dc_xtyp1_len34_0747,sft_train,numeric_equation,docs_numeric_equation_motif_override_traces_syn_ne_normal_ba_dc_xtyp1_len34_0747_txt,synthetic,false,train_only
syn_ne_normal_ba_dc_xtyp1_len34_0748,sft_train,numeric_equation,docs_numeric_equation_motif_override_traces_syn_ne_normal_ba_dc_xtyp1_len34_0748_txt,synthetic,false,train_only
syn_ne_normal_ba_dc_xtyp1_len34_0749,sft_train,numeric_equation,docs_numeric_equation_motif_override_traces_syn_ne_normal_ba_dc_xtyp1_len34_0749_txt,synthetic,false,train_only
syn_ne_normal_ba_dc_xtyp1_len34_0750,sft_train,numeric_equation,docs_numeric_equation_motif_override_traces_syn_ne_normal_ba_dc_xtyp1_len34_0750_txt,synthetic,false,train_only
syn_ne_normal_ba_dc_xtyp1_len34_0751,sft_train,numeric_equation,docs_numeric_equation_motif_override_traces_syn_ne_normal_ba_dc_xtyp1_len34_0751_txt,synthetic,false,train_only
syn_ne_normal_ba_dc_xtyp1_len34_0752,sft_train,numeric_equation,docs_numeric_equation_motif_override_traces_syn_ne_normal_ba_dc_xtyp1_len34_0752_txt,synthetic,false,train_only
syn_ne_normal_ba_dc_xtyp1_len34_0753,sft_train,numeric_equation,docs_numeric_equation_motif_override_traces_syn_ne_normal_ba_dc_xtyp1_len34_0753_txt,synthetic,false,train_only
syn_ne_normal_ba_dc_xtyp1_len34_0754,sft_train,numeric_equation,docs_numeric_equation_motif_override_traces_syn_ne_normal_ba_dc_xtyp1_len34_0754_txt,synthetic,false,train_only
syn_ne_normal_ba_dc_xtyp1_len34_0755,sft_train,numeric_equation,docs_numeric_equation_motif_override_traces_syn_ne_normal_ba_dc_xtyp1_len34_0755_txt,synthetic,false,train_only
syn_ne_normal_ba_dc_xtyp1_len34_0756,sft_train,numeric_equation,docs_numeric_equation_motif_override_traces_syn_ne_normal_ba_dc_xtyp1_len34_0756_txt,synthetic,false,train_only
syn_ne_normal_ba_dc_xtyp1_len34_0757,sft_train,numeric_equation,docs_numeric_equation_motif_override_traces_syn_ne_normal_ba_dc_xtyp1_len34_0757_txt,synthetic,false,train_only
syn_ne_normal_ba_dc_xtyp1_len34_0758,sft_train,numeric_equation,docs_numeric_equation_motif_override_traces_syn_ne_normal_ba_dc_xtyp1_len34_0758_txt,synthetic,false,train_only
syn_ne_normal_ba_dc_xtyp1_len34_0759,sft_train,numeric_equation,docs_numeric_equation_motif_override_traces_syn_ne_normal_ba_dc_xtyp1_len34_0759_txt,synthetic,false,train_only
syn_ne_normal_ba_dc_xtyp1_len34_0760,sft_train,numeric_equation,docs_numeric_equation_motif_override_traces_syn_ne_normal_ba_dc_xtyp1_len34_0760_txt,synthetic,false,train_only
syn_ne_normal_ba_dc_xtyp1_len34_0761,sft_train,numeric_equation,docs_numeric_equation_motif_override_traces_syn_ne_normal_ba_dc_xtyp1_len34_0761_txt,synthetic,false,train_only
syn_ne_normal_ba_dc_xtyp1_len4_0762,sft_train,numeric_equation,docs_numeric_equation_motif_override_traces_syn_ne_normal_ba_dc_xtyp1_len4_0762_txt,synthetic,false,train_only
syn_ne_normal_ba_dc_xtyp1_len4_0763,sft_train,numeric_equation,docs_numeric_equation_motif_override_traces_syn_ne_normal_ba_dc_xtyp1_len4_0763_txt,synthetic,false,train_only
syn_ne_normal_ba_dc_xtyp1_len4_0764,sft_train,numeric_equation,docs_numeric_equation_motif_override_traces_syn_ne_normal_ba_dc_xtyp1_len4_0764_txt,synthetic,false,train_only
syn_ne_normal_ba_dc_xtyp1_len4_0765,sft_train,numeric_equation,docs_numeric_equation_motif_override_traces_syn_ne_normal_ba_dc_xtyp1_len4_0765_txt,synthetic,false,train_only
syn_ne_normal_ba_dc_xtyp1_len4_0766,sft_train,numeric_equation,docs_numeric_equation_motif_override_traces_syn_ne_normal_ba_dc_xtyp1_len4_0766_txt,synthetic,false,train_only
syn_ne_normal_ba_dc_xtyp1_len4_0767,sft_train,numeric_equation,docs_numeric_equation_motif_override_traces_syn_ne_normal_ba_dc_xtyp1_len4_0767_txt,synthetic,false,train_only
syn_ne_normal_ba_dc_xtyp1_len4_0768,sft_train,numeric_equation,docs_numeric_equation_motif_override_traces_syn_ne_normal_ba_dc_xtyp1_len4_0768_txt,synthetic,false,train_only
syn_ne_normal_ba_dc_xtyp1_len4_0769,sft_train,numeric_equation,docs_numeric_equation_motif_override_traces_syn_ne_normal_ba_dc_xtyp1_len4_0769_txt,synthetic,false,train_only
syn_ne_normal_ba_dc_xtyp1_len4_0770,sft_train,numeric_equation,docs_numeric_equation_motif_override_traces_syn_ne_normal_ba_dc_xtyp1_len4_0770_txt,synthetic,false,train_only
syn_ne_normal_ba_dc_xtyp1_len4_0771,sft_train,numeric_equation,docs_numeric_equation_motif_override_traces_syn_ne_normal_ba_dc_xtyp1_len4_0771_txt,synthetic,false,train_only
syn_ne_normal_ba_dc_xtyp1_len4_0772,sft_train,numeric_equation,docs_numeric_equation_motif_override_traces_syn_ne_normal_ba_dc_xtyp1_len4_0772_txt,synthetic,false,train_only
syn_ne_normal_ba_dc_xtyp1_len4_0773,sft_train,numeric_equation,docs_numeric_equation_motif_override_traces_syn_ne_normal_ba_dc_xtyp1_len4_0773_txt,synthetic,false,train_only
syn_ne_normal_ba_dc_xtyp1_len4_0774,sft_train,numeric_equation,docs_numeric_equation_motif_override_traces_syn_ne_normal_ba_dc_xtyp1_len4_0774_txt,synthetic,false,train_only
syn_ne_normal_ba_dc_xtyp1_len4_0775,sft_train,numeric_equation,docs_numeric_equation_motif_override_traces_syn_ne_normal_ba_dc_xtyp1_len4_0775_txt,synthetic,false,train_only
syn_ne_normal_ba_dc_xtyp1_len4_0776,sft_train,numeric_equation,docs_numeric_equation_motif_override_traces_syn_ne_normal_ba_dc_xtyp1_len4_0776_txt,synthetic,false,train_only
syn_ne_normal_ba_dc_xtyp1_len4_0777,sft_train,numeric_equation,docs_numeric_equation_motif_override_traces_syn_ne_normal_ba_dc_xtyp1_len4_0777_txt,synthetic,false,train_only
syn_ne_normal_ba_dc_xtyp1_len4_0778,sft_train,numeric_equation,docs_numeric_equation_motif_override_traces_syn_ne_normal_ba_dc_xtyp1_len4_0778_txt,synthetic,false,train_only
syn_ne_normal_ba_dc_xtyp1_len4_0779,sft_train,numeric_equation,docs_numeric_equation_motif_override_traces_syn_ne_normal_ba_dc_xtyp1_len4_0779_txt,synthetic,false,train_only
syn_ne_normal_ba_dc_xtyp1_len4_0780,sft_train,numeric_equation,docs_numeric_equation_motif_override_traces_syn_ne_normal_ba_dc_xtyp1_len4_0780_txt,synthetic,false,train_only
syn_ne_normal_ba_dc_xtyp1_len4_0781,sft_train,numeric_equation,docs_numeric_equation_motif_override_traces_syn_ne_normal_ba_dc_xtyp1_len4_0781_txt,synthetic,false,train_only
syn_ne_normal_ba_dc_xtyp1_len4_0782,sft_train,numeric_equation,docs_numeric_equation_motif_override_traces_syn_ne_normal_ba_dc_xtyp1_len4_0782_txt,synthetic,false,train_only
syn_ne_normal_ba_dc_xtyp1_len4_0783,sft_train,numeric_equation,docs_numeric_equation_motif_override_traces_syn_ne_normal_ba_dc_xtyp1_len4_0783_txt,synthetic,false,train_only
syn_ne_normal_ba_dc_xtyp1_len4_0784,sft_train,numeric_equation,docs_numeric_equation_motif_override_traces_syn_ne_normal_ba_dc_xtyp1_len4_0784_txt,synthetic,false,train_only
syn_ne_normal_ba_dc_xtyp1_len4_0785,sft_train,numeric_equation,docs_numeric_equation_motif_override_traces_syn_ne_normal_ba_dc_xtyp1_len4_0785_txt,synthetic,false,train_only
syn_ne_normal_ba_dc_xtyp1_len4_0786,sft_train,numeric_equation,docs_numeric_equation_motif_override_traces_syn_ne_normal_ba_dc_xtyp1_len4_0786_txt,synthetic,false,train_only
syn_ne_normal_ba_dc_xtyp1_len4_0787,sft_train,numeric_equation,docs_numeric_equation_motif_override_traces_syn_ne_normal_ba_dc_xtyp1_len4_0787_txt,synthetic,false,train_only
syn_ne_normal_ba_dc_xtyp1_len4_0788,sft_train,numeric_equation,docs_numeric_equation_motif_override_traces_syn_ne_normal_ba_dc_xtyp1_len4_0788_txt,synthetic,false,train_only
syn_ne_normal_ba_dc_xtyp1_len4_0789,sft_train,numeric_equation,docs_numeric_equation_motif_override_traces_syn_ne_normal_ba_dc_xtyp1_len4_0789_txt,synthetic,false,train_only
syn_ne_normal_ba_dc_xtyp1_len4_0790,sft_train,numeric_equation,docs_numeric_equation_motif_override_traces_syn_ne_normal_ba_dc_xtyp1_len4_0790_txt,synthetic,false,train_only
syn_ne_normal_ba_dc_xtyp1_len4_0791,sft_train,numeric_equation,docs_numeric_equation_motif_override_traces_syn_ne_normal_ba_dc_xtyp1_len4_0791_txt,synthetic,false,train_only
syn_ne_normal_ba_dc_xtyp1_len4_0792,sft_train,numeric_equation,docs_numeric_equation_motif_override_traces_syn_ne_normal_ba_dc_xtyp1_len4_0792_txt,synthetic,false,train_only
syn_ne_normal_ba_dc_xtyp1_len4_0793,sft_train,numeric_equation,docs_numeric_equation_motif_override_traces_syn_ne_normal_ba_dc_xtyp1_len4_0793_txt,synthetic,false,train_only
syn_ne_normal_ba_dc_ymx_len12_1365,sft_train,numeric_equation,docs_numeric_equation_motif_override_traces_syn_ne_normal_ba_dc_ymx_len12_1365_txt,synthetic,false,train_only
syn_ne_normal_ba_dc_ymx_len12_1366,sft_train,numeric_equation,docs_numeric_equation_motif_override_traces_syn_ne_normal_ba_dc_ymx_len12_1366_txt,synthetic,false,train_only
syn_ne_normal_ba_dc_ymx_len12_1367,sft_train,numeric_equation,docs_numeric_equation_motif_override_traces_syn_ne_normal_ba_dc_ymx_len12_1367_txt,synthetic,false,train_only
syn_ne_normal_ba_dc_ymx_len12_1368,sft_train,numeric_equation,docs_numeric_equation_motif_override_traces_syn_ne_normal_ba_dc_ymx_len12_1368_txt,synthetic,false,train_only
syn_ne_normal_ba_dc_ymx_len12_1369,sft_train,numeric_equation,docs_numeric_equation_motif_override_traces_syn_ne_normal_ba_dc_ymx_len12_1369_txt,synthetic,false,train_only
syn_ne_normal_ba_dc_ymx_len12_1370,sft_train,numeric_equation,docs_numeric_equation_motif_override_traces_syn_ne_normal_ba_dc_ymx_len12_1370_txt,synthetic,false,train_only
syn_ne_normal_ba_dc_ymx_len12_1371,sft_train,numeric_equation,docs_numeric_equation_motif_override_traces_syn_ne_normal_ba_dc_ymx_len12_1371_txt,synthetic,false,train_only
syn_ne_normal_ba_dc_ymx_len12_1372,sft_train,numeric_equation,docs_numeric_equation_motif_override_traces_syn_ne_normal_ba_dc_ymx_len12_1372_txt,synthetic,false,train_only
syn_ne_normal_ba_dc_ymx_len12_1373,sft_train,numeric_equation,docs_numeric_equation_motif_override_traces_syn_ne_normal_ba_dc_ymx_len12_1373_txt,synthetic,false,train_only
syn_ne_normal_ba_dc_ymx_len12_1374,sft_train,numeric_equation,docs_numeric_equation_motif_override_traces_syn_ne_normal_ba_dc_ymx_len12_1374_txt,synthetic,false,train_only
syn_ne_normal_ba_dc_ymx_len12_1375,sft_train,numeric_equation,docs_numeric_equation_motif_override_traces_syn_ne_normal_ba_dc_ymx_len12_1375_txt,synthetic,false,train_only
syn_ne_normal_ba_dc_ymx_len12_1376,sft_train,numeric_equation,docs_numeric_equation_motif_override_traces_syn_ne_normal_ba_dc_ymx_len12_1376_txt,synthetic,false,train_only
syn_ne_normal_ba_dc_ymx_len12_1377,sft_train,numeric_equation,docs_numeric_equation_motif_override_traces_syn_ne_normal_ba_dc_ymx_len12_1377_txt,synthetic,false,train_only
syn_ne_normal_ba_dc_ymx_len12_1378,sft_train,numeric_equation,docs_numeric_equation_motif_override_traces_syn_ne_normal_ba_dc_ymx_len12_1378_txt,synthetic,false,train_only
syn_ne_normal_ba_dc_ymx_len12_1379,sft_train,numeric_equation,docs_numeric_equation_motif_override_traces_syn_ne_normal_ba_dc_ymx_len12_1379_txt,synthetic,false,train_only
syn_ne_normal_ba_dc_ymx_len12_1380,sft_train,numeric_equation,docs_numeric_equation_motif_override_traces_syn_ne_normal_ba_dc_ymx_len12_1380_txt,synthetic,false,train_only
syn_ne_normal_ba_dc_ymx_len12_1381,sft_train,numeric_equation,docs_numeric_equation_motif_override_traces_syn_ne_normal_ba_dc_ymx_len12_1381_txt,synthetic,false,train_only
syn_ne_normal_ba_dc_ymx_len12_1382,sft_train,numeric_equation,docs_numeric_equation_motif_override_traces_syn_ne_normal_ba_dc_ymx_len12_1382_txt,synthetic,false,train_only
syn_ne_normal_ba_dc_ymx_len12_1383,sft_train,numeric_equation,docs_numeric_equation_motif_override_traces_syn_ne_normal_ba_dc_ymx_len12_1383_txt,synthetic,false,train_only
syn_ne_normal_ba_dc_ymx_len12_1384,sft_train,numeric_equation,docs_numeric_equation_motif_override_traces_syn_ne_normal_ba_dc_ymx_len12_1384_txt,synthetic,false,train_only
syn_ne_normal_ba_dc_ymx_len12_1385,sft_train,numeric_equation,docs_numeric_equation_motif_override_traces_syn_ne_normal_ba_dc_ymx_len12_1385_txt,synthetic,false,train_only
syn_ne_normal_ba_dc_ymx_len12_1386,sft_train,numeric_equation,docs_numeric_equation_motif_override_traces_syn_ne_normal_ba_dc_ymx_len12_1386_txt,synthetic,false,train_only
syn_ne_normal_ba_dc_ymx_len12_1387,sft_train,numeric_equation,docs_numeric_equation_motif_override_traces_syn_ne_normal_ba_dc_ymx_len12_1387_txt,synthetic,false,train_only
syn_ne_normal_ba_dc_ymx_len12_1388,sft_train,numeric_equation,docs_numeric_equation_motif_override_traces_syn_ne_normal_ba_dc_ymx_len12_1388_txt,synthetic,false,train_only
syn_ne_normal_ba_dc_ymx_len12_1389,sft_train,numeric_equation,docs_numeric_equation_motif_override_traces_syn_ne_normal_ba_dc_ymx_len12_1389_txt,synthetic,false,train_only
syn_ne_normal_ba_dc_ymx_len12_1390,sft_train,numeric_equation,docs_numeric_equation_motif_override_traces_syn_ne_normal_ba_dc_ymx_len12_1390_txt,synthetic,false,train_only
syn_ne_normal_ba_dc_ymx_len12_1391,sft_train,numeric_equation,docs_numeric_equation_motif_override_traces_syn_ne_normal_ba_dc_ymx_len12_1391_txt,synthetic,false,train_only
syn_ne_normal_ba_dc_ymx_len12_1392,sft_train,numeric_equation,docs_numeric_equation_motif_override_traces_syn_ne_normal_ba_dc_ymx_len12_1392_txt,synthetic,false,train_only
syn_ne_normal_ba_dc_ymx_len12_1393,sft_train,numeric_equation,docs_numeric_equation_motif_override_traces_syn_ne_normal_ba_dc_ymx_len12_1393_txt,synthetic,false,train_only
syn_ne_normal_ba_dc_ymx_len12_1394,sft_train,numeric_equation,docs_numeric_equation_motif_override_traces_syn_ne_normal_ba_dc_ymx_len12_1394_txt,synthetic,false,train_only
syn_ne_normal_ba_dc_ymx_len12_1395,sft_train,numeric_equation,docs_numeric_equation_motif_override_traces_syn_ne_normal_ba_dc_ymx_len12_1395_txt,synthetic,false,train_only
syn_ne_policy_ab_cd_difference_first_common_0001,sft_train,numeric_equation,docs_numeric_equation_motif_override_traces_syn_ne_policy_ab_cd_difference_first_common_0001_txt,synthetic,false,train_only
syn_ne_policy_ab_cd_difference_first_common_0002,sft_train,numeric_equation,docs_numeric_equation_motif_override_traces_syn_ne_policy_ab_cd_difference_first_common_0002_txt,synthetic,false,train_only
syn_ne_policy_ab_cd_difference_first_common_0003,sft_train,numeric_equation,docs_numeric_equation_motif_override_traces_syn_ne_policy_ab_cd_difference_first_common_0003_txt,synthetic,false,train_only
syn_ne_policy_ab_cd_difference_first_common_0004,sft_train,numeric_equation,docs_numeric_equation_motif_override_traces_syn_ne_policy_ab_cd_difference_first_common_0004_txt,synthetic,false,train_only
syn_ne_policy_ab_cd_difference_first_common_0005,sft_train,numeric_equation,docs_numeric_equation_motif_override_traces_syn_ne_policy_ab_cd_difference_first_common_0005_txt,synthetic,false,train_only
syn_ne_policy_ab_cd_difference_first_common_0006,sft_train,numeric_equation,docs_numeric_equation_motif_override_traces_syn_ne_policy_ab_cd_difference_first_common_0006_txt,synthetic,false,train_only
syn_ne_policy_ab_cd_difference_first_common_0007,sft_train,numeric_equation,docs_numeric_equation_motif_override_traces_syn_ne_policy_ab_cd_difference_first_common_0007_txt,synthetic,false,train_only
syn_ne_policy_ab_cd_difference_first_common_0008,sft_train,numeric_equation,docs_numeric_equation_motif_override_traces_syn_ne_policy_ab_cd_difference_first_common_0008_txt,synthetic,false,train_only
syn_ne_policy_ab_cd_difference_first_common_0009,sft_train,numeric_equation,docs_numeric_equation_motif_override_traces_syn_ne_policy_ab_cd_difference_first_common_0009_txt,synthetic,false,train_only
syn_ne_policy_ab_cd_difference_first_common_0010,sft_train,numeric_equation,docs_numeric_equation_motif_override_traces_syn_ne_policy_ab_cd_difference_first_common_0010_txt,synthetic,false,train_only
syn_ne_policy_ab_cd_difference_first_common_0011,sft_train,numeric_equation,docs_numeric_equation_motif_override_traces_syn_ne_policy_ab_cd_difference_first_common_0011_txt,synthetic,false,train_only
syn_ne_policy_ab_cd_difference_first_common_0012,sft_train,numeric_equation,docs_numeric_equation_motif_override_traces_syn_ne_policy_ab_cd_difference_first_common_0012_txt,synthetic,false,train_only
syn_ne_policy_ab_cd_difference_first_common_0013,sft_train,numeric_equation,docs_numeric_equation_motif_override_traces_syn_ne_policy_ab_cd_difference_first_common_0013_txt,synthetic,false,train_only
syn_ne_policy_ab_cd_difference_first_common_0014,sft_train,numeric_equation,docs_numeric_equation_motif_override_traces_syn_ne_policy_ab_cd_difference_first_common_0014_txt,synthetic,false,train_only
syn_ne_policy_ab_cd_difference_first_common_0015,sft_train,numeric_equation,docs_numeric_equation_motif_override_traces_syn_ne_policy_ab_cd_difference_first_common_0015_txt,synthetic,false,train_only
syn_ne_policy_ab_cd_difference_first_common_0016,sft_train,numeric_equation,docs_numeric_equation_motif_override_traces_syn_ne_policy_ab_cd_difference_first_common_0016_txt,synthetic,false,train_only
syn_ne_policy_ab_cd_difference_first_common_0017,sft_train,numeric_equation,docs_numeric_equation_motif_override_traces_syn_ne_policy_ab_cd_difference_first_common_0017_txt,synthetic,false,train_only
syn_ne_policy_ab_cd_difference_first_common_0018,sft_train,numeric_equation,docs_numeric_equation_motif_override_traces_syn_ne_policy_ab_cd_difference_first_common_0018_txt,synthetic,false,train_only
syn_ne_policy_ab_cd_difference_first_common_0019,sft_train,numeric_equation,docs_numeric_equation_motif_override_traces_syn_ne_policy_ab_cd_difference_first_common_0019_txt,synthetic,false,train_only
syn_ne_policy_ab_cd_difference_first_common_0020,sft_train,numeric_equation,docs_numeric_equation_motif_override_traces_syn_ne_policy_ab_cd_difference_first_common_0020_txt,synthetic,false,train_only
syn_ne_policy_ab_cd_minmax_negative_prefix_0046,sft_train,numeric_equation,docs_numeric_equation_motif_override_traces_syn_ne_policy_ab_cd_minmax_negative_prefix_0046_txt,synthetic,false,train_only
syn_ne_policy_ab_cd_minmax_negative_prefix_0047,sft_train,numeric_equation,docs_numeric_equation_motif_override_traces_syn_ne_policy_ab_cd_minmax_negative_prefix_0047_txt,synthetic,false,train_only
syn_ne_policy_ab_cd_minmax_negative_prefix_0048,sft_train,numeric_equation,docs_numeric_equation_motif_override_traces_syn_ne_policy_ab_cd_minmax_negative_prefix_0048_txt,synthetic,false,train_only
syn_ne_policy_ab_cd_minmax_negative_prefix_0049,sft_train,numeric_equation,docs_numeric_equation_motif_override_traces_syn_ne_policy_ab_cd_minmax_negative_prefix_0049_txt,synthetic,false,train_only
syn_ne_policy_ab_cd_minmax_negative_prefix_0050,sft_train,numeric_equation,docs_numeric_equation_motif_override_traces_syn_ne_policy_ab_cd_minmax_negative_prefix_0050_txt,synthetic,false,train_only
syn_ne_policy_ab_cd_minmax_negative_prefix_0051,sft_train,numeric_equation,docs_numeric_equation_motif_override_traces_syn_ne_policy_ab_cd_minmax_negative_prefix_0051_txt,synthetic,false,train_only
syn_ne_policy_ab_cd_minmax_negative_prefix_0052,sft_train,numeric_equation,docs_numeric_equation_motif_override_traces_syn_ne_policy_ab_cd_minmax_negative_prefix_0052_txt,synthetic,false,train_only
syn_ne_policy_ab_cd_minmax_negative_prefix_0053,sft_train,numeric_equation,docs_numeric_equation_motif_override_traces_syn_ne_policy_ab_cd_minmax_negative_prefix_0053_txt,synthetic,false,train_only
syn_ne_policy_ab_cd_minmax_negative_prefix_0054,sft_train,numeric_equation,docs_numeric_equation_motif_override_traces_syn_ne_policy_ab_cd_minmax_negative_prefix_0054_txt,synthetic,false,train_only
syn_ne_policy_ab_cd_minmax_negative_prefix_0055,sft_train,numeric_equation,docs_numeric_equation_motif_override_traces_syn_ne_policy_ab_cd_minmax_negative_prefix_0055_txt,synthetic,false,train_only
syn_ne_policy_ab_cd_x_y_negative_prefix_0021,sft_train,numeric_equation,docs_numeric_equation_motif_override_traces_syn_ne_policy_ab_cd_x_y_negative_prefix_0021_txt,synthetic,false,train_only
syn_ne_policy_ab_cd_x_y_negative_prefix_0022,sft_train,numeric_equation,docs_numeric_equation_motif_override_traces_syn_ne_policy_ab_cd_x_y_negative_prefix_0022_txt,synthetic,false,train_only
syn_ne_policy_ab_cd_x_y_negative_prefix_0023,sft_train,numeric_equation,docs_numeric_equation_motif_override_traces_syn_ne_policy_ab_cd_x_y_negative_prefix_0023_txt,synthetic,false,train_only
syn_ne_policy_ab_cd_x_y_negative_prefix_0024,sft_train,numeric_equation,docs_numeric_equation_motif_override_traces_syn_ne_policy_ab_cd_x_y_negative_prefix_0024_txt,synthetic,false,train_only
syn_ne_policy_ab_cd_x_y_negative_prefix_0025,sft_train,numeric_equation,docs_numeric_equation_motif_override_traces_syn_ne_policy_ab_cd_x_y_negative_prefix_0025_txt,synthetic,false,train_only
syn_ne_policy_ab_cd_x_y_negative_prefix_0026,sft_train,numeric_equation,docs_numeric_equation_motif_override_traces_syn_ne_policy_ab_cd_x_y_negative_prefix_0026_txt,synthetic,false,train_only
syn_ne_policy_ab_cd_x_y_negative_prefix_0027,sft_train,numeric_equation,docs_numeric_equation_motif_override_traces_syn_ne_policy_ab_cd_x_y_negative_prefix_0027_txt,synthetic,false,train_only
syn_ne_policy_ab_cd_x_y_negative_prefix_0028,sft_train,numeric_equation,docs_numeric_equation_motif_override_traces_syn_ne_policy_ab_cd_x_y_negative_prefix_0028_txt,synthetic,false,train_only
syn_ne_policy_ab_cd_x_y_negative_prefix_0029,sft_train,numeric_equation,docs_numeric_equation_motif_override_traces_syn_ne_policy_ab_cd_x_y_negative_prefix_0029_txt,synthetic,false,train_only
syn_ne_policy_ab_cd_x_y_negative_prefix_0030,sft_train,numeric_equation,docs_numeric_equation_motif_override_traces_syn_ne_policy_ab_cd_x_y_negative_prefix_0030_txt,synthetic,false,train_only
syn_ne_policy_ab_cd_x_y_negative_prefix_0031,sft_train,numeric_equation,docs_numeric_equation_motif_override_traces_syn_ne_policy_ab_cd_x_y_negative_prefix_0031_txt,synthetic,false,train_only
syn_ne_policy_ab_cd_x_y_negative_prefix_0032,sft_train,numeric_equation,docs_numeric_equation_motif_override_traces_syn_ne_policy_ab_cd_x_y_negative_prefix_0032_txt,synthetic,false,train_only
syn_ne_policy_ab_cd_x_y_negative_prefix_0033,sft_train,numeric_equation,docs_numeric_equation_motif_override_traces_syn_ne_policy_ab_cd_x_y_negative_prefix_0033_txt,synthetic,false,train_only
syn_ne_policy_ab_cd_x_y_negative_prefix_0034,sft_train,numeric_equation,docs_numeric_equation_motif_override_traces_syn_ne_policy_ab_cd_x_y_negative_prefix_0034_txt,synthetic,false,train_only
syn_ne_policy_ab_cd_x_y_negative_prefix_0035,sft_train,numeric_equation,docs_numeric_equation_motif_override_traces_syn_ne_policy_ab_cd_x_y_negative_prefix_0035_txt,synthetic,false,train_only
syn_ne_policy_ab_cd_y_x_negative_suffix_0036,sft_train,numeric_equation,docs_numeric_equation_motif_override_traces_syn_ne_policy_ab_cd_y_x_negative_suffix_0036_txt,synthetic,false,train_only
syn_ne_policy_ab_cd_y_x_negative_suffix_0037,sft_train,numeric_equation,docs_numeric_equation_motif_override_traces_syn_ne_policy_ab_cd_y_x_negative_suffix_0037_txt,synthetic,false,train_only
syn_ne_policy_ab_cd_y_x_negative_suffix_0038,sft_train,numeric_equation,docs_numeric_equation_motif_override_traces_syn_ne_policy_ab_cd_y_x_negative_suffix_0038_txt,synthetic,false,train_only
syn_ne_policy_ab_cd_y_x_negative_suffix_0039,sft_train,numeric_equation,docs_numeric_equation_motif_override_traces_syn_ne_policy_ab_cd_y_x_negative_suffix_0039_txt,synthetic,false,train_only
syn_ne_policy_ab_cd_y_x_negative_suffix_0040,sft_train,numeric_equation,docs_numeric_equation_motif_override_traces_syn_ne_policy_ab_cd_y_x_negative_suffix_0040_txt,synthetic,false,train_only
syn_ne_policy_ab_cd_y_x_negative_suffix_0041,sft_train,numeric_equation,docs_numeric_equation_motif_override_traces_syn_ne_policy_ab_cd_y_x_negative_suffix_0041_txt,synthetic,false,train_only
syn_ne_policy_ab_cd_y_x_negative_suffix_0042,sft_train,numeric_equation,docs_numeric_equation_motif_override_traces_syn_ne_policy_ab_cd_y_x_negative_suffix_0042_txt,synthetic,false,train_only
syn_ne_policy_ab_cd_y_x_negative_suffix_0043,sft_train,numeric_equation,docs_numeric_equation_motif_override_traces_syn_ne_policy_ab_cd_y_x_negative_suffix_0043_txt,synthetic,false,train_only
syn_ne_policy_ab_cd_y_x_negative_suffix_0044,sft_train,numeric_equation,docs_numeric_equation_motif_override_traces_syn_ne_policy_ab_cd_y_x_negative_suffix_0044_txt,synthetic,false,train_only
syn_ne_policy_ab_cd_y_x_negative_suffix_0045,sft_train,numeric_equation,docs_numeric_equation_motif_override_traces_syn_ne_policy_ab_cd_y_x_negative_suffix_0045_txt,synthetic,false,train_only
syn_ne_policy_ba_dc_non_difference_voting_0096,sft_train,numeric_equation,docs_numeric_equation_motif_override_traces_syn_ne_policy_ba_dc_non_difference_voting_0096_txt,synthetic,false,train_only
syn_ne_policy_ba_dc_non_difference_voting_0097,sft_train,numeric_equation,docs_numeric_equation_motif_override_traces_syn_ne_policy_ba_dc_non_difference_voting_0097_txt,synthetic,false,train_only
syn_ne_policy_ba_dc_non_difference_voting_0098,sft_train,numeric_equation,docs_numeric_equation_motif_override_traces_syn_ne_policy_ba_dc_non_difference_voting_0098_txt,synthetic,false,train_only
syn_ne_policy_ba_dc_non_difference_voting_0099,sft_train,numeric_equation,docs_numeric_equation_motif_override_traces_syn_ne_policy_ba_dc_non_difference_voting_0099_txt,synthetic,false,train_only
syn_ne_policy_ba_dc_non_difference_voting_0100,sft_train,numeric_equation,docs_numeric_equation_motif_override_traces_syn_ne_policy_ba_dc_non_difference_voting_0100_txt,synthetic,false,train_only
syn_ne_policy_ba_dc_non_difference_voting_0101,sft_train,numeric_equation,docs_numeric_equation_motif_override_traces_syn_ne_policy_ba_dc_non_difference_voting_0101_txt,synthetic,false,train_only
syn_ne_policy_ba_dc_non_difference_voting_0102,sft_train,numeric_equation,docs_numeric_equation_motif_override_traces_syn_ne_policy_ba_dc_non_difference_voting_0102_txt,synthetic,false,train_only
syn_ne_policy_ba_dc_non_difference_voting_0103,sft_train,numeric_equation,docs_numeric_equation_motif_override_traces_syn_ne_policy_ba_dc_non_difference_voting_0103_txt,synthetic,false,train_only
syn_ne_policy_ba_dc_non_difference_voting_0104,sft_train,numeric_equation,docs_numeric_equation_motif_override_traces_syn_ne_policy_ba_dc_non_difference_voting_0104_txt,synthetic,false,train_only
syn_ne_policy_ba_dc_non_difference_voting_0105,sft_train,numeric_equation,docs_numeric_equation_motif_override_traces_syn_ne_policy_ba_dc_non_difference_voting_0105_txt,synthetic,false,train_only
syn_ne_policy_ba_dc_non_difference_voting_0106,sft_train,numeric_equation,docs_numeric_equation_motif_override_traces_syn_ne_policy_ba_dc_non_difference_voting_0106_txt,synthetic,false,train_only
syn_ne_policy_ba_dc_non_difference_voting_0107,sft_train,numeric_equation,docs_numeric_equation_motif_override_traces_syn_ne_policy_ba_dc_non_difference_voting_0107_txt,synthetic,false,train_only
syn_ne_policy_ba_dc_non_difference_voting_0108,sft_train,numeric_equation,docs_numeric_equation_motif_override_traces_syn_ne_policy_ba_dc_non_difference_voting_0108_txt,synthetic,false,train_only
syn_ne_policy_ba_dc_non_difference_voting_0109,sft_train,numeric_equation,docs_numeric_equation_motif_override_traces_syn_ne_policy_ba_dc_non_difference_voting_0109_txt,synthetic,false,train_only
syn_ne_policy_ba_dc_non_difference_voting_0110,sft_train,numeric_equation,docs_numeric_equation_motif_override_traces_syn_ne_policy_ba_dc_non_difference_voting_0110_txt,synthetic,false,train_only
syn_ne_policy_ba_dc_x_y_negative_prefix_0056,sft_train,numeric_equation,docs_numeric_equation_motif_override_traces_syn_ne_policy_ba_dc_x_y_negative_prefix_0056_txt,synthetic,false,train_only
syn_ne_policy_ba_dc_x_y_negative_prefix_0057,sft_train,numeric_equation,docs_numeric_equation_motif_override_traces_syn_ne_policy_ba_dc_x_y_negative_prefix_0057_txt,synthetic,false,train_only
syn_ne_policy_ba_dc_x_y_negative_prefix_0058,sft_train,numeric_equation,docs_numeric_equation_motif_override_traces_syn_ne_policy_ba_dc_x_y_negative_prefix_0058_txt,synthetic,false,train_only
syn_ne_policy_ba_dc_x_y_negative_prefix_0059,sft_train,numeric_equation,docs_numeric_equation_motif_override_traces_syn_ne_policy_ba_dc_x_y_negative_prefix_0059_txt,synthetic,false,train_only
syn_ne_policy_ba_dc_x_y_negative_prefix_0060,sft_train,numeric_equation,docs_numeric_equation_motif_override_traces_syn_ne_policy_ba_dc_x_y_negative_prefix_0060_txt,synthetic,false,train_only
syn_ne_policy_ba_dc_x_y_negative_prefix_0061,sft_train,numeric_equation,docs_numeric_equation_motif_override_traces_syn_ne_policy_ba_dc_x_y_negative_prefix_0061_txt,synthetic,false,train_only
syn_ne_policy_ba_dc_x_y_negative_prefix_0062,sft_train,numeric_equation,docs_numeric_equation_motif_override_traces_syn_ne_policy_ba_dc_x_y_negative_prefix_0062_txt,synthetic,false,train_only
syn_ne_policy_ba_dc_x_y_negative_prefix_0063,sft_train,numeric_equation,docs_numeric_equation_motif_override_traces_syn_ne_policy_ba_dc_x_y_negative_prefix_0063_txt,synthetic,false,train_only
syn_ne_policy_ba_dc_x_y_negative_prefix_0064,sft_train,numeric_equation,docs_numeric_equation_motif_override_traces_syn_ne_policy_ba_dc_x_y_negative_prefix_0064_txt,synthetic,false,train_only
syn_ne_policy_ba_dc_x_y_negative_prefix_0065,sft_train,numeric_equation,docs_numeric_equation_motif_override_traces_syn_ne_policy_ba_dc_x_y_negative_prefix_0065_txt,synthetic,false,train_only
syn_ne_policy_ba_dc_x_y_negative_prefix_0066,sft_train,numeric_equation,docs_numeric_equation_motif_override_traces_syn_ne_policy_ba_dc_x_y_negative_prefix_0066_txt,synthetic,false,train_only
syn_ne_policy_ba_dc_x_y_negative_prefix_0067,sft_train,numeric_equation,docs_numeric_equation_motif_override_traces_syn_ne_policy_ba_dc_x_y_negative_prefix_0067_txt,synthetic,false,train_only
syn_ne_policy_ba_dc_x_y_negative_prefix_0068,sft_train,numeric_equation,docs_numeric_equation_motif_override_traces_syn_ne_policy_ba_dc_x_y_negative_prefix_0068_txt,synthetic,false,train_only
syn_ne_policy_ba_dc_x_y_negative_prefix_0069,sft_train,numeric_equation,docs_numeric_equation_motif_override_traces_syn_ne_policy_ba_dc_x_y_negative_prefix_0069_txt,synthetic,false,train_only
syn_ne_policy_ba_dc_x_y_negative_prefix_0070,sft_train,numeric_equation,docs_numeric_equation_motif_override_traces_syn_ne_policy_ba_dc_x_y_negative_prefix_0070_txt,synthetic,false,train_only
syn_ne_policy_ba_dc_x_y_negative_prefix_0071,sft_train,numeric_equation,docs_numeric_equation_motif_override_traces_syn_ne_policy_ba_dc_x_y_negative_prefix_0071_txt,synthetic,false,train_only
syn_ne_policy_ba_dc_x_y_negative_prefix_0072,sft_train,numeric_equation,docs_numeric_equation_motif_override_traces_syn_ne_policy_ba_dc_x_y_negative_prefix_0072_txt,synthetic,false,train_only
syn_ne_policy_ba_dc_x_y_negative_prefix_0073,sft_train,numeric_equation,docs_numeric_equation_motif_override_traces_syn_ne_policy_ba_dc_x_y_negative_prefix_0073_txt,synthetic,false,train_only
syn_ne_policy_ba_dc_x_y_negative_prefix_0074,sft_train,numeric_equation,docs_numeric_equation_motif_override_traces_syn_ne_policy_ba_dc_x_y_negative_prefix_0074_txt,synthetic,false,train_only
syn_ne_policy_ba_dc_x_y_negative_prefix_0075,sft_train,numeric_equation,docs_numeric_equation_motif_override_traces_syn_ne_policy_ba_dc_x_y_negative_prefix_0075_txt,synthetic,false,train_only
syn_ne_policy_ba_dc_x_y_positive_voting_0076,sft_train,numeric_equation,docs_numeric_equation_motif_override_traces_syn_ne_policy_ba_dc_x_y_positive_voting_0076_txt,synthetic,false,train_only
syn_ne_policy_ba_dc_x_y_positive_voting_0077,sft_train,numeric_equation,docs_numeric_equation_motif_override_traces_syn_ne_policy_ba_dc_x_y_positive_voting_0077_txt,synthetic,false,train_only
syn_ne_policy_ba_dc_x_y_positive_voting_0078,sft_train,numeric_equation,docs_numeric_equation_motif_override_traces_syn_ne_policy_ba_dc_x_y_positive_voting_0078_txt,synthetic,false,train_only
syn_ne_policy_ba_dc_x_y_positive_voting_0079,sft_train,numeric_equation,docs_numeric_equation_motif_override_traces_syn_ne_policy_ba_dc_x_y_positive_voting_0079_txt,synthetic,false,train_only
syn_ne_policy_ba_dc_x_y_positive_voting_0080,sft_train,numeric_equation,docs_numeric_equation_motif_override_traces_syn_ne_policy_ba_dc_x_y_positive_voting_0080_txt,synthetic,false,train_only
syn_ne_policy_ba_dc_x_y_positive_voting_0081,sft_train,numeric_equation,docs_numeric_equation_motif_override_traces_syn_ne_policy_ba_dc_x_y_positive_voting_0081_txt,synthetic,false,train_only
syn_ne_policy_ba_dc_x_y_positive_voting_0082,sft_train,numeric_equation,docs_numeric_equation_motif_override_traces_syn_ne_policy_ba_dc_x_y_positive_voting_0082_txt,synthetic,false,train_only
syn_ne_policy_ba_dc_x_y_positive_voting_0083,sft_train,numeric_equation,docs_numeric_equation_motif_override_traces_syn_ne_policy_ba_dc_x_y_positive_voting_0083_txt,synthetic,false,train_only
syn_ne_policy_ba_dc_x_y_positive_voting_0084,sft_train,numeric_equation,docs_numeric_equation_motif_override_traces_syn_ne_policy_ba_dc_x_y_positive_voting_0084_txt,synthetic,false,train_only
syn_ne_policy_ba_dc_x_y_positive_voting_0085,sft_train,numeric_equation,docs_numeric_equation_motif_override_traces_syn_ne_policy_ba_dc_x_y_positive_voting_0085_txt,synthetic,false,train_only
syn_ne_policy_ba_dc_x_y_positive_voting_0086,sft_train,numeric_equation,docs_numeric_equation_motif_override_traces_syn_ne_policy_ba_dc_x_y_positive_voting_0086_txt,synthetic,false,train_only
syn_ne_policy_ba_dc_x_y_positive_voting_0087,sft_train,numeric_equation,docs_numeric_equation_motif_override_traces_syn_ne_policy_ba_dc_x_y_positive_voting_0087_txt,synthetic,false,train_only
syn_ne_policy_ba_dc_x_y_positive_voting_0088,sft_train,numeric_equation,docs_numeric_equation_motif_override_traces_syn_ne_policy_ba_dc_x_y_positive_voting_0088_txt,synthetic,false,train_only
syn_ne_policy_ba_dc_x_y_positive_voting_0089,sft_train,numeric_equation,docs_numeric_equation_motif_override_traces_syn_ne_policy_ba_dc_x_y_positive_voting_0089_txt,synthetic,false,train_only
syn_ne_policy_ba_dc_x_y_positive_voting_0090,sft_train,numeric_equation,docs_numeric_equation_motif_override_traces_syn_ne_policy_ba_dc_x_y_positive_voting_0090_txt,synthetic,false,train_only
syn_ne_policy_ba_dc_x_y_positive_voting_0091,sft_train,numeric_equation,docs_numeric_equation_motif_override_traces_syn_ne_policy_ba_dc_x_y_positive_voting_0091_txt,synthetic,false,train_only
syn_ne_policy_ba_dc_x_y_positive_voting_0092,sft_train,numeric_equation,docs_numeric_equation_motif_override_traces_syn_ne_policy_ba_dc_x_y_positive_voting_0092_txt,synthetic,false,train_only
syn_ne_policy_ba_dc_x_y_positive_voting_0093,sft_train,numeric_equation,docs_numeric_equation_motif_override_traces_syn_ne_policy_ba_dc_x_y_positive_voting_0093_txt,synthetic,false,train_only
syn_ne_policy_ba_dc_x_y_positive_voting_0094,sft_train,numeric_equation,docs_numeric_equation_motif_override_traces_syn_ne_policy_ba_dc_x_y_positive_voting_0094_txt,synthetic,false,train_only
syn_ne_policy_ba_dc_x_y_positive_voting_0095,sft_train,numeric_equation,docs_numeric_equation_motif_override_traces_syn_ne_policy_ba_dc_x_y_positive_voting_0095_txt,synthetic,false,train_only
syn_ne_policy_ba_dc_y_x_negative_voting_0111,sft_train,numeric_equation,docs_numeric_equation_motif_override_traces_syn_ne_policy_ba_dc_y_x_negative_voting_0111_txt,synthetic,false,train_only
syn_ne_policy_ba_dc_y_x_negative_voting_0112,sft_train,numeric_equation,docs_numeric_equation_motif_override_traces_syn_ne_policy_ba_dc_y_x_negative_voting_0112_txt,synthetic,false,train_only
syn_ne_policy_ba_dc_y_x_negative_voting_0113,sft_train,numeric_equation,docs_numeric_equation_motif_override_traces_syn_ne_policy_ba_dc_y_x_negative_voting_0113_txt,synthetic,false,train_only
syn_ne_policy_ba_dc_y_x_negative_voting_0114,sft_train,numeric_equation,docs_numeric_equation_motif_override_traces_syn_ne_policy_ba_dc_y_x_negative_voting_0114_txt,synthetic,false,train_only
syn_ne_policy_ba_dc_y_x_negative_voting_0115,sft_train,numeric_equation,docs_numeric_equation_motif_override_traces_syn_ne_policy_ba_dc_y_x_negative_voting_0115_txt,synthetic,false,train_only
syn_ne_policy_ba_dc_y_x_negative_voting_0116,sft_train,numeric_equation,docs_numeric_equation_motif_override_traces_syn_ne_policy_ba_dc_y_x_negative_voting_0116_txt,synthetic,false,train_only
syn_ne_policy_ba_dc_y_x_negative_voting_0117,sft_train,numeric_equation,docs_numeric_equation_motif_override_traces_syn_ne_policy_ba_dc_y_x_negative_voting_0117_txt,synthetic,false,train_only
syn_ne_policy_ba_dc_y_x_negative_voting_0118,sft_train,numeric_equation,docs_numeric_equation_motif_override_traces_syn_ne_policy_ba_dc_y_x_negative_voting_0118_txt,synthetic,false,train_only
syn_ne_policy_ba_dc_y_x_negative_voting_0119,sft_train,numeric_equation,docs_numeric_equation_motif_override_traces_syn_ne_policy_ba_dc_y_x_negative_voting_0119_txt,synthetic,false,train_only
syn_ne_policy_ba_dc_y_x_negative_voting_0120,sft_train,numeric_equation,docs_numeric_equation_motif_override_traces_syn_ne_policy_ba_dc_y_x_negative_voting_0120_txt,synthetic,false,train_only
syn_opabs_0000,sft_train,numeric_equation,docs_numeric_equation_motif_override_traces_syn_opabs_0000_txt,synthetic,false,train_only
syn_opabs_0001,sft_train,numeric_equation,docs_numeric_equation_motif_override_traces_syn_opabs_0001_txt,synthetic,false,train_only
syn_opabs_0002,sft_train,numeric_equation,docs_numeric_equation_motif_override_traces_syn_opabs_0002_txt,synthetic,false,train_only
syn_opabs_0003,sft_train,numeric_equation,docs_numeric_equation_motif_override_traces_syn_opabs_0003_txt,synthetic,false,train_only
syn_opabs_0004,sft_train,numeric_equation,docs_numeric_equation_motif_override_traces_syn_opabs_0004_txt,synthetic,false,train_only
syn_opabs_0005,sft_train,numeric_equation,docs_numeric_equation_motif_override_traces_syn_opabs_0005_txt,synthetic,false,train_only
syn_opabs_0006,sft_train,numeric_equation,docs_numeric_equation_motif_override_traces_syn_opabs_0006_txt,synthetic,false,train_only
syn_opabs_0007,sft_train,numeric_equation,docs_numeric_equation_motif_override_traces_syn_opabs_0007_txt,synthetic,false,train_only
syn_opabs_0008,sft_train,numeric_equation,docs_numeric_equation_motif_override_traces_syn_opabs_0008_txt,synthetic,false,train_only
syn_opabs_0009,sft_train,numeric_equation,docs_numeric_equation_motif_override_traces_syn_opabs_0009_txt,synthetic,false,train_only
syn_opabs_0010,sft_train,numeric_equation,docs_numeric_equation_motif_override_traces_syn_opabs_0010_txt,synthetic,false,train_only
syn_opabs_0011,sft_train,numeric_equation,docs_numeric_equation_motif_override_traces_syn_opabs_0011_txt,synthetic,false,train_only
syn_opabs_0012,sft_train,numeric_equation,docs_numeric_equation_motif_override_traces_syn_opabs_0012_txt,synthetic,false,train_only
syn_opabs_0013,sft_train,numeric_equation,docs_numeric_equation_motif_override_traces_syn_opabs_0013_txt,synthetic,false,train_only
syn_opabs_0015,sft_train,numeric_equation,docs_numeric_equation_motif_override_traces_syn_opabs_0015_txt,synthetic,false,train_only
syn_opabs_0016,sft_train,numeric_equation,docs_numeric_equation_motif_override_traces_syn_opabs_0016_txt,synthetic,false,train_only
syn_opabs_0017,sft_train,numeric_equation,docs_numeric_equation_motif_override_traces_syn_opabs_0017_txt,synthetic,false,train_only
syn_opabs_0018,sft_train,numeric_equation,docs_numeric_equation_motif_override_traces_syn_opabs_0018_txt,synthetic,false,train_only
syn_opabs_0019,sft_train,numeric_equation,docs_numeric_equation_motif_override_traces_syn_opabs_0019_txt,synthetic,false,train_only
syn_opabs_0020,sft_train,numeric_equation,docs_numeric_equation_motif_override_traces_syn_opabs_0020_txt,synthetic,false,train_only
syn_opabs_0021,sft_train,numeric_equation,docs_numeric_equation_motif_override_traces_syn_opabs_0021_txt,synthetic,false,train_only
syn_opabs_0022,sft_train,numeric_equation,docs_numeric_equation_motif_override_traces_syn_opabs_0022_txt,synthetic,false,train_only
syn_opabs_0023,sft_train,numeric_equation,docs_numeric_equation_motif_override_traces_syn_opabs_0023_txt,synthetic,false,train_only
syn_opabs_0024,sft_train,numeric_equation,docs_numeric_equation_motif_override_traces_syn_opabs_0024_txt,synthetic,false,train_only
syn_opabs_0025,sft_train,numeric_equation,docs_numeric_equation_motif_override_traces_syn_opabs_0025_txt,synthetic,false,train_only
syn_opabs_0026,sft_train,numeric_equation,docs_numeric_equation_motif_override_traces_syn_opabs_0026_txt,synthetic,false,train_only
syn_opabs_0027,sft_train,numeric_equation,docs_numeric_equation_motif_override_traces_syn_opabs_0027_txt,synthetic,false,train_only
syn_opabs_0028,sft_train,numeric_equation,docs_numeric_equation_motif_override_traces_syn_opabs_0028_txt,synthetic,false,train_only
syn_opabs_0029,sft_train,numeric_equation,docs_numeric_equation_motif_override_traces_syn_opabs_0029_txt,synthetic,false,train_only
syn_opabs_0030,sft_train,numeric_equation,docs_numeric_equation_motif_override_traces_syn_opabs_0030_txt,synthetic,false,train_only
syn_opabs_0031,sft_train,numeric_equation,docs_numeric_equation_motif_override_traces_syn_opabs_0031_txt,synthetic,false,train_only
syn_opabs_0032,sft_train,numeric_equation,docs_numeric_equation_motif_override_traces_syn_opabs_0032_txt,synthetic,false,train_only
syn_opabs_0033,sft_train,numeric_equation,docs_numeric_equation_motif_override_traces_syn_opabs_0033_txt,synthetic,false,train_only
syn_opabs_0034,sft_train,numeric_equation,docs_numeric_equation_motif_override_traces_syn_opabs_0034_txt,synthetic,false,train_only
syn_opabs_0035,sft_train,numeric_equation,docs_numeric_equation_motif_override_traces_syn_opabs_0035_txt,synthetic,false,train_only
syn_opabs_0036,sft_train,numeric_equation,docs_numeric_equation_motif_override_traces_syn_opabs_0036_txt,synthetic,false,train_only
syn_opabs_0037,sft_train,numeric_equation,docs_numeric_equation_motif_override_traces_syn_opabs_0037_txt,synthetic,false,train_only
syn_opabs_0038,sft_train,numeric_equation,docs_numeric_equation_motif_override_traces_syn_opabs_0038_txt,synthetic,false,train_only
syn_opabs_0039,sft_train,numeric_equation,docs_numeric_equation_motif_override_traces_syn_opabs_0039_txt,synthetic,false,train_only
syn_opabs_0040,sft_train,numeric_equation,docs_numeric_equation_motif_override_traces_syn_opabs_0040_txt,synthetic,false,train_only
syn_opabs_0041,sft_train,numeric_equation,docs_numeric_equation_motif_override_traces_syn_opabs_0041_txt,synthetic,false,train_only
syn_opabs_0042,sft_train,numeric_equation,docs_numeric_equation_motif_override_traces_syn_opabs_0042_txt,synthetic,false,train_only
syn_opabs_0043,sft_train,numeric_equation,docs_numeric_equation_motif_override_traces_syn_opabs_0043_txt,synthetic,false,train_only
syn_opabs_0044,sft_train,numeric_equation,docs_numeric_equation_motif_override_traces_syn_opabs_0044_txt,synthetic,false,train_only
syn_opabs_0045,sft_train,numeric_equation,docs_numeric_equation_motif_override_traces_syn_opabs_0045_txt,synthetic,false,train_only
syn_opabs_0046,sft_train,numeric_equation,docs_numeric_equation_motif_override_traces_syn_opabs_0046_txt,synthetic,false,train_only
syn_opabs_0047,sft_train,numeric_equation,docs_numeric_equation_motif_override_traces_syn_opabs_0047_txt,synthetic,false,train_only
syn_opabs_0048,sft_train,numeric_equation,docs_numeric_equation_motif_override_traces_syn_opabs_0048_txt,synthetic,false,train_only
syn_opabs_0049,sft_train,numeric_equation,docs_numeric_equation_motif_override_traces_syn_opabs_0049_txt,synthetic,false,train_only
syn_opabs_0050,sft_train,numeric_equation,docs_numeric_equation_motif_override_traces_syn_opabs_0050_txt,synthetic,false,train_only
syn_opabs_0051,sft_train,numeric_equation,docs_numeric_equation_motif_override_traces_syn_opabs_0051_txt,synthetic,false,train_only
syn_opabs_0052,sft_train,numeric_equation,docs_numeric_equation_motif_override_traces_syn_opabs_0052_txt,synthetic,false,train_only
syn_opabs_0053,sft_train,numeric_equation,docs_numeric_equation_motif_override_traces_syn_opabs_0053_txt,synthetic,false,train_only
syn_opabs_0054,sft_train,numeric_equation,docs_numeric_equation_motif_override_traces_syn_opabs_0054_txt,synthetic,false,train_only
syn_opabs_0055,sft_train,numeric_equation,docs_numeric_equation_motif_override_traces_syn_opabs_0055_txt,synthetic,false,train_only
syn_opabs_0056,sft_train,numeric_equation,docs_numeric_equation_motif_override_traces_syn_opabs_0056_txt,synthetic,false,train_only
syn_opabs_0057,sft_train,numeric_equation,docs_numeric_equation_motif_override_traces_syn_opabs_0057_txt,synthetic,false,train_only
syn_opabs_0058,sft_train,numeric_equation,docs_numeric_equation_motif_override_traces_syn_opabs_0058_txt,synthetic,false,train_only
syn_opabs_0059,sft_train,numeric_equation,docs_numeric_equation_motif_override_traces_syn_opabs_0059_txt,synthetic,false,train_only
syn_opabs_0060,sft_train,numeric_equation,docs_numeric_equation_motif_override_traces_syn_opabs_0060_txt,synthetic,false,train_only
syn_opabs_0061,sft_train,numeric_equation,docs_numeric_equation_motif_override_traces_syn_opabs_0061_txt,synthetic,false,train_only
syn_opabs_0062,sft_train,numeric_equation,docs_numeric_equation_motif_override_traces_syn_opabs_0062_txt,synthetic,false,train_only
syn_opabs_0063,sft_train,numeric_equation,docs_numeric_equation_motif_override_traces_syn_opabs_0063_txt,synthetic,false,train_only
syn_opabs_0064,sft_train,numeric_equation,docs_numeric_equation_motif_override_traces_syn_opabs_0064_txt,synthetic,false,train_only
syn_opabs_0065,sft_train,numeric_equation,docs_numeric_equation_motif_override_traces_syn_opabs_0065_txt,synthetic,false,train_only
syn_opabs_0066,sft_train,numeric_equation,docs_numeric_equation_motif_override_traces_syn_opabs_0066_txt,synthetic,false,train_only
syn_opabs_0067,sft_train,numeric_equation,docs_numeric_equation_motif_override_traces_syn_opabs_0067_txt,synthetic,false,train_only
syn_opabs_0068,sft_train,numeric_equation,docs_numeric_equation_motif_override_traces_syn_opabs_0068_txt,synthetic,false,train_only
syn_opabs_0069,sft_train,numeric_equation,docs_numeric_equation_motif_override_traces_syn_opabs_0069_txt,synthetic,false,train_only
syn_opabs_0070,sft_train,numeric_equation,docs_numeric_equation_motif_override_traces_syn_opabs_0070_txt,synthetic,false,train_only
syn_opabs_0071,sft_train,numeric_equation,docs_numeric_equation_motif_override_traces_syn_opabs_0071_txt,synthetic,false,train_only
syn_opabs_0072,sft_train,numeric_equation,docs_numeric_equation_motif_override_traces_syn_opabs_0072_txt,synthetic,false,train_only
syn_opabs_0073,sft_train,numeric_equation,docs_numeric_equation_motif_override_traces_syn_opabs_0073_txt,synthetic,false,train_only
syn_opabs_0074,sft_train,numeric_equation,docs_numeric_equation_motif_override_traces_syn_opabs_0074_txt,synthetic,false,train_only
syn_opabs_0075,sft_train,numeric_equation,docs_numeric_equation_motif_override_traces_syn_opabs_0075_txt,synthetic,false,train_only
syn_opabs_0076,sft_train,numeric_equation,docs_numeric_equation_motif_override_traces_syn_opabs_0076_txt,synthetic,false,train_only
syn_opabs_0077,sft_train,numeric_equation,docs_numeric_equation_motif_override_traces_syn_opabs_0077_txt,synthetic,false,train_only
syn_opabs_0078,sft_train,numeric_equation,docs_numeric_equation_motif_override_traces_syn_opabs_0078_txt,synthetic,false,train_only
syn_opabs_0079,sft_train,numeric_equation,docs_numeric_equation_motif_override_traces_syn_opabs_0079_txt,synthetic,false,train_only
syn_opabs_0080,sft_train,numeric_equation,docs_numeric_equation_motif_override_traces_syn_opabs_0080_txt,synthetic,false,train_only
syn_opabs_0081,sft_train,numeric_equation,docs_numeric_equation_motif_override_traces_syn_opabs_0081_txt,synthetic,false,train_only
syn_opabs_0082,sft_train,numeric_equation,docs_numeric_equation_motif_override_traces_syn_opabs_0082_txt,synthetic,false,train_only
syn_opabs_0083,sft_train,numeric_equation,docs_numeric_equation_motif_override_traces_syn_opabs_0083_txt,synthetic,false,train_only
syn_opabs_0084,sft_train,numeric_equation,docs_numeric_equation_motif_override_traces_syn_opabs_0084_txt,synthetic,false,train_only
syn_opabs_0085,sft_train,numeric_equation,docs_numeric_equation_motif_override_traces_syn_opabs_0085_txt,synthetic,false,train_only
syn_opabs_0086,sft_train,numeric_equation,docs_numeric_equation_motif_override_traces_syn_opabs_0086_txt,synthetic,false,train_only
syn_opabs_0087,sft_train,numeric_equation,docs_numeric_equation_motif_override_traces_syn_opabs_0087_txt,synthetic,false,train_only
syn_opabs_0088,sft_train,numeric_equation,docs_numeric_equation_motif_override_traces_syn_opabs_0088_txt,synthetic,false,train_only
syn_opabs_0089,sft_train,numeric_equation,docs_numeric_equation_motif_override_traces_syn_opabs_0089_txt,synthetic,false,train_only
syn_opabs_0090,sft_train,numeric_equation,docs_numeric_equation_motif_override_traces_syn_opabs_0090_txt,synthetic,false,train_only
syn_opabs_0091,sft_train,numeric_equation,docs_numeric_equation_motif_override_traces_syn_opabs_0091_txt,synthetic,false,train_only
syn_opabs_0092,sft_train,numeric_equation,docs_numeric_equation_motif_override_traces_syn_opabs_0092_txt,synthetic,false,train_only
syn_opabs_0093,sft_train,numeric_equation,docs_numeric_equation_motif_override_traces_syn_opabs_0093_txt,synthetic,false,train_only
syn_opabs_0094,sft_train,numeric_equation,docs_numeric_equation_motif_override_traces_syn_opabs_0094_txt,synthetic,false,train_only
syn_opabs_0095,sft_train,numeric_equation,docs_numeric_equation_motif_override_traces_syn_opabs_0095_txt,synthetic,false,train_only
syn_opabs_0096,sft_train,numeric_equation,docs_numeric_equation_motif_override_traces_syn_opabs_0096_txt,synthetic,false,train_only
syn_opabs_0097,sft_train,numeric_equation,docs_numeric_equation_motif_override_traces_syn_opabs_0097_txt,synthetic,false,train_only
syn_opabs_0098,sft_train,numeric_equation,docs_numeric_equation_motif_override_traces_syn_opabs_0098_txt,synthetic,false,train_only
syn_opabs_0099,sft_train,numeric_equation,docs_numeric_equation_motif_override_traces_syn_opabs_0099_txt,synthetic,false,train_only
syn_opabs_0100,sft_train,numeric_equation,docs_numeric_equation_motif_override_traces_syn_opabs_0100_txt,synthetic,false,train_only
syn_opabs_0101,sft_train,numeric_equation,docs_numeric_equation_motif_override_traces_syn_opabs_0101_txt,synthetic,false,train_only
syn_opabs_0102,sft_train,numeric_equation,docs_numeric_equation_motif_override_traces_syn_opabs_0102_txt,synthetic,false,train_only
syn_opabs_0103,sft_train,numeric_equation,docs_numeric_equation_motif_override_traces_syn_opabs_0103_txt,synthetic,false,train_only
syn_opabs_0104,sft_train,numeric_equation,docs_numeric_equation_motif_override_traces_syn_opabs_0104_txt,synthetic,false,train_only
syn_opabs_0105,sft_train,numeric_equation,docs_numeric_equation_motif_override_traces_syn_opabs_0105_txt,synthetic,false,train_only
syn_opabs_0106,sft_train,numeric_equation,docs_numeric_equation_motif_override_traces_syn_opabs_0106_txt,synthetic,false,train_only
syn_opabs_0107,sft_train,numeric_equation,docs_numeric_equation_motif_override_traces_syn_opabs_0107_txt,synthetic,false,train_only
syn_opabs_0108,sft_train,numeric_equation,docs_numeric_equation_motif_override_traces_syn_opabs_0108_txt,synthetic,false,train_only
syn_opabs_0109,sft_train,numeric_equation,docs_numeric_equation_motif_override_traces_syn_opabs_0109_txt,synthetic,false,train_only
syn_opabs_0110,sft_train,numeric_equation,docs_numeric_equation_motif_override_traces_syn_opabs_0110_txt,synthetic,false,train_only
syn_opabs_0111,sft_train,numeric_equation,docs_numeric_equation_motif_override_traces_syn_opabs_0111_txt,synthetic,false,train_only
syn_opabs_0112,sft_train,numeric_equation,docs_numeric_equation_motif_override_traces_syn_opabs_0112_txt,synthetic,false,train_only
syn_opabs_0113,sft_train,numeric_equation,docs_numeric_equation_motif_override_traces_syn_opabs_0113_txt,synthetic,false,train_only
syn_opabs_0114,sft_train,numeric_equation,docs_numeric_equation_motif_override_traces_syn_opabs_0114_txt,synthetic,false,train_only
syn_opabs_0115,sft_train,numeric_equation,docs_numeric_equation_motif_override_traces_syn_opabs_0115_txt,synthetic,false,train_only
syn_opabs_0116,sft_train,numeric_equation,docs_numeric_equation_motif_override_traces_syn_opabs_0116_txt,synthetic,false,train_only
syn_opabs_0117,sft_train,numeric_equation,docs_numeric_equation_motif_override_traces_syn_opabs_0117_txt,synthetic,false,train_only
syn_opabs_0118,sft_train,numeric_equation,docs_numeric_equation_motif_override_traces_syn_opabs_0118_txt,synthetic,false,train_only
syn_opabs_0119,sft_train,numeric_equation,docs_numeric_equation_motif_override_traces_syn_opabs_0119_txt,synthetic,false,train_only
syn_opabs_0120,sft_train,numeric_equation,docs_numeric_equation_motif_override_traces_syn_opabs_0120_txt,synthetic,false,train_only
syn_opabs_0121,sft_train,numeric_equation,docs_numeric_equation_motif_override_traces_syn_opabs_0121_txt,synthetic,false,train_only
syn_opabs_0122,sft_train,numeric_equation,docs_numeric_equation_motif_override_traces_syn_opabs_0122_txt,synthetic,false,train_only
syn_opabs_0123,sft_train,numeric_equation,docs_numeric_equation_motif_override_traces_syn_opabs_0123_txt,synthetic,false,train_only
syn_opabs_0124,sft_train,numeric_equation,docs_numeric_equation_motif_override_traces_syn_opabs_0124_txt,synthetic,false,train_only
syn_opabs_0125,sft_train,numeric_equation,docs_numeric_equation_motif_override_traces_syn_opabs_0125_txt,synthetic,false,train_only
syn_opabs_0126,sft_train,numeric_equation,docs_numeric_equation_motif_override_traces_syn_opabs_0126_txt,synthetic,false,train_only
syn_opabs_0127,sft_train,numeric_equation,docs_numeric_equation_motif_override_traces_syn_opabs_0127_txt,synthetic,false,train_only
syn_opabs_0128,sft_train,numeric_equation,docs_numeric_equation_motif_override_traces_syn_opabs_0128_txt,synthetic,false,train_only
syn_opabs_0129,sft_train,numeric_equation,docs_numeric_equation_motif_override_traces_syn_opabs_0129_txt,synthetic,false,train_only
syn_opabs_0130,sft_train,numeric_equation,docs_numeric_equation_motif_override_traces_syn_opabs_0130_txt,synthetic,false,train_only
syn_opabs_0131,sft_train,numeric_equation,docs_numeric_equation_motif_override_traces_syn_opabs_0131_txt,synthetic,false,train_only
syn_opabs_0132,sft_train,numeric_equation,docs_numeric_equation_motif_override_traces_syn_opabs_0132_txt,synthetic,false,train_only
syn_opabs_0133,sft_train,numeric_equation,docs_numeric_equation_motif_override_traces_syn_opabs_0133_txt,synthetic,false,train_only
syn_opabs_0134,sft_train,numeric_equation,docs_numeric_equation_motif_override_traces_syn_opabs_0134_txt,synthetic,false,train_only
syn_opabs_0135,sft_train,numeric_equation,docs_numeric_equation_motif_override_traces_syn_opabs_0135_txt,synthetic,false,train_only
syn_opabs_0136,sft_train,numeric_equation,docs_numeric_equation_motif_override_traces_syn_opabs_0136_txt,synthetic,false,train_only
syn_opabs_0137,sft_train,numeric_equation,docs_numeric_equation_motif_override_traces_syn_opabs_0137_txt,synthetic,false,train_only
syn_opabs_0138,sft_train,numeric_equation,docs_numeric_equation_motif_override_traces_syn_opabs_0138_txt,synthetic,false,train_only
syn_opabs_0139,sft_train,numeric_equation,docs_numeric_equation_motif_override_traces_syn_opabs_0139_txt,synthetic,false,train_only
syn_opabs_0140,sft_train,numeric_equation,docs_numeric_equation_motif_override_traces_syn_opabs_0140_txt,synthetic,false,train_only
syn_opabs_0141,sft_train,numeric_equation,docs_numeric_equation_motif_override_traces_syn_opabs_0141_txt,synthetic,false,train_only
syn_opabs_0142,sft_train,numeric_equation,docs_numeric_equation_motif_override_traces_syn_opabs_0142_txt,synthetic,false,train_only
syn_opabs_0143,sft_train,numeric_equation,docs_numeric_equation_motif_override_traces_syn_opabs_0143_txt,synthetic,false,train_only
syn_opabs_0144,sft_train,numeric_equation,docs_numeric_equation_motif_override_traces_syn_opabs_0144_txt,synthetic,false,train_only
syn_opabs_0145,sft_train,numeric_equation,docs_numeric_equation_motif_override_traces_syn_opabs_0145_txt,synthetic,false,train_only
syn_opabs_0146,sft_train,numeric_equation,docs_numeric_equation_motif_override_traces_syn_opabs_0146_txt,synthetic,false,train_only
syn_opabs_0147,sft_train,numeric_equation,docs_numeric_equation_motif_override_traces_syn_opabs_0147_txt,synthetic,false,train_only
syn_opabs_0148,sft_train,numeric_equation,docs_numeric_equation_motif_override_traces_syn_opabs_0148_txt,synthetic,false,train_only
syn_opabs_0149,sft_train,numeric_equation,docs_numeric_equation_motif_override_traces_syn_opabs_0149_txt,synthetic,false,train_only
syn_opabs_0150,sft_train,numeric_equation,docs_numeric_equation_motif_override_traces_syn_opabs_0150_txt,synthetic,false,train_only
syn_opabs_0151,sft_train,numeric_equation,docs_numeric_equation_motif_override_traces_syn_opabs_0151_txt,synthetic,false,train_only
syn_opabs_0152,sft_train,numeric_equation,docs_numeric_equation_motif_override_traces_syn_opabs_0152_txt,synthetic,false,train_only
syn_opabs_0153,sft_train,numeric_equation,docs_numeric_equation_motif_override_traces_syn_opabs_0153_txt,synthetic,false,train_only
syn_opabs_0154,sft_train,numeric_equation,docs_numeric_equation_motif_override_traces_syn_opabs_0154_txt,synthetic,false,train_only
syn_opabs_0155,sft_train,numeric_equation,docs_numeric_equation_motif_override_traces_syn_opabs_0155_txt,synthetic,false,train_only
syn_opabs_0156,sft_train,numeric_equation,docs_numeric_equation_motif_override_traces_syn_opabs_0156_txt,synthetic,false,train_only
syn_opabs_0157,sft_train,numeric_equation,docs_numeric_equation_motif_override_traces_syn_opabs_0157_txt,synthetic,false,train_only
syn_opabs_0158,sft_train,numeric_equation,docs_numeric_equation_motif_override_traces_syn_opabs_0158_txt,synthetic,false,train_only
syn_opabs_0159,sft_train,numeric_equation,docs_numeric_equation_motif_override_traces_syn_opabs_0159_txt,synthetic,false,train_only
syn_opabs_0160,sft_train,numeric_equation,docs_numeric_equation_motif_override_traces_syn_opabs_0160_txt,synthetic,false,train_only
syn_opabs_0161,sft_train,numeric_equation,docs_numeric_equation_motif_override_traces_syn_opabs_0161_txt,synthetic,false,train_only
syn_opabs_0162,sft_train,numeric_equation,docs_numeric_equation_motif_override_traces_syn_opabs_0162_txt,synthetic,false,train_only
syn_opabs_0163,sft_train,numeric_equation,docs_numeric_equation_motif_override_traces_syn_opabs_0163_txt,synthetic,false,train_only
syn_opabs_0164,sft_train,numeric_equation,docs_numeric_equation_motif_override_traces_syn_opabs_0164_txt,synthetic,false,train_only
syn_opabs_0165,sft_train,numeric_equation,docs_numeric_equation_motif_override_traces_syn_opabs_0165_txt,synthetic,false,train_only
syn_opabs_0166,sft_train,numeric_equation,docs_numeric_equation_motif_override_traces_syn_opabs_0166_txt,synthetic,false,train_only
syn_opabs_0167,sft_train,numeric_equation,docs_numeric_equation_motif_override_traces_syn_opabs_0167_txt,synthetic,false,train_only
syn_opabs_0168,sft_train,numeric_equation,docs_numeric_equation_motif_override_traces_syn_opabs_0168_txt,synthetic,false,train_only
syn_opabs_0169,sft_train,numeric_equation,docs_numeric_equation_motif_override_traces_syn_opabs_0169_txt,synthetic,false,train_only
syn_opabs_0170,sft_train,numeric_equation,docs_numeric_equation_motif_override_traces_syn_opabs_0170_txt,synthetic,false,train_only
syn_opabs_0171,sft_train,numeric_equation,docs_numeric_equation_motif_override_traces_syn_opabs_0171_txt,synthetic,false,train_only
syn_opabs_0172,sft_train,numeric_equation,docs_numeric_equation_motif_override_traces_syn_opabs_0172_txt,synthetic,false,train_only
syn_opabs_0173,sft_train,numeric_equation,docs_numeric_equation_motif_override_traces_syn_opabs_0173_txt,synthetic,false,train_only
syn_opabs_0174,sft_train,numeric_equation,docs_numeric_equation_motif_override_traces_syn_opabs_0174_txt,synthetic,false,train_only
syn_opabs_0175,sft_train,numeric_equation,docs_numeric_equation_motif_override_traces_syn_opabs_0175_txt,synthetic,false,train_only
syn_opabs_0176,sft_train,numeric_equation,docs_numeric_equation_motif_override_traces_syn_opabs_0176_txt,synthetic,false,train_only
syn_opabs_0177,sft_train,numeric_equation,docs_numeric_equation_motif_override_traces_syn_opabs_0177_txt,synthetic,false,train_only
syn_opabs_0178,sft_train,numeric_equation,docs_numeric_equation_motif_override_traces_syn_opabs_0178_txt,synthetic,false,train_only
syn_opabs_0179,sft_train,numeric_equation,docs_numeric_equation_motif_override_traces_syn_opabs_0179_txt,synthetic,false,train_only
syn_opabs_0180,sft_train,numeric_equation,docs_numeric_equation_motif_override_traces_syn_opabs_0180_txt,synthetic,false,train_only
syn_opabs_0181,sft_train,numeric_equation,docs_numeric_equation_motif_override_traces_syn_opabs_0181_txt,synthetic,false,train_only
syn_opabs_0182,sft_train,numeric_equation,docs_numeric_equation_motif_override_traces_syn_opabs_0182_txt,synthetic,false,train_only
syn_opabs_0183,sft_train,numeric_equation,docs_numeric_equation_motif_override_traces_syn_opabs_0183_txt,synthetic,false,train_only
syn_opabs_0184,sft_train,numeric_equation,docs_numeric_equation_motif_override_traces_syn_opabs_0184_txt,synthetic,false,train_only
syn_opabs_0185,sft_train,numeric_equation,docs_numeric_equation_motif_override_traces_syn_opabs_0185_txt,synthetic,false,train_only
syn_opabs_0186,sft_train,numeric_equation,docs_numeric_equation_motif_override_traces_syn_opabs_0186_txt,synthetic,false,train_only
syn_opabs_0187,sft_train,numeric_equation,docs_numeric_equation_motif_override_traces_syn_opabs_0187_txt,synthetic,false,train_only
syn_opabs_0188,sft_train,numeric_equation,docs_numeric_equation_motif_override_traces_syn_opabs_0188_txt,synthetic,false,train_only
syn_opabs_0189,sft_train,numeric_equation,docs_numeric_equation_motif_override_traces_syn_opabs_0189_txt,synthetic,false,train_only
syn_opabs_0190,sft_train,numeric_equation,docs_numeric_equation_motif_override_traces_syn_opabs_0190_txt,synthetic,false,train_only
syn_opabs_0191,sft_train,numeric_equation,docs_numeric_equation_motif_override_traces_syn_opabs_0191_txt,synthetic,false,train_only
syn_opabs_0192,sft_train,numeric_equation,docs_numeric_equation_motif_override_traces_syn_opabs_0192_txt,synthetic,false,train_only
syn_opabs_0193,sft_train,numeric_equation,docs_numeric_equation_motif_override_traces_syn_opabs_0193_txt,synthetic,false,train_only
syn_opabs_0194,sft_train,numeric_equation,docs_numeric_equation_motif_override_traces_syn_opabs_0194_txt,synthetic,false,train_only
syn_opabs_0195,sft_train,numeric_equation,docs_numeric_equation_motif_override_traces_syn_opabs_0195_txt,synthetic,false,train_only
syn_opabs_0196,sft_train,numeric_equation,docs_numeric_equation_motif_override_traces_syn_opabs_0196_txt,synthetic,false,train_only
syn_opabs_0197,sft_train,numeric_equation,docs_numeric_equation_motif_override_traces_syn_opabs_0197_txt,synthetic,false,train_only
syn_opabs_0198,sft_train,numeric_equation,docs_numeric_equation_motif_override_traces_syn_opabs_0198_txt,synthetic,false,train_only
syn_opabs_0199,sft_train,numeric_equation,docs_numeric_equation_motif_override_traces_syn_opabs_0199_txt,synthetic,false,train_only
syn_opabs_0200,sft_train,numeric_equation,docs_numeric_equation_motif_override_traces_syn_opabs_0200_txt,synthetic,false,train_only
syn_opabs_0201,sft_train,numeric_equation,docs_numeric_equation_motif_override_traces_syn_opabs_0201_txt,synthetic,false,train_only
syn_opabs_0202,sft_train,numeric_equation,docs_numeric_equation_motif_override_traces_syn_opabs_0202_txt,synthetic,false,train_only
syn_opabs_0203,sft_train,numeric_equation,docs_numeric_equation_motif_override_traces_syn_opabs_0203_txt,synthetic,false,train_only
syn_opabs_0204,sft_train,numeric_equation,docs_numeric_equation_motif_override_traces_syn_opabs_0204_txt,synthetic,false,train_only
syn_opabs_0205,sft_train,numeric_equation,docs_numeric_equation_motif_override_traces_syn_opabs_0205_txt,synthetic,false,train_only
syn_opabs_0206,sft_train,numeric_equation,docs_numeric_equation_motif_override_traces_syn_opabs_0206_txt,synthetic,false,train_only
syn_opabs_0207,sft_train,numeric_equation,docs_numeric_equation_motif_override_traces_syn_opabs_0207_txt,synthetic,false,train_only
syn_opabs_0208,sft_train,numeric_equation,docs_numeric_equation_motif_override_traces_syn_opabs_0208_txt,synthetic,false,train_only
syn_opabs_0209,sft_train,numeric_equation,docs_numeric_equation_motif_override_traces_syn_opabs_0209_txt,synthetic,false,train_only
syn_opabs_0210,sft_train,numeric_equation,docs_numeric_equation_motif_override_traces_syn_opabs_0210_txt,synthetic,false,train_only
syn_opabs_0211,sft_train,numeric_equation,docs_numeric_equation_motif_override_traces_syn_opabs_0211_txt,synthetic,false,train_only
syn_opabs_0212,sft_train,numeric_equation,docs_numeric_equation_motif_override_traces_syn_opabs_0212_txt,synthetic,false,train_only
syn_opabs_0213,sft_train,numeric_equation,docs_numeric_equation_motif_override_traces_syn_opabs_0213_txt,synthetic,false,train_only
syn_opabs_0214,sft_train,numeric_equation,docs_numeric_equation_motif_override_traces_syn_opabs_0214_txt,synthetic,false,train_only
syn_opabs_0215,sft_train,numeric_equation,docs_numeric_equation_motif_override_traces_syn_opabs_0215_txt,synthetic,false,train_only
syn_opabs_0216,sft_train,numeric_equation,docs_numeric_equation_motif_override_traces_syn_opabs_0216_txt,synthetic,false,train_only
syn_opabs_0217,sft_train,numeric_equation,docs_numeric_equation_motif_override_traces_syn_opabs_0217_txt,synthetic,false,train_only
syn_opabs_0218,sft_train,numeric_equation,docs_numeric_equation_motif_override_traces_syn_opabs_0218_txt,synthetic,false,train_only
syn_opabs_0219,sft_train,numeric_equation,docs_numeric_equation_motif_override_traces_syn_opabs_0219_txt,synthetic,false,train_only
syn_opabs_0220,sft_train,numeric_equation,docs_numeric_equation_motif_override_traces_syn_opabs_0220_txt,synthetic,false,train_only
syn_opabs_0221,sft_train,numeric_equation,docs_numeric_equation_motif_override_traces_syn_opabs_0221_txt,synthetic,false,train_only
syn_opabs_0222,sft_train,numeric_equation,docs_numeric_equation_motif_override_traces_syn_opabs_0222_txt,synthetic,false,train_only
syn_opabs_0223,sft_train,numeric_equation,docs_numeric_equation_motif_override_traces_syn_opabs_0223_txt,synthetic,false,train_only
syn_opabs_0224,sft_train,numeric_equation,docs_numeric_equation_motif_override_traces_syn_opabs_0224_txt,synthetic,false,train_only
syn_opabs_0225,sft_train,numeric_equation,docs_numeric_equation_motif_override_traces_syn_opabs_0225_txt,synthetic,false,train_only
syn_opabs_0226,sft_train,numeric_equation,docs_numeric_equation_motif_override_traces_syn_opabs_0226_txt,synthetic,false,train_only
syn_opabs_0227,sft_train,numeric_equation,docs_numeric_equation_motif_override_traces_syn_opabs_0227_txt,synthetic,false,train_only
syn_opabs_0228,sft_train,numeric_equation,docs_numeric_equation_motif_override_traces_syn_opabs_0228_txt,synthetic,false,train_only
syn_opabs_0229,sft_train,numeric_equation,docs_numeric_equation_motif_override_traces_syn_opabs_0229_txt,synthetic,false,train_only
syn_opabs_0230,sft_train,numeric_equation,docs_numeric_equation_motif_override_traces_syn_opabs_0230_txt,synthetic,false,train_only
syn_opabs_0232,sft_train,numeric_equation,docs_numeric_equation_motif_override_traces_syn_opabs_0232_txt,synthetic,false,train_only
syn_opabs_0233,sft_train,numeric_equation,docs_numeric_equation_motif_override_traces_syn_opabs_0233_txt,synthetic,false,train_only
syn_opabs_0234,sft_train,numeric_equation,docs_numeric_equation_motif_override_traces_syn_opabs_0234_txt,synthetic,false,train_only
syn_opabs_0235,sft_train,numeric_equation,docs_numeric_equation_motif_override_traces_syn_opabs_0235_txt,synthetic,false,train_only
syn_opabs_0236,sft_train,numeric_equation,docs_numeric_equation_motif_override_traces_syn_opabs_0236_txt,synthetic,false,train_only
syn_opabs_0237,sft_train,numeric_equation,docs_numeric_equation_motif_override_traces_syn_opabs_0237_txt,synthetic,false,train_only
syn_opabs_0238,sft_train,numeric_equation,docs_numeric_equation_motif_override_traces_syn_opabs_0238_txt,synthetic,false,train_only
syn_opabs_0239,sft_train,numeric_equation,docs_numeric_equation_motif_override_traces_syn_opabs_0239_txt,synthetic,false,train_only
syn_opabs_0240,sft_train,numeric_equation,docs_numeric_equation_motif_override_traces_syn_opabs_0240_txt,synthetic,false,train_only
syn_opabs_0241,sft_train,numeric_equation,docs_numeric_equation_motif_override_traces_syn_opabs_0241_txt,synthetic,false,train_only
syn_opabs_0242,sft_train,numeric_equation,docs_numeric_equation_motif_override_traces_syn_opabs_0242_txt,synthetic,false,train_only
syn_opabs_0243,sft_train,numeric_equation,docs_numeric_equation_motif_override_traces_syn_opabs_0243_txt,synthetic,false,train_only
syn_opabs_0244,sft_train,numeric_equation,docs_numeric_equation_motif_override_traces_syn_opabs_0244_txt,synthetic,false,train_only
syn_opabs_0245,sft_train,numeric_equation,docs_numeric_equation_motif_override_traces_syn_opabs_0245_txt,synthetic,false,train_only
syn_opabs_0246,sft_train,numeric_equation,docs_numeric_equation_motif_override_traces_syn_opabs_0246_txt,synthetic,false,train_only
syn_opabs_0247,sft_train,numeric_equation,docs_numeric_equation_motif_override_traces_syn_opabs_0247_txt,synthetic,false,train_only
syn_opabs_0248,sft_train,numeric_equation,docs_numeric_equation_motif_override_traces_syn_opabs_0248_txt,synthetic,false,train_only
syn_opabs_0249,sft_train,numeric_equation,docs_numeric_equation_motif_override_traces_syn_opabs_0249_txt,synthetic,false,train_only
syn_opabs_0250,sft_train,numeric_equation,docs_numeric_equation_motif_override_traces_syn_opabs_0250_txt,synthetic,false,train_only
syn_opabs_0251,sft_train,numeric_equation,docs_numeric_equation_motif_override_traces_syn_opabs_0251_txt,synthetic,false,train_only
syn_opabs_0252,sft_train,numeric_equation,docs_numeric_equation_motif_override_traces_syn_opabs_0252_txt,synthetic,false,train_only
syn_opabs_0253,sft_train,numeric_equation,docs_numeric_equation_motif_override_traces_syn_opabs_0253_txt,synthetic,false,train_only
syn_opabs_0254,sft_train,numeric_equation,docs_numeric_equation_motif_override_traces_syn_opabs_0254_txt,synthetic,false,train_only
syn_opabs_0255,sft_train,numeric_equation,docs_numeric_equation_motif_override_traces_syn_opabs_0255_txt,synthetic,false,train_only
syn_opabs_0257,sft_train,numeric_equation,docs_numeric_equation_motif_override_traces_syn_opabs_0257_txt,synthetic,false,train_only
syn_opabs_0258,sft_train,numeric_equation,docs_numeric_equation_motif_override_traces_syn_opabs_0258_txt,synthetic,false,train_only
syn_opabs_0259,sft_train,numeric_equation,docs_numeric_equation_motif_override_traces_syn_opabs_0259_txt,synthetic,false,train_only
syn_opabs_0260,sft_train,numeric_equation,docs_numeric_equation_motif_override_traces_syn_opabs_0260_txt,synthetic,false,train_only
syn_opabs_0261,sft_train,numeric_equation,docs_numeric_equation_motif_override_traces_syn_opabs_0261_txt,synthetic,false,train_only
syn_opabs_0262,sft_train,numeric_equation,docs_numeric_equation_motif_override_traces_syn_opabs_0262_txt,synthetic,false,train_only
syn_opabs_0263,sft_train,numeric_equation,docs_numeric_equation_motif_override_traces_syn_opabs_0263_txt,synthetic,false,train_only
syn_opabs_0264,sft_train,numeric_equation,docs_numeric_equation_motif_override_traces_syn_opabs_0264_txt,synthetic,false,train_only
syn_opabs_0265,sft_train,numeric_equation,docs_numeric_equation_motif_override_traces_syn_opabs_0265_txt,synthetic,false,train_only
syn_opabs_0266,sft_train,numeric_equation,docs_numeric_equation_motif_override_traces_syn_opabs_0266_txt,synthetic,false,train_only
syn_opabs_0267,sft_train,numeric_equation,docs_numeric_equation_motif_override_traces_syn_opabs_0267_txt,synthetic,false,train_only
syn_opabs_0268,sft_train,numeric_equation,docs_numeric_equation_motif_override_traces_syn_opabs_0268_txt,synthetic,false,train_only
syn_opabs_0269,sft_train,numeric_equation,docs_numeric_equation_motif_override_traces_syn_opabs_0269_txt,synthetic,false,train_only
syn_opabs_0270,sft_train,numeric_equation,docs_numeric_equation_motif_override_traces_syn_opabs_0270_txt,synthetic,false,train_only
syn_opabs_0271,sft_train,numeric_equation,docs_numeric_equation_motif_override_traces_syn_opabs_0271_txt,synthetic,false,train_only
syn_opabs_0272,sft_train,numeric_equation,docs_numeric_equation_motif_override_traces_syn_opabs_0272_txt,synthetic,false,train_only
syn_opabs_0273,sft_train,numeric_equation,docs_numeric_equation_motif_override_traces_syn_opabs_0273_txt,synthetic,false,train_only
syn_opabs_0274,sft_train,numeric_equation,docs_numeric_equation_motif_override_traces_syn_opabs_0274_txt,synthetic,false,train_only
syn_opabs_0275,sft_train,numeric_equation,docs_numeric_equation_motif_override_traces_syn_opabs_0275_txt,synthetic,false,train_only
syn_opabs_0276,sft_train,numeric_equation,docs_numeric_equation_motif_override_traces_syn_opabs_0276_txt,synthetic,false,train_only
syn_opabs_0277,sft_train,numeric_equation,docs_numeric_equation_motif_override_traces_syn_opabs_0277_txt,synthetic,false,train_only
syn_opabs_0278,sft_train,numeric_equation,docs_numeric_equation_motif_override_traces_syn_opabs_0278_txt,synthetic,false,train_only
syn_opabs_0279,sft_train,numeric_equation,docs_numeric_equation_motif_override_traces_syn_opabs_0279_txt,synthetic,false,train_only
syn_opabs_0280,sft_train,numeric_equation,docs_numeric_equation_motif_override_traces_syn_opabs_0280_txt,synthetic,false,train_only
syn_opabs_0281,sft_train,numeric_equation,docs_numeric_equation_motif_override_traces_syn_opabs_0281_txt,synthetic,false,train_only
syn_opabs_0282,sft_train,numeric_equation,docs_numeric_equation_motif_override_traces_syn_opabs_0282_txt,synthetic,false,train_only
syn_opabs_0283,sft_train,numeric_equation,docs_numeric_equation_motif_override_traces_syn_opabs_0283_txt,synthetic,false,train_only
syn_opabs_0284,sft_train,numeric_equation,docs_numeric_equation_motif_override_traces_syn_opabs_0284_txt,synthetic,false,train_only
syn_opabs_0285,sft_train,numeric_equation,docs_numeric_equation_motif_override_traces_syn_opabs_0285_txt,synthetic,false,train_only
syn_opabs_0286,sft_train,numeric_equation,docs_numeric_equation_motif_override_traces_syn_opabs_0286_txt,synthetic,false,train_only
syn_opabs_0287,sft_train,numeric_equation,docs_numeric_equation_motif_override_traces_syn_opabs_0287_txt,synthetic,false,train_only
syn_opabs_0288,sft_train,numeric_equation,docs_numeric_equation_motif_override_traces_syn_opabs_0288_txt,synthetic,false,train_only
syn_opabs_0289,sft_train,numeric_equation,docs_numeric_equation_motif_override_traces_syn_opabs_0289_txt,synthetic,false,train_only
syn_opabs_0290,sft_train,numeric_equation,docs_numeric_equation_motif_override_traces_syn_opabs_0290_txt,synthetic,false,train_only
syn_opabs_0291,sft_train,numeric_equation,docs_numeric_equation_motif_override_traces_syn_opabs_0291_txt,synthetic,false,train_only
syn_opabs_0292,sft_train,numeric_equation,docs_numeric_equation_motif_override_traces_syn_opabs_0292_txt,synthetic,false,train_only
syn_opabs_0293,sft_train,numeric_equation,docs_numeric_equation_motif_override_traces_syn_opabs_0293_txt,synthetic,false,train_only
syn_opabs_0294,sft_train,numeric_equation,docs_numeric_equation_motif_override_traces_syn_opabs_0294_txt,synthetic,false,train_only
syn_opabs_0295,sft_train,numeric_equation,docs_numeric_equation_motif_override_traces_syn_opabs_0295_txt,synthetic,false,train_only
syn_opabs_0296,sft_train,numeric_equation,docs_numeric_equation_motif_override_traces_syn_opabs_0296_txt,synthetic,false,train_only
syn_opabs_0297,sft_train,numeric_equation,docs_numeric_equation_motif_override_traces_syn_opabs_0297_txt,synthetic,false,train_only
syn_opabs_0298,sft_train,numeric_equation,docs_numeric_equation_motif_override_traces_syn_opabs_0298_txt,synthetic,false,train_only
syn_opabs_0299,sft_train,numeric_equation,docs_numeric_equation_motif_override_traces_syn_opabs_0299_txt,synthetic,false,train_only
syn_opabs_0300,sft_train,numeric_equation,docs_numeric_equation_motif_override_traces_syn_opabs_0300_txt,synthetic,false,train_only
syn_opabs_0301,sft_train,numeric_equation,docs_numeric_equation_motif_override_traces_syn_opabs_0301_txt,synthetic,false,train_only
syn_opabs_0302,sft_train,numeric_equation,docs_numeric_equation_motif_override_traces_syn_opabs_0302_txt,synthetic,false,train_only
syn_opabs_0303,sft_train,numeric_equation,docs_numeric_equation_motif_override_traces_syn_opabs_0303_txt,synthetic,false,train_only
syn_opabs_0304,sft_train,numeric_equation,docs_numeric_equation_motif_override_traces_syn_opabs_0304_txt,synthetic,false,train_only
syn_opabs_0305,sft_train,numeric_equation,docs_numeric_equation_motif_override_traces_syn_opabs_0305_txt,synthetic,false,train_only
syn_opabs_0306,sft_train,numeric_equation,docs_numeric_equation_motif_override_traces_syn_opabs_0306_txt,synthetic,false,train_only
syn_opabs_0307,sft_train,numeric_equation,docs_numeric_equation_motif_override_traces_syn_opabs_0307_txt,synthetic,false,train_only
syn_opabs_0308,sft_train,numeric_equation,docs_numeric_equation_motif_override_traces_syn_opabs_0308_txt,synthetic,false,train_only
syn_opabs_0309,sft_train,numeric_equation,docs_numeric_equation_motif_override_traces_syn_opabs_0309_txt,synthetic,false,train_only
syn_opabs_0310,sft_train,numeric_equation,docs_numeric_equation_motif_override_traces_syn_opabs_0310_txt,synthetic,false,train_only
syn_opabs_0311,sft_train,numeric_equation,docs_numeric_equation_motif_override_traces_syn_opabs_0311_txt,synthetic,false,train_only
syn_opabs_0312,sft_train,numeric_equation,docs_numeric_equation_motif_override_traces_syn_opabs_0312_txt,synthetic,false,train_only
syn_opabs_0313,sft_train,numeric_equation,docs_numeric_equation_motif_override_traces_syn_opabs_0313_txt,synthetic,false,train_only
syn_opabs_0314,sft_train,numeric_equation,docs_numeric_equation_motif_override_traces_syn_opabs_0314_txt,synthetic,false,train_only
syn_opabs_0315,sft_train,numeric_equation,docs_numeric_equation_motif_override_traces_syn_opabs_0315_txt,synthetic,false,train_only
syn_opabs_0316,sft_train,numeric_equation,docs_numeric_equation_motif_override_traces_syn_opabs_0316_txt,synthetic,false,train_only
syn_opabs_0317,sft_train,numeric_equation,docs_numeric_equation_motif_override_traces_syn_opabs_0317_txt,synthetic,false,train_only
syn_opabs_0318,sft_train,numeric_equation,docs_numeric_equation_motif_override_traces_syn_opabs_0318_txt,synthetic,false,train_only
syn_opabs_0319,sft_train,numeric_equation,docs_numeric_equation_motif_override_traces_syn_opabs_0319_txt,synthetic,false,train_only
syn_opabs_0320,sft_train,numeric_equation,docs_numeric_equation_motif_override_traces_syn_opabs_0320_txt,synthetic,false,train_only
syn_opabs_0321,sft_train,numeric_equation,docs_numeric_equation_motif_override_traces_syn_opabs_0321_txt,synthetic,false,train_only
syn_opabs_0322,sft_train,numeric_equation,docs_numeric_equation_motif_override_traces_syn_opabs_0322_txt,synthetic,false,train_only
syn_opabs_0323,sft_train,numeric_equation,docs_numeric_equation_motif_override_traces_syn_opabs_0323_txt,synthetic,false,train_only
syn_opabs_0324,sft_train,numeric_equation,docs_numeric_equation_motif_override_traces_syn_opabs_0324_txt,synthetic,false,train_only
syn_opabs_0325,sft_train,numeric_equation,docs_numeric_equation_motif_override_traces_syn_opabs_0325_txt,synthetic,false,train_only
syn_opabs_0326,sft_train,numeric_equation,docs_numeric_equation_motif_override_traces_syn_opabs_0326_txt,synthetic,false,train_only
syn_opabs_0327,sft_train,numeric_equation,docs_numeric_equation_motif_override_traces_syn_opabs_0327_txt,synthetic,false,train_only
syn_opabs_0328,sft_train,numeric_equation,docs_numeric_equation_motif_override_traces_syn_opabs_0328_txt,synthetic,false,train_only
syn_opabs_0329,sft_train,numeric_equation,docs_numeric_equation_motif_override_traces_syn_opabs_0329_txt,synthetic,false,train_only
syn_opabs_0330,sft_train,numeric_equation,docs_numeric_equation_motif_override_traces_syn_opabs_0330_txt,synthetic,false,train_only
syn_opabs_0331,sft_train,numeric_equation,docs_numeric_equation_motif_override_traces_syn_opabs_0331_txt,synthetic,false,train_only
syn_opabs_0332,sft_train,numeric_equation,docs_numeric_equation_motif_override_traces_syn_opabs_0332_txt,synthetic,false,train_only
syn_opabs_0333,sft_train,numeric_equation,docs_numeric_equation_motif_override_traces_syn_opabs_0333_txt,synthetic,false,train_only
syn_opabs_0335,sft_train,numeric_equation,docs_numeric_equation_motif_override_traces_syn_opabs_0335_txt,synthetic,false,train_only
syn_opabs_0336,sft_train,numeric_equation,docs_numeric_equation_motif_override_traces_syn_opabs_0336_txt,synthetic,false,train_only
syn_opabs_0337,sft_train,numeric_equation,docs_numeric_equation_motif_override_traces_syn_opabs_0337_txt,synthetic,false,train_only
syn_opabs_0338,sft_train,numeric_equation,docs_numeric_equation_motif_override_traces_syn_opabs_0338_txt,synthetic,false,train_only
syn_opabs_0339,sft_train,numeric_equation,docs_numeric_equation_motif_override_traces_syn_opabs_0339_txt,synthetic,false,train_only
syn_opabs_0340,sft_train,numeric_equation,docs_numeric_equation_motif_override_traces_syn_opabs_0340_txt,synthetic,false,train_only
syn_opabs_0341,sft_train,numeric_equation,docs_numeric_equation_motif_override_traces_syn_opabs_0341_txt,synthetic,false,train_only
syn_opabs_0342,sft_train,numeric_equation,docs_numeric_equation_motif_override_traces_syn_opabs_0342_txt,synthetic,false,train_only
syn_opabs_0343,sft_train,numeric_equation,docs_numeric_equation_motif_override_traces_syn_opabs_0343_txt,synthetic,false,train_only
syn_opabs_0344,sft_train,numeric_equation,docs_numeric_equation_motif_override_traces_syn_opabs_0344_txt,synthetic,false,train_only
syn_opabs_0345,sft_train,numeric_equation,docs_numeric_equation_motif_override_traces_syn_opabs_0345_txt,synthetic,false,train_only
syn_opabs_0346,sft_train,numeric_equation,docs_numeric_equation_motif_override_traces_syn_opabs_0346_txt,synthetic,false,train_only
syn_opabs_0347,sft_train,numeric_equation,docs_numeric_equation_motif_override_traces_syn_opabs_0347_txt,synthetic,false,train_only
syn_opabs_0348,sft_train,numeric_equation,docs_numeric_equation_motif_override_traces_syn_opabs_0348_txt,synthetic,false,train_only
syn_opabs_0349,sft_train,numeric_equation,docs_numeric_equation_motif_override_traces_syn_opabs_0349_txt,synthetic,false,train_only
syn_opabs_0350,sft_train,numeric_equation,docs_numeric_equation_motif_override_traces_syn_opabs_0350_txt,synthetic,false,train_only
syn_opabs_0351,sft_train,numeric_equation,docs_numeric_equation_motif_override_traces_syn_opabs_0351_txt,synthetic,false,train_only
syn_opabs_0352,sft_train,numeric_equation,docs_numeric_equation_motif_override_traces_syn_opabs_0352_txt,synthetic,false,train_only
syn_opabs_0353,sft_train,numeric_equation,docs_numeric_equation_motif_override_traces_syn_opabs_0353_txt,synthetic,false,train_only
syn_opabs_0354,sft_train,numeric_equation,docs_numeric_equation_motif_override_traces_syn_opabs_0354_txt,synthetic,false,train_only
syn_opabs_0355,sft_train,numeric_equation,docs_numeric_equation_motif_override_traces_syn_opabs_0355_txt,synthetic,false,train_only
syn_opabs_0356,sft_train,numeric_equation,docs_numeric_equation_motif_override_traces_syn_opabs_0356_txt,synthetic,false,train_only
syn_opabs_0357,sft_train,numeric_equation,docs_numeric_equation_motif_override_traces_syn_opabs_0357_txt,synthetic,false,train_only
syn_opabs_0358,sft_train,numeric_equation,docs_numeric_equation_motif_override_traces_syn_opabs_0358_txt,synthetic,false,train_only
syn_opabs_0359,sft_train,numeric_equation,docs_numeric_equation_motif_override_traces_syn_opabs_0359_txt,synthetic,false,train_only
syn_opabs_0360,sft_train,numeric_equation,docs_numeric_equation_motif_override_traces_syn_opabs_0360_txt,synthetic,false,train_only
syn_opabs_0361,sft_train,numeric_equation,docs_numeric_equation_motif_override_traces_syn_opabs_0361_txt,synthetic,false,train_only
syn_opabs_0362,sft_train,numeric_equation,docs_numeric_equation_motif_override_traces_syn_opabs_0362_txt,synthetic,false,train_only
syn_opabs_0363,sft_train,numeric_equation,docs_numeric_equation_motif_override_traces_syn_opabs_0363_txt,synthetic,false,train_only
syn_opabs_0364,sft_train,numeric_equation,docs_numeric_equation_motif_override_traces_syn_opabs_0364_txt,synthetic,false,train_only
syn_opabs_0365,sft_train,numeric_equation,docs_numeric_equation_motif_override_traces_syn_opabs_0365_txt,synthetic,false,train_only
syn_opabs_0366,sft_train,numeric_equation,docs_numeric_equation_motif_override_traces_syn_opabs_0366_txt,synthetic,false,train_only
syn_opabs_0367,sft_train,numeric_equation,docs_numeric_equation_motif_override_traces_syn_opabs_0367_txt,synthetic,false,train_only
syn_opabs_0368,sft_train,numeric_equation,docs_numeric_equation_motif_override_traces_syn_opabs_0368_txt,synthetic,false,train_only
syn_opabs_0369,sft_train,numeric_equation,docs_numeric_equation_motif_override_traces_syn_opabs_0369_txt,synthetic,false,train_only
syn_opabs_0370,sft_train,numeric_equation,docs_numeric_equation_motif_override_traces_syn_opabs_0370_txt,synthetic,false,train_only
syn_opabs_0371,sft_train,numeric_equation,docs_numeric_equation_motif_override_traces_syn_opabs_0371_txt,synthetic,false,train_only
syn_opabs_0373,sft_train,numeric_equation,docs_numeric_equation_motif_override_traces_syn_opabs_0373_txt,synthetic,false,train_only
syn_opabs_0374,sft_train,numeric_equation,docs_numeric_equation_motif_override_traces_syn_opabs_0374_txt,synthetic,false,train_only
syn_opabs_0375,sft_train,numeric_equation,docs_numeric_equation_motif_override_traces_syn_opabs_0375_txt,synthetic,false,train_only
syn_opabs_0376,sft_train,numeric_equation,docs_numeric_equation_motif_override_traces_syn_opabs_0376_txt,synthetic,false,train_only
syn_opabs_0377,sft_train,numeric_equation,docs_numeric_equation_motif_override_traces_syn_opabs_0377_txt,synthetic,false,train_only
syn_opabs_0378,sft_train,numeric_equation,docs_numeric_equation_motif_override_traces_syn_opabs_0378_txt,synthetic,false,train_only
syn_opabs_0379,sft_train,numeric_equation,docs_numeric_equation_motif_override_traces_syn_opabs_0379_txt,synthetic,false,train_only
syn_opabs_0380,sft_train,numeric_equation,docs_numeric_equation_motif_override_traces_syn_opabs_0380_txt,synthetic,false,train_only
syn_opabs_0381,sft_train,numeric_equation,docs_numeric_equation_motif_override_traces_syn_opabs_0381_txt,synthetic,false,train_only
syn_opabs_0382,sft_train,numeric_equation,docs_numeric_equation_motif_override_traces_syn_opabs_0382_txt,synthetic,false,train_only
syn_opabs_0383,sft_train,numeric_equation,docs_numeric_equation_motif_override_traces_syn_opabs_0383_txt,synthetic,false,train_only
syn_opabs_0384,sft_train,numeric_equation,docs_numeric_equation_motif_override_traces_syn_opabs_0384_txt,synthetic,false,train_only
syn_opabs_0385,sft_train,numeric_equation,docs_numeric_equation_motif_override_traces_syn_opabs_0385_txt,synthetic,false,train_only
syn_opabs_0386,sft_train,numeric_equation,docs_numeric_equation_motif_override_traces_syn_opabs_0386_txt,synthetic,false,train_only
syn_opabs_0387,sft_train,numeric_equation,docs_numeric_equation_motif_override_traces_syn_opabs_0387_txt,synthetic,false,train_only
syn_opabs_0388,sft_train,numeric_equation,docs_numeric_equation_motif_override_traces_syn_opabs_0388_txt,synthetic,false,train_only
syn_opabs_0389,sft_train,numeric_equation,docs_numeric_equation_motif_override_traces_syn_opabs_0389_txt,synthetic,false,train_only
syn_opabs_0390,sft_train,numeric_equation,docs_numeric_equation_motif_override_traces_syn_opabs_0390_txt,synthetic,false,train_only
syn_opabs_0391,sft_train,numeric_equation,docs_numeric_equation_motif_override_traces_syn_opabs_0391_txt,synthetic,false,train_only
syn_opabs_0392,sft_train,numeric_equation,docs_numeric_equation_motif_override_traces_syn_opabs_0392_txt,synthetic,false,train_only
syn_opabs_0393,sft_train,numeric_equation,docs_numeric_equation_motif_override_traces_syn_opabs_0393_txt,synthetic,false,train_only
syn_opabs_0394,sft_train,numeric_equation,docs_numeric_equation_motif_override_traces_syn_opabs_0394_txt,synthetic,false,train_only
syn_opabs_0395,sft_train,numeric_equation,docs_numeric_equation_motif_override_traces_syn_opabs_0395_txt,synthetic,false,train_only
syn_opabs_0396,sft_train,numeric_equation,docs_numeric_equation_motif_override_traces_syn_opabs_0396_txt,synthetic,false,train_only
syn_opabs_0397,sft_train,numeric_equation,docs_numeric_equation_motif_override_traces_syn_opabs_0397_txt,synthetic,false,train_only
syn_opabs_0398,sft_train,numeric_equation,docs_numeric_equation_motif_override_traces_syn_opabs_0398_txt,synthetic,false,train_only
syn_opabs_0399,sft_train,numeric_equation,docs_numeric_equation_motif_override_traces_syn_opabs_0399_txt,synthetic,false,train_only
syn_opabs_0400,sft_train,numeric_equation,docs_numeric_equation_motif_override_traces_syn_opabs_0400_txt,synthetic,false,train_only
syn_opabs_0401,sft_train,numeric_equation,docs_numeric_equation_motif_override_traces_syn_opabs_0401_txt,synthetic,false,train_only
syn_opabs_0402,sft_train,numeric_equation,docs_numeric_equation_motif_override_traces_syn_opabs_0402_txt,synthetic,false,train_only
syn_opabs_0403,sft_train,numeric_equation,docs_numeric_equation_motif_override_traces_syn_opabs_0403_txt,synthetic,false,train_only
syn_opabs_0404,sft_train,numeric_equation,docs_numeric_equation_motif_override_traces_syn_opabs_0404_txt,synthetic,false,train_only
syn_opabs_0405,sft_train,numeric_equation,docs_numeric_equation_motif_override_traces_syn_opabs_0405_txt,synthetic,false,train_only
syn_opabs_0406,sft_train,numeric_equation,docs_numeric_equation_motif_override_traces_syn_opabs_0406_txt,synthetic,false,train_only
syn_opabs_0407,sft_train,numeric_equation,docs_numeric_equation_motif_override_traces_syn_opabs_0407_txt,synthetic,false,train_only
syn_opabs_0408,sft_train,numeric_equation,docs_numeric_equation_motif_override_traces_syn_opabs_0408_txt,synthetic,false,train_only
syn_opabs_0409,sft_train,numeric_equation,docs_numeric_equation_motif_override_traces_syn_opabs_0409_txt,synthetic,false,train_only
syn_opabs_0410,sft_train,numeric_equation,docs_numeric_equation_motif_override_traces_syn_opabs_0410_txt,synthetic,false,train_only
syn_opabs_0411,sft_train,numeric_equation,docs_numeric_equation_motif_override_traces_syn_opabs_0411_txt,synthetic,false,train_only
syn_opabs_0412,sft_train,numeric_equation,docs_numeric_equation_motif_override_traces_syn_opabs_0412_txt,synthetic,false,train_only
syn_opabs_0414,sft_train,numeric_equation,docs_numeric_equation_motif_override_traces_syn_opabs_0414_txt,synthetic,false,train_only
syn_opabs_0415,sft_train,numeric_equation,docs_numeric_equation_motif_override_traces_syn_opabs_0415_txt,synthetic,false,train_only
syn_opabs_0416,sft_train,numeric_equation,docs_numeric_equation_motif_override_traces_syn_opabs_0416_txt,synthetic,false,train_only
syn_opabs_0417,sft_train,numeric_equation,docs_numeric_equation_motif_override_traces_syn_opabs_0417_txt,synthetic,false,train_only
syn_opabs_0418,sft_train,numeric_equation,docs_numeric_equation_motif_override_traces_syn_opabs_0418_txt,synthetic,false,train_only
syn_opabs_0419,sft_train,numeric_equation,docs_numeric_equation_motif_override_traces_syn_opabs_0419_txt,synthetic,false,train_only
syn_opabs_0420,sft_train,numeric_equation,docs_numeric_equation_motif_override_traces_syn_opabs_0420_txt,synthetic,false,train_only
syn_opabs_0421,sft_train,numeric_equation,docs_numeric_equation_motif_override_traces_syn_opabs_0421_txt,synthetic,false,train_only
syn_opabs_0422,sft_train,numeric_equation,docs_numeric_equation_motif_override_traces_syn_opabs_0422_txt,synthetic,false,train_only
syn_opabs_0423,sft_train,numeric_equation,docs_numeric_equation_motif_override_traces_syn_opabs_0423_txt,synthetic,false,train_only
syn_opabs_0424,sft_train,numeric_equation,docs_numeric_equation_motif_override_traces_syn_opabs_0424_txt,synthetic,false,train_only
syn_opabs_0425,sft_train,numeric_equation,docs_numeric_equation_motif_override_traces_syn_opabs_0425_txt,synthetic,false,train_only
syn_opabs_0426,sft_train,numeric_equation,docs_numeric_equation_motif_override_traces_syn_opabs_0426_txt,synthetic,false,train_only
syn_opabs_0427,sft_train,numeric_equation,docs_numeric_equation_motif_override_traces_syn_opabs_0427_txt,synthetic,false,train_only
syn_opabs_0428,sft_train,numeric_equation,docs_numeric_equation_motif_override_traces_syn_opabs_0428_txt,synthetic,false,train_only
syn_opabs_0429,sft_train,numeric_equation,docs_numeric_equation_motif_override_traces_syn_opabs_0429_txt,synthetic,false,train_only
syn_opabs_0430,sft_train,numeric_equation,docs_numeric_equation_motif_override_traces_syn_opabs_0430_txt,synthetic,false,train_only
syn_opabs_0431,sft_train,numeric_equation,docs_numeric_equation_motif_override_traces_syn_opabs_0431_txt,synthetic,false,train_only
syn_opabs_0432,sft_train,numeric_equation,docs_numeric_equation_motif_override_traces_syn_opabs_0432_txt,synthetic,false,train_only
syn_opabs_0433,sft_train,numeric_equation,docs_numeric_equation_motif_override_traces_syn_opabs_0433_txt,synthetic,false,train_only
syn_opabs_0434,sft_train,numeric_equation,docs_numeric_equation_motif_override_traces_syn_opabs_0434_txt,synthetic,false,train_only
syn_opabs_0435,sft_train,numeric_equation,docs_numeric_equation_motif_override_traces_syn_opabs_0435_txt,synthetic,false,train_only
syn_opabs_0436,sft_train,numeric_equation,docs_numeric_equation_motif_override_traces_syn_opabs_0436_txt,synthetic,false,train_only
syn_opabs_0437,sft_train,numeric_equation,docs_numeric_equation_motif_override_traces_syn_opabs_0437_txt,synthetic,false,train_only
syn_opabs_0438,sft_train,numeric_equation,docs_numeric_equation_motif_override_traces_syn_opabs_0438_txt,synthetic,false,train_only
syn_opabs_0439,sft_train,numeric_equation,docs_numeric_equation_motif_override_traces_syn_opabs_0439_txt,synthetic,false,train_only
syn_opabs_0440,sft_train,numeric_equation,docs_numeric_equation_motif_override_traces_syn_opabs_0440_txt,synthetic,false,train_only
syn_opabs_0441,sft_train,numeric_equation,docs_numeric_equation_motif_override_traces_syn_opabs_0441_txt,synthetic,false,train_only
syn_opabs_0442,sft_train,numeric_equation,docs_numeric_equation_motif_override_traces_syn_opabs_0442_txt,synthetic,false,train_only
syn_opabs_0443,sft_train,numeric_equation,docs_numeric_equation_motif_override_traces_syn_opabs_0443_txt,synthetic,false,train_only
syn_opabs_0444,sft_train,numeric_equation,docs_numeric_equation_motif_override_traces_syn_opabs_0444_txt,synthetic,false,train_only
syn_opabs_0445,sft_train,numeric_equation,docs_numeric_equation_motif_override_traces_syn_opabs_0445_txt,synthetic,false,train_only
syn_opabs_0446,sft_train,numeric_equation,docs_numeric_equation_motif_override_traces_syn_opabs_0446_txt,synthetic,false,train_only
syn_opabs_0447,sft_train,numeric_equation,docs_numeric_equation_motif_override_traces_syn_opabs_0447_txt,synthetic,false,train_only
syn_opabs_0448,sft_train,numeric_equation,docs_numeric_equation_motif_override_traces_syn_opabs_0448_txt,synthetic,false,train_only
syn_opabs_0449,sft_train,numeric_equation,docs_numeric_equation_motif_override_traces_syn_opabs_0449_txt,synthetic,false,train_only
syn_opabs_0450,sft_train,numeric_equation,docs_numeric_equation_motif_override_traces_syn_opabs_0450_txt,synthetic,false,train_only
syn_opabs_0451,sft_train,numeric_equation,docs_numeric_equation_motif_override_traces_syn_opabs_0451_txt,synthetic,false,train_only
syn_opabs_0452,sft_train,numeric_equation,docs_numeric_equation_motif_override_traces_syn_opabs_0452_txt,synthetic,false,train_only
syn_opabs_0453,sft_train,numeric_equation,docs_numeric_equation_motif_override_traces_syn_opabs_0453_txt,synthetic,false,train_only
syn_opabs_0454,sft_train,numeric_equation,docs_numeric_equation_motif_override_traces_syn_opabs_0454_txt,synthetic,false,train_only
syn_opabs_0455,sft_train,numeric_equation,docs_numeric_equation_motif_override_traces_syn_opabs_0455_txt,synthetic,false,train_only
syn_opabs_0456,sft_train,numeric_equation,docs_numeric_equation_motif_override_traces_syn_opabs_0456_txt,synthetic,false,train_only
syn_opabs_0457,sft_train,numeric_equation,docs_numeric_equation_motif_override_traces_syn_opabs_0457_txt,synthetic,false,train_only
syn_opabs_0458,sft_train,numeric_equation,docs_numeric_equation_motif_override_traces_syn_opabs_0458_txt,synthetic,false,train_only
syn_opabs_0459,sft_train,numeric_equation,docs_numeric_equation_motif_override_traces_syn_opabs_0459_txt,synthetic,false,train_only
syn_opabs_0460,sft_train,numeric_equation,docs_numeric_equation_motif_override_traces_syn_opabs_0460_txt,synthetic,false,train_only
syn_opabs_0461,sft_train,numeric_equation,docs_numeric_equation_motif_override_traces_syn_opabs_0461_txt,synthetic,false,train_only
syn_opabs_0462,sft_train,numeric_equation,docs_numeric_equation_motif_override_traces_syn_opabs_0462_txt,synthetic,false,train_only
syn_opabs_0463,sft_train,numeric_equation,docs_numeric_equation_motif_override_traces_syn_opabs_0463_txt,synthetic,false,train_only
syn_opabs_0464,sft_train,numeric_equation,docs_numeric_equation_motif_override_traces_syn_opabs_0464_txt,synthetic,false,train_only
syn_opabs_0465,sft_train,numeric_equation,docs_numeric_equation_motif_override_traces_syn_opabs_0465_txt,synthetic,false,train_only
syn_opabs_0466,sft_train,numeric_equation,docs_numeric_equation_motif_override_traces_syn_opabs_0466_txt,synthetic,false,train_only
syn_opabs_0467,sft_train,numeric_equation,docs_numeric_equation_motif_override_traces_syn_opabs_0467_txt,synthetic,false,train_only
syn_opabs_0468,sft_train,numeric_equation,docs_numeric_equation_motif_override_traces_syn_opabs_0468_txt,synthetic,false,train_only
syn_opabs_0469,sft_train,numeric_equation,docs_numeric_equation_motif_override_traces_syn_opabs_0469_txt,synthetic,false,train_only
syn_opabs_0470,sft_train,numeric_equation,docs_numeric_equation_motif_override_traces_syn_opabs_0470_txt,synthetic,false,train_only
syn_opabs_0471,sft_train,numeric_equation,docs_numeric_equation_motif_override_traces_syn_opabs_0471_txt,synthetic,false,train_only
syn_opabs_0472,sft_train,numeric_equation,docs_numeric_equation_motif_override_traces_syn_opabs_0472_txt,synthetic,false,train_only
syn_opabs_0473,sft_train,numeric_equation,docs_numeric_equation_motif_override_traces_syn_opabs_0473_txt,synthetic,false,train_only
syn_opabs_0474,sft_train,numeric_equation,docs_numeric_equation_motif_override_traces_syn_opabs_0474_txt,synthetic,false,train_only
syn_opabs_0475,sft_train,numeric_equation,docs_numeric_equation_motif_override_traces_syn_opabs_0475_txt,synthetic,false,train_only
syn_opabs_0476,sft_train,numeric_equation,docs_numeric_equation_motif_override_traces_syn_opabs_0476_txt,synthetic,false,train_only
syn_opabs_0477,sft_train,numeric_equation,docs_numeric_equation_motif_override_traces_syn_opabs_0477_txt,synthetic,false,train_only
syn_opabs_0478,sft_train,numeric_equation,docs_numeric_equation_motif_override_traces_syn_opabs_0478_txt,synthetic,false,train_only
syn_opabs_0479,sft_train,numeric_equation,docs_numeric_equation_motif_override_traces_syn_opabs_0479_txt,synthetic,false,train_only
syn_opabs_0480,sft_train,numeric_equation,docs_numeric_equation_motif_override_traces_syn_opabs_0480_txt,synthetic,false,train_only
syn_opabs_0481,sft_train,numeric_equation,docs_numeric_equation_motif_override_traces_syn_opabs_0481_txt,synthetic,false,train_only
syn_opabs_0482,sft_train,numeric_equation,docs_numeric_equation_motif_override_traces_syn_opabs_0482_txt,synthetic,false,train_only
syn_opabs_0483,sft_train,numeric_equation,docs_numeric_equation_motif_override_traces_syn_opabs_0483_txt,synthetic,false,train_only
syn_opabs_0484,sft_train,numeric_equation,docs_numeric_equation_motif_override_traces_syn_opabs_0484_txt,synthetic,false,train_only
syn_opabs_0485,sft_train,numeric_equation,docs_numeric_equation_motif_override_traces_syn_opabs_0485_txt,synthetic,false,train_only
syn_opabs_0486,sft_train,numeric_equation,docs_numeric_equation_motif_override_traces_syn_opabs_0486_txt,synthetic,false,train_only
syn_opabs_0487,sft_train,numeric_equation,docs_numeric_equation_motif_override_traces_syn_opabs_0487_txt,synthetic,false,train_only
syn_opabs_0488,sft_train,numeric_equation,docs_numeric_equation_motif_override_traces_syn_opabs_0488_txt,synthetic,false,train_only
syn_opabs_0489,sft_train,numeric_equation,docs_numeric_equation_motif_override_traces_syn_opabs_0489_txt,synthetic,false,train_only
syn_opabs_0490,sft_train,numeric_equation,docs_numeric_equation_motif_override_traces_syn_opabs_0490_txt,synthetic,false,train_only
syn_opabs_0491,sft_train,numeric_equation,docs_numeric_equation_motif_override_traces_syn_opabs_0491_txt,synthetic,false,train_only
syn_opabs_0492,sft_train,numeric_equation,docs_numeric_equation_motif_override_traces_syn_opabs_0492_txt,synthetic,false,train_only
syn_opabs_0493,sft_train,numeric_equation,docs_numeric_equation_motif_override_traces_syn_opabs_0493_txt,synthetic,false,train_only
syn_opabs_0494,sft_train,numeric_equation,docs_numeric_equation_motif_override_traces_syn_opabs_0494_txt,synthetic,false,train_only
syn_opabs_0495,sft_train,numeric_equation,docs_numeric_equation_motif_override_traces_syn_opabs_0495_txt,synthetic,false,train_only
syn_opabs_0496,sft_train,numeric_equation,docs_numeric_equation_motif_override_traces_syn_opabs_0496_txt,synthetic,false,train_only
syn_opabs_0497,sft_train,numeric_equation,docs_numeric_equation_motif_override_traces_syn_opabs_0497_txt,synthetic,false,train_only
syn_opabs_0499,sft_train,numeric_equation,docs_numeric_equation_motif_override_traces_syn_opabs_0499_txt,synthetic,false,train_only
syn_opabs_0500,sft_train,numeric_equation,docs_numeric_equation_motif_override_traces_syn_opabs_0500_txt,synthetic,false,train_only
syn_opabs_0501,sft_train,numeric_equation,docs_numeric_equation_motif_override_traces_syn_opabs_0501_txt,synthetic,false,train_only
syn_opabs_0502,sft_train,numeric_equation,docs_numeric_equation_motif_override_traces_syn_opabs_0502_txt,synthetic,false,train_only
syn_opabs_0503,sft_train,numeric_equation,docs_numeric_equation_motif_override_traces_syn_opabs_0503_txt,synthetic,false,train_only
syn_opabs_0504,sft_train,numeric_equation,docs_numeric_equation_motif_override_traces_syn_opabs_0504_txt,synthetic,false,train_only
syn_opabs_0505,sft_train,numeric_equation,docs_numeric_equation_motif_override_traces_syn_opabs_0505_txt,synthetic,false,train_only
syn_opabs_0506,sft_train,numeric_equation,docs_numeric_equation_motif_override_traces_syn_opabs_0506_txt,synthetic,false,train_only
syn_opabs_0507,sft_train,numeric_equation,docs_numeric_equation_motif_override_traces_syn_opabs_0507_txt,synthetic,false,train_only
syn_opabs_0508,sft_train,numeric_equation,docs_numeric_equation_motif_override_traces_syn_opabs_0508_txt,synthetic,false,train_only
syn_opabs_0509,sft_train,numeric_equation,docs_numeric_equation_motif_override_traces_syn_opabs_0509_txt,synthetic,false,train_only
syn_opabs_0510,sft_train,numeric_equation,docs_numeric_equation_motif_override_traces_syn_opabs_0510_txt,synthetic,false,train_only
syn_opabs_0511,sft_train,numeric_equation,docs_numeric_equation_motif_override_traces_syn_opabs_0511_txt,synthetic,false,train_only
syn_opabs_0512,sft_train,numeric_equation,docs_numeric_equation_motif_override_traces_syn_opabs_0512_txt,synthetic,false,train_only
syn_opabs_0513,sft_train,numeric_equation,docs_numeric_equation_motif_override_traces_syn_opabs_0513_txt,synthetic,false,train_only
syn_opabs_0514,sft_train,numeric_equation,docs_numeric_equation_motif_override_traces_syn_opabs_0514_txt,synthetic,false,train_only
syn_opabs_0515,sft_train,numeric_equation,docs_numeric_equation_motif_override_traces_syn_opabs_0515_txt,synthetic,false,train_only
syn_opabs_0516,sft_train,numeric_equation,docs_numeric_equation_motif_override_traces_syn_opabs_0516_txt,synthetic,false,train_only
syn_opabs_0517,sft_train,numeric_equation,docs_numeric_equation_motif_override_traces_syn_opabs_0517_txt,synthetic,false,train_only
syn_opabs_0518,sft_train,numeric_equation,docs_numeric_equation_motif_override_traces_syn_opabs_0518_txt,synthetic,false,train_only
syn_opabs_0519,sft_train,numeric_equation,docs_numeric_equation_motif_override_traces_syn_opabs_0519_txt,synthetic,false,train_only
syn_opabs_0520,sft_train,numeric_equation,docs_numeric_equation_motif_override_traces_syn_opabs_0520_txt,synthetic,false,train_only
syn_opabs_0522,sft_train,numeric_equation,docs_numeric_equation_motif_override_traces_syn_opabs_0522_txt,synthetic,false,train_only
syn_opabs_0523,sft_train,numeric_equation,docs_numeric_equation_motif_override_traces_syn_opabs_0523_txt,synthetic,false,train_only
syn_opabs_0524,sft_train,numeric_equation,docs_numeric_equation_motif_override_traces_syn_opabs_0524_txt,synthetic,false,train_only
syn_opabs_0525,sft_train,numeric_equation,docs_numeric_equation_motif_override_traces_syn_opabs_0525_txt,synthetic,false,train_only
syn_opabs_0526,sft_train,numeric_equation,docs_numeric_equation_motif_override_traces_syn_opabs_0526_txt,synthetic,false,train_only
syn_opabs_0527,sft_train,numeric_equation,docs_numeric_equation_motif_override_traces_syn_opabs_0527_txt,synthetic,false,train_only
syn_opabs_0528,sft_train,numeric_equation,docs_numeric_equation_motif_override_traces_syn_opabs_0528_txt,synthetic,false,train_only
syn_opabs_0529,sft_train,numeric_equation,docs_numeric_equation_motif_override_traces_syn_opabs_0529_txt,synthetic,false,train_only
syn_opabs_0530,sft_train,numeric_equation,docs_numeric_equation_motif_override_traces_syn_opabs_0530_txt,synthetic,false,train_only
syn_opabs_0531,sft_train,numeric_equation,docs_numeric_equation_motif_override_traces_syn_opabs_0531_txt,synthetic,false,train_only
syn_opabs_0532,sft_train,numeric_equation,docs_numeric_equation_motif_override_traces_syn_opabs_0532_txt,synthetic,false,train_only
syn_opabs_0533,sft_train,numeric_equation,docs_numeric_equation_motif_override_traces_syn_opabs_0533_txt,synthetic,false,train_only
syn_opabs_0534,sft_train,numeric_equation,docs_numeric_equation_motif_override_traces_syn_opabs_0534_txt,synthetic,false,train_only
syn_opabs_0535,sft_train,numeric_equation,docs_numeric_equation_motif_override_traces_syn_opabs_0535_txt,synthetic,false,train_only
syn_opabs_0536,sft_train,numeric_equation,docs_numeric_equation_motif_override_traces_syn_opabs_0536_txt,synthetic,false,train_only
syn_opabs_0537,sft_train,numeric_equation,docs_numeric_equation_motif_override_traces_syn_opabs_0537_txt,synthetic,false,train_only
syn_opabs_0538,sft_train,numeric_equation,docs_numeric_equation_motif_override_traces_syn_opabs_0538_txt,synthetic,false,train_only
syn_opabs_0539,sft_train,numeric_equation,docs_numeric_equation_motif_override_traces_syn_opabs_0539_txt,synthetic,false,train_only
syn_opabs_0540,sft_train,numeric_equation,docs_numeric_equation_motif_override_traces_syn_opabs_0540_txt,synthetic,false,train_only
syn_opabs_0541,sft_train,numeric_equation,docs_numeric_equation_motif_override_traces_syn_opabs_0541_txt,synthetic,false,train_only
syn_opabs_0542,sft_train,numeric_equation,docs_numeric_equation_motif_override_traces_syn_opabs_0542_txt,synthetic,false,train_only
syn_opabs_0543,sft_train,numeric_equation,docs_numeric_equation_motif_override_traces_syn_opabs_0543_txt,synthetic,false,train_only
syn_opabs_0544,sft_train,numeric_equation,docs_numeric_equation_motif_override_traces_syn_opabs_0544_txt,synthetic,false,train_only
syn_opabs_0545,sft_train,numeric_equation,docs_numeric_equation_motif_override_traces_syn_opabs_0545_txt,synthetic,false,train_only
syn_opabs_0546,sft_train,numeric_equation,docs_numeric_equation_motif_override_traces_syn_opabs_0546_txt,synthetic,false,train_only
syn_opabs_0547,sft_train,numeric_equation,docs_numeric_equation_motif_override_traces_syn_opabs_0547_txt,synthetic,false,train_only
syn_opabs_0548,sft_train,numeric_equation,docs_numeric_equation_motif_override_traces_syn_opabs_0548_txt,synthetic,false,train_only
syn_opabs_0549,sft_train,numeric_equation,docs_numeric_equation_motif_override_traces_syn_opabs_0549_txt,synthetic,false,train_only
syn_opabs_0550,sft_train,numeric_equation,docs_numeric_equation_motif_override_traces_syn_opabs_0550_txt,synthetic,false,train_only
syn_opabs_0551,sft_train,numeric_equation,docs_numeric_equation_motif_override_traces_syn_opabs_0551_txt,synthetic,false,train_only
syn_opabs_0552,sft_train,numeric_equation,docs_numeric_equation_motif_override_traces_syn_opabs_0552_txt,synthetic,false,train_only
syn_opabs_0553,sft_train,numeric_equation,docs_numeric_equation_motif_override_traces_syn_opabs_0553_txt,synthetic,false,train_only
syn_opabs_0554,sft_train,numeric_equation,docs_numeric_equation_motif_override_traces_syn_opabs_0554_txt,synthetic,false,train_only
syn_opabs_0555,sft_train,numeric_equation,docs_numeric_equation_motif_override_traces_syn_opabs_0555_txt,synthetic,false,train_only
syn_opabs_0556,sft_train,numeric_equation,docs_numeric_equation_motif_override_traces_syn_opabs_0556_txt,synthetic,false,train_only
syn_opabs_0557,sft_train,numeric_equation,docs_numeric_equation_motif_override_traces_syn_opabs_0557_txt,synthetic,false,train_only
syn_opabs_0558,sft_train,numeric_equation,docs_numeric_equation_motif_override_traces_syn_opabs_0558_txt,synthetic,false,train_only
syn_opabs_0559,sft_train,numeric_equation,docs_numeric_equation_motif_override_traces_syn_opabs_0559_txt,synthetic,false,train_only
syn_opabs_0560,sft_train,numeric_equation,docs_numeric_equation_motif_override_traces_syn_opabs_0560_txt,synthetic,false,train_only
syn_opabs_0561,sft_train,numeric_equation,docs_numeric_equation_motif_override_traces_syn_opabs_0561_txt,synthetic,false,train_only
syn_opabs_0562,sft_train,numeric_equation,docs_numeric_equation_motif_override_traces_syn_opabs_0562_txt,synthetic,false,train_only
syn_opabs_0563,sft_train,numeric_equation,docs_numeric_equation_motif_override_traces_syn_opabs_0563_txt,synthetic,false,train_only
syn_opabs_0564,sft_train,numeric_equation,docs_numeric_equation_motif_override_traces_syn_opabs_0564_txt,synthetic,false,train_only
syn_opabs_0565,sft_train,numeric_equation,docs_numeric_equation_motif_override_traces_syn_opabs_0565_txt,synthetic,false,train_only
syn_opabs_0566,sft_train,numeric_equation,docs_numeric_equation_motif_override_traces_syn_opabs_0566_txt,synthetic,false,train_only
syn_opabs_0567,sft_train,numeric_equation,docs_numeric_equation_motif_override_traces_syn_opabs_0567_txt,synthetic,false,train_only
syn_opabs_0568,sft_train,numeric_equation,docs_numeric_equation_motif_override_traces_syn_opabs_0568_txt,synthetic,false,train_only
syn_opabs_0569,sft_train,numeric_equation,docs_numeric_equation_motif_override_traces_syn_opabs_0569_txt,synthetic,false,train_only
syn_opabs_0570,sft_train,numeric_equation,docs_numeric_equation_motif_override_traces_syn_opabs_0570_txt,synthetic,false,train_only
syn_opabs_0571,sft_train,numeric_equation,docs_numeric_equation_motif_override_traces_syn_opabs_0571_txt,synthetic,false,train_only
syn_opabs_0572,sft_train,numeric_equation,docs_numeric_equation_motif_override_traces_syn_opabs_0572_txt,synthetic,false,train_only
syn_opabs_0573,sft_train,numeric_equation,docs_numeric_equation_motif_override_traces_syn_opabs_0573_txt,synthetic,false,train_only
syn_opabs_0574,sft_train,numeric_equation,docs_numeric_equation_motif_override_traces_syn_opabs_0574_txt,synthetic,false,train_only
syn_opabs_0575,sft_train,numeric_equation,docs_numeric_equation_motif_override_traces_syn_opabs_0575_txt,synthetic,false,train_only
syn_opabs_0576,sft_train,numeric_equation,docs_numeric_equation_motif_override_traces_syn_opabs_0576_txt,synthetic,false,train_only
syn_opabs_0577,sft_train,numeric_equation,docs_numeric_equation_motif_override_traces_syn_opabs_0577_txt,synthetic,false,train_only
syn_opabs_0578,sft_train,numeric_equation,docs_numeric_equation_motif_override_traces_syn_opabs_0578_txt,synthetic,false,train_only
syn_opabs_0579,sft_train,numeric_equation,docs_numeric_equation_motif_override_traces_syn_opabs_0579_txt,synthetic,false,train_only
syn_opabs_0580,sft_train,numeric_equation,docs_numeric_equation_motif_override_traces_syn_opabs_0580_txt,synthetic,false,train_only
syn_opabs_0581,sft_train,numeric_equation,docs_numeric_equation_motif_override_traces_syn_opabs_0581_txt,synthetic,false,train_only
syn_opabs_0582,sft_train,numeric_equation,docs_numeric_equation_motif_override_traces_syn_opabs_0582_txt,synthetic,false,train_only
syn_opabs_0583,sft_train,numeric_equation,docs_numeric_equation_motif_override_traces_syn_opabs_0583_txt,synthetic,false,train_only
syn_opabs_0584,sft_train,numeric_equation,docs_numeric_equation_motif_override_traces_syn_opabs_0584_txt,synthetic,false,train_only
syn_opabs_0585,sft_train,numeric_equation,docs_numeric_equation_motif_override_traces_syn_opabs_0585_txt,synthetic,false,train_only
syn_opabs_0586,sft_train,numeric_equation,docs_numeric_equation_motif_override_traces_syn_opabs_0586_txt,synthetic,false,train_only
syn_opabs_0587,sft_train,numeric_equation,docs_numeric_equation_motif_override_traces_syn_opabs_0587_txt,synthetic,false,train_only
syn_opabs_0588,sft_train,numeric_equation,docs_numeric_equation_motif_override_traces_syn_opabs_0588_txt,synthetic,false,train_only
syn_opabs_0589,sft_train,numeric_equation,docs_numeric_equation_motif_override_traces_syn_opabs_0589_txt,synthetic,false,train_only
syn_opabs_0590,sft_train,numeric_equation,docs_numeric_equation_motif_override_traces_syn_opabs_0590_txt,synthetic,false,train_only
syn_opabs_0591,sft_train,numeric_equation,docs_numeric_equation_motif_override_traces_syn_opabs_0591_txt,synthetic,false,train_only
syn_opabs_0592,sft_train,numeric_equation,docs_numeric_equation_motif_override_traces_syn_opabs_0592_txt,synthetic,false,train_only
syn_opabs_0593,sft_train,numeric_equation,docs_numeric_equation_motif_override_traces_syn_opabs_0593_txt,synthetic,false,train_only
syn_opabs_0594,sft_train,numeric_equation,docs_numeric_equation_motif_override_traces_syn_opabs_0594_txt,synthetic,false,train_only
syn_opabs_0595,sft_train,numeric_equation,docs_numeric_equation_motif_override_traces_syn_opabs_0595_txt,synthetic,false,train_only
syn_opabs_0596,sft_train,numeric_equation,docs_numeric_equation_motif_override_traces_syn_opabs_0596_txt,synthetic,false,train_only
syn_opabs_0597,sft_train,numeric_equation,docs_numeric_equation_motif_override_traces_syn_opabs_0597_txt,synthetic,false,train_only
syn_opabs_0598,sft_train,numeric_equation,docs_numeric_equation_motif_override_traces_syn_opabs_0598_txt,synthetic,false,train_only
syn_opabs_0599,sft_train,numeric_equation,docs_numeric_equation_motif_override_traces_syn_opabs_0599_txt,synthetic,false,train_only
syn_opabs_0600,sft_train,numeric_equation,docs_numeric_equation_motif_override_traces_syn_opabs_0600_txt,synthetic,false,train_only
syn_opabs_0601,sft_train,numeric_equation,docs_numeric_equation_motif_override_traces_syn_opabs_0601_txt,synthetic,false,train_only
syn_opabs_0602,sft_train,numeric_equation,docs_numeric_equation_motif_override_traces_syn_opabs_0602_txt,synthetic,false,train_only
syn_opabs_0603,sft_train,numeric_equation,docs_numeric_equation_motif_override_traces_syn_opabs_0603_txt,synthetic,false,train_only
syn_opabs_0604,sft_train,numeric_equation,docs_numeric_equation_motif_override_traces_syn_opabs_0604_txt,synthetic,false,train_only
syn_opabs_0605,sft_train,numeric_equation,docs_numeric_equation_motif_override_traces_syn_opabs_0605_txt,synthetic,false,train_only
syn_opabs_0606,sft_train,numeric_equation,docs_numeric_equation_motif_override_traces_syn_opabs_0606_txt,synthetic,false,train_only
syn_opabs_0607,sft_train,numeric_equation,docs_numeric_equation_motif_override_traces_syn_opabs_0607_txt,synthetic,false,train_only
syn_opabs_0608,sft_train,numeric_equation,docs_numeric_equation_motif_override_traces_syn_opabs_0608_txt,synthetic,false,train_only
syn_opabs_0609,sft_train,numeric_equation,docs_numeric_equation_motif_override_traces_syn_opabs_0609_txt,synthetic,false,train_only
syn_opabs_0610,sft_train,numeric_equation,docs_numeric_equation_motif_override_traces_syn_opabs_0610_txt,synthetic,false,train_only
syn_opabs_0611,sft_train,numeric_equation,docs_numeric_equation_motif_override_traces_syn_opabs_0611_txt,synthetic,false,train_only
syn_opabs_0612,sft_train,numeric_equation,docs_numeric_equation_motif_override_traces_syn_opabs_0612_txt,synthetic,false,train_only
syn_opabs_0613,sft_train,numeric_equation,docs_numeric_equation_motif_override_traces_syn_opabs_0613_txt,synthetic,false,train_only
syn_opabs_0614,sft_train,numeric_equation,docs_numeric_equation_motif_override_traces_syn_opabs_0614_txt,synthetic,false,train_only
syn_opabs_0615,sft_train,numeric_equation,docs_numeric_equation_motif_override_traces_syn_opabs_0615_txt,synthetic,false,train_only
syn_opabs_0616,sft_train,numeric_equation,docs_numeric_equation_motif_override_traces_syn_opabs_0616_txt,synthetic,false,train_only
syn_opabs_0617,sft_train,numeric_equation,docs_numeric_equation_motif_override_traces_syn_opabs_0617_txt,synthetic,false,train_only
syn_opabs_0618,sft_train,numeric_equation,docs_numeric_equation_motif_override_traces_syn_opabs_0618_txt,synthetic,false,train_only
syn_opabs_0619,sft_train,numeric_equation,docs_numeric_equation_motif_override_traces_syn_opabs_0619_txt,synthetic,false,train_only
syn_opabs_0620,sft_train,numeric_equation,docs_numeric_equation_motif_override_traces_syn_opabs_0620_txt,synthetic,false,train_only
syn_opabs_0621,sft_train,numeric_equation,docs_numeric_equation_motif_override_traces_syn_opabs_0621_txt,synthetic,false,train_only
syn_opabs_0622,sft_train,numeric_equation,docs_numeric_equation_motif_override_traces_syn_opabs_0622_txt,synthetic,false,train_only
syn_opabs_0623,sft_train,numeric_equation,docs_numeric_equation_motif_override_traces_syn_opabs_0623_txt,synthetic,false,train_only
syn_opabs_0624,sft_train,numeric_equation,docs_numeric_equation_motif_override_traces_syn_opabs_0624_txt,synthetic,false,train_only
syn_opabs_0625,sft_train,numeric_equation,docs_numeric_equation_motif_override_traces_syn_opabs_0625_txt,synthetic,false,train_only
syn_opabs_0626,sft_train,numeric_equation,docs_numeric_equation_motif_override_traces_syn_opabs_0626_txt,synthetic,false,train_only
syn_opabs_0627,sft_train,numeric_equation,docs_numeric_equation_motif_override_traces_syn_opabs_0627_txt,synthetic,false,train_only
syn_opabs_0628,sft_train,numeric_equation,docs_numeric_equation_motif_override_traces_syn_opabs_0628_txt,synthetic,false,train_only
syn_opabs_0629,sft_train,numeric_equation,docs_numeric_equation_motif_override_traces_syn_opabs_0629_txt,synthetic,false,train_only
syn_opabs_0630,sft_train,numeric_equation,docs_numeric_equation_motif_override_traces_syn_opabs_0630_txt,synthetic,false,train_only
syn_opabs_0631,sft_train,numeric_equation,docs_numeric_equation_motif_override_traces_syn_opabs_0631_txt,synthetic,false,train_only
syn_opabs_0632,sft_train,numeric_equation,docs_numeric_equation_motif_override_traces_syn_opabs_0632_txt,synthetic,false,train_only
syn_opabs_0633,sft_train,numeric_equation,docs_numeric_equation_motif_override_traces_syn_opabs_0633_txt,synthetic,false,train_only
syn_opabs_0634,sft_train,numeric_equation,docs_numeric_equation_motif_override_traces_syn_opabs_0634_txt,synthetic,false,train_only
syn_opabs_0635,sft_train,numeric_equation,docs_numeric_equation_motif_override_traces_syn_opabs_0635_txt,synthetic,false,train_only
syn_opabs_0636,sft_train,numeric_equation,docs_numeric_equation_motif_override_traces_syn_opabs_0636_txt,synthetic,false,train_only
syn_opabs_0637,sft_train,numeric_equation,docs_numeric_equation_motif_override_traces_syn_opabs_0637_txt,synthetic,false,train_only
syn_opabs_0638,sft_train,numeric_equation,docs_numeric_equation_motif_override_traces_syn_opabs_0638_txt,synthetic,false,train_only
syn_opabs_0639,sft_train,numeric_equation,docs_numeric_equation_motif_override_traces_syn_opabs_0639_txt,synthetic,false,train_only
syn_opabs_0640,sft_train,numeric_equation,docs_numeric_equation_motif_override_traces_syn_opabs_0640_txt,synthetic,false,train_only
syn_opabs_0641,sft_train,numeric_equation,docs_numeric_equation_motif_override_traces_syn_opabs_0641_txt,synthetic,false,train_only
syn_opabs_0642,sft_train,numeric_equation,docs_numeric_equation_motif_override_traces_syn_opabs_0642_txt,synthetic,false,train_only
syn_opabs_0643,sft_train,numeric_equation,docs_numeric_equation_motif_override_traces_syn_opabs_0643_txt,synthetic,false,train_only
syn_opabs_0644,sft_train,numeric_equation,docs_numeric_equation_motif_override_traces_syn_opabs_0644_txt,synthetic,false,train_only
syn_opabs_0645,sft_train,numeric_equation,docs_numeric_equation_motif_override_traces_syn_opabs_0645_txt,synthetic,false,train_only
syn_opabs_0646,sft_train,numeric_equation,docs_numeric_equation_motif_override_traces_syn_opabs_0646_txt,synthetic,false,train_only
syn_opabs_0647,sft_train,numeric_equation,docs_numeric_equation_motif_override_traces_syn_opabs_0647_txt,synthetic,false,train_only
syn_opabs_0648,sft_train,numeric_equation,docs_numeric_equation_motif_override_traces_syn_opabs_0648_txt,synthetic,false,train_only
syn_opabs_0649,sft_train,numeric_equation,docs_numeric_equation_motif_override_traces_syn_opabs_0649_txt,synthetic,false,train_only
syn_opabs_0650,sft_train,numeric_equation,docs_numeric_equation_motif_override_traces_syn_opabs_0650_txt,synthetic,false,train_only
syn_opabs_0651,sft_train,numeric_equation,docs_numeric_equation_motif_override_traces_syn_opabs_0651_txt,synthetic,false,train_only
syn_opabs_0652,sft_train,numeric_equation,docs_numeric_equation_motif_override_traces_syn_opabs_0652_txt,synthetic,false,train_only
syn_opabs_0653,sft_train,numeric_equation,docs_numeric_equation_motif_override_traces_syn_opabs_0653_txt,synthetic,false,train_only
syn_opabs_0654,sft_train,numeric_equation,docs_numeric_equation_motif_override_traces_syn_opabs_0654_txt,synthetic,false,train_only
syn_opabs_0655,sft_train,numeric_equation,docs_numeric_equation_motif_override_traces_syn_opabs_0655_txt,synthetic,false,train_only
syn_opabs_0656,sft_train,numeric_equation,docs_numeric_equation_motif_override_traces_syn_opabs_0656_txt,synthetic,false,train_only
syn_opabs_0657,sft_train,numeric_equation,docs_numeric_equation_motif_override_traces_syn_opabs_0657_txt,synthetic,false,train_only
syn_opabs_0658,sft_train,numeric_equation,docs_numeric_equation_motif_override_traces_syn_opabs_0658_txt,synthetic,false,train_only
syn_opabs_0659,sft_train,numeric_equation,docs_numeric_equation_motif_override_traces_syn_opabs_0659_txt,synthetic,false,train_only
syn_opabs_0660,sft_train,numeric_equation,docs_numeric_equation_motif_override_traces_syn_opabs_0660_txt,synthetic,false,train_only
syn_opabs_0661,sft_train,numeric_equation,docs_numeric_equation_motif_override_traces_syn_opabs_0661_txt,synthetic,false,train_only
syn_opabs_0662,sft_train,numeric_equation,docs_numeric_equation_motif_override_traces_syn_opabs_0662_txt,synthetic,false,train_only
syn_opabs_0663,sft_train,numeric_equation,docs_numeric_equation_motif_override_traces_syn_opabs_0663_txt,synthetic,false,train_only
syn_opabs_0664,sft_train,numeric_equation,docs_numeric_equation_motif_override_traces_syn_opabs_0664_txt,synthetic,false,train_only
syn_opabs_0665,sft_train,numeric_equation,docs_numeric_equation_motif_override_traces_syn_opabs_0665_txt,synthetic,false,train_only
syn_opabs_0666,sft_train,numeric_equation,docs_numeric_equation_motif_override_traces_syn_opabs_0666_txt,synthetic,false,train_only
syn_opabs_0667,sft_train,numeric_equation,docs_numeric_equation_motif_override_traces_syn_opabs_0667_txt,synthetic,false,train_only
syn_opabs_0668,sft_train,numeric_equation,docs_numeric_equation_motif_override_traces_syn_opabs_0668_txt,synthetic,false,train_only
syn_opabs_0669,sft_train,numeric_equation,docs_numeric_equation_motif_override_traces_syn_opabs_0669_txt,synthetic,false,train_only
syn_opabs_0670,sft_train,numeric_equation,docs_numeric_equation_motif_override_traces_syn_opabs_0670_txt,synthetic,false,train_only
syn_opabs_0671,sft_train,numeric_equation,docs_numeric_equation_motif_override_traces_syn_opabs_0671_txt,synthetic,false,train_only
syn_opabs_0672,sft_train,numeric_equation,docs_numeric_equation_motif_override_traces_syn_opabs_0672_txt,synthetic,false,train_only
syn_opabs_0673,sft_train,numeric_equation,docs_numeric_equation_motif_override_traces_syn_opabs_0673_txt,synthetic,false,train_only
syn_opabs_0675,sft_train,numeric_equation,docs_numeric_equation_motif_override_traces_syn_opabs_0675_txt,synthetic,false,train_only
syn_opabs_0676,sft_train,numeric_equation,docs_numeric_equation_motif_override_traces_syn_opabs_0676_txt,synthetic,false,train_only
syn_opabs_0677,sft_train,numeric_equation,docs_numeric_equation_motif_override_traces_syn_opabs_0677_txt,synthetic,false,train_only
syn_opabs_0678,sft_train,numeric_equation,docs_numeric_equation_motif_override_traces_syn_opabs_0678_txt,synthetic,false,train_only
syn_opabs_0679,sft_train,numeric_equation,docs_numeric_equation_motif_override_traces_syn_opabs_0679_txt,synthetic,false,train_only
syn_opabs_0680,sft_train,numeric_equation,docs_numeric_equation_motif_override_traces_syn_opabs_0680_txt,synthetic,false,train_only
syn_opabs_0681,sft_train,numeric_equation,docs_numeric_equation_motif_override_traces_syn_opabs_0681_txt,synthetic,false,train_only
syn_opabs_0682,sft_train,numeric_equation,docs_numeric_equation_motif_override_traces_syn_opabs_0682_txt,synthetic,false,train_only
syn_opabs_0683,sft_train,numeric_equation,docs_numeric_equation_motif_override_traces_syn_opabs_0683_txt,synthetic,false,train_only
syn_opabs_0684,sft_train,numeric_equation,docs_numeric_equation_motif_override_traces_syn_opabs_0684_txt,synthetic,false,train_only
syn_opabs_0685,sft_train,numeric_equation,docs_numeric_equation_motif_override_traces_syn_opabs_0685_txt,synthetic,false,train_only
syn_opabs_0686,sft_train,numeric_equation,docs_numeric_equation_motif_override_traces_syn_opabs_0686_txt,synthetic,false,train_only
syn_opabs_0687,sft_train,numeric_equation,docs_numeric_equation_motif_override_traces_syn_opabs_0687_txt,synthetic,false,train_only
syn_opabs_0688,sft_train,numeric_equation,docs_numeric_equation_motif_override_traces_syn_opabs_0688_txt,synthetic,false,train_only
syn_opabs_0689,sft_train,numeric_equation,docs_numeric_equation_motif_override_traces_syn_opabs_0689_txt,synthetic,false,train_only
syn_opabs_0690,sft_train,numeric_equation,docs_numeric_equation_motif_override_traces_syn_opabs_0690_txt,synthetic,false,train_only
syn_opabs_0691,sft_train,numeric_equation,docs_numeric_equation_motif_override_traces_syn_opabs_0691_txt,synthetic,false,train_only
syn_opabs_0692,sft_train,numeric_equation,docs_numeric_equation_motif_override_traces_syn_opabs_0692_txt,synthetic,false,train_only
syn_opabs_0693,sft_train,numeric_equation,docs_numeric_equation_motif_override_traces_syn_opabs_0693_txt,synthetic,false,train_only
syn_opabs_0694,sft_train,numeric_equation,docs_numeric_equation_motif_override_traces_syn_opabs_0694_txt,synthetic,false,train_only
syn_opabs_0695,sft_train,numeric_equation,docs_numeric_equation_motif_override_traces_syn_opabs_0695_txt,synthetic,false,train_only
syn_opabs_0696,sft_train,numeric_equation,docs_numeric_equation_motif_override_traces_syn_opabs_0696_txt,synthetic,false,train_only
syn_opabs_0697,sft_train,numeric_equation,docs_numeric_equation_motif_override_traces_syn_opabs_0697_txt,synthetic,false,train_only
syn_opabs_0699,sft_train,numeric_equation,docs_numeric_equation_motif_override_traces_syn_opabs_0699_txt,synthetic,false,train_only
syn_opabs_0700,sft_train,numeric_equation,docs_numeric_equation_motif_override_traces_syn_opabs_0700_txt,synthetic,false,train_only
syn_opabs_0701,sft_train,numeric_equation,docs_numeric_equation_motif_override_traces_syn_opabs_0701_txt,synthetic,false,train_only
syn_opabs_0702,sft_train,numeric_equation,docs_numeric_equation_motif_override_traces_syn_opabs_0702_txt,synthetic,false,train_only
syn_opabs_0703,sft_train,numeric_equation,docs_numeric_equation_motif_override_traces_syn_opabs_0703_txt,synthetic,false,train_only
syn_opabs_0704,sft_train,numeric_equation,docs_numeric_equation_motif_override_traces_syn_opabs_0704_txt,synthetic,false,train_only
syn_opabs_0705,sft_train,numeric_equation,docs_numeric_equation_motif_override_traces_syn_opabs_0705_txt,synthetic,false,train_only
syn_opabs_0706,sft_train,numeric_equation,docs_numeric_equation_motif_override_traces_syn_opabs_0706_txt,synthetic,false,train_only
syn_opabs_0707,sft_train,numeric_equation,docs_numeric_equation_motif_override_traces_syn_opabs_0707_txt,synthetic,false,train_only
syn_opabs_0708,sft_train,numeric_equation,docs_numeric_equation_motif_override_traces_syn_opabs_0708_txt,synthetic,false,train_only
syn_opabs_0709,sft_train,numeric_equation,docs_numeric_equation_motif_override_traces_syn_opabs_0709_txt,synthetic,false,train_only
syn_opabs_0710,sft_train,numeric_equation,docs_numeric_equation_motif_override_traces_syn_opabs_0710_txt,synthetic,false,train_only
syn_opabs_0711,sft_train,numeric_equation,docs_numeric_equation_motif_override_traces_syn_opabs_0711_txt,synthetic,false,train_only
syn_opabs_0712,sft_train,numeric_equation,docs_numeric_equation_motif_override_traces_syn_opabs_0712_txt,synthetic,false,train_only
syn_opabs_0713,sft_train,numeric_equation,docs_numeric_equation_motif_override_traces_syn_opabs_0713_txt,synthetic,false,train_only
syn_opabs_0714,sft_train,numeric_equation,docs_numeric_equation_motif_override_traces_syn_opabs_0714_txt,synthetic,false,train_only
syn_opabs_0715,sft_train,numeric_equation,docs_numeric_equation_motif_override_traces_syn_opabs_0715_txt,synthetic,false,train_only
syn_opabs_0716,sft_train,numeric_equation,docs_numeric_equation_motif_override_traces_syn_opabs_0716_txt,synthetic,false,train_only
syn_opabs_0717,sft_train,numeric_equation,docs_numeric_equation_motif_override_traces_syn_opabs_0717_txt,synthetic,false,train_only
syn_opabs_0718,sft_train,numeric_equation,docs_numeric_equation_motif_override_traces_syn_opabs_0718_txt,synthetic,false,train_only
syn_opabs_0719,sft_train,numeric_equation,docs_numeric_equation_motif_override_traces_syn_opabs_0719_txt,synthetic,false,train_only
syn_opabs_0720,sft_train,numeric_equation,docs_numeric_equation_motif_override_traces_syn_opabs_0720_txt,synthetic,false,train_only
syn_opabs_0721,sft_train,numeric_equation,docs_numeric_equation_motif_override_traces_syn_opabs_0721_txt,synthetic,false,train_only
syn_opabs_0722,sft_train,numeric_equation,docs_numeric_equation_motif_override_traces_syn_opabs_0722_txt,synthetic,false,train_only
