id,split,diagnostic_type,diagnostic_subtype,source_mode,eval_eligible,split_policy
00d8b3db,sft_train,numeric_equation,prefix_postfix_op_suffix_rev_if_neg,real,true,auto
01cd504a,sft_train,numeric_equation,ba_dc_multiplication_ba_dc_mul,real,true,auto
026106f5,sft_train,numeric_equation,ba_dc_addition_ba_dc_len2,real,true,auto
03f07b43,sft_train,numeric_equation,ab_cd_subtraction_ab_cd_len2,real,true,auto
04171e29,sft_train,numeric_equation,ba_dc_low_confidence_subtraction,real,true,auto
04322d27,sft_train,numeric_equation,ab_cd_multiplication_ab_cd_mul,real,true,auto
047c4111,sft_train,numeric_equation,direct_template_template0134,real,true,auto
0505ab22,sft_train,numeric_equation,ab_cd_multiplication_ab_cd_mul_minus1,real,true,auto
053f4545,grpo_holdout,numeric_equation,operator_absence,real,true,auto
0641ef58,eval_holdout,numeric_equation,ba_dc_subtraction_ba_dc_len2,real,true,auto
07aef27f,sft_train,numeric_equation,prefix_postfix_op_prefix_rev,real,true,auto
07cbed38,grpo_holdout,numeric_equation,ba_dc_low_confidence_addition,real,true,auto
0819520a,sft_train,numeric_equation,ba_dc_addition_ba_dc_mix,real,true,auto
08d8d7e1,sft_train,numeric_equation,ba_dc_addition_ba_dc_len3,real,true,auto
09302769,eval_holdout,numeric_equation,ab_cd_addition_ab_cd_len2,real,true,auto
094bf548,sft_train,numeric_equation,ab_cd_subtraction_ab_cd_mix,real,true,auto
0a15c5c7,grpo_holdout,numeric_equation,ba_dc_low_confidence_subtraction,real,true,auto
0cd170a0,sft_train,numeric_equation,direct_template_template0134,real,true,auto
0f0536de,sft_train,numeric_equation,prefix_postfix_op_prefix_if_neg,real,true,auto
1019ee55,sft_train,numeric_equation,ba_dc_multiplication_ba_dc_mul_pm1,real,true,auto
10d7bd1b,sft_train,numeric_equation,ba_dc_subtraction_ba_dc_len2,real,true,auto
10fdae00,grpo_holdout,numeric_equation,ba_dc_low_confidence_subtraction,real,true,auto
10ff9431,sft_train,numeric_equation,ba_dc_multiplication_ba_dc_mul,real,true,auto
114a8d85,sft_train,numeric_equation,ba_dc_addition_ba_dc_mix,real,true,auto
118889da,sft_train,numeric_equation,ab_cd_subtraction_ab_cd_mix,real,true,auto
118f8c86,sft_train,numeric_equation,prefix_postfix_op_prefix_if_neg,real,true,auto
11f62c83,sft_train,numeric_equation,ba_dc_addition_ba_dc_len2,real,true,auto
124db55f,sft_train,numeric_equation,operator_absence,real,true,auto
12d4a2df,eval_holdout,numeric_equation,ba_dc_modular_ba_dc_len2,real,true,auto
1322241b,sft_train,numeric_equation,ab_cd_addition_ab_cd_len3,real,true,auto
13892a7c,sft_train,numeric_equation,ba_dc_subtraction_ba_dc_len2,real,true,auto
13ad7bce,sft_train,numeric_equation,ba_dc_subtraction_ba_dc_len2,real,true,auto
144a3e31,sft_train,numeric_equation,ba_dc_multiplication_ba_dc_mul,real,true,auto
1450fbc4,sft_train,numeric_equation,ab_cd_addition_ab_cd_mix,real,true,auto
14905278,grpo_holdout,numeric_equation,ba_dc_multiplication_ba_dc_mul,real,true,auto
1497f970,sft_train,numeric_equation,ba_dc_addition_ba_dc_len3,real,true,auto
1526c35d,sft_train,numeric_equation,ab_cd_multiplication_ab_cd_mul,real,true,auto
155b4694,sft_train,numeric_equation,ba_dc_multiplication_ba_dc_mul_pm1,real,true,auto
157228d7,sft_train,numeric_equation,ab_cd_subtraction_ab_cd_len2,real,true,auto
1580f498,sft_train,numeric_equation,ba_dc_multiplication_ba_dc_mul_pm1,real,true,auto
15a1d279,sft_train,numeric_equation,ba_dc_multiplication_ba_dc_mul,real,true,auto
163db2d8,grpo_holdout,numeric_equation,ba_dc_addition_ba_dc_mix,real,true,auto
164b3241,sft_train,numeric_equation,ab_cd_addition_ab_cd_mix,real,true,auto
1779c616,sft_train,numeric_equation,ab_cd_addition_ab_cd_len3,real,true,auto
17c98340,sft_train,numeric_equation,ba_dc_low_confidence_addition,real,true,auto
18268687,grpo_holdout,numeric_equation,ab_cd_subtraction_ab_cd_len2,real,true,auto
1861c08f,sft_train,numeric_equation,ba_dc_multiplication_ba_dc_mul,real,true,auto
1bc85bd9,sft_train,numeric_equation,ba_dc_subtraction_ba_dc_len2,real,true,auto
1c4861e6,sft_train,numeric_equation,operator_absence,real,true,auto
1c48f9aa,sft_train,numeric_equation,direct_template_template0134,real,true,auto
1cb4d524,sft_train,numeric_equation,ba_dc_multiplication_ba_dc_mul,real,true,auto
1d6c587d,sft_train,numeric_equation,ab_cd_multiplication_ab_cd_mul_plus1,real,true,auto
1d92ba5d,sft_train,numeric_equation,ba_dc_addition_ba_dc_len3,real,true,auto
1db0c6fe,sft_train,numeric_equation,ab_cd_addition_ab_cd_mix,real,true,auto
1e0f6678,sft_train,numeric_equation,ab_cd_multiplication_ab_cd_mul,real,true,auto
1e248995,grpo_holdout,numeric_equation,ab_cd_addition_ab_cd_mix,real,true,auto
1eaf6228,sft_train,numeric_equation,operator_absence,real,true,auto
1ee54412,sft_train,numeric_equation,ba_dc_low_confidence_subtraction,real,true,auto
1ef51442,grpo_holdout,numeric_equation,ba_dc_multiplication_ba_dc_mul_pm1,real,true,auto
1f0674b0,sft_train,numeric_equation,ba_dc_addition_ba_dc_len2,real,true,auto
1f0fbe5f,grpo_holdout,numeric_equation,ba_dc_modular_ba_dc_mix,real,true,auto
1f445c5e,grpo_holdout,numeric_equation,ab_cd_multiplication_ab_cd_mul,real,true,auto
1f4c8169,sft_train,numeric_equation,ba_dc_addition_ba_dc_mix,real,true,auto
207ab66f,sft_train,numeric_equation,ba_dc_multiplication_ba_dc_mul_pm1,real,true,auto
209c43f0,sft_train,numeric_equation,ab_cd_addition_ab_cd_mix,real,true,auto
21261dc6,grpo_holdout,numeric_equation,ba_dc_subtraction_ba_dc_mix,real,true,auto
21519be7,sft_train,numeric_equation,ba_dc_addition_ba_dc_len3,real,true,auto
22288152,eval_holdout,numeric_equation,ba_dc_addition_ba_dc_mix,real,true,auto
224efda1,sft_train,numeric_equation,ab_cd_subtraction_ab_cd_len2,real,true,auto
228bd26b,sft_train,numeric_equation,operator_absence,real,true,auto
23800316,grpo_holdout,numeric_equation,ba_dc_addition_ba_dc_len3,real,true,auto
2423926d,sft_train,numeric_equation,ba_dc_addition_ba_dc_len3,real,true,auto
25eb7b03,sft_train,numeric_equation,ba_dc_subtraction_ba_dc_len2,real,true,auto
25f2f2cd,sft_train,numeric_equation,ba_dc_addition_ba_dc_len3,real,true,auto
26168be6,sft_train,numeric_equation,ba_dc_addition_ba_dc_mix,real,true,auto
26b716ed,sft_train,numeric_equation,ba_dc_addition_ba_dc_mix,real,true,auto
26dbd20d,sft_train,numeric_equation,ba_dc_multiplication_ba_dc_mul,real,true,auto
2701a005,sft_train,numeric_equation,ab_cd_addition_ab_cd_len3,real,true,auto
274def88,sft_train,numeric_equation,ba_dc_subtraction_ba_dc_len2,real,true,auto
275db7d4,sft_train,numeric_equation,operator_absence,real,true,auto
27cec7a9,sft_train,numeric_equation,direct_template_template0134,real,true,auto
286135d3,sft_train,numeric_equation,ba_dc_multiplication_ba_dc_mul_pm1,real,true,auto
2a73a462,sft_train,numeric_equation,direct_template_template0134,real,true,auto
2aeb5265,sft_train,numeric_equation,ba_dc_subtraction_ba_dc_len2,real,true,auto
2af7134e,eval_holdout,numeric_equation,ab_cd_subtraction_ab_cd_mix,real,true,auto
2bc2a65a,sft_train,numeric_equation,ba_dc_addition_ba_dc_mix,real,true,auto
2beb5851,sft_train,numeric_equation,ab_cd_subtraction_ab_cd_len2,real,true,auto
2c8e2e06,sft_train,numeric_equation,prefix_postfix_op_prefix_if_neg,real,true,auto
2cc274cb,sft_train,numeric_equation,direct_template_template3401,real,true,auto
2cf587f6,sft_train,numeric_equation,ab_cd_addition_ab_cd_mix,real,true,auto
2d3e809c,eval_holdout,numeric_equation,ba_dc_multiplication_ba_dc_mul_pm1,real,true,auto
2dd48cac,sft_train,numeric_equation,ba_dc_low_confidence_subtraction,real,true,auto
2e044d8e,sft_train,numeric_equation,ba_dc_multiplication_ba_dc_mul,real,true,auto
2e2d60b2,sft_train,numeric_equation,ba_dc_addition_ba_dc_len2,real,true,auto
2e37e963,sft_train,numeric_equation,ba_dc_subtraction_ba_dc_len2,real,true,auto
2e9639de,sft_train,numeric_equation,ab_cd_multiplication_ab_cd_mul_plus1,real,true,auto
2ee39f5f,sft_train,numeric_equation,ba_dc_multiplication_ba_dc_mul,real,true,auto
2f485a40,sft_train,numeric_equation,direct_template_template0134,real,true,auto
2f5959c9,sft_train,numeric_equation,ab_cd_multiplication_ab_cd_mul_plus1,real,true,auto
2fb20366,sft_train,numeric_equation,ba_dc_multiplication_ba_dc_mul,real,true,auto
3013265c,sft_train,numeric_equation,ba_dc_addition_ba_dc_len3,real,true,auto
30763ac0,sft_train,numeric_equation,ba_dc_addition_ba_dc_len3,real,true,auto
30c0d5a2,eval_holdout,numeric_equation,ba_dc_low_confidence_addition,real,true,auto
31eb8247,sft_train,numeric_equation,prefix_postfix_op_prefix,real,true,auto
320d8d2b,sft_train,numeric_equation,ba_dc_multiplication_ba_dc_mul_pm1,real,true,auto
324f918b,sft_train,numeric_equation,ab_cd_addition_ab_cd_len2,real,true,auto
32815b79,sft_train,numeric_equation,ba_dc_addition_ba_dc_len3,real,true,auto
32a812cd,eval_holdout,numeric_equation,ab_cd_multiplication_ab_cd_mul,real,true,auto
33093ed0,sft_train,numeric_equation,ba_dc_low_confidence_subtraction,real,true,auto
330d5ef1,sft_train,numeric_equation,ba_dc_multiplication_ba_dc_mul,real,true,auto
333d93ec,sft_train,numeric_equation,ba_dc_subtraction_ba_dc_len2,real,true,auto
3383d4ec,grpo_holdout,numeric_equation,ba_dc_subtraction_ba_dc_len2,real,true,auto
339149c9,sft_train,numeric_equation,ba_dc_modular_ba_dc_mix,real,true,auto
347477c5,sft_train,numeric_equation,ab_cd_multiplication_ab_cd_mul_plus1,real,true,auto
348d6225,sft_train,numeric_equation,ba_dc_addition_ba_dc_mix,real,true,auto
34c563c5,sft_train,numeric_equation,prefix_postfix_op_suffix_rev_if_neg,real,true,auto
35661801,grpo_holdout,numeric_equation,ab_cd_addition_ab_cd_len3,real,true,auto
35672155,sft_train,numeric_equation,ba_dc_multiplication_ba_dc_mul,real,true,auto
356e927c,sft_train,numeric_equation,operator_absence,real,true,auto
3580648f,grpo_holdout,numeric_equation,direct_template_template0134,real,true,auto
35a89469,eval_holdout,numeric_equation,direct_template_template0134,real,true,auto
35e12b34,sft_train,numeric_equation,operator_absence,real,true,auto
3687b4bb,sft_train,numeric_equation,ba_dc_multiplication_ba_dc_mul_pm1,real,true,auto
372bb422,sft_train,numeric_equation,direct_template_template0134,real,true,auto
379d18b7,grpo_holdout,numeric_equation,ba_dc_multiplication_ba_dc_mul,real,true,auto
37a2a7ff,eval_holdout,numeric_equation,direct_template_template0134,real,true,auto
37f04e3e,sft_train,numeric_equation,ba_dc_multiplication_ba_dc_mul,real,true,auto
3831c67a,sft_train,numeric_equation,direct_template_template3401,real,true,auto
383889e1,sft_train,numeric_equation,direct_template_template3401,real,true,auto
386b6d03,sft_train,numeric_equation,operator_absence,real,true,auto
3937cbf8,eval_holdout,numeric_equation,ba_dc_addition_ba_dc_len2,real,true,auto
39fd934f,sft_train,numeric_equation,ba_dc_low_confidence_subtraction,real,true,auto
3a8a4ebc,sft_train,numeric_equation,prefix_postfix_op_prefix_rev,real,true,auto
3acfa7a4,sft_train,numeric_equation,ba_dc_multiplication_ba_dc_mul,real,true,auto
3b51288b,sft_train,numeric_equation,ba_dc_multiplication_ba_dc_mul,real,true,auto
3b7e71b2,sft_train,numeric_equation,ba_dc_multiplication_ba_dc_mul_pm1,real,true,auto
3b9e33f6,sft_train,numeric_equation,ba_dc_low_confidence_addition,real,true,auto
3bf05c35,sft_train,numeric_equation,operator_absence,real,true,auto
3bf0875d,eval_holdout,numeric_equation,ab_cd_multiplication_ab_cd_mul_plus1,real,true,auto
3c12aeb9,sft_train,numeric_equation,ba_dc_addition_ba_dc_len3,real,true,auto
3c424916,sft_train,numeric_equation,ba_dc_multiplication_ba_dc_mul_pm1,real,true,auto
3c8a4e7c,sft_train,numeric_equation,ba_dc_multiplication_ba_dc_mul,real,true,auto
3e42c4f9,sft_train,numeric_equation,ba_dc_modular_ba_dc_mix,real,true,auto
3ec77e36,sft_train,numeric_equation,ba_dc_addition_ba_dc_mix,real,true,auto
3ee36e0a,sft_train,numeric_equation,ba_dc_subtraction_ba_dc_len2,real,true,auto
3efc46c1,sft_train,numeric_equation,direct_template_template0134,real,true,auto
3fa49035,sft_train,numeric_equation,ab_cd_multiplication_ab_cd_mul,real,true,auto
4011d4e5,sft_train,numeric_equation,ab_cd_multiplication_ab_cd_mul_plus1,real,true,auto
40c53743,sft_train,numeric_equation,ba_dc_multiplication_ba_dc_mul_pm1,real,true,auto
412a209f,sft_train,numeric_equation,ba_dc_multiplication_ba_dc_mul_pm1,real,true,auto
4179c322,sft_train,numeric_equation,ba_dc_subtraction_ba_dc_len2,real,true,auto
418895f5,sft_train,numeric_equation,ba_dc_multiplication_ba_dc_mul_pm1,real,true,auto
41babefd,sft_train,numeric_equation,ab_cd_addition_ab_cd_mix,real,true,auto
41e6cbfc,sft_train,numeric_equation,direct_template_template3401,real,true,auto
422bc5b4,sft_train,numeric_equation,ab_cd_subtraction_ab_cd_len1,real,true,auto
4245e455,sft_train,numeric_equation,ba_dc_subtraction_ba_dc_mix,real,true,auto
42553fde,sft_train,numeric_equation,ba_dc_addition_ba_dc_mix,real,true,auto
427ba852,grpo_holdout,numeric_equation,direct_template_template3401,real,true,auto
42cb233d,sft_train,numeric_equation,ba_dc_addition_ba_dc_len3,real,true,auto
42d4dcf7,sft_train,numeric_equation,ba_dc_modular_ba_dc_len2,real,true,auto
4350015c,sft_train,numeric_equation,ba_dc_multiplication_ba_dc_mul_pm1,real,true,auto
43837c5b,sft_train,numeric_equation,direct_template_template0134,real,true,auto
43980e72,sft_train,numeric_equation,prefix_postfix_op_prefix_if_neg,real,true,auto
44398869,sft_train,numeric_equation,ba_dc_multiplication_ba_dc_mul,real,true,auto
44a57762,sft_train,numeric_equation,operator_absence,real,true,auto
44e69b7e,grpo_holdout,numeric_equation,ab_cd_addition_ab_cd_len3,real,true,auto
45076dc9,eval_holdout,numeric_equation,prefix_postfix_op_suffix_rev_if_neg,real,true,auto
4530aff6,sft_train,numeric_equation,ab_cd_addition_ab_cd_len3,real,true,auto
45582be0,eval_holdout,numeric_equation,ab_cd_addition_ab_cd_mix,real,true,auto
45dbc1cc,sft_train,numeric_equation,ba_dc_subtraction_ba_dc_len2,real,true,auto
45df54db,sft_train,numeric_equation,ba_dc_subtraction_ba_dc_mix,real,true,auto
4684abe0,sft_train,numeric_equation,prefix_postfix_op_prefix_rev,real,true,auto
47c368d8,sft_train,numeric_equation,ba_dc_addition_ba_dc_mix,real,true,auto
47dc6570,sft_train,numeric_equation,ba_dc_subtraction_ba_dc_len2,real,true,auto
4895b955,sft_train,numeric_equation,direct_template_template0134,real,true,auto
49578b02,sft_train,numeric_equation,ba_dc_addition_ba_dc_len2,real,true,auto
49699136,sft_train,numeric_equation,ba_dc_subtraction_ba_dc_len2,real,true,auto
49743645,sft_train,numeric_equation,ba_dc_multiplication_ba_dc_mul_pm1,real,true,auto
49919931,eval_holdout,numeric_equation,ba_dc_low_confidence_modular,real,true,auto
49ac9daf,sft_train,numeric_equation,ba_dc_addition_ba_dc_len3,real,true,auto
49bc1b7b,sft_train,numeric_equation,ba_dc_addition_ba_dc_len3,real,true,auto
4a569495,sft_train,numeric_equation,ba_dc_addition_ba_dc_len3,real,true,auto
4a8eafe3,sft_train,numeric_equation,ba_dc_multiplication_ba_dc_mul_pm1,real,true,auto
4aabfc3b,sft_train,numeric_equation,ba_dc_addition_ba_dc_len2,real,true,auto
4aeed935,sft_train,numeric_equation,direct_template_template3401,real,true,auto
4b70414e,sft_train,numeric_equation,ba_dc_multiplication_ba_dc_mul_pm1,real,true,auto
4bc6e6b5,sft_train,numeric_equation,ab_cd_addition_ab_cd_len2,real,true,auto
4c19c1cb,grpo_holdout,numeric_equation,ba_dc_multiplication_ba_dc_mul,real,true,auto
4c57a53f,sft_train,numeric_equation,prefix_postfix_op_prefix,real,true,auto
4c6cf9d9,sft_train,numeric_equation,ba_dc_subtraction_ba_dc_len2,real,true,auto
4cf073bf,sft_train,numeric_equation,ba_dc_addition_ba_dc_len2,real,true,auto
4d1ae327,sft_train,numeric_equation,ba_dc_subtraction_ba_dc_len2,real,true,auto
4d39d098,eval_holdout,numeric_equation,ba_dc_multiplication_ba_dc_mul,real,true,auto
4d714623,sft_train,numeric_equation,ab_cd_addition_ab_cd_mix,real,true,auto
4d8f8111,sft_train,numeric_equation,direct_template_template3401,real,true,auto
4d92de08,sft_train,numeric_equation,ba_dc_multiplication_ba_dc_mul,real,true,auto
4dbec546,eval_holdout,numeric_equation,ba_dc_addition_ba_dc_len2,real,true,auto
4dcc1844,eval_holdout,numeric_equation,prefix_postfix_op_prefix_if_neg,real,true,auto
4df01584,sft_train,numeric_equation,direct_template_template3401,real,true,auto
4f06e1c0,sft_train,numeric_equation,operator_absence,real,true,auto
4f0e0273,sft_train,numeric_equation,ba_dc_multiplication_ba_dc_mul,real,true,auto
4f660f4b,sft_train,numeric_equation,ba_dc_multiplication_ba_dc_mul,real,true,auto
4f8da43f,sft_train,numeric_equation,ba_dc_addition_ba_dc_len3,real,true,auto
4ff92c73,sft_train,numeric_equation,ba_dc_subtraction_ba_dc_len2,real,true,auto
5039d1a0,eval_holdout,numeric_equation,operator_absence,real,true,auto
50630ad8,sft_train,numeric_equation,ba_dc_low_confidence_prefix,real,true,auto
50adc396,eval_holdout,numeric_equation,ba_dc_addition_ba_dc_len3,real,true,auto
50adfd54,eval_holdout,numeric_equation,ba_dc_low_confidence_subtraction,real,true,auto
50c0b6f8,sft_train,numeric_equation,ba_dc_addition_ba_dc_len3,real,true,auto
50f8e2c0,grpo_holdout,numeric_equation,ba_dc_subtraction_ba_dc_len2,real,true,auto
5144897d,eval_holdout,numeric_equation,ab_cd_modular_ab_cd_len1,real,true,auto
518d8529,sft_train,numeric_equation,ba_dc_subtraction_ba_dc_len2,real,true,auto
51dafb5b,sft_train,numeric_equation,ba_dc_multiplication_ba_dc_mul_pm1,real,true,auto
528ec0d8,eval_holdout,numeric_equation,prefix_postfix_op_prefix,real,true,auto
52c62a3e,sft_train,numeric_equation,direct_template_template3401,real,true,auto
53b48918,sft_train,numeric_equation,ab_cd_subtraction_ab_cd_len2,real,true,auto
54c9bde5,sft_train,numeric_equation,direct_template_template0134,real,true,auto
552e14d7,sft_train,numeric_equation,direct_template_template3401,real,true,auto
55954e3c,sft_train,numeric_equation,ba_dc_multiplication_ba_dc_mul_pm1,real,true,auto
56343b77,sft_train,numeric_equation,ba_dc_addition_ba_dc_len2,real,true,auto
56c59dfd,sft_train,numeric_equation,ba_dc_subtraction_ba_dc_len2,real,true,auto
5787c3d0,grpo_holdout,numeric_equation,prefix_postfix_op_prefix,real,true,auto
579b4607,sft_train,numeric_equation,prefix_postfix_op_prefix_if_neg,real,true,auto
585b3442,eval_holdout,numeric_equation,ab_cd_multiplication_ab_cd_mul,real,true,auto
58b9492e,sft_train,numeric_equation,ab_cd_modular_ab_cd_len2,real,true,auto
58c4ced1,sft_train,numeric_equation,prefix_postfix_op_prefix_if_neg,real,true,auto
58f63e94,sft_train,numeric_equation,ba_dc_addition_ba_dc_len2,real,true,auto
59b2cbbf,sft_train,numeric_equation,ba_dc_addition_ba_dc_mix,real,true,auto
5a763686,sft_train,numeric_equation,direct_template_template0134,real,true,auto
5aeb4ba5,grpo_holdout,numeric_equation,ba_dc_multiplication_ba_dc_mul,real,true,auto
5b06502f,sft_train,numeric_equation,ab_cd_multiplication_ab_cd_mul_plus1,real,true,auto
5bc9b870,sft_train,numeric_equation,ba_dc_addition_ba_dc_len3,real,true,auto
5c743e8a,grpo_holdout,numeric_equation,ab_cd_multiplication_ab_cd_mul,real,true,auto
5c938bea,sft_train,numeric_equation,ab_cd_subtraction_ab_cd_mix,real,true,auto
5d055504,sft_train,numeric_equation,operator_absence,real,true,auto
5d44a0b2,sft_train,numeric_equation,ba_dc_multiplication_ba_dc_mul_pm1,real,true,auto
5d834875,sft_train,numeric_equation,ba_dc_addition_ba_dc_len3,real,true,auto
5d89a09c,sft_train,numeric_equation,operator_absence,real,true,auto
5d8c51ce,sft_train,numeric_equation,ba_dc_addition_ba_dc_len3,real,true,auto
5dc0aca5,sft_train,numeric_equation,ab_cd_subtraction_ab_cd_len1,real,true,auto
5e67b1a1,sft_train,numeric_equation,ba_dc_addition_ba_dc_len3,real,true,auto
5eea60e7,sft_train,numeric_equation,ab_cd_multiplication_ab_cd_mul_plus1,real,true,auto
5f5a73ff,sft_train,numeric_equation,ba_dc_multiplication_ba_dc_mul,real,true,auto
5f6798e1,sft_train,numeric_equation,ba_dc_subtraction_ba_dc_len2,real,true,auto
5fe8d710,sft_train,numeric_equation,ba_dc_addition_ba_dc_mix,real,true,auto
605e1c08,grpo_holdout,numeric_equation,direct_template_template0134,real,true,auto
614408ea,sft_train,numeric_equation,ba_dc_addition_ba_dc_len3,real,true,auto
61766c6f,sft_train,numeric_equation,ba_dc_multiplication_ba_dc_mul,real,true,auto
61bbcdc3,sft_train,numeric_equation,ba_dc_addition_ba_dc_mix,real,true,auto
620c2521,eval_holdout,numeric_equation,ba_dc_multiplication_ba_dc_mul_pm1,real,true,auto
6385674a,sft_train,numeric_equation,operator_absence,real,true,auto
6402d0ee,sft_train,numeric_equation,ba_dc_subtraction_ba_dc_mix,real,true,auto
64fe405e,sft_train,numeric_equation,ab_cd_subtraction_ab_cd_len2,real,true,auto
656cfb5f,sft_train,numeric_equation,operator_absence,real,true,auto
65c52214,sft_train,numeric_equation,ba_dc_multiplication_ba_dc_mul_pm1,real,true,auto
66a0856f,sft_train,numeric_equation,operator_absence,real,true,auto
66c5974c,sft_train,numeric_equation,ab_cd_addition_ab_cd_len2,real,true,auto
67de8e10,sft_train,numeric_equation,ba_dc_addition_ba_dc_mix,real,true,auto
67f1bc8a,sft_train,numeric_equation,ba_dc_multiplication_ba_dc_mul_pm1,real,true,auto
680f19b3,sft_train,numeric_equation,direct_template_template0134,real,true,auto
68b9b9a8,sft_train,numeric_equation,ba_dc_multiplication_ba_dc_mul,real,true,auto
69197d42,sft_train,numeric_equation,ba_dc_multiplication_ba_dc_mul,real,true,auto
691f2f76,sft_train,numeric_equation,ba_dc_addition_ba_dc_mix,real,true,auto
69aa57b3,sft_train,numeric_equation,direct_template_template3401,real,true,auto
69fe4b0d,sft_train,numeric_equation,operator_absence,real,true,auto
6ab04968,grpo_holdout,numeric_equation,ab_cd_multiplication_ab_cd_mul_plus1,real,true,auto
6ac4d8c2,sft_train,numeric_equation,operator_absence,real,true,auto
6b393b81,sft_train,numeric_equation,direct_template_template0134,real,true,auto
6b769a9e,sft_train,numeric_equation,prefix_postfix_op_prefix_rev,real,true,auto
6bd59a1f,sft_train,numeric_equation,ba_dc_multiplication_ba_dc_mul_pm1,real,true,auto
6bef7413,sft_train,numeric_equation,prefix_postfix_op_prefix_rev,real,true,auto
6c9e4485,sft_train,numeric_equation,ba_dc_multiplication_ba_dc_mul,real,true,auto
6cd73bdd,sft_train,numeric_equation,ba_dc_multiplication_ba_dc_mul,real,true,auto
6d3b9da4,sft_train,numeric_equation,ba_dc_addition_ba_dc_len2,real,true,auto
6da9eb9a,sft_train,numeric_equation,ba_dc_multiplication_ba_dc_mul,real,true,auto
6dda26c0,sft_train,numeric_equation,direct_template_template0134,real,true,auto
6e60b0c5,sft_train,numeric_equation,direct_template_template0134,real,true,auto
6e6f8d9c,sft_train,numeric_equation,ba_dc_addition_ba_dc_len3,real,true,auto
6f1211e2,eval_holdout,numeric_equation,direct_template_template3401,real,true,auto
6f37d7be,sft_train,numeric_equation,ba_dc_subtraction_ba_dc_mix,real,true,auto
6f88e240,sft_train,numeric_equation,operator_absence,real,true,auto
705bb686,sft_train,numeric_equation,ba_dc_subtraction_ba_dc_len2,real,true,auto
7195cb7b,sft_train,numeric_equation,ab_cd_addition_ab_cd_len3,real,true,auto
71e02000,sft_train,numeric_equation,direct_template_template0134,real,true,auto
72336119,sft_train,numeric_equation,ab_cd_multiplication_ab_cd_mul_plus1,real,true,auto
7306613b,eval_holdout,numeric_equation,ba_dc_addition_ba_dc_mix,real,true,auto
743a293d,sft_train,numeric_equation,direct_template_template3401,real,true,auto
744a2570,eval_holdout,numeric_equation,ba_dc_modular_ba_dc_mix,real,true,auto
74b9b0ec,sft_train,numeric_equation,ba_dc_subtraction_ba_dc_len2,real,true,auto
74fff108,sft_train,numeric_equation,ab_cd_low_confidence_subtraction,real,true,auto
75032b65,eval_holdout,numeric_equation,ab_cd_subtraction_ab_cd_len2,real,true,auto
75645166,sft_train,numeric_equation,ba_dc_multiplication_ba_dc_mul,real,true,auto
759cbdde,sft_train,numeric_equation,ba_dc_low_confidence_addition,real,true,auto
75eaf687,eval_holdout,numeric_equation,ba_dc_subtraction_ba_dc_mix,real,true,auto
764b4288,sft_train,numeric_equation,ba_dc_subtraction_ba_dc_len2,real,true,auto
7688e06e,sft_train,numeric_equation,ba_dc_low_confidence_subtraction,real,true,auto
76b79a0c,sft_train,numeric_equation,ba_dc_multiplication_ba_dc_mul,real,true,auto
76d2ee64,sft_train,numeric_equation,direct_template_template3401,real,true,auto
76e6f646,sft_train,numeric_equation,direct_template_template0134,real,true,auto
773ca8a9,grpo_holdout,numeric_equation,ba_dc_addition_ba_dc_len3,real,true,auto
791056ce,eval_holdout,numeric_equation,ba_dc_multiplication_ba_dc_mul_pm1,real,true,auto
791fc537,sft_train,numeric_equation,direct_template_template3401,real,true,auto
794f71ed,eval_holdout,numeric_equation,ba_dc_multiplication_ba_dc_mul,real,true,auto
79acd75c,sft_train,numeric_equation,ba_dc_multiplication_ba_dc_mul,real,true,auto
79f29eb5,sft_train,numeric_equation,ab_cd_multiplication_ab_cd_mul,real,true,auto
7a962e17,sft_train,numeric_equation,ba_dc_addition_ba_dc_len3,real,true,auto
7a9711b1,sft_train,numeric_equation,operator_absence,real,true,auto
7bd5f8b9,sft_train,numeric_equation,ba_dc_subtraction_ba_dc_mix,real,true,auto
7c0c5227,sft_train,numeric_equation,operator_absence,real,true,auto
7c5c7b73,sft_train,numeric_equation,ab_cd_subtraction_ab_cd_len2,real,true,auto
7c72ad99,sft_train,numeric_equation,direct_template_template3401,real,true,auto
7e2e8a95,sft_train,numeric_equation,ab_cd_multiplication_ab_cd_mul_plus1,real,true,auto
7ecdae14,sft_train,numeric_equation,ba_dc_multiplication_ba_dc_mul_pm1,real,true,auto
7ed40e8a,sft_train,numeric_equation,ab_cd_addition_ab_cd_len2,real,true,auto
7ef4d5d6,sft_train,numeric_equation,prefix_postfix_op_prefix,real,true,auto
8011cb24,sft_train,numeric_equation,ba_dc_subtraction_ba_dc_len2,real,true,auto
8021718e,eval_holdout,numeric_equation,direct_template_template3401,real,true,auto
806eba07,sft_train,numeric_equation,ba_dc_addition_ba_dc_len3,real,true,auto
808a8f62,sft_train,numeric_equation,ba_dc_subtraction_ba_dc_mix,real,true,auto
80d44fe3,sft_train,numeric_equation,ba_dc_modular_ba_dc_mix,real,true,auto
812c12cb,sft_train,numeric_equation,ba_dc_modular_ba_dc_len2,real,true,auto
8158a14c,sft_train,numeric_equation,ba_dc_subtraction_ba_dc_len2,real,true,auto
81c7ba7a,sft_train,numeric_equation,prefix_postfix_op_prefix,real,true,auto
824d4bcb,grpo_holdout,numeric_equation,ba_dc_subtraction_ba_dc_len2,real,true,auto
8321a400,grpo_holdout,numeric_equation,direct_template_template3401,real,true,auto
836d6c4a,sft_train,numeric_equation,ba_dc_multiplication_ba_dc_mul,real,true,auto
8373daa8,sft_train,numeric_equation,ba_dc_subtraction_ba_dc_len2,real,true,auto
837af955,grpo_holdout,numeric_equation,ba_dc_multiplication_ba_dc_mul,real,true,auto
83f2724b,eval_holdout,numeric_equation,operator_absence,real,true,auto
84030b0b,grpo_holdout,numeric_equation,ba_dc_subtraction_ba_dc_mix,real,true,auto
845e726e,sft_train,numeric_equation,ba_dc_addition_ba_dc_mix,real,true,auto
84af5d7e,sft_train,numeric_equation,direct_template_template3401,real,true,auto
850dc715,sft_train,numeric_equation,ba_dc_multiplication_ba_dc_mul_pm1,real,true,auto
852d16cb,eval_holdout,numeric_equation,ba_dc_subtraction_ba_dc_mix,real,true,auto
861cb154,sft_train,numeric_equation,operator_absence,real,true,auto
86cda2ec,sft_train,numeric_equation,ba_dc_subtraction_ba_dc_len2,real,true,auto
87a89786,sft_train,numeric_equation,ba_dc_addition_ba_dc_mix,real,true,auto
87a902eb,sft_train,numeric_equation,ba_dc_multiplication_ba_dc_mul_pm1,real,true,auto
88b43464,sft_train,numeric_equation,direct_template_template3401,real,true,auto
88c93c2c,sft_train,numeric_equation,ba_dc_multiplication_ba_dc_mul,real,true,auto
88fe5a52,grpo_holdout,numeric_equation,ba_dc_multiplication_ba_dc_mul_pm1,real,true,auto
89780a3c,sft_train,numeric_equation,ab_cd_addition_ab_cd_len3,real,true,auto
8a800607,sft_train,numeric_equation,ab_cd_subtraction_ab_cd_len2,real,true,auto
8ae8e12a,sft_train,numeric_equation,operator_absence,real,true,auto
8bc66fd7,sft_train,numeric_equation,ba_dc_multiplication_ba_dc_mul_pm1,real,true,auto
8bc6a26c,eval_holdout,numeric_equation,ab_cd_addition_ab_cd_mix,real,true,auto
8bebef83,sft_train,numeric_equation,ab_cd_multiplication_ab_cd_mul,real,true,auto
8c1529e1,sft_train,numeric_equation,ba_dc_subtraction_ba_dc_len2,real,true,auto
8c6a158e,sft_train,numeric_equation,prefix_postfix_op_prefix,real,true,auto
8d2546a5,grpo_holdout,numeric_equation,direct_template_template0134,real,true,auto
8d652f91,sft_train,numeric_equation,ba_dc_subtraction_ba_dc_len2,real,true,auto
8dea05d7,eval_holdout,numeric_equation,direct_template_template3401,real,true,auto
8df3daad,sft_train,numeric_equation,operator_absence,real,true,auto
8e169174,sft_train,numeric_equation,ab_cd_multiplication_ab_cd_mul_minus1,real,true,auto
8e359dc8,grpo_holdout,numeric_equation,ba_dc_addition_ba_dc_len3,real,true,auto
8eac8f69,sft_train,numeric_equation,ba_dc_multiplication_ba_dc_mul,real,true,auto
902da958,sft_train,numeric_equation,ba_dc_addition_ba_dc_len3,real,true,auto
904e3a54,sft_train,numeric_equation,ab_cd_subtraction_ab_cd_mix,real,true,auto
90d57388,grpo_holdout,numeric_equation,direct_template_template3401,real,true,auto
912c6ea5,eval_holdout,numeric_equation,ba_dc_addition_ba_dc_len3,real,true,auto
912d2b79,sft_train,numeric_equation,ba_dc_addition_ba_dc_len3,real,true,auto
913b2d7f,sft_train,numeric_equation,ab_cd_addition_ab_cd_len3,real,true,auto
913fdf86,grpo_holdout,numeric_equation,ba_dc_addition_ba_dc_len2,real,true,auto
91488dc9,sft_train,numeric_equation,direct_template_template0134,real,true,auto
91b34547,sft_train,numeric_equation,ba_dc_low_confidence_subtraction,real,true,auto
91b42a45,sft_train,numeric_equation,ab_cd_addition_ab_cd_mix,real,true,auto
921da788,sft_train,numeric_equation,ba_dc_multiplication_ba_dc_mul,real,true,auto
9250a0a8,eval_holdout,numeric_equation,ab_cd_modular_ab_cd_len2,real,true,auto
93481650,sft_train,numeric_equation,ba_dc_addition_ba_dc_mix,real,true,auto
936b3ae5,grpo_holdout,numeric_equation,prefix_postfix_op_suffix_rev_if_neg,real,true,auto
937c06c5,sft_train,numeric_equation,ab_cd_modular_ab_cd_mix,real,true,auto
93d1c7eb,sft_train,numeric_equation,ba_dc_multiplication_ba_dc_mul,real,true,auto
93f3ae6b,sft_train,numeric_equation,ba_dc_addition_ba_dc_len3,real,true,auto
94b92001,sft_train,numeric_equation,ba_dc_addition_ba_dc_len3,real,true,auto
94bf323a,sft_train,numeric_equation,ba_dc_addition_ba_dc_len2,real,true,auto
957c70fd,sft_train,numeric_equation,ba_dc_low_confidence_subtraction,real,true,auto
95d8ff2c,sft_train,numeric_equation,ba_dc_addition_ba_dc_mix,real,true,auto
9610985a,eval_holdout,numeric_equation,ba_dc_subtraction_ba_dc_len2,real,true,auto
963bdc67,sft_train,numeric_equation,direct_template_template0134,real,true,auto
963e85bb,sft_train,numeric_equation,ab_cd_addition_ab_cd_len3,real,true,auto
9760032a,sft_train,numeric_equation,direct_template_template3401,real,true,auto
97dee6aa,sft_train,numeric_equation,ba_dc_modular_ba_dc_mix,real,true,auto
98a2636e,grpo_holdout,numeric_equation,ba_dc_addition_ba_dc_len2,real,true,auto
98bb54f7,sft_train,numeric_equation,ba_dc_multiplication_ba_dc_mul_pm1,real,true,auto
99cc2e07,sft_train,numeric_equation,prefix_postfix_op_prefix_rev,real,true,auto
99e2cf41,sft_train,numeric_equation,direct_template_template3401,real,true,auto
9a5b6b28,sft_train,numeric_equation,prefix_postfix_op_prefix,real,true,auto
9a9f6025,grpo_holdout,numeric_equation,ba_dc_subtraction_ba_dc_len2,real,true,auto
9aa48392,sft_train,numeric_equation,operator_absence,real,true,auto
9ae3b78e,sft_train,numeric_equation,ba_dc_multiplication_ba_dc_mul,real,true,auto
9b1ea308,sft_train,numeric_equation,ba_dc_addition_ba_dc_len2,real,true,auto
9b820b4e,sft_train,numeric_equation,ab_cd_multiplication_ab_cd_mul_minus1,real,true,auto
9b9e024b,eval_holdout,numeric_equation,ba_dc_addition_ba_dc_len3,real,true,auto
9c8eef89,sft_train,numeric_equation,ab_cd_multiplication_ab_cd_mul,real,true,auto
9c91b226,sft_train,numeric_equation,operator_absence,real,true,auto
9cb03277,sft_train,numeric_equation,ba_dc_subtraction_ba_dc_len2,real,true,auto
9d4ae6b8,sft_train,numeric_equation,ab_cd_subtraction_ab_cd_len2,real,true,auto
9d575da5,sft_train,numeric_equation,ba_dc_addition_ba_dc_len3,real,true,auto
9d68ef62,sft_train,numeric_equation,prefix_postfix_op_suffix_rev_if_neg,real,true,auto
9d7af57b,sft_train,numeric_equation,ba_dc_addition_ba_dc_mix,real,true,auto
9dd8adaa,sft_train,numeric_equation,direct_template_template3401,real,true,auto
9e5d97de,eval_holdout,numeric_equation,ba_dc_addition_ba_dc_len3,real,true,auto
9f2fae58,sft_train,numeric_equation,ba_dc_multiplication_ba_dc_mul_pm1,real,true,auto
9fb854c3,sft_train,numeric_equation,ba_dc_subtraction_ba_dc_len1,real,true,auto
9ff6e9d2,sft_train,numeric_equation,ba_dc_subtraction_ba_dc_len2,real,true,auto
a04ecffd,sft_train,numeric_equation,prefix_postfix_op_prefix,real,true,auto
a1523a63,sft_train,numeric_equation,ba_dc_addition_ba_dc_len3,real,true,auto
a19a75ba,sft_train,numeric_equation,direct_template_template0134,real,true,auto
a1bae076,sft_train,numeric_equation,ba_dc_multiplication_ba_dc_mul,real,true,auto
a2252b88,sft_train,numeric_equation,ba_dc_multiplication_ba_dc_mul,real,true,auto
a23e7ecb,sft_train,numeric_equation,ba_dc_multiplication_ba_dc_mul,real,true,auto
a311baec,sft_train,numeric_equation,ba_dc_addition_ba_dc_len3,real,true,auto
a361a1b7,sft_train,numeric_equation,operator_absence,real,true,auto
a5124cb4,sft_train,numeric_equation,ab_cd_subtraction_ab_cd_mix,real,true,auto
a5f3a1ea,grpo_holdout,numeric_equation,ba_dc_addition_ba_dc_len3,real,true,auto
a7454fdb,sft_train,numeric_equation,ba_dc_addition_ba_dc_len3,real,true,auto
a7d582da,sft_train,numeric_equation,ba_dc_subtraction_ba_dc_len2,real,true,auto
a87565bb,sft_train,numeric_equation,operator_absence,real,true,auto
a8e033fe,grpo_holdout,numeric_equation,direct_template_template0134,real,true,auto
a8e5eca1,grpo_holdout,numeric_equation,direct_template_template3401,real,true,auto
a928ad6e,sft_train,numeric_equation,ba_dc_addition_ba_dc_mix,real,true,auto
a9c57983,sft_train,numeric_equation,ba_dc_addition_ba_dc_len3,real,true,auto
a9deb8b5,sft_train,numeric_equation,ba_dc_multiplication_ba_dc_mul_pm1,real,true,auto
aa251ec4,sft_train,numeric_equation,prefix_postfix_op_prefix,real,true,auto
aa7f06f4,sft_train,numeric_equation,direct_template_template3401,real,true,auto
aa8c76a1,sft_train,numeric_equation,direct_template_template3401,real,true,auto
aaec36e0,sft_train,numeric_equation,ba_dc_multiplication_ba_dc_mul,real,true,auto
ab779293,grpo_holdout,numeric_equation,ab_cd_subtraction_ab_cd_mix,real,true,auto
ab7809d1,sft_train,numeric_equation,direct_template_template3401,real,true,auto
ac262f12,sft_train,numeric_equation,ba_dc_multiplication_ba_dc_mul_pm1,real,true,auto
adad547a,eval_holdout,numeric_equation,ba_dc_multiplication_ba_dc_mul,real,true,auto
afcac7af,sft_train,numeric_equation,prefix_postfix_op_prefix_rev,real,true,auto
b0d0dd45,sft_train,numeric_equation,ab_cd_multiplication_ab_cd_mul_minus1,real,true,auto
b193f06a,sft_train,numeric_equation,direct_template_template0134,real,true,auto
b1bc3731,sft_train,numeric_equation,ba_dc_subtraction_ba_dc_len2,real,true,auto
b26d8818,eval_holdout,numeric_equation,ab_cd_multiplication_ab_cd_mul_minus1,real,true,auto
b3ae7f39,sft_train,numeric_equation,ba_dc_addition_ba_dc_len3,real,true,auto
b3f9a15c,sft_train,numeric_equation,ba_dc_multiplication_ba_dc_mul_pm1,real,true,auto
b4342b90,eval_holdout,numeric_equation,ab_cd_addition_ab_cd_len3,real,true,auto
b4a15ca6,sft_train,numeric_equation,ba_dc_addition_ba_dc_len3,real,true,auto
b4a5076f,grpo_holdout,numeric_equation,ba_dc_addition_ba_dc_len3,real,true,auto
b4f701f5,sft_train,numeric_equation,ba_dc_multiplication_ba_dc_mul,real,true,auto
b5e1e604,sft_train,numeric_equation,ba_dc_addition_ba_dc_len2,real,true,auto
b62453dc,sft_train,numeric_equation,ba_dc_low_confidence_subtraction,real,true,auto
b643d81f,eval_holdout,numeric_equation,ba_dc_subtraction_ba_dc_len2,real,true,auto
b655eee9,sft_train,numeric_equation,ba_dc_subtraction_ba_dc_len2,real,true,auto
b69391b8,eval_holdout,numeric_equation,ab_cd_addition_ab_cd_len3,real,true,auto
b73d0898,grpo_holdout,numeric_equation,ba_dc_modular_ba_dc_len2,real,true,auto
b7ad0671,sft_train,numeric_equation,operator_absence,real,true,auto
b980017a,sft_train,numeric_equation,ba_dc_multiplication_ba_dc_mul,real,true,auto
b989c740,sft_train,numeric_equation,direct_template_template3401,real,true,auto
b99d3059,sft_train,numeric_equation,ba_dc_low_confidence_modular,real,true,auto
bad6f95d,eval_holdout,numeric_equation,ba_dc_subtraction_ba_dc_len2,real,true,auto
bad9f9da,sft_train,numeric_equation,ab_cd_addition_ab_cd_len3,real,true,auto
bc0935ee,sft_train,numeric_equation,prefix_postfix_op_prefix,real,true,auto
bc42e664,sft_train,numeric_equation,ba_dc_subtraction_ba_dc_mix,real,true,auto
bc7f14d1,sft_train,numeric_equation,ba_dc_addition_ba_dc_len2,real,true,auto
bd4c584a,sft_train,numeric_equation,ba_dc_multiplication_ba_dc_mul,real,true,auto
bd8aa942,sft_train,numeric_equation,ab_cd_multiplication_ab_cd_mul,real,true,auto
bdca0fac,sft_train,numeric_equation,ba_dc_multiplication_ba_dc_mul,real,true,auto
be877da5,sft_train,numeric_equation,operator_absence,real,true,auto
bf4bd858,sft_train,numeric_equation,ba_dc_addition_ba_dc_len3,real,true,auto
c06e61a2,sft_train,numeric_equation,ba_dc_addition_ba_dc_len3,real,true,auto
c0dd90c0,eval_holdout,numeric_equation,ab_cd_subtraction_ab_cd_len1,real,true,auto
c0f32a1e,sft_train,numeric_equation,ba_dc_multiplication_ba_dc_mul,real,true,auto
c11777c0,sft_train,numeric_equation,ba_dc_low_confidence_addition,real,true,auto
c170f7d4,sft_train,numeric_equation,ba_dc_subtraction_ba_dc_mix,real,true,auto
c2199ff2,eval_holdout,numeric_equation,ba_dc_multiplication_ba_dc_mul,real,true,auto
c37a2a23,sft_train,numeric_equation,ab_cd_multiplication_ab_cd_mul,real,true,auto
c4f66ede,sft_train,numeric_equation,direct_template_template3401,real,true,auto
c541eb82,eval_holdout,numeric_equation,ba_dc_subtraction_ba_dc_len2,real,true,auto
c613082a,sft_train,numeric_equation,ba_dc_subtraction_ba_dc_len2,real,true,auto
c7420a23,sft_train,numeric_equation,ab_cd_subtraction_ab_cd_len2,real,true,auto
c748b04f,grpo_holdout,numeric_equation,ba_dc_addition_ba_dc_mix,real,true,auto
c763054a,grpo_holdout,numeric_equation,operator_absence,real,true,auto
c7bcab48,sft_train,numeric_equation,direct_template_template0134,real,true,auto
c81411a2,sft_train,numeric_equation,ba_dc_addition_ba_dc_len3,real,true,auto
c84544db,grpo_holdout,numeric_equation,operator_absence,real,true,auto
c857a727,sft_train,numeric_equation,ba_dc_multiplication_ba_dc_mul,real,true,auto
c9151e86,sft_train,numeric_equation,ba_dc_multiplication_ba_dc_mul_pm1,real,true,auto
c9c26b92,sft_train,numeric_equation,ba_dc_multiplication_ba_dc_mul,real,true,auto
ca8929f5,sft_train,numeric_equation,ba_dc_addition_ba_dc_len3,real,true,auto
cb2fdb6b,sft_train,numeric_equation,ba_dc_subtraction_ba_dc_len2,real,true,auto
cb5fa22d,sft_train,numeric_equation,ab_cd_multiplication_ab_cd_mul_minus1,real,true,auto
cb796a2b,sft_train,numeric_equation,ab_cd_addition_ab_cd_len3,real,true,auto
cbe4288b,sft_train,numeric_equation,ba_dc_addition_ba_dc_len3,real,true,auto
cc735e46,sft_train,numeric_equation,operator_absence,real,true,auto
cc800930,sft_train,numeric_equation,ba_dc_addition_ba_dc_len3,real,true,auto
cd149ff8,grpo_holdout,numeric_equation,ba_dc_addition_ba_dc_len3,real,true,auto
cd94ec17,sft_train,numeric_equation,ba_dc_addition_ba_dc_len2,real,true,auto
cd9d50e2,sft_train,numeric_equation,direct_template_template3401,real,true,auto
cde9f7ba,grpo_holdout,numeric_equation,ba_dc_subtraction_ba_dc_len2,real,true,auto
ce507d39,eval_holdout,numeric_equation,ba_dc_multiplication_ba_dc_mul,real,true,auto
ce7138bf,sft_train,numeric_equation,ab_cd_modular_ab_cd_len2,real,true,auto
cee07c09,sft_train,numeric_equation,ba_dc_multiplication_ba_dc_mul,real,true,auto
cf356d18,sft_train,numeric_equation,ab_cd_subtraction_ab_cd_mix,real,true,auto
cf517124,sft_train,numeric_equation,ba_dc_addition_ba_dc_mix,real,true,auto
cf84c023,sft_train,numeric_equation,ba_dc_subtraction_ba_dc_len2,real,true,auto
cfa59b38,sft_train,numeric_equation,ab_cd_multiplication_ab_cd_mul_minus1,real,true,auto
d008b0b6,sft_train,numeric_equation,ba_dc_addition_ba_dc_len3,real,true,auto
d033513f,grpo_holdout,numeric_equation,ba_dc_addition_ba_dc_mix,real,true,auto
d17632d2,sft_train,numeric_equation,operator_absence,real,true,auto
d17d3a7a,sft_train,numeric_equation,ba_dc_low_confidence_subtraction,real,true,auto
d1bd7478,eval_holdout,numeric_equation,ab_cd_low_confidence_subtraction,real,true,auto
d204b9cc,eval_holdout,numeric_equation,ba_dc_addition_ba_dc_len3,real,true,auto
d21c7677,sft_train,numeric_equation,ba_dc_multiplication_ba_dc_mul_pm1,real,true,auto
d303ae8e,sft_train,numeric_equation,ba_dc_addition_ba_dc_len2,real,true,auto
d3092ac1,sft_train,numeric_equation,ba_dc_low_confidence_subtraction,real,true,auto
d3b20e29,sft_train,numeric_equation,direct_template_template3401,real,true,auto
d4483d51,sft_train,numeric_equation,ba_dc_multiplication_ba_dc_mul_pm1,real,true,auto
d44ef285,sft_train,numeric_equation,ba_dc_multiplication_ba_dc_mul_pm1,real,true,auto
d46df3b0,sft_train,numeric_equation,ab_cd_multiplication_ab_cd_mul_minus1,real,true,auto
d490911e,sft_train,numeric_equation,ab_cd_addition_ab_cd_len3,real,true,auto
d4b08884,sft_train,numeric_equation,ab_cd_modular_ab_cd_len1,real,true,auto
d5aa5564,grpo_holdout,numeric_equation,ab_cd_addition_ab_cd_len2,real,true,auto
d64a6578,sft_train,numeric_equation,ab_cd_multiplication_ab_cd_mul_plus1,real,true,auto
d67f28ad,sft_train,numeric_equation,ab_cd_addition_ab_cd_mix,real,true,auto
d6a2e332,sft_train,numeric_equation,ba_dc_multiplication_ba_dc_mul_pm1,real,true,auto
d7682996,sft_train,numeric_equation,ab_cd_addition_ab_cd_mix,real,true,auto
d78128b2,sft_train,numeric_equation,ba_dc_subtraction_ba_dc_mix,real,true,auto
d78ce112,eval_holdout,numeric_equation,ba_dc_multiplication_ba_dc_mul,real,true,auto
d809394c,sft_train,numeric_equation,operator_absence,real,true,auto
d82f5933,grpo_holdout,numeric_equation,ba_dc_addition_ba_dc_len2,real,true,auto
d8735cc4,sft_train,numeric_equation,prefix_postfix_op_prefix_if_neg,real,true,auto
d8a47cb7,sft_train,numeric_equation,ba_dc_addition_ba_dc_len3,real,true,auto
d8b3310a,grpo_holdout,numeric_equation,ba_dc_multiplication_ba_dc_mul_pm1,real,true,auto
d9a2b78f,sft_train,numeric_equation,ba_dc_addition_ba_dc_len2,real,true,auto
d9bedb64,sft_train,numeric_equation,ba_dc_subtraction_ba_dc_len2,real,true,auto
db4383f3,sft_train,numeric_equation,ba_dc_multiplication_ba_dc_mul_pm1,real,true,auto
db6a5663,sft_train,numeric_equation,ab_cd_multiplication_ab_cd_mul,real,true,auto
dbc6defc,sft_train,numeric_equation,ab_cd_multiplication_ab_cd_mul,real,true,auto
dbd0e3c9,eval_holdout,numeric_equation,direct_template_template0134,real,true,auto
dc73d295,grpo_holdout,numeric_equation,ab_cd_addition_ab_cd_mix,real,true,auto
dc7a5e7b,eval_holdout,numeric_equation,direct_template_template0134,real,true,auto
dcaf44c4,sft_train,numeric_equation,operator_absence,real,true,auto
dcbf2073,sft_train,numeric_equation,ab_cd_addition_ab_cd_len3,real,true,auto
dd626fd0,grpo_holdout,numeric_equation,ba_dc_multiplication_ba_dc_mul_pm1,real,true,auto
ddb9aafd,sft_train,numeric_equation,ba_dc_multiplication_ba_dc_mul,real,true,auto
dde06528,sft_train,numeric_equation,operator_absence,real,true,auto
debff779,sft_train,numeric_equation,ba_dc_subtraction_ba_dc_len2,real,true,auto
dfec0ed4,sft_train,numeric_equation,direct_template_template0134,real,true,auto
e07fffa6,sft_train,numeric_equation,ba_dc_subtraction_ba_dc_len2,real,true,auto
e102a09d,sft_train,numeric_equation,ba_dc_low_confidence_subtraction,real,true,auto
e1c0ae13,sft_train,numeric_equation,ab_cd_multiplication_ab_cd_mul,real,true,auto
e2bb1d9f,sft_train,numeric_equation,ba_dc_low_confidence_subtraction,real,true,auto
e307429d,sft_train,numeric_equation,operator_absence,real,true,auto
e33f1695,sft_train,numeric_equation,operator_absence,real,true,auto
e3b3573a,eval_holdout,numeric_equation,ba_dc_multiplication_ba_dc_mul_pm1,real,true,auto
e4479bb1,sft_train,numeric_equation,prefix_postfix_op_prefix_if_neg,real,true,auto
e4b6ce82,eval_holdout,numeric_equation,ba_dc_multiplication_ba_dc_mul,real,true,auto
e518256e,sft_train,numeric_equation,ba_dc_subtraction_ba_dc_len2,real,true,auto
e5956ffa,eval_holdout,numeric_equation,ba_dc_addition_ba_dc_len2,real,true,auto
e5d4eeb8,sft_train,numeric_equation,ba_dc_multiplication_ba_dc_mul_pm1,real,true,auto
e667f2d7,sft_train,numeric_equation,prefix_postfix_op_prefix_rev,real,true,auto
e70d5739,eval_holdout,numeric_equation,direct_template_template3401,real,true,auto
e7cf0394,sft_train,numeric_equation,direct_template_template0134,real,true,auto
e836fb20,sft_train,numeric_equation,ba_dc_subtraction_ba_dc_len2,real,true,auto
e952f61f,sft_train,numeric_equation,ab_cd_multiplication_ab_cd_mul_minus1,real,true,auto
e9a84dd6,sft_train,numeric_equation,ba_dc_addition_ba_dc_len2,real,true,auto
e9b69bf8,sft_train,numeric_equation,prefix_postfix_op_prefix_if_neg,real,true,auto
ea6d926a,eval_holdout,numeric_equation,operator_absence,real,true,auto
ea9f3811,grpo_holdout,numeric_equation,operator_absence,real,true,auto
ead0e1dd,sft_train,numeric_equation,operator_absence,real,true,auto
ead8fe28,sft_train,numeric_equation,ba_dc_addition_ba_dc_len2,real,true,auto
eafc7e67,grpo_holdout,numeric_equation,ba_dc_multiplication_ba_dc_mul_pm1,real,true,auto
eb68289b,sft_train,numeric_equation,ba_dc_low_confidence_subtraction,real,true,auto
ec37a5e7,sft_train,numeric_equation,prefix_postfix_op_prefix_rev,real,true,auto
ec694941,eval_holdout,numeric_equation,ba_dc_multiplication_ba_dc_mul_pm1,real,true,auto
ed561f79,sft_train,numeric_equation,ba_dc_addition_ba_dc_mix,real,true,auto
ee9239e9,sft_train,numeric_equation,direct_template_template0134,real,true,auto
ef1b13ac,sft_train,numeric_equation,operator_absence,real,true,auto
ef6bc241,eval_holdout,numeric_equation,prefix_postfix_op_prefix_rev,real,true,auto
f0a2d457,sft_train,numeric_equation,ba_dc_subtraction_ba_dc_mix,real,true,auto
f28681ad,sft_train,numeric_equation,direct_template_template3401,real,true,auto
f299569f,grpo_holdout,numeric_equation,ba_dc_multiplication_ba_dc_mul,real,true,auto
f2afd89d,sft_train,numeric_equation,ba_dc_multiplication_ba_dc_mul,real,true,auto
f2fa334a,grpo_holdout,numeric_equation,prefix_postfix_op_prefix_if_neg,real,true,auto
f2ff37b2,eval_holdout,numeric_equation,operator_absence,real,true,auto
f35a488d,sft_train,numeric_equation,ab_cd_addition_ab_cd_mix,real,true,auto
f3cecf2f,eval_holdout,numeric_equation,ba_dc_addition_ba_dc_mix,real,true,auto
f3e08a24,sft_train,numeric_equation,direct_template_template3401,real,true,auto
f463ee16,eval_holdout,numeric_equation,ba_dc_addition_ba_dc_len3,real,true,auto
f4ecefa4,sft_train,numeric_equation,ab_cd_addition_ab_cd_mix,real,true,auto
f642e7b5,grpo_holdout,numeric_equation,prefix_postfix_op_prefix_rev,real,true,auto
f66f0fe0,grpo_holdout,numeric_equation,ba_dc_multiplication_ba_dc_mul,real,true,auto
f6ca90f6,sft_train,numeric_equation,ab_cd_subtraction_ab_cd_len2,real,true,auto
f6db706e,sft_train,numeric_equation,ba_dc_subtraction_ba_dc_mix,real,true,auto
f7d90ae3,sft_train,numeric_equation,direct_template_template0134,real,true,auto
f8d6abd1,grpo_holdout,numeric_equation,ab_cd_multiplication_ab_cd_mul_minus1,real,true,auto
f93475e9,sft_train,numeric_equation,ba_dc_multiplication_ba_dc_mul,real,true,auto
f94810f5,sft_train,numeric_equation,direct_template_template0134,real,true,auto
f96e1e6e,sft_train,numeric_equation,ba_dc_low_confidence_addition,real,true,auto
f971f8dd,eval_holdout,numeric_equation,operator_absence,real,true,auto
f9983eb7,sft_train,numeric_equation,prefix_postfix_op_prefix_if_neg,real,true,auto
f9bd3119,sft_train,numeric_equation,operator_absence,real,true,auto
f9ff29fa,sft_train,numeric_equation,ba_dc_multiplication_ba_dc_mul,real,true,auto
fa7426d3,sft_train,numeric_equation,ba_dc_addition_ba_dc_len3,real,true,auto
fa952980,sft_train,numeric_equation,ab_cd_addition_ab_cd_len3,real,true,auto
fb3f7b77,sft_train,numeric_equation,ba_dc_subtraction_ba_dc_len2,real,true,auto
fb4bc935,sft_train,numeric_equation,prefix_postfix_op_prefix_rev,real,true,auto
fb623471,sft_train,numeric_equation,ba_dc_low_confidence_subtraction,real,true,auto
fc799f0a,sft_train,numeric_equation,ba_dc_addition_ba_dc_len2,real,true,auto
fc7e53c7,sft_train,numeric_equation,ba_dc_subtraction_ba_dc_len2,real,true,auto
fd683004,sft_train,numeric_equation,ba_dc_addition_ba_dc_len3,real,true,auto
fdd9ff2b,sft_train,numeric_equation,operator_absence,real,true,auto
fe393711,sft_train,numeric_equation,ba_dc_multiplication_ba_dc_mul_pm1,real,true,auto
febd3442,eval_holdout,numeric_equation,ba_dc_low_confidence_subtraction,real,true,auto
fecad63c,sft_train,numeric_equation,ba_dc_addition_ba_dc_len3,real,true,auto
fee66e16,sft_train,numeric_equation,ab_cd_multiplication_ab_cd_mul,real,true,auto
fef61ca1,sft_train,numeric_equation,ab_cd_addition_ab_cd_len2,real,true,auto
ff8409cd,sft_train,numeric_equation,prefix_postfix_op_prefix_if_neg,real,true,auto
syn_ne_ab_cd_add_len2_0001,sft_train,numeric_equation,ab_cd_addition_ab_cd_len2,synthetic,false,train_only
syn_ne_ab_cd_add_len2_0002,sft_train,numeric_equation,ab_cd_addition_ab_cd_len2,synthetic,false,train_only
syn_ne_ab_cd_add_len2_0003,sft_train,numeric_equation,ab_cd_addition_ab_cd_len2,synthetic,false,train_only
syn_ne_ab_cd_add_len2_0004,sft_train,numeric_equation,ab_cd_addition_ab_cd_len2,synthetic,false,train_only
syn_ne_ab_cd_add_len2_0005,sft_train,numeric_equation,ab_cd_addition_ab_cd_len2,synthetic,false,train_only
syn_ne_ab_cd_add_len2_0006,sft_train,numeric_equation,ab_cd_addition_ab_cd_len2,synthetic,false,train_only
syn_ne_ab_cd_add_len2_0007,sft_train,numeric_equation,ab_cd_addition_ab_cd_len2,synthetic,false,train_only
syn_ne_ab_cd_add_len2_0008,sft_train,numeric_equation,ab_cd_addition_ab_cd_len2,synthetic,false,train_only
syn_ne_ab_cd_add_len2_0009,sft_train,numeric_equation,ab_cd_addition_ab_cd_len2,synthetic,false,train_only
syn_ne_ab_cd_add_len2_0010,sft_train,numeric_equation,ab_cd_addition_ab_cd_len2,synthetic,false,train_only
syn_ne_ab_cd_add_len2_0011,sft_train,numeric_equation,ab_cd_addition_ab_cd_len2,synthetic,false,train_only
syn_ne_ab_cd_add_len2_0012,sft_train,numeric_equation,ab_cd_addition_ab_cd_len2,synthetic,false,train_only
syn_ne_ab_cd_add_len2_0013,sft_train,numeric_equation,ab_cd_addition_ab_cd_len2,synthetic,false,train_only
syn_ne_ab_cd_add_len2_0014,sft_train,numeric_equation,ab_cd_addition_ab_cd_len2,synthetic,false,train_only
syn_ne_ab_cd_add_len2_0015,sft_train,numeric_equation,ab_cd_addition_ab_cd_len2,synthetic,false,train_only
syn_ne_ab_cd_add_len2_0016,sft_train,numeric_equation,ab_cd_addition_ab_cd_len2,synthetic,false,train_only
syn_ne_ab_cd_add_len2_0017,sft_train,numeric_equation,ab_cd_addition_ab_cd_len2,synthetic,false,train_only
syn_ne_ab_cd_add_len2_0018,sft_train,numeric_equation,ab_cd_addition_ab_cd_len2,synthetic,false,train_only
syn_ne_ab_cd_add_len2_0019,sft_train,numeric_equation,ab_cd_addition_ab_cd_len2,synthetic,false,train_only
syn_ne_ab_cd_add_len3_0001,sft_train,numeric_equation,ab_cd_addition_ab_cd_len3,synthetic,false,train_only
syn_ne_ab_cd_add_len3_0002,sft_train,numeric_equation,ab_cd_addition_ab_cd_len3,synthetic,false,train_only
syn_ne_ab_cd_add_len3_0003,sft_train,numeric_equation,ab_cd_addition_ab_cd_len3,synthetic,false,train_only
syn_ne_ab_cd_add_len3_0004,sft_train,numeric_equation,ab_cd_addition_ab_cd_len3,synthetic,false,train_only
syn_ne_ab_cd_add_len3_0005,sft_train,numeric_equation,ab_cd_addition_ab_cd_len3,synthetic,false,train_only
syn_ne_ab_cd_add_len3_0006,sft_train,numeric_equation,ab_cd_addition_ab_cd_len3,synthetic,false,train_only
syn_ne_ab_cd_add_len3_0007,sft_train,numeric_equation,ab_cd_addition_ab_cd_len3,synthetic,false,train_only
syn_ne_ab_cd_add_len3_0008,sft_train,numeric_equation,ab_cd_addition_ab_cd_len3,synthetic,false,train_only
syn_ne_ab_cd_add_len3_0009,sft_train,numeric_equation,ab_cd_addition_ab_cd_len3,synthetic,false,train_only
syn_ne_ab_cd_add_len3_0010,sft_train,numeric_equation,ab_cd_addition_ab_cd_len3,synthetic,false,train_only
syn_ne_ab_cd_add_len3_0011,sft_train,numeric_equation,ab_cd_addition_ab_cd_len3,synthetic,false,train_only
syn_ne_ab_cd_add_len3_0012,sft_train,numeric_equation,ab_cd_addition_ab_cd_len3,synthetic,false,train_only
syn_ne_ab_cd_add_len3_0013,sft_train,numeric_equation,ab_cd_addition_ab_cd_len3,synthetic,false,train_only
syn_ne_ab_cd_add_len3_0014,sft_train,numeric_equation,ab_cd_addition_ab_cd_len3,synthetic,false,train_only
syn_ne_ab_cd_add_len3_0015,sft_train,numeric_equation,ab_cd_addition_ab_cd_len3,synthetic,false,train_only
syn_ne_ab_cd_add_len3_0016,sft_train,numeric_equation,ab_cd_addition_ab_cd_len3,synthetic,false,train_only
syn_ne_ab_cd_add_len3_0017,sft_train,numeric_equation,ab_cd_addition_ab_cd_len3,synthetic,false,train_only
syn_ne_ab_cd_add_len3_0018,sft_train,numeric_equation,ab_cd_addition_ab_cd_len3,synthetic,false,train_only
syn_ne_ab_cd_add_len3_0019,sft_train,numeric_equation,ab_cd_addition_ab_cd_len3,synthetic,false,train_only
syn_ne_ab_cd_add_len3_0020,sft_train,numeric_equation,ab_cd_addition_ab_cd_len3,synthetic,false,train_only
syn_ne_ab_cd_add_len3_0021,sft_train,numeric_equation,ab_cd_addition_ab_cd_len3,synthetic,false,train_only
syn_ne_ab_cd_add_len3_0022,sft_train,numeric_equation,ab_cd_addition_ab_cd_len3,synthetic,false,train_only
syn_ne_ab_cd_add_len3_0023,sft_train,numeric_equation,ab_cd_addition_ab_cd_len3,synthetic,false,train_only
syn_ne_ab_cd_add_len3_0024,sft_train,numeric_equation,ab_cd_addition_ab_cd_len3,synthetic,false,train_only
syn_ne_ab_cd_add_minus1_len2_0001,sft_train,numeric_equation,ab_cd_addition_ab_cd_len2,synthetic,false,train_only
syn_ne_ab_cd_add_minus1_len2_0002,sft_train,numeric_equation,ab_cd_addition_ab_cd_len2,synthetic,false,train_only
syn_ne_ab_cd_add_minus1_len2_0003,sft_train,numeric_equation,ab_cd_addition_ab_cd_len2,synthetic,false,train_only
syn_ne_ab_cd_add_minus1_len2_0004,sft_train,numeric_equation,ab_cd_addition_ab_cd_len2,synthetic,false,train_only
syn_ne_ab_cd_add_minus1_len2_0005,sft_train,numeric_equation,ab_cd_addition_ab_cd_len2,synthetic,false,train_only
syn_ne_ab_cd_add_minus1_len2_0006,sft_train,numeric_equation,ab_cd_addition_ab_cd_len2,synthetic,false,train_only
syn_ne_ab_cd_add_minus1_len2_0007,sft_train,numeric_equation,ab_cd_addition_ab_cd_len2,synthetic,false,train_only
syn_ne_ab_cd_add_minus1_len2_0008,sft_train,numeric_equation,ab_cd_addition_ab_cd_len2,synthetic,false,train_only
syn_ne_ab_cd_add_minus1_len2_0009,sft_train,numeric_equation,ab_cd_addition_ab_cd_len2,synthetic,false,train_only
syn_ne_ab_cd_add_minus1_len2_0010,sft_train,numeric_equation,ab_cd_addition_ab_cd_len2,synthetic,false,train_only
syn_ne_ab_cd_add_minus1_len2_0011,sft_train,numeric_equation,ab_cd_addition_ab_cd_len2,synthetic,false,train_only
syn_ne_ab_cd_add_minus1_len2_0012,sft_train,numeric_equation,ab_cd_addition_ab_cd_len2,synthetic,false,train_only
syn_ne_ab_cd_add_minus1_len2_0013,sft_train,numeric_equation,ab_cd_addition_ab_cd_len2,synthetic,false,train_only
syn_ne_ab_cd_add_minus1_len2_0014,sft_train,numeric_equation,ab_cd_addition_ab_cd_len2,synthetic,false,train_only
syn_ne_ab_cd_add_minus1_len2_0015,sft_train,numeric_equation,ab_cd_addition_ab_cd_len2,synthetic,false,train_only
syn_ne_ab_cd_add_minus1_len2_0016,sft_train,numeric_equation,ab_cd_addition_ab_cd_len2,synthetic,false,train_only
syn_ne_ab_cd_add_minus1_len2_0017,sft_train,numeric_equation,ab_cd_addition_ab_cd_len2,synthetic,false,train_only
syn_ne_ab_cd_add_minus1_len2_0018,sft_train,numeric_equation,ab_cd_addition_ab_cd_len2,synthetic,false,train_only
syn_ne_ab_cd_add_minus1_len2_0019,sft_train,numeric_equation,ab_cd_addition_ab_cd_len2,synthetic,false,train_only
syn_ne_ab_cd_add_minus1_len2_0020,sft_train,numeric_equation,ab_cd_addition_ab_cd_len2,synthetic,false,train_only
syn_ne_ab_cd_add_minus1_len2_0021,sft_train,numeric_equation,ab_cd_addition_ab_cd_len2,synthetic,false,train_only
syn_ne_ab_cd_add_minus1_len3_0001,sft_train,numeric_equation,ab_cd_addition_ab_cd_len3,synthetic,false,train_only
syn_ne_ab_cd_add_minus1_len3_0002,sft_train,numeric_equation,ab_cd_addition_ab_cd_len3,synthetic,false,train_only
syn_ne_ab_cd_add_minus1_len3_0003,sft_train,numeric_equation,ab_cd_addition_ab_cd_len3,synthetic,false,train_only
syn_ne_ab_cd_add_minus1_len3_0004,sft_train,numeric_equation,ab_cd_addition_ab_cd_len3,synthetic,false,train_only
syn_ne_ab_cd_add_minus1_len3_0005,sft_train,numeric_equation,ab_cd_addition_ab_cd_len3,synthetic,false,train_only
syn_ne_ab_cd_add_minus1_len3_0006,sft_train,numeric_equation,ab_cd_addition_ab_cd_len3,synthetic,false,train_only
syn_ne_ab_cd_add_minus1_len3_0007,sft_train,numeric_equation,ab_cd_addition_ab_cd_len3,synthetic,false,train_only
syn_ne_ab_cd_add_minus1_len3_0008,sft_train,numeric_equation,ab_cd_addition_ab_cd_len3,synthetic,false,train_only
syn_ne_ab_cd_add_minus1_len3_0009,sft_train,numeric_equation,ab_cd_addition_ab_cd_len3,synthetic,false,train_only
syn_ne_ab_cd_add_minus1_len3_0010,sft_train,numeric_equation,ab_cd_addition_ab_cd_len3,synthetic,false,train_only
syn_ne_ab_cd_add_minus1_len3_0011,sft_train,numeric_equation,ab_cd_addition_ab_cd_len3,synthetic,false,train_only
syn_ne_ab_cd_add_minus1_len3_0012,sft_train,numeric_equation,ab_cd_addition_ab_cd_len3,synthetic,false,train_only
syn_ne_ab_cd_add_minus1_len3_0013,sft_train,numeric_equation,ab_cd_addition_ab_cd_len3,synthetic,false,train_only
syn_ne_ab_cd_add_minus1_len3_0014,sft_train,numeric_equation,ab_cd_addition_ab_cd_len3,synthetic,false,train_only
syn_ne_ab_cd_add_minus1_len3_0015,sft_train,numeric_equation,ab_cd_addition_ab_cd_len3,synthetic,false,train_only
syn_ne_ab_cd_add_minus1_len3_0016,sft_train,numeric_equation,ab_cd_addition_ab_cd_len3,synthetic,false,train_only
syn_ne_ab_cd_add_minus1_len3_0017,sft_train,numeric_equation,ab_cd_addition_ab_cd_len3,synthetic,false,train_only
syn_ne_ab_cd_add_minus1_len3_0018,sft_train,numeric_equation,ab_cd_addition_ab_cd_len3,synthetic,false,train_only
syn_ne_ab_cd_add_minus1_len3_0019,sft_train,numeric_equation,ab_cd_addition_ab_cd_len3,synthetic,false,train_only
syn_ne_ab_cd_add_minus1_len3_0020,sft_train,numeric_equation,ab_cd_addition_ab_cd_len3,synthetic,false,train_only
syn_ne_ab_cd_add_minus1_len3_0021,sft_train,numeric_equation,ab_cd_addition_ab_cd_len3,synthetic,false,train_only
syn_ne_ab_cd_add_minus1_len3_0022,sft_train,numeric_equation,ab_cd_addition_ab_cd_len3,synthetic,false,train_only
syn_ne_ab_cd_add_minus1_mix_0001,sft_train,numeric_equation,ab_cd_addition_ab_cd_mix,synthetic,false,train_only
syn_ne_ab_cd_add_minus1_mix_0002,sft_train,numeric_equation,ab_cd_addition_ab_cd_mix,synthetic,false,train_only
syn_ne_ab_cd_add_minus1_mix_0003,sft_train,numeric_equation,ab_cd_addition_ab_cd_mix,synthetic,false,train_only
syn_ne_ab_cd_add_minus1_mix_0004,sft_train,numeric_equation,ab_cd_addition_ab_cd_mix,synthetic,false,train_only
syn_ne_ab_cd_add_minus1_mix_0005,sft_train,numeric_equation,ab_cd_addition_ab_cd_mix,synthetic,false,train_only
syn_ne_ab_cd_add_minus1_mix_0006,sft_train,numeric_equation,ab_cd_addition_ab_cd_mix,synthetic,false,train_only
syn_ne_ab_cd_add_minus1_mix_0007,sft_train,numeric_equation,ab_cd_addition_ab_cd_mix,synthetic,false,train_only
syn_ne_ab_cd_add_minus1_mix_0008,sft_train,numeric_equation,ab_cd_addition_ab_cd_mix,synthetic,false,train_only
syn_ne_ab_cd_add_minus1_mix_0009,sft_train,numeric_equation,ab_cd_addition_ab_cd_mix,synthetic,false,train_only
syn_ne_ab_cd_add_minus1_mix_0010,sft_train,numeric_equation,ab_cd_addition_ab_cd_mix,synthetic,false,train_only
syn_ne_ab_cd_add_minus1_mix_0011,sft_train,numeric_equation,ab_cd_addition_ab_cd_mix,synthetic,false,train_only
syn_ne_ab_cd_add_minus1_mix_0012,sft_train,numeric_equation,ab_cd_addition_ab_cd_mix,synthetic,false,train_only
syn_ne_ab_cd_add_minus1_mix_0013,sft_train,numeric_equation,ab_cd_addition_ab_cd_mix,synthetic,false,train_only
syn_ne_ab_cd_add_minus1_mix_0014,sft_train,numeric_equation,ab_cd_addition_ab_cd_mix,synthetic,false,train_only
syn_ne_ab_cd_add_minus1_mix_0015,sft_train,numeric_equation,ab_cd_addition_ab_cd_mix,synthetic,false,train_only
syn_ne_ab_cd_add_minus1_mix_0016,sft_train,numeric_equation,ab_cd_addition_ab_cd_mix,synthetic,false,train_only
syn_ne_ab_cd_add_minus1_mix_0017,sft_train,numeric_equation,ab_cd_addition_ab_cd_mix,synthetic,false,train_only
syn_ne_ab_cd_add_minus1_mix_0018,sft_train,numeric_equation,ab_cd_addition_ab_cd_mix,synthetic,false,train_only
syn_ne_ab_cd_add_minus1_mix_0019,sft_train,numeric_equation,ab_cd_addition_ab_cd_mix,synthetic,false,train_only
syn_ne_ab_cd_add_minus1_mix_0020,sft_train,numeric_equation,ab_cd_addition_ab_cd_mix,synthetic,false,train_only
syn_ne_ab_cd_add_minus1_mix_0021,sft_train,numeric_equation,ab_cd_addition_ab_cd_mix,synthetic,false,train_only
syn_ne_ab_cd_add_minus1_mix_0022,sft_train,numeric_equation,ab_cd_addition_ab_cd_mix,synthetic,false,train_only
syn_ne_ab_cd_add_minus1_mix_0023,sft_train,numeric_equation,ab_cd_addition_ab_cd_mix,synthetic,false,train_only
syn_ne_ab_cd_add_minus1_mix_0024,sft_train,numeric_equation,ab_cd_addition_ab_cd_mix,synthetic,false,train_only
syn_ne_ab_cd_add_minus1_mix_0025,sft_train,numeric_equation,ab_cd_addition_ab_cd_mix,synthetic,false,train_only
syn_ne_ab_cd_add_mix_0001,sft_train,numeric_equation,ab_cd_addition_ab_cd_mix,synthetic,false,train_only
syn_ne_ab_cd_add_mix_0002,sft_train,numeric_equation,ab_cd_addition_ab_cd_mix,synthetic,false,train_only
syn_ne_ab_cd_add_mix_0003,sft_train,numeric_equation,ab_cd_addition_ab_cd_mix,synthetic,false,train_only
syn_ne_ab_cd_add_mix_0004,sft_train,numeric_equation,ab_cd_addition_ab_cd_mix,synthetic,false,train_only
syn_ne_ab_cd_add_mix_0005,sft_train,numeric_equation,ab_cd_addition_ab_cd_mix,synthetic,false,train_only
syn_ne_ab_cd_add_mix_0006,sft_train,numeric_equation,ab_cd_addition_ab_cd_mix,synthetic,false,train_only
syn_ne_ab_cd_add_mix_0007,sft_train,numeric_equation,ab_cd_addition_ab_cd_mix,synthetic,false,train_only
syn_ne_ab_cd_add_mix_0008,sft_train,numeric_equation,ab_cd_addition_ab_cd_mix,synthetic,false,train_only
syn_ne_ab_cd_add_mix_0009,sft_train,numeric_equation,ab_cd_addition_ab_cd_mix,synthetic,false,train_only
syn_ne_ab_cd_add_mix_0010,sft_train,numeric_equation,ab_cd_addition_ab_cd_mix,synthetic,false,train_only
syn_ne_ab_cd_add_mix_0011,sft_train,numeric_equation,ab_cd_addition_ab_cd_mix,synthetic,false,train_only
syn_ne_ab_cd_add_mix_0012,sft_train,numeric_equation,ab_cd_addition_ab_cd_mix,synthetic,false,train_only
syn_ne_ab_cd_add_mix_0013,sft_train,numeric_equation,ab_cd_addition_ab_cd_mix,synthetic,false,train_only
syn_ne_ab_cd_add_mix_0014,sft_train,numeric_equation,ab_cd_addition_ab_cd_mix,synthetic,false,train_only
syn_ne_ab_cd_add_mix_0015,sft_train,numeric_equation,ab_cd_addition_ab_cd_mix,synthetic,false,train_only
syn_ne_ab_cd_add_mix_0016,sft_train,numeric_equation,ab_cd_addition_ab_cd_mix,synthetic,false,train_only
syn_ne_ab_cd_add_mix_0017,sft_train,numeric_equation,ab_cd_addition_ab_cd_mix,synthetic,false,train_only
syn_ne_ab_cd_add_mix_0018,sft_train,numeric_equation,ab_cd_addition_ab_cd_mix,synthetic,false,train_only
syn_ne_ab_cd_add_mix_0019,sft_train,numeric_equation,ab_cd_addition_ab_cd_mix,synthetic,false,train_only
syn_ne_ab_cd_add_mix_0020,sft_train,numeric_equation,ab_cd_addition_ab_cd_mix,synthetic,false,train_only
syn_ne_ab_cd_add_mix_0021,sft_train,numeric_equation,ab_cd_addition_ab_cd_mix,synthetic,false,train_only
syn_ne_ab_cd_add_mix_0022,sft_train,numeric_equation,ab_cd_addition_ab_cd_mix,synthetic,false,train_only
syn_ne_ab_cd_add_mix_0023,sft_train,numeric_equation,ab_cd_addition_ab_cd_mix,synthetic,false,train_only
syn_ne_ab_cd_add_mix_0024,sft_train,numeric_equation,ab_cd_addition_ab_cd_mix,synthetic,false,train_only
syn_ne_ab_cd_add_mix_0025,sft_train,numeric_equation,ab_cd_addition_ab_cd_mix,synthetic,false,train_only
syn_ne_ab_cd_add_plus1_len2_0001,sft_train,numeric_equation,ab_cd_addition_ab_cd_len2,synthetic,false,train_only
syn_ne_ab_cd_add_plus1_len2_0002,sft_train,numeric_equation,ab_cd_addition_ab_cd_len2,synthetic,false,train_only
syn_ne_ab_cd_add_plus1_len2_0003,sft_train,numeric_equation,ab_cd_addition_ab_cd_len2,synthetic,false,train_only
syn_ne_ab_cd_add_plus1_len2_0004,sft_train,numeric_equation,ab_cd_addition_ab_cd_len2,synthetic,false,train_only
syn_ne_ab_cd_add_plus1_len2_0005,sft_train,numeric_equation,ab_cd_addition_ab_cd_len2,synthetic,false,train_only
syn_ne_ab_cd_add_plus1_len2_0006,sft_train,numeric_equation,ab_cd_addition_ab_cd_len2,synthetic,false,train_only
syn_ne_ab_cd_add_plus1_len2_0007,sft_train,numeric_equation,ab_cd_addition_ab_cd_len2,synthetic,false,train_only
syn_ne_ab_cd_add_plus1_len2_0008,sft_train,numeric_equation,ab_cd_addition_ab_cd_len2,synthetic,false,train_only
syn_ne_ab_cd_add_plus1_len2_0009,sft_train,numeric_equation,ab_cd_addition_ab_cd_len2,synthetic,false,train_only
syn_ne_ab_cd_add_plus1_len2_0010,sft_train,numeric_equation,ab_cd_addition_ab_cd_len2,synthetic,false,train_only
syn_ne_ab_cd_add_plus1_len2_0011,sft_train,numeric_equation,ab_cd_addition_ab_cd_len2,synthetic,false,train_only
syn_ne_ab_cd_add_plus1_len2_0012,sft_train,numeric_equation,ab_cd_addition_ab_cd_len2,synthetic,false,train_only
syn_ne_ab_cd_add_plus1_len2_0013,sft_train,numeric_equation,ab_cd_addition_ab_cd_len2,synthetic,false,train_only
syn_ne_ab_cd_add_plus1_len2_0014,sft_train,numeric_equation,ab_cd_addition_ab_cd_len2,synthetic,false,train_only
syn_ne_ab_cd_add_plus1_len2_0015,sft_train,numeric_equation,ab_cd_addition_ab_cd_len2,synthetic,false,train_only
syn_ne_ab_cd_add_plus1_len2_0016,sft_train,numeric_equation,ab_cd_addition_ab_cd_len2,synthetic,false,train_only
syn_ne_ab_cd_add_plus1_len2_0017,sft_train,numeric_equation,ab_cd_addition_ab_cd_len2,synthetic,false,train_only
syn_ne_ab_cd_add_plus1_len2_0018,sft_train,numeric_equation,ab_cd_addition_ab_cd_len2,synthetic,false,train_only
syn_ne_ab_cd_add_plus1_len3_0001,sft_train,numeric_equation,ab_cd_addition_ab_cd_len3,synthetic,false,train_only
syn_ne_ab_cd_add_plus1_len3_0002,sft_train,numeric_equation,ab_cd_addition_ab_cd_len3,synthetic,false,train_only
syn_ne_ab_cd_add_plus1_len3_0003,sft_train,numeric_equation,ab_cd_addition_ab_cd_len3,synthetic,false,train_only
syn_ne_ab_cd_add_plus1_len3_0004,sft_train,numeric_equation,ab_cd_addition_ab_cd_len3,synthetic,false,train_only
syn_ne_ab_cd_add_plus1_len3_0005,sft_train,numeric_equation,ab_cd_addition_ab_cd_len3,synthetic,false,train_only
syn_ne_ab_cd_add_plus1_len3_0006,sft_train,numeric_equation,ab_cd_addition_ab_cd_len3,synthetic,false,train_only
syn_ne_ab_cd_add_plus1_len3_0007,sft_train,numeric_equation,ab_cd_addition_ab_cd_len3,synthetic,false,train_only
syn_ne_ab_cd_add_plus1_len3_0008,sft_train,numeric_equation,ab_cd_addition_ab_cd_len3,synthetic,false,train_only
syn_ne_ab_cd_add_plus1_len3_0009,sft_train,numeric_equation,ab_cd_addition_ab_cd_len3,synthetic,false,train_only
syn_ne_ab_cd_add_plus1_len3_0010,sft_train,numeric_equation,ab_cd_addition_ab_cd_len3,synthetic,false,train_only
syn_ne_ab_cd_add_plus1_len3_0011,sft_train,numeric_equation,ab_cd_addition_ab_cd_len3,synthetic,false,train_only
syn_ne_ab_cd_add_plus1_len3_0012,sft_train,numeric_equation,ab_cd_addition_ab_cd_len3,synthetic,false,train_only
syn_ne_ab_cd_add_plus1_len3_0013,sft_train,numeric_equation,ab_cd_addition_ab_cd_len3,synthetic,false,train_only
syn_ne_ab_cd_add_plus1_len3_0014,sft_train,numeric_equation,ab_cd_addition_ab_cd_len3,synthetic,false,train_only
syn_ne_ab_cd_add_plus1_len3_0015,sft_train,numeric_equation,ab_cd_addition_ab_cd_len3,synthetic,false,train_only
syn_ne_ab_cd_add_plus1_len3_0016,sft_train,numeric_equation,ab_cd_addition_ab_cd_len3,synthetic,false,train_only
syn_ne_ab_cd_add_plus1_len3_0017,sft_train,numeric_equation,ab_cd_addition_ab_cd_len3,synthetic,false,train_only
syn_ne_ab_cd_add_plus1_len3_0018,sft_train,numeric_equation,ab_cd_addition_ab_cd_len3,synthetic,false,train_only
syn_ne_ab_cd_add_plus1_len3_0019,sft_train,numeric_equation,ab_cd_addition_ab_cd_len3,synthetic,false,train_only
syn_ne_ab_cd_add_plus1_len3_0020,sft_train,numeric_equation,ab_cd_addition_ab_cd_len3,synthetic,false,train_only
syn_ne_ab_cd_add_plus1_len3_0021,sft_train,numeric_equation,ab_cd_addition_ab_cd_len3,synthetic,false,train_only
syn_ne_ab_cd_add_plus1_len3_0022,sft_train,numeric_equation,ab_cd_addition_ab_cd_len3,synthetic,false,train_only
syn_ne_ab_cd_add_plus1_len3_0023,sft_train,numeric_equation,ab_cd_addition_ab_cd_len3,synthetic,false,train_only
syn_ne_ab_cd_add_plus1_len3_0024,sft_train,numeric_equation,ab_cd_addition_ab_cd_len3,synthetic,false,train_only
syn_ne_ab_cd_add_plus1_len3_0025,sft_train,numeric_equation,ab_cd_addition_ab_cd_len3,synthetic,false,train_only
syn_ne_ab_cd_add_plus1_len3_0026,sft_train,numeric_equation,ab_cd_addition_ab_cd_len3,synthetic,false,train_only
syn_ne_ab_cd_add_plus1_len3_0027,sft_train,numeric_equation,ab_cd_addition_ab_cd_len3,synthetic,false,train_only
syn_ne_ab_cd_add_plus1_len3_0028,sft_train,numeric_equation,ab_cd_addition_ab_cd_len3,synthetic,false,train_only
syn_ne_ab_cd_add_plus1_len3_0029,sft_train,numeric_equation,ab_cd_addition_ab_cd_len3,synthetic,false,train_only
syn_ne_ab_cd_add_plus1_mix_0001,sft_train,numeric_equation,ab_cd_addition_ab_cd_mix,synthetic,false,train_only
syn_ne_ab_cd_add_plus1_mix_0002,sft_train,numeric_equation,ab_cd_addition_ab_cd_mix,synthetic,false,train_only
syn_ne_ab_cd_add_plus1_mix_0003,sft_train,numeric_equation,ab_cd_addition_ab_cd_mix,synthetic,false,train_only
syn_ne_ab_cd_add_plus1_mix_0004,sft_train,numeric_equation,ab_cd_addition_ab_cd_mix,synthetic,false,train_only
syn_ne_ab_cd_add_plus1_mix_0005,sft_train,numeric_equation,ab_cd_addition_ab_cd_mix,synthetic,false,train_only
syn_ne_ab_cd_add_plus1_mix_0006,sft_train,numeric_equation,ab_cd_addition_ab_cd_mix,synthetic,false,train_only
syn_ne_ab_cd_add_plus1_mix_0007,sft_train,numeric_equation,ab_cd_addition_ab_cd_mix,synthetic,false,train_only
syn_ne_ab_cd_add_plus1_mix_0008,sft_train,numeric_equation,ab_cd_addition_ab_cd_mix,synthetic,false,train_only
syn_ne_ab_cd_add_plus1_mix_0009,sft_train,numeric_equation,ab_cd_addition_ab_cd_mix,synthetic,false,train_only
syn_ne_ab_cd_add_plus1_mix_0010,sft_train,numeric_equation,ab_cd_addition_ab_cd_mix,synthetic,false,train_only
syn_ne_ab_cd_add_plus1_mix_0011,sft_train,numeric_equation,ab_cd_addition_ab_cd_mix,synthetic,false,train_only
syn_ne_ab_cd_add_plus1_mix_0012,sft_train,numeric_equation,ab_cd_addition_ab_cd_mix,synthetic,false,train_only
syn_ne_ab_cd_add_plus1_mix_0013,sft_train,numeric_equation,ab_cd_addition_ab_cd_mix,synthetic,false,train_only
syn_ne_ab_cd_add_plus1_mix_0014,sft_train,numeric_equation,ab_cd_addition_ab_cd_mix,synthetic,false,train_only
syn_ne_ab_cd_add_plus1_mix_0015,sft_train,numeric_equation,ab_cd_addition_ab_cd_mix,synthetic,false,train_only
syn_ne_ab_cd_add_plus1_mix_0016,sft_train,numeric_equation,ab_cd_addition_ab_cd_mix,synthetic,false,train_only
syn_ne_ab_cd_add_plus1_mix_0017,sft_train,numeric_equation,ab_cd_addition_ab_cd_mix,synthetic,false,train_only
syn_ne_ab_cd_add_plus1_mix_0018,sft_train,numeric_equation,ab_cd_addition_ab_cd_mix,synthetic,false,train_only
syn_ne_ab_cd_add_plus1_mix_0019,sft_train,numeric_equation,ab_cd_addition_ab_cd_mix,synthetic,false,train_only
syn_ne_ab_cd_add_plus1_mix_0020,sft_train,numeric_equation,ab_cd_addition_ab_cd_mix,synthetic,false,train_only
syn_ne_ab_cd_add_plus1_mix_0021,sft_train,numeric_equation,ab_cd_addition_ab_cd_mix,synthetic,false,train_only
syn_ne_ab_cd_add_plus1_mix_0022,sft_train,numeric_equation,ab_cd_addition_ab_cd_mix,synthetic,false,train_only
syn_ne_ab_cd_add_plus1_mix_0023,sft_train,numeric_equation,ab_cd_addition_ab_cd_mix,synthetic,false,train_only
syn_ne_ab_cd_add_plus1_mix_0024,sft_train,numeric_equation,ab_cd_addition_ab_cd_mix,synthetic,false,train_only
syn_ne_ab_cd_add_plus1_mix_0025,sft_train,numeric_equation,ab_cd_addition_ab_cd_mix,synthetic,false,train_only
syn_ne_ab_cd_add_plus1_mix_0026,sft_train,numeric_equation,ab_cd_addition_ab_cd_mix,synthetic,false,train_only
syn_ne_ab_cd_add_plus1_mix_0027,sft_train,numeric_equation,ab_cd_addition_ab_cd_mix,synthetic,false,train_only
syn_ne_ab_cd_mul_len3_0001,sft_train,numeric_equation,ab_cd_multiplication_ab_cd_mul,synthetic,false,train_only
syn_ne_ab_cd_mul_len3_0002,sft_train,numeric_equation,ab_cd_multiplication_ab_cd_mul,synthetic,false,train_only
syn_ne_ab_cd_mul_len3_0003,sft_train,numeric_equation,ab_cd_multiplication_ab_cd_mul,synthetic,false,train_only
syn_ne_ab_cd_mul_len3_0004,sft_train,numeric_equation,ab_cd_multiplication_ab_cd_mul,synthetic,false,train_only
syn_ne_ab_cd_mul_len3_0005,sft_train,numeric_equation,ab_cd_multiplication_ab_cd_mul,synthetic,false,train_only
syn_ne_ab_cd_mul_len3_0006,sft_train,numeric_equation,ab_cd_multiplication_ab_cd_mul,synthetic,false,train_only
syn_ne_ab_cd_mul_len3_0007,sft_train,numeric_equation,ab_cd_multiplication_ab_cd_mul,synthetic,false,train_only
syn_ne_ab_cd_mul_len3_0008,sft_train,numeric_equation,ab_cd_multiplication_ab_cd_mul,synthetic,false,train_only
syn_ne_ab_cd_mul_len3_0009,sft_train,numeric_equation,ab_cd_multiplication_ab_cd_mul,synthetic,false,train_only
syn_ne_ab_cd_mul_len3_0010,sft_train,numeric_equation,ab_cd_multiplication_ab_cd_mul,synthetic,false,train_only
syn_ne_ab_cd_mul_len3_0011,sft_train,numeric_equation,ab_cd_multiplication_ab_cd_mul,synthetic,false,train_only
syn_ne_ab_cd_mul_len3_0012,sft_train,numeric_equation,ab_cd_multiplication_ab_cd_mul,synthetic,false,train_only
syn_ne_ab_cd_mul_len3_0013,sft_train,numeric_equation,ab_cd_multiplication_ab_cd_mul,synthetic,false,train_only
syn_ne_ab_cd_mul_len3_0014,sft_train,numeric_equation,ab_cd_multiplication_ab_cd_mul,synthetic,false,train_only
syn_ne_ab_cd_mul_len3_0015,sft_train,numeric_equation,ab_cd_multiplication_ab_cd_mul,synthetic,false,train_only
syn_ne_ab_cd_mul_len3_0016,sft_train,numeric_equation,ab_cd_multiplication_ab_cd_mul,synthetic,false,train_only
syn_ne_ab_cd_mul_len3_0017,sft_train,numeric_equation,ab_cd_multiplication_ab_cd_mul,synthetic,false,train_only
syn_ne_ab_cd_mul_len3_0018,sft_train,numeric_equation,ab_cd_multiplication_ab_cd_mul,synthetic,false,train_only
syn_ne_ab_cd_mul_len3_0019,sft_train,numeric_equation,ab_cd_multiplication_ab_cd_mul,synthetic,false,train_only
syn_ne_ab_cd_mul_len3_0020,sft_train,numeric_equation,ab_cd_multiplication_ab_cd_mul,synthetic,false,train_only
syn_ne_ab_cd_mul_len3_0021,sft_train,numeric_equation,ab_cd_multiplication_ab_cd_mul,synthetic,false,train_only
syn_ne_ab_cd_mul_len3_0022,sft_train,numeric_equation,ab_cd_multiplication_ab_cd_mul,synthetic,false,train_only
syn_ne_ab_cd_mul_len3_0023,sft_train,numeric_equation,ab_cd_multiplication_ab_cd_mul,synthetic,false,train_only
syn_ne_ab_cd_mul_len3_0024,sft_train,numeric_equation,ab_cd_multiplication_ab_cd_mul,synthetic,false,train_only
syn_ne_ab_cd_mul_len3_0025,sft_train,numeric_equation,ab_cd_multiplication_ab_cd_mul,synthetic,false,train_only
syn_ne_ab_cd_mul_len3_0026,sft_train,numeric_equation,ab_cd_multiplication_ab_cd_mul,synthetic,false,train_only
syn_ne_ab_cd_mul_len3_0027,sft_train,numeric_equation,ab_cd_multiplication_ab_cd_mul,synthetic,false,train_only
syn_ne_ab_cd_mul_len3_0028,sft_train,numeric_equation,ab_cd_multiplication_ab_cd_mul,synthetic,false,train_only
syn_ne_ab_cd_mul_len3_0029,sft_train,numeric_equation,ab_cd_multiplication_ab_cd_mul,synthetic,false,train_only
syn_ne_ab_cd_mul_len3_0030,sft_train,numeric_equation,ab_cd_multiplication_ab_cd_mul,synthetic,false,train_only
syn_ne_ab_cd_mul_len3_0031,sft_train,numeric_equation,ab_cd_multiplication_ab_cd_mul,synthetic,false,train_only
syn_ne_ab_cd_mul_len3_0032,sft_train,numeric_equation,ab_cd_multiplication_ab_cd_mul,synthetic,false,train_only
syn_ne_ab_cd_mul_len3_0033,sft_train,numeric_equation,ab_cd_multiplication_ab_cd_mul,synthetic,false,train_only
syn_ne_ab_cd_mul_len3_0034,sft_train,numeric_equation,ab_cd_multiplication_ab_cd_mul,synthetic,false,train_only
syn_ne_ab_cd_mul_len3_0035,sft_train,numeric_equation,ab_cd_multiplication_ab_cd_mul,synthetic,false,train_only
syn_ne_ab_cd_mul_len3_0036,sft_train,numeric_equation,ab_cd_multiplication_ab_cd_mul,synthetic,false,train_only
syn_ne_ab_cd_mul_len3_0037,sft_train,numeric_equation,ab_cd_multiplication_ab_cd_mul,synthetic,false,train_only
syn_ne_ab_cd_mul_len3_0038,sft_train,numeric_equation,ab_cd_multiplication_ab_cd_mul,synthetic,false,train_only
syn_ne_ab_cd_mul_len3_0039,sft_train,numeric_equation,ab_cd_multiplication_ab_cd_mul,synthetic,false,train_only
syn_ne_ab_cd_mul_len3_0040,sft_train,numeric_equation,ab_cd_multiplication_ab_cd_mul,synthetic,false,train_only
syn_ne_ab_cd_mul_len3_0041,sft_train,numeric_equation,ab_cd_multiplication_ab_cd_mul,synthetic,false,train_only
syn_ne_ab_cd_mul_len3_0042,sft_train,numeric_equation,ab_cd_multiplication_ab_cd_mul,synthetic,false,train_only
syn_ne_ab_cd_mul_len4_0001,sft_train,numeric_equation,ab_cd_multiplication_ab_cd_mul,synthetic,false,train_only
syn_ne_ab_cd_mul_len4_0002,sft_train,numeric_equation,ab_cd_multiplication_ab_cd_mul,synthetic,false,train_only
syn_ne_ab_cd_mul_len4_0003,sft_train,numeric_equation,ab_cd_multiplication_ab_cd_mul,synthetic,false,train_only
syn_ne_ab_cd_mul_len4_0004,sft_train,numeric_equation,ab_cd_multiplication_ab_cd_mul,synthetic,false,train_only
syn_ne_ab_cd_mul_len4_0005,sft_train,numeric_equation,ab_cd_multiplication_ab_cd_mul,synthetic,false,train_only
syn_ne_ab_cd_mul_len4_0006,sft_train,numeric_equation,ab_cd_multiplication_ab_cd_mul,synthetic,false,train_only
syn_ne_ab_cd_mul_len4_0007,sft_train,numeric_equation,ab_cd_multiplication_ab_cd_mul,synthetic,false,train_only
syn_ne_ab_cd_mul_len4_0008,sft_train,numeric_equation,ab_cd_multiplication_ab_cd_mul,synthetic,false,train_only
syn_ne_ab_cd_mul_len4_0009,sft_train,numeric_equation,ab_cd_multiplication_ab_cd_mul,synthetic,false,train_only
syn_ne_ab_cd_mul_len4_0010,sft_train,numeric_equation,ab_cd_multiplication_ab_cd_mul,synthetic,false,train_only
syn_ne_ab_cd_mul_len4_0011,sft_train,numeric_equation,ab_cd_multiplication_ab_cd_mul,synthetic,false,train_only
syn_ne_ab_cd_mul_len4_0012,sft_train,numeric_equation,ab_cd_multiplication_ab_cd_mul,synthetic,false,train_only
syn_ne_ab_cd_mul_len4_0013,sft_train,numeric_equation,ab_cd_multiplication_ab_cd_mul,synthetic,false,train_only
syn_ne_ab_cd_mul_len4_0014,sft_train,numeric_equation,ab_cd_multiplication_ab_cd_mul,synthetic,false,train_only
syn_ne_ab_cd_mul_len4_0015,sft_train,numeric_equation,ab_cd_multiplication_ab_cd_mul,synthetic,false,train_only
syn_ne_ab_cd_mul_len4_0016,sft_train,numeric_equation,ab_cd_multiplication_ab_cd_mul,synthetic,false,train_only
syn_ne_ab_cd_mul_len4_0017,sft_train,numeric_equation,ab_cd_multiplication_ab_cd_mul,synthetic,false,train_only
syn_ne_ab_cd_mul_len4_0018,sft_train,numeric_equation,ab_cd_multiplication_ab_cd_mul,synthetic,false,train_only
syn_ne_ab_cd_mul_len4_0019,sft_train,numeric_equation,ab_cd_multiplication_ab_cd_mul,synthetic,false,train_only
syn_ne_ab_cd_mul_len4_0020,sft_train,numeric_equation,ab_cd_multiplication_ab_cd_mul,synthetic,false,train_only
syn_ne_ab_cd_mul_len4_0021,sft_train,numeric_equation,ab_cd_multiplication_ab_cd_mul,synthetic,false,train_only
syn_ne_ab_cd_mul_len4_0022,sft_train,numeric_equation,ab_cd_multiplication_ab_cd_mul,synthetic,false,train_only
syn_ne_ab_cd_mul_len4_0023,sft_train,numeric_equation,ab_cd_multiplication_ab_cd_mul,synthetic,false,train_only
syn_ne_ab_cd_mul_len4_0024,sft_train,numeric_equation,ab_cd_multiplication_ab_cd_mul,synthetic,false,train_only
syn_ne_ab_cd_mul_len4_0025,sft_train,numeric_equation,ab_cd_multiplication_ab_cd_mul,synthetic,false,train_only
syn_ne_ab_cd_mul_len4_0026,sft_train,numeric_equation,ab_cd_multiplication_ab_cd_mul,synthetic,false,train_only
syn_ne_ab_cd_mul_len4_0027,sft_train,numeric_equation,ab_cd_multiplication_ab_cd_mul,synthetic,false,train_only
syn_ne_ab_cd_mul_len4_0028,sft_train,numeric_equation,ab_cd_multiplication_ab_cd_mul,synthetic,false,train_only
syn_ne_ab_cd_mul_len4_0029,sft_train,numeric_equation,ab_cd_multiplication_ab_cd_mul,synthetic,false,train_only
syn_ne_ab_cd_mul_len4_0030,sft_train,numeric_equation,ab_cd_multiplication_ab_cd_mul,synthetic,false,train_only
syn_ne_ab_cd_mul_len4_0031,sft_train,numeric_equation,ab_cd_multiplication_ab_cd_mul,synthetic,false,train_only
syn_ne_ab_cd_mul_len4_0032,sft_train,numeric_equation,ab_cd_multiplication_ab_cd_mul,synthetic,false,train_only
syn_ne_ab_cd_mul_len4_0033,sft_train,numeric_equation,ab_cd_multiplication_ab_cd_mul,synthetic,false,train_only
syn_ne_ab_cd_mul_len4_0034,sft_train,numeric_equation,ab_cd_multiplication_ab_cd_mul,synthetic,false,train_only
syn_ne_ab_cd_mul_len4_0035,sft_train,numeric_equation,ab_cd_multiplication_ab_cd_mul,synthetic,false,train_only
syn_ne_ab_cd_mul_len4_0036,sft_train,numeric_equation,ab_cd_multiplication_ab_cd_mul,synthetic,false,train_only
syn_ne_ab_cd_mul_len4_0037,sft_train,numeric_equation,ab_cd_multiplication_ab_cd_mul,synthetic,false,train_only
syn_ne_ab_cd_mul_len4_0038,sft_train,numeric_equation,ab_cd_multiplication_ab_cd_mul,synthetic,false,train_only
syn_ne_ab_cd_mul_len4_0039,sft_train,numeric_equation,ab_cd_multiplication_ab_cd_mul,synthetic,false,train_only
syn_ne_ab_cd_mul_len4_0040,sft_train,numeric_equation,ab_cd_multiplication_ab_cd_mul,synthetic,false,train_only
syn_ne_ab_cd_mul_len4_0041,sft_train,numeric_equation,ab_cd_multiplication_ab_cd_mul,synthetic,false,train_only
syn_ne_ab_cd_mul_len4_0042,sft_train,numeric_equation,ab_cd_multiplication_ab_cd_mul,synthetic,false,train_only
syn_ne_ab_cd_mul_minus1_len3_0001,sft_train,numeric_equation,ab_cd_multiplication_ab_cd_mul_minus1,synthetic,false,train_only
syn_ne_ab_cd_mul_minus1_len3_0002,sft_train,numeric_equation,ab_cd_multiplication_ab_cd_mul_minus1,synthetic,false,train_only
syn_ne_ab_cd_mul_minus1_len3_0003,sft_train,numeric_equation,ab_cd_multiplication_ab_cd_mul_minus1,synthetic,false,train_only
syn_ne_ab_cd_mul_minus1_len3_0004,sft_train,numeric_equation,ab_cd_multiplication_ab_cd_mul_minus1,synthetic,false,train_only
syn_ne_ab_cd_mul_minus1_len3_0005,sft_train,numeric_equation,ab_cd_multiplication_ab_cd_mul_minus1,synthetic,false,train_only
syn_ne_ab_cd_mul_minus1_len3_0006,sft_train,numeric_equation,ab_cd_multiplication_ab_cd_mul_minus1,synthetic,false,train_only
syn_ne_ab_cd_mul_minus1_len3_0007,sft_train,numeric_equation,ab_cd_multiplication_ab_cd_mul_minus1,synthetic,false,train_only
syn_ne_ab_cd_mul_minus1_len3_0008,sft_train,numeric_equation,ab_cd_multiplication_ab_cd_mul_minus1,synthetic,false,train_only
syn_ne_ab_cd_mul_minus1_len3_0009,sft_train,numeric_equation,ab_cd_multiplication_ab_cd_mul_minus1,synthetic,false,train_only
syn_ne_ab_cd_mul_minus1_len3_0010,sft_train,numeric_equation,ab_cd_multiplication_ab_cd_mul_minus1,synthetic,false,train_only
syn_ne_ab_cd_mul_minus1_len3_0011,sft_train,numeric_equation,ab_cd_multiplication_ab_cd_mul_minus1,synthetic,false,train_only
syn_ne_ab_cd_mul_minus1_len3_0012,sft_train,numeric_equation,ab_cd_multiplication_ab_cd_mul_minus1,synthetic,false,train_only
syn_ne_ab_cd_mul_minus1_len3_0013,sft_train,numeric_equation,ab_cd_multiplication_ab_cd_mul_minus1,synthetic,false,train_only
syn_ne_ab_cd_mul_minus1_len3_0014,sft_train,numeric_equation,ab_cd_multiplication_ab_cd_mul_minus1,synthetic,false,train_only
syn_ne_ab_cd_mul_minus1_len3_0015,sft_train,numeric_equation,ab_cd_multiplication_ab_cd_mul_minus1,synthetic,false,train_only
syn_ne_ab_cd_mul_minus1_len3_0016,sft_train,numeric_equation,ab_cd_multiplication_ab_cd_mul_minus1,synthetic,false,train_only
syn_ne_ab_cd_mul_minus1_len3_0017,sft_train,numeric_equation,ab_cd_multiplication_ab_cd_mul_minus1,synthetic,false,train_only
syn_ne_ab_cd_mul_minus1_len3_0018,sft_train,numeric_equation,ab_cd_multiplication_ab_cd_mul_minus1,synthetic,false,train_only
syn_ne_ab_cd_mul_minus1_len3_0019,sft_train,numeric_equation,ab_cd_multiplication_ab_cd_mul_minus1,synthetic,false,train_only
syn_ne_ab_cd_mul_minus1_len3_0020,sft_train,numeric_equation,ab_cd_multiplication_ab_cd_mul_minus1,synthetic,false,train_only
syn_ne_ab_cd_mul_minus1_len3_0021,sft_train,numeric_equation,ab_cd_multiplication_ab_cd_mul_minus1,synthetic,false,train_only
syn_ne_ab_cd_mul_minus1_len3_0022,sft_train,numeric_equation,ab_cd_multiplication_ab_cd_mul_minus1,synthetic,false,train_only
syn_ne_ab_cd_mul_minus1_len3_0023,sft_train,numeric_equation,ab_cd_multiplication_ab_cd_mul_minus1,synthetic,false,train_only
syn_ne_ab_cd_mul_minus1_len3_0024,sft_train,numeric_equation,ab_cd_multiplication_ab_cd_mul_minus1,synthetic,false,train_only
syn_ne_ab_cd_mul_minus1_len3_0025,sft_train,numeric_equation,ab_cd_multiplication_ab_cd_mul_minus1,synthetic,false,train_only
syn_ne_ab_cd_mul_minus1_len3_0026,sft_train,numeric_equation,ab_cd_multiplication_ab_cd_mul_minus1,synthetic,false,train_only
syn_ne_ab_cd_mul_minus1_len3_0027,sft_train,numeric_equation,ab_cd_multiplication_ab_cd_mul_minus1,synthetic,false,train_only
syn_ne_ab_cd_mul_minus1_len3_0028,sft_train,numeric_equation,ab_cd_multiplication_ab_cd_mul_minus1,synthetic,false,train_only
syn_ne_ab_cd_mul_minus1_len3_0029,sft_train,numeric_equation,ab_cd_multiplication_ab_cd_mul_minus1,synthetic,false,train_only
syn_ne_ab_cd_mul_minus1_len3_0030,sft_train,numeric_equation,ab_cd_multiplication_ab_cd_mul_minus1,synthetic,false,train_only
syn_ne_ab_cd_mul_minus1_len4_0001,sft_train,numeric_equation,ab_cd_multiplication_ab_cd_mul_minus1,synthetic,false,train_only
syn_ne_ab_cd_mul_minus1_len4_0002,sft_train,numeric_equation,ab_cd_multiplication_ab_cd_mul_minus1,synthetic,false,train_only
syn_ne_ab_cd_mul_minus1_len4_0003,sft_train,numeric_equation,ab_cd_multiplication_ab_cd_mul_minus1,synthetic,false,train_only
syn_ne_ab_cd_mul_minus1_len4_0004,sft_train,numeric_equation,ab_cd_multiplication_ab_cd_mul_minus1,synthetic,false,train_only
syn_ne_ab_cd_mul_minus1_len4_0005,sft_train,numeric_equation,ab_cd_multiplication_ab_cd_mul_minus1,synthetic,false,train_only
syn_ne_ab_cd_mul_minus1_len4_0006,sft_train,numeric_equation,ab_cd_multiplication_ab_cd_mul_minus1,synthetic,false,train_only
syn_ne_ab_cd_mul_minus1_len4_0007,sft_train,numeric_equation,ab_cd_multiplication_ab_cd_mul_minus1,synthetic,false,train_only
syn_ne_ab_cd_mul_minus1_len4_0008,sft_train,numeric_equation,ab_cd_multiplication_ab_cd_mul_minus1,synthetic,false,train_only
syn_ne_ab_cd_mul_minus1_len4_0009,sft_train,numeric_equation,ab_cd_multiplication_ab_cd_mul_minus1,synthetic,false,train_only
syn_ne_ab_cd_mul_minus1_len4_0010,sft_train,numeric_equation,ab_cd_multiplication_ab_cd_mul_minus1,synthetic,false,train_only
syn_ne_ab_cd_mul_minus1_len4_0011,sft_train,numeric_equation,ab_cd_multiplication_ab_cd_mul_minus1,synthetic,false,train_only
syn_ne_ab_cd_mul_minus1_len4_0012,sft_train,numeric_equation,ab_cd_multiplication_ab_cd_mul_minus1,synthetic,false,train_only
syn_ne_ab_cd_mul_minus1_len4_0013,sft_train,numeric_equation,ab_cd_multiplication_ab_cd_mul_minus1,synthetic,false,train_only
syn_ne_ab_cd_mul_minus1_len4_0014,sft_train,numeric_equation,ab_cd_multiplication_ab_cd_mul_minus1,synthetic,false,train_only
syn_ne_ab_cd_mul_minus1_len4_0015,sft_train,numeric_equation,ab_cd_multiplication_ab_cd_mul_minus1,synthetic,false,train_only
syn_ne_ab_cd_mul_minus1_len4_0016,sft_train,numeric_equation,ab_cd_multiplication_ab_cd_mul_minus1,synthetic,false,train_only
syn_ne_ab_cd_mul_minus1_len4_0017,sft_train,numeric_equation,ab_cd_multiplication_ab_cd_mul_minus1,synthetic,false,train_only
syn_ne_ab_cd_mul_minus1_len4_0018,sft_train,numeric_equation,ab_cd_multiplication_ab_cd_mul_minus1,synthetic,false,train_only
syn_ne_ab_cd_mul_minus1_len4_0019,sft_train,numeric_equation,ab_cd_multiplication_ab_cd_mul_minus1,synthetic,false,train_only
syn_ne_ab_cd_mul_minus1_len4_0020,sft_train,numeric_equation,ab_cd_multiplication_ab_cd_mul_minus1,synthetic,false,train_only
syn_ne_ab_cd_mul_minus1_len4_0021,sft_train,numeric_equation,ab_cd_multiplication_ab_cd_mul_minus1,synthetic,false,train_only
syn_ne_ab_cd_mul_minus1_len4_0022,sft_train,numeric_equation,ab_cd_multiplication_ab_cd_mul_minus1,synthetic,false,train_only
syn_ne_ab_cd_mul_minus1_len4_0023,sft_train,numeric_equation,ab_cd_multiplication_ab_cd_mul_minus1,synthetic,false,train_only
syn_ne_ab_cd_mul_minus1_len4_0024,sft_train,numeric_equation,ab_cd_multiplication_ab_cd_mul_minus1,synthetic,false,train_only
syn_ne_ab_cd_mul_minus1_len4_0025,sft_train,numeric_equation,ab_cd_multiplication_ab_cd_mul_minus1,synthetic,false,train_only
syn_ne_ab_cd_mul_minus1_len4_0026,sft_train,numeric_equation,ab_cd_multiplication_ab_cd_mul_minus1,synthetic,false,train_only
syn_ne_ab_cd_mul_minus1_len4_0027,sft_train,numeric_equation,ab_cd_multiplication_ab_cd_mul_minus1,synthetic,false,train_only
syn_ne_ab_cd_mul_minus1_len4_0028,sft_train,numeric_equation,ab_cd_multiplication_ab_cd_mul_minus1,synthetic,false,train_only
syn_ne_ab_cd_mul_minus1_len4_0029,sft_train,numeric_equation,ab_cd_multiplication_ab_cd_mul_minus1,synthetic,false,train_only
syn_ne_ab_cd_mul_minus1_len4_0030,sft_train,numeric_equation,ab_cd_multiplication_ab_cd_mul_minus1,synthetic,false,train_only
syn_ne_ab_cd_mul_plus1_len3_0001,sft_train,numeric_equation,ab_cd_multiplication_ab_cd_mul_plus1,synthetic,false,train_only
syn_ne_ab_cd_mul_plus1_len3_0002,sft_train,numeric_equation,ab_cd_multiplication_ab_cd_mul_plus1,synthetic,false,train_only
syn_ne_ab_cd_mul_plus1_len3_0003,sft_train,numeric_equation,ab_cd_multiplication_ab_cd_mul_plus1,synthetic,false,train_only
syn_ne_ab_cd_mul_plus1_len3_0004,sft_train,numeric_equation,ab_cd_multiplication_ab_cd_mul_plus1,synthetic,false,train_only
syn_ne_ab_cd_mul_plus1_len3_0005,sft_train,numeric_equation,ab_cd_multiplication_ab_cd_mul_plus1,synthetic,false,train_only
syn_ne_ab_cd_mul_plus1_len3_0006,sft_train,numeric_equation,ab_cd_multiplication_ab_cd_mul_plus1,synthetic,false,train_only
syn_ne_ab_cd_mul_plus1_len3_0007,sft_train,numeric_equation,ab_cd_multiplication_ab_cd_mul_plus1,synthetic,false,train_only
syn_ne_ab_cd_mul_plus1_len3_0008,sft_train,numeric_equation,ab_cd_multiplication_ab_cd_mul_plus1,synthetic,false,train_only
syn_ne_ab_cd_mul_plus1_len3_0009,sft_train,numeric_equation,ab_cd_multiplication_ab_cd_mul_plus1,synthetic,false,train_only
syn_ne_ab_cd_mul_plus1_len3_0010,sft_train,numeric_equation,ab_cd_multiplication_ab_cd_mul_plus1,synthetic,false,train_only
syn_ne_ab_cd_mul_plus1_len3_0011,sft_train,numeric_equation,ab_cd_multiplication_ab_cd_mul_plus1,synthetic,false,train_only
syn_ne_ab_cd_mul_plus1_len3_0012,sft_train,numeric_equation,ab_cd_multiplication_ab_cd_mul_plus1,synthetic,false,train_only
syn_ne_ab_cd_mul_plus1_len3_0013,sft_train,numeric_equation,ab_cd_multiplication_ab_cd_mul_plus1,synthetic,false,train_only
syn_ne_ab_cd_mul_plus1_len3_0014,sft_train,numeric_equation,ab_cd_multiplication_ab_cd_mul_plus1,synthetic,false,train_only
syn_ne_ab_cd_mul_plus1_len3_0015,sft_train,numeric_equation,ab_cd_multiplication_ab_cd_mul_plus1,synthetic,false,train_only
syn_ne_ab_cd_mul_plus1_len3_0016,sft_train,numeric_equation,ab_cd_multiplication_ab_cd_mul_plus1,synthetic,false,train_only
syn_ne_ab_cd_mul_plus1_len3_0017,sft_train,numeric_equation,ab_cd_multiplication_ab_cd_mul_plus1,synthetic,false,train_only
syn_ne_ab_cd_mul_plus1_len3_0018,sft_train,numeric_equation,ab_cd_multiplication_ab_cd_mul_plus1,synthetic,false,train_only
syn_ne_ab_cd_mul_plus1_len3_0019,sft_train,numeric_equation,ab_cd_multiplication_ab_cd_mul_plus1,synthetic,false,train_only
syn_ne_ab_cd_mul_plus1_len3_0020,sft_train,numeric_equation,ab_cd_multiplication_ab_cd_mul_plus1,synthetic,false,train_only
syn_ne_ab_cd_mul_plus1_len3_0021,sft_train,numeric_equation,ab_cd_multiplication_ab_cd_mul_plus1,synthetic,false,train_only
syn_ne_ab_cd_mul_plus1_len3_0022,sft_train,numeric_equation,ab_cd_multiplication_ab_cd_mul_plus1,synthetic,false,train_only
syn_ne_ab_cd_mul_plus1_len3_0023,sft_train,numeric_equation,ab_cd_multiplication_ab_cd_mul_plus1,synthetic,false,train_only
syn_ne_ab_cd_mul_plus1_len3_0024,sft_train,numeric_equation,ab_cd_multiplication_ab_cd_mul_plus1,synthetic,false,train_only
syn_ne_ab_cd_mul_plus1_len3_0025,sft_train,numeric_equation,ab_cd_multiplication_ab_cd_mul_plus1,synthetic,false,train_only
syn_ne_ab_cd_mul_plus1_len3_0026,sft_train,numeric_equation,ab_cd_multiplication_ab_cd_mul_plus1,synthetic,false,train_only
syn_ne_ab_cd_mul_plus1_len3_0027,sft_train,numeric_equation,ab_cd_multiplication_ab_cd_mul_plus1,synthetic,false,train_only
syn_ne_ab_cd_mul_plus1_len3_0028,sft_train,numeric_equation,ab_cd_multiplication_ab_cd_mul_plus1,synthetic,false,train_only
syn_ne_ab_cd_mul_plus1_len3_0029,sft_train,numeric_equation,ab_cd_multiplication_ab_cd_mul_plus1,synthetic,false,train_only
syn_ne_ab_cd_mul_plus1_len3_0030,sft_train,numeric_equation,ab_cd_multiplication_ab_cd_mul_plus1,synthetic,false,train_only
syn_ne_ab_cd_mul_plus1_len3_0031,sft_train,numeric_equation,ab_cd_multiplication_ab_cd_mul_plus1,synthetic,false,train_only
syn_ne_ab_cd_mul_plus1_len3_0032,sft_train,numeric_equation,ab_cd_multiplication_ab_cd_mul_plus1,synthetic,false,train_only
syn_ne_ab_cd_mul_plus1_len4_0001,sft_train,numeric_equation,ab_cd_multiplication_ab_cd_mul_plus1,synthetic,false,train_only
syn_ne_ab_cd_mul_plus1_len4_0002,sft_train,numeric_equation,ab_cd_multiplication_ab_cd_mul_plus1,synthetic,false,train_only
syn_ne_ab_cd_mul_plus1_len4_0003,sft_train,numeric_equation,ab_cd_multiplication_ab_cd_mul_plus1,synthetic,false,train_only
syn_ne_ab_cd_mul_plus1_len4_0004,sft_train,numeric_equation,ab_cd_multiplication_ab_cd_mul_plus1,synthetic,false,train_only
syn_ne_ab_cd_mul_plus1_len4_0005,sft_train,numeric_equation,ab_cd_multiplication_ab_cd_mul_plus1,synthetic,false,train_only
syn_ne_ab_cd_mul_plus1_len4_0006,sft_train,numeric_equation,ab_cd_multiplication_ab_cd_mul_plus1,synthetic,false,train_only
syn_ne_ab_cd_mul_plus1_len4_0007,sft_train,numeric_equation,ab_cd_multiplication_ab_cd_mul_plus1,synthetic,false,train_only
syn_ne_ab_cd_mul_plus1_len4_0008,sft_train,numeric_equation,ab_cd_multiplication_ab_cd_mul_plus1,synthetic,false,train_only
syn_ne_ab_cd_mul_plus1_len4_0009,sft_train,numeric_equation,ab_cd_multiplication_ab_cd_mul_plus1,synthetic,false,train_only
syn_ne_ab_cd_mul_plus1_len4_0010,sft_train,numeric_equation,ab_cd_multiplication_ab_cd_mul_plus1,synthetic,false,train_only
syn_ne_ab_cd_mul_plus1_len4_0011,sft_train,numeric_equation,ab_cd_multiplication_ab_cd_mul_plus1,synthetic,false,train_only
syn_ne_ab_cd_mul_plus1_len4_0012,sft_train,numeric_equation,ab_cd_multiplication_ab_cd_mul_plus1,synthetic,false,train_only
syn_ne_ab_cd_mul_plus1_len4_0013,sft_train,numeric_equation,ab_cd_multiplication_ab_cd_mul_plus1,synthetic,false,train_only
syn_ne_ab_cd_mul_plus1_len4_0014,sft_train,numeric_equation,ab_cd_multiplication_ab_cd_mul_plus1,synthetic,false,train_only
syn_ne_ab_cd_mul_plus1_len4_0015,sft_train,numeric_equation,ab_cd_multiplication_ab_cd_mul_plus1,synthetic,false,train_only
syn_ne_ab_cd_mul_plus1_len4_0016,sft_train,numeric_equation,ab_cd_multiplication_ab_cd_mul_plus1,synthetic,false,train_only
syn_ne_ab_cd_mul_plus1_len4_0017,sft_train,numeric_equation,ab_cd_multiplication_ab_cd_mul_plus1,synthetic,false,train_only
syn_ne_ab_cd_mul_plus1_len4_0018,sft_train,numeric_equation,ab_cd_multiplication_ab_cd_mul_plus1,synthetic,false,train_only
syn_ne_ab_cd_mul_plus1_len4_0019,sft_train,numeric_equation,ab_cd_multiplication_ab_cd_mul_plus1,synthetic,false,train_only
syn_ne_ab_cd_mul_plus1_len4_0020,sft_train,numeric_equation,ab_cd_multiplication_ab_cd_mul_plus1,synthetic,false,train_only
syn_ne_ab_cd_mul_plus1_len4_0021,sft_train,numeric_equation,ab_cd_multiplication_ab_cd_mul_plus1,synthetic,false,train_only
syn_ne_ab_cd_mul_plus1_len4_0022,sft_train,numeric_equation,ab_cd_multiplication_ab_cd_mul_plus1,synthetic,false,train_only
syn_ne_ab_cd_mul_plus1_len4_0023,sft_train,numeric_equation,ab_cd_multiplication_ab_cd_mul_plus1,synthetic,false,train_only
syn_ne_ab_cd_mul_plus1_len4_0024,sft_train,numeric_equation,ab_cd_multiplication_ab_cd_mul_plus1,synthetic,false,train_only
syn_ne_ab_cd_mul_plus1_len4_0025,sft_train,numeric_equation,ab_cd_multiplication_ab_cd_mul_plus1,synthetic,false,train_only
syn_ne_ab_cd_mul_plus1_len4_0026,sft_train,numeric_equation,ab_cd_multiplication_ab_cd_mul_plus1,synthetic,false,train_only
syn_ne_ab_cd_mul_plus1_len4_0027,sft_train,numeric_equation,ab_cd_multiplication_ab_cd_mul_plus1,synthetic,false,train_only
syn_ne_ab_cd_mul_plus1_len4_0028,sft_train,numeric_equation,ab_cd_multiplication_ab_cd_mul_plus1,synthetic,false,train_only
syn_ne_ab_cd_mul_plus1_len4_0029,sft_train,numeric_equation,ab_cd_multiplication_ab_cd_mul_plus1,synthetic,false,train_only
syn_ne_ab_cd_mul_plus1_len4_0030,sft_train,numeric_equation,ab_cd_multiplication_ab_cd_mul_plus1,synthetic,false,train_only
syn_ne_ab_cd_mul_plus1_len4_0031,sft_train,numeric_equation,ab_cd_multiplication_ab_cd_mul_plus1,synthetic,false,train_only
syn_ne_ab_cd_mul_plus1_len4_0032,sft_train,numeric_equation,ab_cd_multiplication_ab_cd_mul_plus1,synthetic,false,train_only
syn_ne_ab_cd_sub_abs_len1_0001,sft_train,numeric_equation,ab_cd_subtraction_ab_cd_len1,synthetic,false,train_only
syn_ne_ab_cd_sub_abs_len1_0002,sft_train,numeric_equation,ab_cd_subtraction_ab_cd_len1,synthetic,false,train_only
syn_ne_ab_cd_sub_abs_len1_0003,sft_train,numeric_equation,ab_cd_subtraction_ab_cd_len1,synthetic,false,train_only
syn_ne_ab_cd_sub_abs_len1_0004,sft_train,numeric_equation,ab_cd_subtraction_ab_cd_len1,synthetic,false,train_only
syn_ne_ab_cd_sub_abs_len1_0005,sft_train,numeric_equation,ab_cd_subtraction_ab_cd_len1,synthetic,false,train_only
syn_ne_ab_cd_sub_abs_len1_0006,sft_train,numeric_equation,ab_cd_subtraction_ab_cd_len1,synthetic,false,train_only
syn_ne_ab_cd_sub_abs_len1_0007,sft_train,numeric_equation,ab_cd_subtraction_ab_cd_len1,synthetic,false,train_only
syn_ne_ab_cd_sub_abs_len1_0008,sft_train,numeric_equation,ab_cd_subtraction_ab_cd_len1,synthetic,false,train_only
syn_ne_ab_cd_sub_abs_len1_0009,sft_train,numeric_equation,ab_cd_subtraction_ab_cd_len1,synthetic,false,train_only
syn_ne_ab_cd_sub_abs_len1_0010,sft_train,numeric_equation,ab_cd_subtraction_ab_cd_len1,synthetic,false,train_only
syn_ne_ab_cd_sub_abs_len1_0011,sft_train,numeric_equation,ab_cd_subtraction_ab_cd_len1,synthetic,false,train_only
syn_ne_ab_cd_sub_abs_len1_0012,sft_train,numeric_equation,ab_cd_subtraction_ab_cd_len1,synthetic,false,train_only
syn_ne_ab_cd_sub_abs_len1_0013,sft_train,numeric_equation,ab_cd_subtraction_ab_cd_len1,synthetic,false,train_only
syn_ne_ab_cd_sub_abs_len2_0001,sft_train,numeric_equation,ab_cd_subtraction_ab_cd_len2,synthetic,false,train_only
syn_ne_ab_cd_sub_abs_len2_0002,sft_train,numeric_equation,ab_cd_subtraction_ab_cd_len2,synthetic,false,train_only
syn_ne_ab_cd_sub_abs_len2_0003,sft_train,numeric_equation,ab_cd_subtraction_ab_cd_len2,synthetic,false,train_only
syn_ne_ab_cd_sub_abs_len2_0004,sft_train,numeric_equation,ab_cd_subtraction_ab_cd_len2,synthetic,false,train_only
syn_ne_ab_cd_sub_abs_len2_0005,sft_train,numeric_equation,ab_cd_subtraction_ab_cd_len2,synthetic,false,train_only
syn_ne_ab_cd_sub_abs_len2_0006,sft_train,numeric_equation,ab_cd_subtraction_ab_cd_len2,synthetic,false,train_only
syn_ne_ab_cd_sub_abs_len2_0007,sft_train,numeric_equation,ab_cd_subtraction_ab_cd_len2,synthetic,false,train_only
syn_ne_ab_cd_sub_abs_len2_0008,sft_train,numeric_equation,ab_cd_subtraction_ab_cd_len2,synthetic,false,train_only
syn_ne_ab_cd_sub_abs_len2_0009,sft_train,numeric_equation,ab_cd_subtraction_ab_cd_len2,synthetic,false,train_only
syn_ne_ab_cd_sub_abs_len2_0010,sft_train,numeric_equation,ab_cd_subtraction_ab_cd_len2,synthetic,false,train_only
syn_ne_ab_cd_sub_abs_len2_0011,sft_train,numeric_equation,ab_cd_subtraction_ab_cd_len2,synthetic,false,train_only
syn_ne_ab_cd_sub_abs_len2_0012,sft_train,numeric_equation,ab_cd_subtraction_ab_cd_len2,synthetic,false,train_only
syn_ne_ab_cd_sub_abs_len2_0013,sft_train,numeric_equation,ab_cd_subtraction_ab_cd_len2,synthetic,false,train_only
syn_ne_ab_cd_sub_abs_len2_0014,sft_train,numeric_equation,ab_cd_subtraction_ab_cd_len2,synthetic,false,train_only
syn_ne_ab_cd_sub_abs_len2_0015,sft_train,numeric_equation,ab_cd_subtraction_ab_cd_len2,synthetic,false,train_only
syn_ne_ab_cd_sub_abs_len2_0016,sft_train,numeric_equation,ab_cd_subtraction_ab_cd_len2,synthetic,false,train_only
syn_ne_ab_cd_sub_abs_len2_0017,sft_train,numeric_equation,ab_cd_subtraction_ab_cd_len2,synthetic,false,train_only
syn_ne_ab_cd_sub_abs_len2_0018,sft_train,numeric_equation,ab_cd_subtraction_ab_cd_len2,synthetic,false,train_only
syn_ne_ab_cd_sub_abs_len2_0019,sft_train,numeric_equation,ab_cd_subtraction_ab_cd_len2,synthetic,false,train_only
syn_ne_ab_cd_sub_abs_len2_0020,sft_train,numeric_equation,ab_cd_subtraction_ab_cd_len2,synthetic,false,train_only
syn_ne_ab_cd_sub_abs_len2_0021,sft_train,numeric_equation,ab_cd_subtraction_ab_cd_len2,synthetic,false,train_only
syn_ne_ab_cd_sub_abs_len2_0022,sft_train,numeric_equation,ab_cd_subtraction_ab_cd_len2,synthetic,false,train_only
syn_ne_ab_cd_sub_abs_len2_0023,sft_train,numeric_equation,ab_cd_subtraction_ab_cd_len2,synthetic,false,train_only
syn_ne_ab_cd_sub_abs_len2_0024,sft_train,numeric_equation,ab_cd_subtraction_ab_cd_len2,synthetic,false,train_only
syn_ne_ab_cd_sub_abs_len2_0025,sft_train,numeric_equation,ab_cd_subtraction_ab_cd_len2,synthetic,false,train_only
syn_ne_ab_cd_sub_abs_len2_0026,sft_train,numeric_equation,ab_cd_subtraction_ab_cd_len2,synthetic,false,train_only
syn_ne_ab_cd_sub_abs_mix_0001,sft_train,numeric_equation,ab_cd_subtraction_ab_cd_mix,synthetic,false,train_only
syn_ne_ab_cd_sub_abs_mix_0002,sft_train,numeric_equation,ab_cd_subtraction_ab_cd_mix,synthetic,false,train_only
syn_ne_ab_cd_sub_abs_mix_0003,sft_train,numeric_equation,ab_cd_subtraction_ab_cd_mix,synthetic,false,train_only
syn_ne_ab_cd_sub_abs_mix_0004,sft_train,numeric_equation,ab_cd_subtraction_ab_cd_mix,synthetic,false,train_only
syn_ne_ab_cd_sub_abs_mix_0005,sft_train,numeric_equation,ab_cd_subtraction_ab_cd_mix,synthetic,false,train_only
syn_ne_ab_cd_sub_abs_mix_0006,sft_train,numeric_equation,ab_cd_subtraction_ab_cd_mix,synthetic,false,train_only
syn_ne_ab_cd_sub_abs_mix_0007,sft_train,numeric_equation,ab_cd_subtraction_ab_cd_mix,synthetic,false,train_only
syn_ne_ab_cd_sub_abs_mix_0008,sft_train,numeric_equation,ab_cd_subtraction_ab_cd_mix,synthetic,false,train_only
syn_ne_ab_cd_sub_abs_mix_0009,sft_train,numeric_equation,ab_cd_subtraction_ab_cd_mix,synthetic,false,train_only
syn_ne_ab_cd_sub_abs_mix_0010,sft_train,numeric_equation,ab_cd_subtraction_ab_cd_mix,synthetic,false,train_only
syn_ne_ab_cd_sub_abs_mix_0011,sft_train,numeric_equation,ab_cd_subtraction_ab_cd_mix,synthetic,false,train_only
syn_ne_ab_cd_sub_abs_mix_0012,sft_train,numeric_equation,ab_cd_subtraction_ab_cd_mix,synthetic,false,train_only
syn_ne_ab_cd_sub_abs_mix_0013,sft_train,numeric_equation,ab_cd_subtraction_ab_cd_mix,synthetic,false,train_only
syn_ne_ab_cd_sub_minmax_len2_0001,sft_train,numeric_equation,ab_cd_subtraction_ab_cd_len2,synthetic,false,train_only
syn_ne_ab_cd_sub_minmax_len2_0002,sft_train,numeric_equation,ab_cd_subtraction_ab_cd_len2,synthetic,false,train_only
syn_ne_ab_cd_sub_minmax_len2_0003,sft_train,numeric_equation,ab_cd_subtraction_ab_cd_len2,synthetic,false,train_only
syn_ne_ab_cd_sub_minmax_len2_0004,sft_train,numeric_equation,ab_cd_subtraction_ab_cd_len2,synthetic,false,train_only
syn_ne_ab_cd_sub_minmax_len2_0005,sft_train,numeric_equation,ab_cd_subtraction_ab_cd_len2,synthetic,false,train_only
syn_ne_ab_cd_sub_minmax_len2_0006,sft_train,numeric_equation,ab_cd_subtraction_ab_cd_len2,synthetic,false,train_only
syn_ne_ab_cd_sub_minmax_len2_0007,sft_train,numeric_equation,ab_cd_subtraction_ab_cd_len2,synthetic,false,train_only
syn_ne_ab_cd_sub_minmax_len2_0008,sft_train,numeric_equation,ab_cd_subtraction_ab_cd_len2,synthetic,false,train_only
syn_ne_ab_cd_sub_minmax_mix_0001,sft_train,numeric_equation,ab_cd_subtraction_ab_cd_mix,synthetic,false,train_only
syn_ne_ab_cd_sub_minmax_mix_0002,sft_train,numeric_equation,ab_cd_subtraction_ab_cd_mix,synthetic,false,train_only
syn_ne_ab_cd_sub_minmax_mix_0003,sft_train,numeric_equation,ab_cd_subtraction_ab_cd_mix,synthetic,false,train_only
syn_ne_ab_cd_sub_minmax_mix_0004,sft_train,numeric_equation,ab_cd_subtraction_ab_cd_mix,synthetic,false,train_only
syn_ne_ab_cd_sub_minmax_mix_0005,sft_train,numeric_equation,ab_cd_subtraction_ab_cd_mix,synthetic,false,train_only
syn_ne_ab_cd_sub_minmax_mix_0006,sft_train,numeric_equation,ab_cd_subtraction_ab_cd_mix,synthetic,false,train_only
syn_ne_ab_cd_sub_minmax_mix_0007,sft_train,numeric_equation,ab_cd_subtraction_ab_cd_mix,synthetic,false,train_only
syn_ne_ab_cd_sub_xminusy_len1_0001,sft_train,numeric_equation,ab_cd_subtraction_ab_cd_len1,synthetic,false,train_only
syn_ne_ab_cd_sub_xminusy_len1_0002,sft_train,numeric_equation,ab_cd_subtraction_ab_cd_len1,synthetic,false,train_only
syn_ne_ab_cd_sub_xminusy_len1_0003,sft_train,numeric_equation,ab_cd_subtraction_ab_cd_len1,synthetic,false,train_only
syn_ne_ab_cd_sub_xminusy_len1_0004,sft_train,numeric_equation,ab_cd_subtraction_ab_cd_len1,synthetic,false,train_only
syn_ne_ab_cd_sub_xminusy_len1_0005,sft_train,numeric_equation,ab_cd_subtraction_ab_cd_len1,synthetic,false,train_only
syn_ne_ab_cd_sub_xminusy_len1_0006,sft_train,numeric_equation,ab_cd_subtraction_ab_cd_len1,synthetic,false,train_only
syn_ne_ab_cd_sub_xminusy_len1_0007,sft_train,numeric_equation,ab_cd_subtraction_ab_cd_len1,synthetic,false,train_only
syn_ne_ab_cd_sub_xminusy_len1_0008,sft_train,numeric_equation,ab_cd_subtraction_ab_cd_len1,synthetic,false,train_only
syn_ne_ab_cd_sub_xminusy_len1_0009,sft_train,numeric_equation,ab_cd_subtraction_ab_cd_len1,synthetic,false,train_only
syn_ne_ab_cd_sub_xminusy_len1_0010,sft_train,numeric_equation,ab_cd_subtraction_ab_cd_len1,synthetic,false,train_only
syn_ne_ab_cd_sub_xminusy_len1_0011,sft_train,numeric_equation,ab_cd_subtraction_ab_cd_len1,synthetic,false,train_only
syn_ne_ab_cd_sub_xminusy_len1_0012,sft_train,numeric_equation,ab_cd_subtraction_ab_cd_len1,synthetic,false,train_only
syn_ne_ab_cd_sub_xminusy_len1_0013,sft_train,numeric_equation,ab_cd_subtraction_ab_cd_len1,synthetic,false,train_only
syn_ne_ab_cd_sub_xminusy_len1_0014,sft_train,numeric_equation,ab_cd_subtraction_ab_cd_len1,synthetic,false,train_only
syn_ne_ab_cd_sub_xminusy_len1_0015,sft_train,numeric_equation,ab_cd_subtraction_ab_cd_len1,synthetic,false,train_only
syn_ne_ab_cd_sub_xminusy_len1_0016,sft_train,numeric_equation,ab_cd_subtraction_ab_cd_len1,synthetic,false,train_only
syn_ne_ab_cd_sub_xminusy_len1_0017,sft_train,numeric_equation,ab_cd_subtraction_ab_cd_len1,synthetic,false,train_only
syn_ne_ab_cd_sub_xminusy_len1_0018,sft_train,numeric_equation,ab_cd_subtraction_ab_cd_len1,synthetic,false,train_only
syn_ne_ab_cd_sub_xminusy_len1_0019,sft_train,numeric_equation,ab_cd_subtraction_ab_cd_len1,synthetic,false,train_only
syn_ne_ab_cd_sub_xminusy_len1_0020,sft_train,numeric_equation,ab_cd_subtraction_ab_cd_len1,synthetic,false,train_only
syn_ne_ab_cd_sub_xminusy_len2_0001,sft_train,numeric_equation,ab_cd_subtraction_ab_cd_len2,synthetic,false,train_only
syn_ne_ab_cd_sub_xminusy_len2_0002,sft_train,numeric_equation,ab_cd_subtraction_ab_cd_len2,synthetic,false,train_only
syn_ne_ab_cd_sub_xminusy_len2_0003,sft_train,numeric_equation,ab_cd_subtraction_ab_cd_len2,synthetic,false,train_only
syn_ne_ab_cd_sub_xminusy_len2_0004,sft_train,numeric_equation,ab_cd_subtraction_ab_cd_len2,synthetic,false,train_only
syn_ne_ab_cd_sub_xminusy_len2_0005,sft_train,numeric_equation,ab_cd_subtraction_ab_cd_len2,synthetic,false,train_only
syn_ne_ab_cd_sub_xminusy_len2_0006,sft_train,numeric_equation,ab_cd_subtraction_ab_cd_len2,synthetic,false,train_only
syn_ne_ab_cd_sub_xminusy_len2_0007,sft_train,numeric_equation,ab_cd_subtraction_ab_cd_len2,synthetic,false,train_only
syn_ne_ab_cd_sub_xminusy_len2_0008,sft_train,numeric_equation,ab_cd_subtraction_ab_cd_len2,synthetic,false,train_only
syn_ne_ab_cd_sub_xminusy_len2_0009,sft_train,numeric_equation,ab_cd_subtraction_ab_cd_len2,synthetic,false,train_only
syn_ne_ab_cd_sub_xminusy_len2_0010,sft_train,numeric_equation,ab_cd_subtraction_ab_cd_len2,synthetic,false,train_only
syn_ne_ab_cd_sub_xminusy_len2_0011,sft_train,numeric_equation,ab_cd_subtraction_ab_cd_len2,synthetic,false,train_only
syn_ne_ab_cd_sub_xminusy_len2_0012,sft_train,numeric_equation,ab_cd_subtraction_ab_cd_len2,synthetic,false,train_only
syn_ne_ab_cd_sub_xminusy_len2_0013,sft_train,numeric_equation,ab_cd_subtraction_ab_cd_len2,synthetic,false,train_only
syn_ne_ab_cd_sub_xminusy_len2_0014,sft_train,numeric_equation,ab_cd_subtraction_ab_cd_len2,synthetic,false,train_only
syn_ne_ab_cd_sub_xminusy_len2_0015,sft_train,numeric_equation,ab_cd_subtraction_ab_cd_len2,synthetic,false,train_only
syn_ne_ab_cd_sub_xminusy_len2_0016,sft_train,numeric_equation,ab_cd_subtraction_ab_cd_len2,synthetic,false,train_only
syn_ne_ab_cd_sub_xminusy_len2_0017,sft_train,numeric_equation,ab_cd_subtraction_ab_cd_len2,synthetic,false,train_only
syn_ne_ab_cd_sub_xminusy_len2_0018,sft_train,numeric_equation,ab_cd_subtraction_ab_cd_len2,synthetic,false,train_only
syn_ne_ab_cd_sub_xminusy_len2_0019,sft_train,numeric_equation,ab_cd_subtraction_ab_cd_len2,synthetic,false,train_only
syn_ne_ab_cd_sub_xminusy_len2_0020,sft_train,numeric_equation,ab_cd_subtraction_ab_cd_len2,synthetic,false,train_only
syn_ne_ab_cd_sub_xminusy_len2_0021,sft_train,numeric_equation,ab_cd_subtraction_ab_cd_len2,synthetic,false,train_only
syn_ne_ab_cd_sub_xminusy_len2_0022,sft_train,numeric_equation,ab_cd_subtraction_ab_cd_len2,synthetic,false,train_only
syn_ne_ab_cd_sub_xminusy_len2_0023,sft_train,numeric_equation,ab_cd_subtraction_ab_cd_len2,synthetic,false,train_only
syn_ne_ab_cd_sub_xminusy_len2_0024,sft_train,numeric_equation,ab_cd_subtraction_ab_cd_len2,synthetic,false,train_only
syn_ne_ab_cd_sub_xminusy_len2_0025,sft_train,numeric_equation,ab_cd_subtraction_ab_cd_len2,synthetic,false,train_only
syn_ne_ab_cd_sub_xminusy_len2_0026,sft_train,numeric_equation,ab_cd_subtraction_ab_cd_len2,synthetic,false,train_only
syn_ne_ab_cd_sub_xminusy_len2_0027,sft_train,numeric_equation,ab_cd_subtraction_ab_cd_len2,synthetic,false,train_only
syn_ne_ab_cd_sub_xminusy_len2_0028,sft_train,numeric_equation,ab_cd_subtraction_ab_cd_len2,synthetic,false,train_only
syn_ne_ab_cd_sub_xminusy_len2_0029,sft_train,numeric_equation,ab_cd_subtraction_ab_cd_len2,synthetic,false,train_only
syn_ne_ab_cd_sub_xminusy_len2_0030,sft_train,numeric_equation,ab_cd_subtraction_ab_cd_len2,synthetic,false,train_only
syn_ne_ab_cd_sub_xminusy_len2_0031,sft_train,numeric_equation,ab_cd_subtraction_ab_cd_len2,synthetic,false,train_only
syn_ne_ab_cd_sub_xminusy_len2_0032,sft_train,numeric_equation,ab_cd_subtraction_ab_cd_len2,synthetic,false,train_only
syn_ne_ab_cd_sub_xminusy_len2_0033,sft_train,numeric_equation,ab_cd_subtraction_ab_cd_len2,synthetic,false,train_only
syn_ne_ab_cd_sub_xminusy_len2_0034,sft_train,numeric_equation,ab_cd_subtraction_ab_cd_len2,synthetic,false,train_only
syn_ne_ab_cd_sub_xminusy_len2_0035,sft_train,numeric_equation,ab_cd_subtraction_ab_cd_len2,synthetic,false,train_only
syn_ne_ab_cd_sub_xminusy_len2_0036,sft_train,numeric_equation,ab_cd_subtraction_ab_cd_len2,synthetic,false,train_only
syn_ne_ab_cd_sub_xminusy_len2_0037,sft_train,numeric_equation,ab_cd_subtraction_ab_cd_len2,synthetic,false,train_only
syn_ne_ab_cd_sub_xminusy_len2_0038,sft_train,numeric_equation,ab_cd_subtraction_ab_cd_len2,synthetic,false,train_only
syn_ne_ab_cd_sub_xminusy_len2_0039,sft_train,numeric_equation,ab_cd_subtraction_ab_cd_len2,synthetic,false,train_only
syn_ne_ab_cd_sub_xminusy_len2_0040,sft_train,numeric_equation,ab_cd_subtraction_ab_cd_len2,synthetic,false,train_only
syn_ne_ab_cd_sub_xminusy_len2_0041,sft_train,numeric_equation,ab_cd_subtraction_ab_cd_len2,synthetic,false,train_only
syn_ne_ab_cd_sub_xminusy_mix_0001,sft_train,numeric_equation,ab_cd_subtraction_ab_cd_mix,synthetic,false,train_only
syn_ne_ab_cd_sub_xminusy_mix_0002,sft_train,numeric_equation,ab_cd_subtraction_ab_cd_mix,synthetic,false,train_only
syn_ne_ab_cd_sub_xminusy_mix_0003,sft_train,numeric_equation,ab_cd_subtraction_ab_cd_mix,synthetic,false,train_only
syn_ne_ab_cd_sub_xminusy_mix_0004,sft_train,numeric_equation,ab_cd_subtraction_ab_cd_mix,synthetic,false,train_only
syn_ne_ab_cd_sub_xminusy_mix_0005,sft_train,numeric_equation,ab_cd_subtraction_ab_cd_mix,synthetic,false,train_only
syn_ne_ab_cd_sub_xminusy_mix_0006,sft_train,numeric_equation,ab_cd_subtraction_ab_cd_mix,synthetic,false,train_only
syn_ne_ab_cd_sub_xminusy_mix_0007,sft_train,numeric_equation,ab_cd_subtraction_ab_cd_mix,synthetic,false,train_only
syn_ne_ab_cd_sub_xminusy_mix_0008,sft_train,numeric_equation,ab_cd_subtraction_ab_cd_mix,synthetic,false,train_only
syn_ne_ab_cd_sub_xminusy_mix_0009,sft_train,numeric_equation,ab_cd_subtraction_ab_cd_mix,synthetic,false,train_only
syn_ne_ab_cd_sub_xminusy_mix_0010,sft_train,numeric_equation,ab_cd_subtraction_ab_cd_mix,synthetic,false,train_only
syn_ne_ab_cd_sub_xminusy_mix_0011,sft_train,numeric_equation,ab_cd_subtraction_ab_cd_mix,synthetic,false,train_only
syn_ne_ab_cd_sub_xminusy_mix_0012,sft_train,numeric_equation,ab_cd_subtraction_ab_cd_mix,synthetic,false,train_only
syn_ne_ab_cd_sub_xminusy_mix_0013,sft_train,numeric_equation,ab_cd_subtraction_ab_cd_mix,synthetic,false,train_only
syn_ne_ab_cd_sub_xminusy_mix_0014,sft_train,numeric_equation,ab_cd_subtraction_ab_cd_mix,synthetic,false,train_only
syn_ne_ab_cd_sub_xminusy_mix_0015,sft_train,numeric_equation,ab_cd_subtraction_ab_cd_mix,synthetic,false,train_only
syn_ne_ab_cd_sub_xminusy_mix_0016,sft_train,numeric_equation,ab_cd_subtraction_ab_cd_mix,synthetic,false,train_only
syn_ne_ab_cd_sub_xminusy_mix_0017,sft_train,numeric_equation,ab_cd_subtraction_ab_cd_mix,synthetic,false,train_only
syn_ne_ab_cd_sub_xminusy_mix_0018,sft_train,numeric_equation,ab_cd_subtraction_ab_cd_mix,synthetic,false,train_only
syn_ne_ab_cd_sub_xminusy_mix_0019,sft_train,numeric_equation,ab_cd_subtraction_ab_cd_mix,synthetic,false,train_only
syn_ne_ab_cd_sub_xminusy_mix_0020,sft_train,numeric_equation,ab_cd_subtraction_ab_cd_mix,synthetic,false,train_only
syn_ne_ab_cd_sub_yminusx_len1_0001,sft_train,numeric_equation,ab_cd_subtraction_ab_cd_len1,synthetic,false,train_only
syn_ne_ab_cd_sub_yminusx_len1_0002,sft_train,numeric_equation,ab_cd_subtraction_ab_cd_len1,synthetic,false,train_only
syn_ne_ab_cd_sub_yminusx_len1_0003,sft_train,numeric_equation,ab_cd_subtraction_ab_cd_len1,synthetic,false,train_only
syn_ne_ab_cd_sub_yminusx_len1_0004,sft_train,numeric_equation,ab_cd_subtraction_ab_cd_len1,synthetic,false,train_only
syn_ne_ab_cd_sub_yminusx_len1_0005,sft_train,numeric_equation,ab_cd_subtraction_ab_cd_len1,synthetic,false,train_only
syn_ne_ab_cd_sub_yminusx_len1_0006,sft_train,numeric_equation,ab_cd_subtraction_ab_cd_len1,synthetic,false,train_only
syn_ne_ab_cd_sub_yminusx_len1_0007,sft_train,numeric_equation,ab_cd_subtraction_ab_cd_len1,synthetic,false,train_only
syn_ne_ab_cd_sub_yminusx_len1_0008,sft_train,numeric_equation,ab_cd_subtraction_ab_cd_len1,synthetic,false,train_only
syn_ne_ab_cd_sub_yminusx_len1_0009,sft_train,numeric_equation,ab_cd_subtraction_ab_cd_len1,synthetic,false,train_only
syn_ne_ab_cd_sub_yminusx_len1_0010,sft_train,numeric_equation,ab_cd_subtraction_ab_cd_len1,synthetic,false,train_only
syn_ne_ab_cd_sub_yminusx_len1_0011,sft_train,numeric_equation,ab_cd_subtraction_ab_cd_len1,synthetic,false,train_only
syn_ne_ab_cd_sub_yminusx_len1_0012,sft_train,numeric_equation,ab_cd_subtraction_ab_cd_len1,synthetic,false,train_only
syn_ne_ab_cd_sub_yminusx_len2_0001,sft_train,numeric_equation,ab_cd_subtraction_ab_cd_len2,synthetic,false,train_only
syn_ne_ab_cd_sub_yminusx_len2_0002,sft_train,numeric_equation,ab_cd_subtraction_ab_cd_len2,synthetic,false,train_only
syn_ne_ab_cd_sub_yminusx_len2_0003,sft_train,numeric_equation,ab_cd_subtraction_ab_cd_len2,synthetic,false,train_only
syn_ne_ab_cd_sub_yminusx_len2_0004,sft_train,numeric_equation,ab_cd_subtraction_ab_cd_len2,synthetic,false,train_only
syn_ne_ab_cd_sub_yminusx_len2_0005,sft_train,numeric_equation,ab_cd_subtraction_ab_cd_len2,synthetic,false,train_only
syn_ne_ab_cd_sub_yminusx_len2_0006,sft_train,numeric_equation,ab_cd_subtraction_ab_cd_len2,synthetic,false,train_only
syn_ne_ab_cd_sub_yminusx_len2_0007,sft_train,numeric_equation,ab_cd_subtraction_ab_cd_len2,synthetic,false,train_only
syn_ne_ab_cd_sub_yminusx_len2_0008,sft_train,numeric_equation,ab_cd_subtraction_ab_cd_len2,synthetic,false,train_only
syn_ne_ab_cd_sub_yminusx_len2_0009,sft_train,numeric_equation,ab_cd_subtraction_ab_cd_len2,synthetic,false,train_only
syn_ne_ab_cd_sub_yminusx_len2_0010,sft_train,numeric_equation,ab_cd_subtraction_ab_cd_len2,synthetic,false,train_only
syn_ne_ab_cd_sub_yminusx_len2_0011,sft_train,numeric_equation,ab_cd_subtraction_ab_cd_len2,synthetic,false,train_only
syn_ne_ab_cd_sub_yminusx_mix_0001,sft_train,numeric_equation,ab_cd_subtraction_ab_cd_mix,synthetic,false,train_only
syn_ne_ab_cd_sub_yminusx_mix_0002,sft_train,numeric_equation,ab_cd_subtraction_ab_cd_mix,synthetic,false,train_only
syn_ne_ab_cd_sub_yminusx_mix_0003,sft_train,numeric_equation,ab_cd_subtraction_ab_cd_mix,synthetic,false,train_only
syn_ne_ab_cd_sub_yminusx_mix_0004,sft_train,numeric_equation,ab_cd_subtraction_ab_cd_mix,synthetic,false,train_only
syn_ne_ab_cd_sub_yminusx_mix_0005,sft_train,numeric_equation,ab_cd_subtraction_ab_cd_mix,synthetic,false,train_only
syn_ne_ba_dc_add_len2_xplusy_0008,sft_train,numeric_equation,ba_dc_addition_ba_dc_len2,synthetic,false,train_only
syn_ne_ba_dc_add_len2_xplusy_0010,sft_train,numeric_equation,ba_dc_addition_ba_dc_len2,synthetic,false,train_only
syn_ne_ba_dc_add_len2_xplusy_0011,sft_train,numeric_equation,ba_dc_addition_ba_dc_len2,synthetic,false,train_only
syn_ne_ba_dc_add_len2_xplusy_0013,sft_train,numeric_equation,ba_dc_addition_ba_dc_len2,synthetic,false,train_only
syn_ne_ba_dc_add_len2_xplusy_0017,sft_train,numeric_equation,ba_dc_addition_ba_dc_len2,synthetic,false,train_only
syn_ne_ba_dc_add_len2_xplusy_0025,sft_train,numeric_equation,ba_dc_addition_ba_dc_len2,synthetic,false,train_only
syn_ne_ba_dc_add_len2_xplusy_0026,sft_train,numeric_equation,ba_dc_addition_ba_dc_len2,synthetic,false,train_only
syn_ne_ba_dc_add_len2_xplusy_0027,sft_train,numeric_equation,ba_dc_addition_ba_dc_len2,synthetic,false,train_only
syn_ne_ba_dc_add_len2_xplusy_0028,sft_train,numeric_equation,ba_dc_addition_ba_dc_len2,synthetic,false,train_only
syn_ne_ba_dc_add_len2_xplusy_0031,sft_train,numeric_equation,ba_dc_addition_ba_dc_len2,synthetic,false,train_only
syn_ne_ba_dc_add_len2_xplusy_0033,sft_train,numeric_equation,ba_dc_addition_ba_dc_len2,synthetic,false,train_only
syn_ne_ba_dc_add_len2_xplusy_0035,sft_train,numeric_equation,ba_dc_addition_ba_dc_len2,synthetic,false,train_only
syn_ne_ba_dc_add_len2_xplusy_0036,sft_train,numeric_equation,ba_dc_addition_ba_dc_len2,synthetic,false,train_only
syn_ne_ba_dc_add_len2_xplusy_0037,sft_train,numeric_equation,ba_dc_addition_ba_dc_len2,synthetic,false,train_only
syn_ne_ba_dc_add_len2_xplusy_0040,sft_train,numeric_equation,ba_dc_addition_ba_dc_len2,synthetic,false,train_only
syn_ne_ba_dc_add_len2_xplusy_0041,sft_train,numeric_equation,ba_dc_addition_ba_dc_len2,synthetic,false,train_only
syn_ne_ba_dc_add_len2_xplusy_0043,sft_train,numeric_equation,ba_dc_addition_ba_dc_len2,synthetic,false,train_only
syn_ne_ba_dc_add_len2_xplusy_0046,sft_train,numeric_equation,ba_dc_addition_ba_dc_len2,synthetic,false,train_only
syn_ne_ba_dc_add_len2_xplusy_0047,sft_train,numeric_equation,ba_dc_addition_ba_dc_len2,synthetic,false,train_only
syn_ne_ba_dc_add_len2_xplusy_0049,sft_train,numeric_equation,ba_dc_addition_ba_dc_len2,synthetic,false,train_only
syn_ne_ba_dc_add_len2_xplusy_0054,sft_train,numeric_equation,ba_dc_addition_ba_dc_len2,synthetic,false,train_only
syn_ne_ba_dc_add_len2_xplusy_0056,sft_train,numeric_equation,ba_dc_addition_ba_dc_len2,synthetic,false,train_only
syn_ne_ba_dc_add_len2_xplusy_0059,sft_train,numeric_equation,ba_dc_addition_ba_dc_len2,synthetic,false,train_only
syn_ne_ba_dc_add_len2_xplusy_0062,sft_train,numeric_equation,ba_dc_addition_ba_dc_len2,synthetic,false,train_only
syn_ne_ba_dc_add_len2_xplusy_0064,sft_train,numeric_equation,ba_dc_addition_ba_dc_len2,synthetic,false,train_only
syn_ne_ba_dc_add_len2_xplusy_0066,sft_train,numeric_equation,ba_dc_addition_ba_dc_len2,synthetic,false,train_only
syn_ne_ba_dc_add_len2_xplusy_0067,sft_train,numeric_equation,ba_dc_addition_ba_dc_len2,synthetic,false,train_only
syn_ne_ba_dc_add_len2_xplusy_0072,sft_train,numeric_equation,ba_dc_addition_ba_dc_len2,synthetic,false,train_only
syn_ne_ba_dc_add_len2_xplusy_0073,sft_train,numeric_equation,ba_dc_addition_ba_dc_len2,synthetic,false,train_only
syn_ne_ba_dc_add_len2_xplusy_0079,sft_train,numeric_equation,ba_dc_addition_ba_dc_len2,synthetic,false,train_only
syn_ne_ba_dc_add_len2_xplusy_0080,sft_train,numeric_equation,ba_dc_addition_ba_dc_len2,synthetic,false,train_only
syn_ne_ba_dc_add_len2_xplusy_0083,sft_train,numeric_equation,ba_dc_addition_ba_dc_len2,synthetic,false,train_only
syn_ne_ba_dc_add_len2_xplusy_0085,sft_train,numeric_equation,ba_dc_addition_ba_dc_len2,synthetic,false,train_only
syn_ne_ba_dc_add_len2_xplusy_0102,sft_train,numeric_equation,ba_dc_addition_ba_dc_len2,synthetic,false,train_only
syn_ne_ba_dc_add_len2_xplusy_0104,sft_train,numeric_equation,ba_dc_addition_ba_dc_len2,synthetic,false,train_only
syn_ne_ba_dc_add_len2_xplusy_0105,sft_train,numeric_equation,ba_dc_addition_ba_dc_len2,synthetic,false,train_only
syn_ne_ba_dc_add_len2_xplusy_0106,sft_train,numeric_equation,ba_dc_addition_ba_dc_len2,synthetic,false,train_only
syn_ne_ba_dc_add_len2_xplusy_0110,sft_train,numeric_equation,ba_dc_addition_ba_dc_len2,synthetic,false,train_only
syn_ne_ba_dc_add_len2_xplusyminus1_0001,sft_train,numeric_equation,ba_dc_addition_ba_dc_len2,synthetic,false,train_only
syn_ne_ba_dc_add_len2_xplusyminus1_0004,sft_train,numeric_equation,ba_dc_addition_ba_dc_len2,synthetic,false,train_only
syn_ne_ba_dc_add_len2_xplusyminus1_0009,sft_train,numeric_equation,ba_dc_addition_ba_dc_len2,synthetic,false,train_only
syn_ne_ba_dc_add_len2_xplusyminus1_0014,sft_train,numeric_equation,ba_dc_addition_ba_dc_len2,synthetic,false,train_only
syn_ne_ba_dc_add_len2_xplusyminus1_0015,sft_train,numeric_equation,ba_dc_addition_ba_dc_len2,synthetic,false,train_only
syn_ne_ba_dc_add_len2_xplusyminus1_0019,sft_train,numeric_equation,ba_dc_addition_ba_dc_len2,synthetic,false,train_only
syn_ne_ba_dc_add_len2_xplusyminus1_0020,sft_train,numeric_equation,ba_dc_addition_ba_dc_len2,synthetic,false,train_only
syn_ne_ba_dc_add_len2_xplusyminus1_0022,sft_train,numeric_equation,ba_dc_addition_ba_dc_len2,synthetic,false,train_only
syn_ne_ba_dc_add_len2_xplusyminus1_0024,sft_train,numeric_equation,ba_dc_addition_ba_dc_len2,synthetic,false,train_only
syn_ne_ba_dc_add_len2_xplusyminus1_0029,sft_train,numeric_equation,ba_dc_addition_ba_dc_len2,synthetic,false,train_only
syn_ne_ba_dc_add_len2_xplusyminus1_0032,sft_train,numeric_equation,ba_dc_addition_ba_dc_len2,synthetic,false,train_only
syn_ne_ba_dc_add_len2_xplusyminus1_0034,sft_train,numeric_equation,ba_dc_addition_ba_dc_len2,synthetic,false,train_only
syn_ne_ba_dc_add_len2_xplusyminus1_0039,sft_train,numeric_equation,ba_dc_addition_ba_dc_len2,synthetic,false,train_only
syn_ne_ba_dc_add_len2_xplusyminus1_0042,sft_train,numeric_equation,ba_dc_addition_ba_dc_len2,synthetic,false,train_only
syn_ne_ba_dc_add_len2_xplusyminus1_0048,sft_train,numeric_equation,ba_dc_addition_ba_dc_len2,synthetic,false,train_only
syn_ne_ba_dc_add_len2_xplusyminus1_0051,sft_train,numeric_equation,ba_dc_addition_ba_dc_len2,synthetic,false,train_only
syn_ne_ba_dc_add_len2_xplusyminus1_0052,sft_train,numeric_equation,ba_dc_addition_ba_dc_len2,synthetic,false,train_only
syn_ne_ba_dc_add_len2_xplusyminus1_0053,sft_train,numeric_equation,ba_dc_addition_ba_dc_len2,synthetic,false,train_only
syn_ne_ba_dc_add_len2_xplusyminus1_0055,sft_train,numeric_equation,ba_dc_addition_ba_dc_len2,synthetic,false,train_only
syn_ne_ba_dc_add_len2_xplusyminus1_0060,sft_train,numeric_equation,ba_dc_addition_ba_dc_len2,synthetic,false,train_only
syn_ne_ba_dc_add_len2_xplusyminus1_0061,sft_train,numeric_equation,ba_dc_addition_ba_dc_len2,synthetic,false,train_only
syn_ne_ba_dc_add_len2_xplusyminus1_0071,sft_train,numeric_equation,ba_dc_addition_ba_dc_len2,synthetic,false,train_only
syn_ne_ba_dc_add_len2_xplusyminus1_0074,sft_train,numeric_equation,ba_dc_addition_ba_dc_len2,synthetic,false,train_only
syn_ne_ba_dc_add_len2_xplusyminus1_0075,sft_train,numeric_equation,ba_dc_addition_ba_dc_len2,synthetic,false,train_only
syn_ne_ba_dc_add_len2_xplusyminus1_0078,sft_train,numeric_equation,ba_dc_addition_ba_dc_len2,synthetic,false,train_only
syn_ne_ba_dc_add_len2_xplusyminus1_0084,sft_train,numeric_equation,ba_dc_addition_ba_dc_len2,synthetic,false,train_only
syn_ne_ba_dc_add_len2_xplusyminus1_0086,sft_train,numeric_equation,ba_dc_addition_ba_dc_len2,synthetic,false,train_only
syn_ne_ba_dc_add_len2_xplusyminus1_0087,sft_train,numeric_equation,ba_dc_addition_ba_dc_len2,synthetic,false,train_only
syn_ne_ba_dc_add_len2_xplusyminus1_0089,sft_train,numeric_equation,ba_dc_addition_ba_dc_len2,synthetic,false,train_only
syn_ne_ba_dc_add_len2_xplusyminus1_0092,sft_train,numeric_equation,ba_dc_addition_ba_dc_len2,synthetic,false,train_only
syn_ne_ba_dc_add_len2_xplusyminus1_0093,sft_train,numeric_equation,ba_dc_addition_ba_dc_len2,synthetic,false,train_only
syn_ne_ba_dc_add_len2_xplusyminus1_0095,sft_train,numeric_equation,ba_dc_addition_ba_dc_len2,synthetic,false,train_only
syn_ne_ba_dc_add_len2_xplusyminus1_0097,sft_train,numeric_equation,ba_dc_addition_ba_dc_len2,synthetic,false,train_only
syn_ne_ba_dc_add_len2_xplusyminus1_0101,sft_train,numeric_equation,ba_dc_addition_ba_dc_len2,synthetic,false,train_only
syn_ne_ba_dc_add_len2_xplusyminus1_0107,sft_train,numeric_equation,ba_dc_addition_ba_dc_len2,synthetic,false,train_only
syn_ne_ba_dc_add_len2_xplusyminus1_0109,sft_train,numeric_equation,ba_dc_addition_ba_dc_len2,synthetic,false,train_only
syn_ne_ba_dc_add_len2_xplusyminus1_0112,sft_train,numeric_equation,ba_dc_addition_ba_dc_len2,synthetic,false,train_only
syn_ne_ba_dc_add_len2_xplusyplus1_0002,sft_train,numeric_equation,ba_dc_addition_ba_dc_len2,synthetic,false,train_only
syn_ne_ba_dc_add_len2_xplusyplus1_0003,sft_train,numeric_equation,ba_dc_addition_ba_dc_len2,synthetic,false,train_only
syn_ne_ba_dc_add_len2_xplusyplus1_0005,sft_train,numeric_equation,ba_dc_addition_ba_dc_len2,synthetic,false,train_only
syn_ne_ba_dc_add_len2_xplusyplus1_0006,sft_train,numeric_equation,ba_dc_addition_ba_dc_len2,synthetic,false,train_only
syn_ne_ba_dc_add_len2_xplusyplus1_0007,sft_train,numeric_equation,ba_dc_addition_ba_dc_len2,synthetic,false,train_only
syn_ne_ba_dc_add_len2_xplusyplus1_0012,sft_train,numeric_equation,ba_dc_addition_ba_dc_len2,synthetic,false,train_only
syn_ne_ba_dc_add_len2_xplusyplus1_0016,sft_train,numeric_equation,ba_dc_addition_ba_dc_len2,synthetic,false,train_only
syn_ne_ba_dc_add_len2_xplusyplus1_0018,sft_train,numeric_equation,ba_dc_addition_ba_dc_len2,synthetic,false,train_only
syn_ne_ba_dc_add_len2_xplusyplus1_0021,sft_train,numeric_equation,ba_dc_addition_ba_dc_len2,synthetic,false,train_only
syn_ne_ba_dc_add_len2_xplusyplus1_0023,sft_train,numeric_equation,ba_dc_addition_ba_dc_len2,synthetic,false,train_only
syn_ne_ba_dc_add_len2_xplusyplus1_0030,sft_train,numeric_equation,ba_dc_addition_ba_dc_len2,synthetic,false,train_only
syn_ne_ba_dc_add_len2_xplusyplus1_0038,sft_train,numeric_equation,ba_dc_addition_ba_dc_len2,synthetic,false,train_only
syn_ne_ba_dc_add_len2_xplusyplus1_0044,sft_train,numeric_equation,ba_dc_addition_ba_dc_len2,synthetic,false,train_only
syn_ne_ba_dc_add_len2_xplusyplus1_0045,sft_train,numeric_equation,ba_dc_addition_ba_dc_len2,synthetic,false,train_only
syn_ne_ba_dc_add_len2_xplusyplus1_0050,sft_train,numeric_equation,ba_dc_addition_ba_dc_len2,synthetic,false,train_only
syn_ne_ba_dc_add_len2_xplusyplus1_0057,sft_train,numeric_equation,ba_dc_addition_ba_dc_len2,synthetic,false,train_only
syn_ne_ba_dc_add_len2_xplusyplus1_0058,sft_train,numeric_equation,ba_dc_addition_ba_dc_len2,synthetic,false,train_only
syn_ne_ba_dc_add_len2_xplusyplus1_0063,sft_train,numeric_equation,ba_dc_addition_ba_dc_len2,synthetic,false,train_only
syn_ne_ba_dc_add_len2_xplusyplus1_0065,sft_train,numeric_equation,ba_dc_addition_ba_dc_len2,synthetic,false,train_only
syn_ne_ba_dc_add_len2_xplusyplus1_0068,sft_train,numeric_equation,ba_dc_addition_ba_dc_len2,synthetic,false,train_only
syn_ne_ba_dc_add_len2_xplusyplus1_0069,sft_train,numeric_equation,ba_dc_addition_ba_dc_len2,synthetic,false,train_only
syn_ne_ba_dc_add_len2_xplusyplus1_0070,sft_train,numeric_equation,ba_dc_addition_ba_dc_len2,synthetic,false,train_only
syn_ne_ba_dc_add_len2_xplusyplus1_0076,sft_train,numeric_equation,ba_dc_addition_ba_dc_len2,synthetic,false,train_only
syn_ne_ba_dc_add_len2_xplusyplus1_0077,sft_train,numeric_equation,ba_dc_addition_ba_dc_len2,synthetic,false,train_only
syn_ne_ba_dc_add_len2_xplusyplus1_0081,sft_train,numeric_equation,ba_dc_addition_ba_dc_len2,synthetic,false,train_only
syn_ne_ba_dc_add_len2_xplusyplus1_0082,sft_train,numeric_equation,ba_dc_addition_ba_dc_len2,synthetic,false,train_only
syn_ne_ba_dc_add_len2_xplusyplus1_0088,sft_train,numeric_equation,ba_dc_addition_ba_dc_len2,synthetic,false,train_only
syn_ne_ba_dc_add_len2_xplusyplus1_0090,sft_train,numeric_equation,ba_dc_addition_ba_dc_len2,synthetic,false,train_only
syn_ne_ba_dc_add_len2_xplusyplus1_0091,sft_train,numeric_equation,ba_dc_addition_ba_dc_len2,synthetic,false,train_only
syn_ne_ba_dc_add_len2_xplusyplus1_0094,sft_train,numeric_equation,ba_dc_addition_ba_dc_len2,synthetic,false,train_only
syn_ne_ba_dc_add_len2_xplusyplus1_0096,sft_train,numeric_equation,ba_dc_addition_ba_dc_len2,synthetic,false,train_only
syn_ne_ba_dc_add_len2_xplusyplus1_0098,sft_train,numeric_equation,ba_dc_addition_ba_dc_len2,synthetic,false,train_only
syn_ne_ba_dc_add_len2_xplusyplus1_0099,sft_train,numeric_equation,ba_dc_addition_ba_dc_len2,synthetic,false,train_only
syn_ne_ba_dc_add_len2_xplusyplus1_0100,sft_train,numeric_equation,ba_dc_addition_ba_dc_len2,synthetic,false,train_only
syn_ne_ba_dc_add_len2_xplusyplus1_0103,sft_train,numeric_equation,ba_dc_addition_ba_dc_len2,synthetic,false,train_only
syn_ne_ba_dc_add_len2_xplusyplus1_0108,sft_train,numeric_equation,ba_dc_addition_ba_dc_len2,synthetic,false,train_only
syn_ne_ba_dc_add_len2_xplusyplus1_0111,sft_train,numeric_equation,ba_dc_addition_ba_dc_len2,synthetic,false,train_only
syn_ne_ba_dc_add_len3_xplusy_0004,sft_train,numeric_equation,ba_dc_addition_ba_dc_len3,synthetic,false,train_only
syn_ne_ba_dc_add_len3_xplusy_0005,sft_train,numeric_equation,ba_dc_addition_ba_dc_len3,synthetic,false,train_only
syn_ne_ba_dc_add_len3_xplusy_0008,sft_train,numeric_equation,ba_dc_addition_ba_dc_len3,synthetic,false,train_only
syn_ne_ba_dc_add_len3_xplusy_0010,sft_train,numeric_equation,ba_dc_addition_ba_dc_len3,synthetic,false,train_only
syn_ne_ba_dc_add_len3_xplusy_0013,sft_train,numeric_equation,ba_dc_addition_ba_dc_len3,synthetic,false,train_only
syn_ne_ba_dc_add_len3_xplusy_0016,sft_train,numeric_equation,ba_dc_addition_ba_dc_len3,synthetic,false,train_only
syn_ne_ba_dc_add_len3_xplusy_0019,sft_train,numeric_equation,ba_dc_addition_ba_dc_len3,synthetic,false,train_only
syn_ne_ba_dc_add_len3_xplusy_0020,sft_train,numeric_equation,ba_dc_addition_ba_dc_len3,synthetic,false,train_only
syn_ne_ba_dc_add_len3_xplusy_0022,sft_train,numeric_equation,ba_dc_addition_ba_dc_len3,synthetic,false,train_only
syn_ne_ba_dc_add_len3_xplusy_0028,sft_train,numeric_equation,ba_dc_addition_ba_dc_len3,synthetic,false,train_only
syn_ne_ba_dc_add_len3_xplusy_0031,sft_train,numeric_equation,ba_dc_addition_ba_dc_len3,synthetic,false,train_only
syn_ne_ba_dc_add_len3_xplusy_0035,sft_train,numeric_equation,ba_dc_addition_ba_dc_len3,synthetic,false,train_only
syn_ne_ba_dc_add_len3_xplusy_0043,sft_train,numeric_equation,ba_dc_addition_ba_dc_len3,synthetic,false,train_only
syn_ne_ba_dc_add_len3_xplusy_0045,sft_train,numeric_equation,ba_dc_addition_ba_dc_len3,synthetic,false,train_only
syn_ne_ba_dc_add_len3_xplusy_0046,sft_train,numeric_equation,ba_dc_addition_ba_dc_len3,synthetic,false,train_only
syn_ne_ba_dc_add_len3_xplusy_0051,sft_train,numeric_equation,ba_dc_addition_ba_dc_len3,synthetic,false,train_only
syn_ne_ba_dc_add_len3_xplusy_0052,sft_train,numeric_equation,ba_dc_addition_ba_dc_len3,synthetic,false,train_only
syn_ne_ba_dc_add_len3_xplusy_0054,sft_train,numeric_equation,ba_dc_addition_ba_dc_len3,synthetic,false,train_only
syn_ne_ba_dc_add_len3_xplusy_0057,sft_train,numeric_equation,ba_dc_addition_ba_dc_len3,synthetic,false,train_only
syn_ne_ba_dc_add_len3_xplusy_0064,sft_train,numeric_equation,ba_dc_addition_ba_dc_len3,synthetic,false,train_only
syn_ne_ba_dc_add_len3_xplusy_0066,sft_train,numeric_equation,ba_dc_addition_ba_dc_len3,synthetic,false,train_only
syn_ne_ba_dc_add_len3_xplusy_0067,sft_train,numeric_equation,ba_dc_addition_ba_dc_len3,synthetic,false,train_only
syn_ne_ba_dc_add_len3_xplusy_0073,sft_train,numeric_equation,ba_dc_addition_ba_dc_len3,synthetic,false,train_only
syn_ne_ba_dc_add_len3_xplusy_0076,sft_train,numeric_equation,ba_dc_addition_ba_dc_len3,synthetic,false,train_only
syn_ne_ba_dc_add_len3_xplusy_0077,sft_train,numeric_equation,ba_dc_addition_ba_dc_len3,synthetic,false,train_only
syn_ne_ba_dc_add_len3_xplusy_0078,sft_train,numeric_equation,ba_dc_addition_ba_dc_len3,synthetic,false,train_only
syn_ne_ba_dc_add_len3_xplusy_0080,sft_train,numeric_equation,ba_dc_addition_ba_dc_len3,synthetic,false,train_only
syn_ne_ba_dc_add_len3_xplusy_0081,sft_train,numeric_equation,ba_dc_addition_ba_dc_len3,synthetic,false,train_only
syn_ne_ba_dc_add_len3_xplusy_0096,sft_train,numeric_equation,ba_dc_addition_ba_dc_len3,synthetic,false,train_only
syn_ne_ba_dc_add_len3_xplusy_0099,sft_train,numeric_equation,ba_dc_addition_ba_dc_len3,synthetic,false,train_only
syn_ne_ba_dc_add_len3_xplusy_0102,sft_train,numeric_equation,ba_dc_addition_ba_dc_len3,synthetic,false,train_only
syn_ne_ba_dc_add_len3_xplusy_0109,sft_train,numeric_equation,ba_dc_addition_ba_dc_len3,synthetic,false,train_only
syn_ne_ba_dc_add_len3_xplusy_0113,sft_train,numeric_equation,ba_dc_addition_ba_dc_len3,synthetic,false,train_only
syn_ne_ba_dc_add_len3_xplusy_0117,sft_train,numeric_equation,ba_dc_addition_ba_dc_len3,synthetic,false,train_only
syn_ne_ba_dc_add_len3_xplusy_0121,sft_train,numeric_equation,ba_dc_addition_ba_dc_len3,synthetic,false,train_only
syn_ne_ba_dc_add_len3_xplusy_0122,sft_train,numeric_equation,ba_dc_addition_ba_dc_len3,synthetic,false,train_only
syn_ne_ba_dc_add_len3_xplusy_0125,sft_train,numeric_equation,ba_dc_addition_ba_dc_len3,synthetic,false,train_only
syn_ne_ba_dc_add_len3_xplusy_0126,sft_train,numeric_equation,ba_dc_addition_ba_dc_len3,synthetic,false,train_only
syn_ne_ba_dc_add_len3_xplusy_0128,sft_train,numeric_equation,ba_dc_addition_ba_dc_len3,synthetic,false,train_only
syn_ne_ba_dc_add_len3_xplusy_0130,sft_train,numeric_equation,ba_dc_addition_ba_dc_len3,synthetic,false,train_only
syn_ne_ba_dc_add_len3_xplusy_0132,sft_train,numeric_equation,ba_dc_addition_ba_dc_len3,synthetic,false,train_only
syn_ne_ba_dc_add_len3_xplusy_0133,sft_train,numeric_equation,ba_dc_addition_ba_dc_len3,synthetic,false,train_only
syn_ne_ba_dc_add_len3_xplusy_0134,sft_train,numeric_equation,ba_dc_addition_ba_dc_len3,synthetic,false,train_only
syn_ne_ba_dc_add_len3_xplusy_0136,sft_train,numeric_equation,ba_dc_addition_ba_dc_len3,synthetic,false,train_only
syn_ne_ba_dc_add_len3_xplusy_0140,sft_train,numeric_equation,ba_dc_addition_ba_dc_len3,synthetic,false,train_only
syn_ne_ba_dc_add_len3_xplusy_0142,sft_train,numeric_equation,ba_dc_addition_ba_dc_len3,synthetic,false,train_only
syn_ne_ba_dc_add_len3_xplusy_0144,sft_train,numeric_equation,ba_dc_addition_ba_dc_len3,synthetic,false,train_only
syn_ne_ba_dc_add_len3_xplusy_0147,sft_train,numeric_equation,ba_dc_addition_ba_dc_len3,synthetic,false,train_only
syn_ne_ba_dc_add_len3_xplusy_0150,sft_train,numeric_equation,ba_dc_addition_ba_dc_len3,synthetic,false,train_only
syn_ne_ba_dc_add_len3_xplusy_0153,sft_train,numeric_equation,ba_dc_addition_ba_dc_len3,synthetic,false,train_only
syn_ne_ba_dc_add_len3_xplusy_0155,sft_train,numeric_equation,ba_dc_addition_ba_dc_len3,synthetic,false,train_only
syn_ne_ba_dc_add_len3_xplusy_0156,sft_train,numeric_equation,ba_dc_addition_ba_dc_len3,synthetic,false,train_only
syn_ne_ba_dc_add_len3_xplusy_0158,sft_train,numeric_equation,ba_dc_addition_ba_dc_len3,synthetic,false,train_only
syn_ne_ba_dc_add_len3_xplusy_0160,sft_train,numeric_equation,ba_dc_addition_ba_dc_len3,synthetic,false,train_only
syn_ne_ba_dc_add_len3_xplusy_0162,sft_train,numeric_equation,ba_dc_addition_ba_dc_len3,synthetic,false,train_only
syn_ne_ba_dc_add_len3_xplusy_0166,sft_train,numeric_equation,ba_dc_addition_ba_dc_len3,synthetic,false,train_only
syn_ne_ba_dc_add_len3_xplusy_0167,sft_train,numeric_equation,ba_dc_addition_ba_dc_len3,synthetic,false,train_only
syn_ne_ba_dc_add_len3_xplusy_0168,sft_train,numeric_equation,ba_dc_addition_ba_dc_len3,synthetic,false,train_only
syn_ne_ba_dc_add_len3_xplusy_0171,sft_train,numeric_equation,ba_dc_addition_ba_dc_len3,synthetic,false,train_only
syn_ne_ba_dc_add_len3_xplusy_0174,sft_train,numeric_equation,ba_dc_addition_ba_dc_len3,synthetic,false,train_only
syn_ne_ba_dc_add_len3_xplusy_0177,sft_train,numeric_equation,ba_dc_addition_ba_dc_len3,synthetic,false,train_only
syn_ne_ba_dc_add_len3_xplusy_0179,sft_train,numeric_equation,ba_dc_addition_ba_dc_len3,synthetic,false,train_only
syn_ne_ba_dc_add_len3_xplusy_0181,sft_train,numeric_equation,ba_dc_addition_ba_dc_len3,synthetic,false,train_only
syn_ne_ba_dc_add_len3_xplusy_0187,sft_train,numeric_equation,ba_dc_addition_ba_dc_len3,synthetic,false,train_only
syn_ne_ba_dc_add_len3_xplusy_0188,sft_train,numeric_equation,ba_dc_addition_ba_dc_len3,synthetic,false,train_only
syn_ne_ba_dc_add_len3_xplusy_0191,sft_train,numeric_equation,ba_dc_addition_ba_dc_len3,synthetic,false,train_only
syn_ne_ba_dc_add_len3_xplusy_0201,sft_train,numeric_equation,ba_dc_addition_ba_dc_len3,synthetic,false,train_only
syn_ne_ba_dc_add_len3_xplusy_0205,sft_train,numeric_equation,ba_dc_addition_ba_dc_len3,synthetic,false,train_only
syn_ne_ba_dc_add_len3_xplusy_0209,sft_train,numeric_equation,ba_dc_addition_ba_dc_len3,synthetic,false,train_only
syn_ne_ba_dc_add_len3_xplusy_0210,sft_train,numeric_equation,ba_dc_addition_ba_dc_len3,synthetic,false,train_only
syn_ne_ba_dc_add_len3_xplusy_0211,sft_train,numeric_equation,ba_dc_addition_ba_dc_len3,synthetic,false,train_only
syn_ne_ba_dc_add_len3_xplusy_0212,sft_train,numeric_equation,ba_dc_addition_ba_dc_len3,synthetic,false,train_only
syn_ne_ba_dc_add_len3_xplusy_0214,sft_train,numeric_equation,ba_dc_addition_ba_dc_len3,synthetic,false,train_only
syn_ne_ba_dc_add_len3_xplusy_0221,sft_train,numeric_equation,ba_dc_addition_ba_dc_len3,synthetic,false,train_only
syn_ne_ba_dc_add_len3_xplusy_0231,sft_train,numeric_equation,ba_dc_addition_ba_dc_len3,synthetic,false,train_only
syn_ne_ba_dc_add_len3_xplusy_0234,sft_train,numeric_equation,ba_dc_addition_ba_dc_len3,synthetic,false,train_only
syn_ne_ba_dc_add_len3_xplusy_0235,sft_train,numeric_equation,ba_dc_addition_ba_dc_len3,synthetic,false,train_only
syn_ne_ba_dc_add_len3_xplusy_0236,sft_train,numeric_equation,ba_dc_addition_ba_dc_len3,synthetic,false,train_only
syn_ne_ba_dc_add_len3_xplusy_0239,sft_train,numeric_equation,ba_dc_addition_ba_dc_len3,synthetic,false,train_only
syn_ne_ba_dc_add_len3_xplusy_0241,sft_train,numeric_equation,ba_dc_addition_ba_dc_len3,synthetic,false,train_only
syn_ne_ba_dc_add_len3_xplusy_0243,sft_train,numeric_equation,ba_dc_addition_ba_dc_len3,synthetic,false,train_only
syn_ne_ba_dc_add_len3_xplusy_0245,sft_train,numeric_equation,ba_dc_addition_ba_dc_len3,synthetic,false,train_only
syn_ne_ba_dc_add_len3_xplusy_0246,sft_train,numeric_equation,ba_dc_addition_ba_dc_len3,synthetic,false,train_only
syn_ne_ba_dc_add_len3_xplusy_0247,sft_train,numeric_equation,ba_dc_addition_ba_dc_len3,synthetic,false,train_only
syn_ne_ba_dc_add_len3_xplusyminus1_0003,sft_train,numeric_equation,ba_dc_addition_ba_dc_len3,synthetic,false,train_only
syn_ne_ba_dc_add_len3_xplusyminus1_0006,sft_train,numeric_equation,ba_dc_addition_ba_dc_len3,synthetic,false,train_only
syn_ne_ba_dc_add_len3_xplusyminus1_0014,sft_train,numeric_equation,ba_dc_addition_ba_dc_len3,synthetic,false,train_only
syn_ne_ba_dc_add_len3_xplusyminus1_0015,sft_train,numeric_equation,ba_dc_addition_ba_dc_len3,synthetic,false,train_only
syn_ne_ba_dc_add_len3_xplusyminus1_0018,sft_train,numeric_equation,ba_dc_addition_ba_dc_len3,synthetic,false,train_only
syn_ne_ba_dc_add_len3_xplusyminus1_0024,sft_train,numeric_equation,ba_dc_addition_ba_dc_len3,synthetic,false,train_only
syn_ne_ba_dc_add_len3_xplusyminus1_0025,sft_train,numeric_equation,ba_dc_addition_ba_dc_len3,synthetic,false,train_only
syn_ne_ba_dc_add_len3_xplusyminus1_0026,sft_train,numeric_equation,ba_dc_addition_ba_dc_len3,synthetic,false,train_only
syn_ne_ba_dc_add_len3_xplusyminus1_0030,sft_train,numeric_equation,ba_dc_addition_ba_dc_len3,synthetic,false,train_only
syn_ne_ba_dc_add_len3_xplusyminus1_0032,sft_train,numeric_equation,ba_dc_addition_ba_dc_len3,synthetic,false,train_only
syn_ne_ba_dc_add_len3_xplusyminus1_0033,sft_train,numeric_equation,ba_dc_addition_ba_dc_len3,synthetic,false,train_only
syn_ne_ba_dc_add_len3_xplusyminus1_0036,sft_train,numeric_equation,ba_dc_addition_ba_dc_len3,synthetic,false,train_only
syn_ne_ba_dc_add_len3_xplusyminus1_0037,sft_train,numeric_equation,ba_dc_addition_ba_dc_len3,synthetic,false,train_only
syn_ne_ba_dc_add_len3_xplusyminus1_0040,sft_train,numeric_equation,ba_dc_addition_ba_dc_len3,synthetic,false,train_only
syn_ne_ba_dc_add_len3_xplusyminus1_0041,sft_train,numeric_equation,ba_dc_addition_ba_dc_len3,synthetic,false,train_only
syn_ne_ba_dc_add_len3_xplusyminus1_0044,sft_train,numeric_equation,ba_dc_addition_ba_dc_len3,synthetic,false,train_only
syn_ne_ba_dc_add_len3_xplusyminus1_0048,sft_train,numeric_equation,ba_dc_addition_ba_dc_len3,synthetic,false,train_only
syn_ne_ba_dc_add_len3_xplusyminus1_0050,sft_train,numeric_equation,ba_dc_addition_ba_dc_len3,synthetic,false,train_only
syn_ne_ba_dc_add_len3_xplusyminus1_0055,sft_train,numeric_equation,ba_dc_addition_ba_dc_len3,synthetic,false,train_only
syn_ne_ba_dc_add_len3_xplusyminus1_0058,sft_train,numeric_equation,ba_dc_addition_ba_dc_len3,synthetic,false,train_only
syn_ne_ba_dc_add_len3_xplusyminus1_0059,sft_train,numeric_equation,ba_dc_addition_ba_dc_len3,synthetic,false,train_only
syn_ne_ba_dc_add_len3_xplusyminus1_0060,sft_train,numeric_equation,ba_dc_addition_ba_dc_len3,synthetic,false,train_only
syn_ne_ba_dc_add_len3_xplusyminus1_0061,sft_train,numeric_equation,ba_dc_addition_ba_dc_len3,synthetic,false,train_only
syn_ne_ba_dc_add_len3_xplusyminus1_0062,sft_train,numeric_equation,ba_dc_addition_ba_dc_len3,synthetic,false,train_only
syn_ne_ba_dc_add_len3_xplusyminus1_0063,sft_train,numeric_equation,ba_dc_addition_ba_dc_len3,synthetic,false,train_only
syn_ne_ba_dc_add_len3_xplusyminus1_0068,sft_train,numeric_equation,ba_dc_addition_ba_dc_len3,synthetic,false,train_only
syn_ne_ba_dc_add_len3_xplusyminus1_0070,sft_train,numeric_equation,ba_dc_addition_ba_dc_len3,synthetic,false,train_only
syn_ne_ba_dc_add_len3_xplusyminus1_0071,sft_train,numeric_equation,ba_dc_addition_ba_dc_len3,synthetic,false,train_only
syn_ne_ba_dc_add_len3_xplusyminus1_0075,sft_train,numeric_equation,ba_dc_addition_ba_dc_len3,synthetic,false,train_only
syn_ne_ba_dc_add_len3_xplusyminus1_0084,sft_train,numeric_equation,ba_dc_addition_ba_dc_len3,synthetic,false,train_only
syn_ne_ba_dc_add_len3_xplusyminus1_0086,sft_train,numeric_equation,ba_dc_addition_ba_dc_len3,synthetic,false,train_only
syn_ne_ba_dc_add_len3_xplusyminus1_0087,sft_train,numeric_equation,ba_dc_addition_ba_dc_len3,synthetic,false,train_only
syn_ne_ba_dc_add_len3_xplusyminus1_0089,sft_train,numeric_equation,ba_dc_addition_ba_dc_len3,synthetic,false,train_only
syn_ne_ba_dc_add_len3_xplusyminus1_0091,sft_train,numeric_equation,ba_dc_addition_ba_dc_len3,synthetic,false,train_only
syn_ne_ba_dc_add_len3_xplusyminus1_0093,sft_train,numeric_equation,ba_dc_addition_ba_dc_len3,synthetic,false,train_only
syn_ne_ba_dc_add_len3_xplusyminus1_0094,sft_train,numeric_equation,ba_dc_addition_ba_dc_len3,synthetic,false,train_only
syn_ne_ba_dc_add_len3_xplusyminus1_0095,sft_train,numeric_equation,ba_dc_addition_ba_dc_len3,synthetic,false,train_only
syn_ne_ba_dc_add_len3_xplusyminus1_0098,sft_train,numeric_equation,ba_dc_addition_ba_dc_len3,synthetic,false,train_only
syn_ne_ba_dc_add_len3_xplusyminus1_0103,sft_train,numeric_equation,ba_dc_addition_ba_dc_len3,synthetic,false,train_only
syn_ne_ba_dc_add_len3_xplusyminus1_0104,sft_train,numeric_equation,ba_dc_addition_ba_dc_len3,synthetic,false,train_only
syn_ne_ba_dc_add_len3_xplusyminus1_0112,sft_train,numeric_equation,ba_dc_addition_ba_dc_len3,synthetic,false,train_only
syn_ne_ba_dc_add_len3_xplusyminus1_0114,sft_train,numeric_equation,ba_dc_addition_ba_dc_len3,synthetic,false,train_only
syn_ne_ba_dc_add_len3_xplusyminus1_0115,sft_train,numeric_equation,ba_dc_addition_ba_dc_len3,synthetic,false,train_only
syn_ne_ba_dc_add_len3_xplusyminus1_0116,sft_train,numeric_equation,ba_dc_addition_ba_dc_len3,synthetic,false,train_only
syn_ne_ba_dc_add_len3_xplusyminus1_0131,sft_train,numeric_equation,ba_dc_addition_ba_dc_len3,synthetic,false,train_only
syn_ne_ba_dc_add_len3_xplusyminus1_0141,sft_train,numeric_equation,ba_dc_addition_ba_dc_len3,synthetic,false,train_only
syn_ne_ba_dc_add_len3_xplusyminus1_0143,sft_train,numeric_equation,ba_dc_addition_ba_dc_len3,synthetic,false,train_only
syn_ne_ba_dc_add_len3_xplusyminus1_0149,sft_train,numeric_equation,ba_dc_addition_ba_dc_len3,synthetic,false,train_only
syn_ne_ba_dc_add_len3_xplusyminus1_0151,sft_train,numeric_equation,ba_dc_addition_ba_dc_len3,synthetic,false,train_only
syn_ne_ba_dc_add_len3_xplusyminus1_0154,sft_train,numeric_equation,ba_dc_addition_ba_dc_len3,synthetic,false,train_only
syn_ne_ba_dc_add_len3_xplusyminus1_0159,sft_train,numeric_equation,ba_dc_addition_ba_dc_len3,synthetic,false,train_only
syn_ne_ba_dc_add_len3_xplusyminus1_0163,sft_train,numeric_equation,ba_dc_addition_ba_dc_len3,synthetic,false,train_only
syn_ne_ba_dc_add_len3_xplusyminus1_0164,sft_train,numeric_equation,ba_dc_addition_ba_dc_len3,synthetic,false,train_only
syn_ne_ba_dc_add_len3_xplusyminus1_0170,sft_train,numeric_equation,ba_dc_addition_ba_dc_len3,synthetic,false,train_only
syn_ne_ba_dc_add_len3_xplusyminus1_0172,sft_train,numeric_equation,ba_dc_addition_ba_dc_len3,synthetic,false,train_only
syn_ne_ba_dc_add_len3_xplusyminus1_0175,sft_train,numeric_equation,ba_dc_addition_ba_dc_len3,synthetic,false,train_only
syn_ne_ba_dc_add_len3_xplusyminus1_0176,sft_train,numeric_equation,ba_dc_addition_ba_dc_len3,synthetic,false,train_only
syn_ne_ba_dc_add_len3_xplusyminus1_0180,sft_train,numeric_equation,ba_dc_addition_ba_dc_len3,synthetic,false,train_only
syn_ne_ba_dc_add_len3_xplusyminus1_0182,sft_train,numeric_equation,ba_dc_addition_ba_dc_len3,synthetic,false,train_only
syn_ne_ba_dc_add_len3_xplusyminus1_0183,sft_train,numeric_equation,ba_dc_addition_ba_dc_len3,synthetic,false,train_only
syn_ne_ba_dc_add_len3_xplusyminus1_0184,sft_train,numeric_equation,ba_dc_addition_ba_dc_len3,synthetic,false,train_only
syn_ne_ba_dc_add_len3_xplusyminus1_0193,sft_train,numeric_equation,ba_dc_addition_ba_dc_len3,synthetic,false,train_only
syn_ne_ba_dc_add_len3_xplusyminus1_0194,sft_train,numeric_equation,ba_dc_addition_ba_dc_len3,synthetic,false,train_only
syn_ne_ba_dc_add_len3_xplusyminus1_0195,sft_train,numeric_equation,ba_dc_addition_ba_dc_len3,synthetic,false,train_only
syn_ne_ba_dc_add_len3_xplusyminus1_0196,sft_train,numeric_equation,ba_dc_addition_ba_dc_len3,synthetic,false,train_only
syn_ne_ba_dc_add_len3_xplusyminus1_0197,sft_train,numeric_equation,ba_dc_addition_ba_dc_len3,synthetic,false,train_only
syn_ne_ba_dc_add_len3_xplusyminus1_0202,sft_train,numeric_equation,ba_dc_addition_ba_dc_len3,synthetic,false,train_only
syn_ne_ba_dc_add_len3_xplusyminus1_0203,sft_train,numeric_equation,ba_dc_addition_ba_dc_len3,synthetic,false,train_only
syn_ne_ba_dc_add_len3_xplusyminus1_0204,sft_train,numeric_equation,ba_dc_addition_ba_dc_len3,synthetic,false,train_only
syn_ne_ba_dc_add_len3_xplusyminus1_0206,sft_train,numeric_equation,ba_dc_addition_ba_dc_len3,synthetic,false,train_only
syn_ne_ba_dc_add_len3_xplusyminus1_0207,sft_train,numeric_equation,ba_dc_addition_ba_dc_len3,synthetic,false,train_only
syn_ne_ba_dc_add_len3_xplusyminus1_0213,sft_train,numeric_equation,ba_dc_addition_ba_dc_len3,synthetic,false,train_only
syn_ne_ba_dc_add_len3_xplusyminus1_0220,sft_train,numeric_equation,ba_dc_addition_ba_dc_len3,synthetic,false,train_only
syn_ne_ba_dc_add_len3_xplusyminus1_0224,sft_train,numeric_equation,ba_dc_addition_ba_dc_len3,synthetic,false,train_only
syn_ne_ba_dc_add_len3_xplusyminus1_0225,sft_train,numeric_equation,ba_dc_addition_ba_dc_len3,synthetic,false,train_only
syn_ne_ba_dc_add_len3_xplusyminus1_0227,sft_train,numeric_equation,ba_dc_addition_ba_dc_len3,synthetic,false,train_only
syn_ne_ba_dc_add_len3_xplusyminus1_0228,sft_train,numeric_equation,ba_dc_addition_ba_dc_len3,synthetic,false,train_only
syn_ne_ba_dc_add_len3_xplusyminus1_0229,sft_train,numeric_equation,ba_dc_addition_ba_dc_len3,synthetic,false,train_only
syn_ne_ba_dc_add_len3_xplusyminus1_0230,sft_train,numeric_equation,ba_dc_addition_ba_dc_len3,synthetic,false,train_only
syn_ne_ba_dc_add_len3_xplusyminus1_0233,sft_train,numeric_equation,ba_dc_addition_ba_dc_len3,synthetic,false,train_only
syn_ne_ba_dc_add_len3_xplusyminus1_0244,sft_train,numeric_equation,ba_dc_addition_ba_dc_len3,synthetic,false,train_only
syn_ne_ba_dc_add_len3_xplusyminus1_0248,sft_train,numeric_equation,ba_dc_addition_ba_dc_len3,synthetic,false,train_only
syn_ne_ba_dc_add_len3_xplusyminus1_0249,sft_train,numeric_equation,ba_dc_addition_ba_dc_len3,synthetic,false,train_only
syn_ne_ba_dc_add_len3_xplusyplus1_0001,sft_train,numeric_equation,ba_dc_addition_ba_dc_len3,synthetic,false,train_only
syn_ne_ba_dc_add_len3_xplusyplus1_0002,sft_train,numeric_equation,ba_dc_addition_ba_dc_len3,synthetic,false,train_only
syn_ne_ba_dc_add_len3_xplusyplus1_0007,sft_train,numeric_equation,ba_dc_addition_ba_dc_len3,synthetic,false,train_only
syn_ne_ba_dc_add_len3_xplusyplus1_0009,sft_train,numeric_equation,ba_dc_addition_ba_dc_len3,synthetic,false,train_only
syn_ne_ba_dc_add_len3_xplusyplus1_0011,sft_train,numeric_equation,ba_dc_addition_ba_dc_len3,synthetic,false,train_only
syn_ne_ba_dc_add_len3_xplusyplus1_0012,sft_train,numeric_equation,ba_dc_addition_ba_dc_len3,synthetic,false,train_only
syn_ne_ba_dc_add_len3_xplusyplus1_0017,sft_train,numeric_equation,ba_dc_addition_ba_dc_len3,synthetic,false,train_only
syn_ne_ba_dc_add_len3_xplusyplus1_0021,sft_train,numeric_equation,ba_dc_addition_ba_dc_len3,synthetic,false,train_only
syn_ne_ba_dc_add_len3_xplusyplus1_0023,sft_train,numeric_equation,ba_dc_addition_ba_dc_len3,synthetic,false,train_only
syn_ne_ba_dc_add_len3_xplusyplus1_0027,sft_train,numeric_equation,ba_dc_addition_ba_dc_len3,synthetic,false,train_only
syn_ne_ba_dc_add_len3_xplusyplus1_0029,sft_train,numeric_equation,ba_dc_addition_ba_dc_len3,synthetic,false,train_only
syn_ne_ba_dc_add_len3_xplusyplus1_0034,sft_train,numeric_equation,ba_dc_addition_ba_dc_len3,synthetic,false,train_only
syn_ne_ba_dc_add_len3_xplusyplus1_0038,sft_train,numeric_equation,ba_dc_addition_ba_dc_len3,synthetic,false,train_only
syn_ne_ba_dc_add_len3_xplusyplus1_0039,sft_train,numeric_equation,ba_dc_addition_ba_dc_len3,synthetic,false,train_only
syn_ne_ba_dc_add_len3_xplusyplus1_0042,sft_train,numeric_equation,ba_dc_addition_ba_dc_len3,synthetic,false,train_only
syn_ne_ba_dc_add_len3_xplusyplus1_0047,sft_train,numeric_equation,ba_dc_addition_ba_dc_len3,synthetic,false,train_only
syn_ne_ba_dc_add_len3_xplusyplus1_0049,sft_train,numeric_equation,ba_dc_addition_ba_dc_len3,synthetic,false,train_only
syn_ne_ba_dc_add_len3_xplusyplus1_0053,sft_train,numeric_equation,ba_dc_addition_ba_dc_len3,synthetic,false,train_only
syn_ne_ba_dc_add_len3_xplusyplus1_0056,sft_train,numeric_equation,ba_dc_addition_ba_dc_len3,synthetic,false,train_only
syn_ne_ba_dc_add_len3_xplusyplus1_0065,sft_train,numeric_equation,ba_dc_addition_ba_dc_len3,synthetic,false,train_only
syn_ne_ba_dc_add_len3_xplusyplus1_0069,sft_train,numeric_equation,ba_dc_addition_ba_dc_len3,synthetic,false,train_only
syn_ne_ba_dc_add_len3_xplusyplus1_0072,sft_train,numeric_equation,ba_dc_addition_ba_dc_len3,synthetic,false,train_only
syn_ne_ba_dc_add_len3_xplusyplus1_0074,sft_train,numeric_equation,ba_dc_addition_ba_dc_len3,synthetic,false,train_only
syn_ne_ba_dc_add_len3_xplusyplus1_0079,sft_train,numeric_equation,ba_dc_addition_ba_dc_len3,synthetic,false,train_only
syn_ne_ba_dc_add_len3_xplusyplus1_0082,sft_train,numeric_equation,ba_dc_addition_ba_dc_len3,synthetic,false,train_only
syn_ne_ba_dc_add_len3_xplusyplus1_0083,sft_train,numeric_equation,ba_dc_addition_ba_dc_len3,synthetic,false,train_only
syn_ne_ba_dc_add_len3_xplusyplus1_0085,sft_train,numeric_equation,ba_dc_addition_ba_dc_len3,synthetic,false,train_only
syn_ne_ba_dc_add_len3_xplusyplus1_0088,sft_train,numeric_equation,ba_dc_addition_ba_dc_len3,synthetic,false,train_only
syn_ne_ba_dc_add_len3_xplusyplus1_0090,sft_train,numeric_equation,ba_dc_addition_ba_dc_len3,synthetic,false,train_only
syn_ne_ba_dc_add_len3_xplusyplus1_0092,sft_train,numeric_equation,ba_dc_addition_ba_dc_len3,synthetic,false,train_only
syn_ne_ba_dc_add_len3_xplusyplus1_0097,sft_train,numeric_equation,ba_dc_addition_ba_dc_len3,synthetic,false,train_only
syn_ne_ba_dc_add_len3_xplusyplus1_0100,sft_train,numeric_equation,ba_dc_addition_ba_dc_len3,synthetic,false,train_only
syn_ne_ba_dc_add_len3_xplusyplus1_0101,sft_train,numeric_equation,ba_dc_addition_ba_dc_len3,synthetic,false,train_only
syn_ne_ba_dc_add_len3_xplusyplus1_0105,sft_train,numeric_equation,ba_dc_addition_ba_dc_len3,synthetic,false,train_only
syn_ne_ba_dc_add_len3_xplusyplus1_0106,sft_train,numeric_equation,ba_dc_addition_ba_dc_len3,synthetic,false,train_only
syn_ne_ba_dc_add_len3_xplusyplus1_0107,sft_train,numeric_equation,ba_dc_addition_ba_dc_len3,synthetic,false,train_only
syn_ne_ba_dc_add_len3_xplusyplus1_0108,sft_train,numeric_equation,ba_dc_addition_ba_dc_len3,synthetic,false,train_only
syn_ne_ba_dc_add_len3_xplusyplus1_0110,sft_train,numeric_equation,ba_dc_addition_ba_dc_len3,synthetic,false,train_only
syn_ne_ba_dc_add_len3_xplusyplus1_0111,sft_train,numeric_equation,ba_dc_addition_ba_dc_len3,synthetic,false,train_only
syn_ne_ba_dc_add_len3_xplusyplus1_0118,sft_train,numeric_equation,ba_dc_addition_ba_dc_len3,synthetic,false,train_only
syn_ne_ba_dc_add_len3_xplusyplus1_0119,sft_train,numeric_equation,ba_dc_addition_ba_dc_len3,synthetic,false,train_only
syn_ne_ba_dc_add_len3_xplusyplus1_0120,sft_train,numeric_equation,ba_dc_addition_ba_dc_len3,synthetic,false,train_only
syn_ne_ba_dc_add_len3_xplusyplus1_0123,sft_train,numeric_equation,ba_dc_addition_ba_dc_len3,synthetic,false,train_only
syn_ne_ba_dc_add_len3_xplusyplus1_0124,sft_train,numeric_equation,ba_dc_addition_ba_dc_len3,synthetic,false,train_only
syn_ne_ba_dc_add_len3_xplusyplus1_0127,sft_train,numeric_equation,ba_dc_addition_ba_dc_len3,synthetic,false,train_only
syn_ne_ba_dc_add_len3_xplusyplus1_0129,sft_train,numeric_equation,ba_dc_addition_ba_dc_len3,synthetic,false,train_only
syn_ne_ba_dc_add_len3_xplusyplus1_0135,sft_train,numeric_equation,ba_dc_addition_ba_dc_len3,synthetic,false,train_only
syn_ne_ba_dc_add_len3_xplusyplus1_0137,sft_train,numeric_equation,ba_dc_addition_ba_dc_len3,synthetic,false,train_only
syn_ne_ba_dc_add_len3_xplusyplus1_0138,sft_train,numeric_equation,ba_dc_addition_ba_dc_len3,synthetic,false,train_only
syn_ne_ba_dc_add_len3_xplusyplus1_0139,sft_train,numeric_equation,ba_dc_addition_ba_dc_len3,synthetic,false,train_only
syn_ne_ba_dc_add_len3_xplusyplus1_0145,sft_train,numeric_equation,ba_dc_addition_ba_dc_len3,synthetic,false,train_only
syn_ne_ba_dc_add_len3_xplusyplus1_0146,sft_train,numeric_equation,ba_dc_addition_ba_dc_len3,synthetic,false,train_only
syn_ne_ba_dc_add_len3_xplusyplus1_0148,sft_train,numeric_equation,ba_dc_addition_ba_dc_len3,synthetic,false,train_only
syn_ne_ba_dc_add_len3_xplusyplus1_0152,sft_train,numeric_equation,ba_dc_addition_ba_dc_len3,synthetic,false,train_only
syn_ne_ba_dc_add_len3_xplusyplus1_0157,sft_train,numeric_equation,ba_dc_addition_ba_dc_len3,synthetic,false,train_only
syn_ne_ba_dc_add_len3_xplusyplus1_0161,sft_train,numeric_equation,ba_dc_addition_ba_dc_len3,synthetic,false,train_only
syn_ne_ba_dc_add_len3_xplusyplus1_0165,sft_train,numeric_equation,ba_dc_addition_ba_dc_len3,synthetic,false,train_only
syn_ne_ba_dc_add_len3_xplusyplus1_0169,sft_train,numeric_equation,ba_dc_addition_ba_dc_len3,synthetic,false,train_only
syn_ne_ba_dc_add_len3_xplusyplus1_0173,sft_train,numeric_equation,ba_dc_addition_ba_dc_len3,synthetic,false,train_only
syn_ne_ba_dc_add_len3_xplusyplus1_0178,sft_train,numeric_equation,ba_dc_addition_ba_dc_len3,synthetic,false,train_only
syn_ne_ba_dc_add_len3_xplusyplus1_0185,sft_train,numeric_equation,ba_dc_addition_ba_dc_len3,synthetic,false,train_only
syn_ne_ba_dc_add_len3_xplusyplus1_0186,sft_train,numeric_equation,ba_dc_addition_ba_dc_len3,synthetic,false,train_only
syn_ne_ba_dc_add_len3_xplusyplus1_0189,sft_train,numeric_equation,ba_dc_addition_ba_dc_len3,synthetic,false,train_only
syn_ne_ba_dc_add_len3_xplusyplus1_0190,sft_train,numeric_equation,ba_dc_addition_ba_dc_len3,synthetic,false,train_only
syn_ne_ba_dc_add_len3_xplusyplus1_0192,sft_train,numeric_equation,ba_dc_addition_ba_dc_len3,synthetic,false,train_only
syn_ne_ba_dc_add_len3_xplusyplus1_0198,sft_train,numeric_equation,ba_dc_addition_ba_dc_len3,synthetic,false,train_only
syn_ne_ba_dc_add_len3_xplusyplus1_0199,sft_train,numeric_equation,ba_dc_addition_ba_dc_len3,synthetic,false,train_only
syn_ne_ba_dc_add_len3_xplusyplus1_0200,sft_train,numeric_equation,ba_dc_addition_ba_dc_len3,synthetic,false,train_only
syn_ne_ba_dc_add_len3_xplusyplus1_0208,sft_train,numeric_equation,ba_dc_addition_ba_dc_len3,synthetic,false,train_only
syn_ne_ba_dc_add_len3_xplusyplus1_0215,sft_train,numeric_equation,ba_dc_addition_ba_dc_len3,synthetic,false,train_only
syn_ne_ba_dc_add_len3_xplusyplus1_0216,sft_train,numeric_equation,ba_dc_addition_ba_dc_len3,synthetic,false,train_only
syn_ne_ba_dc_add_len3_xplusyplus1_0217,sft_train,numeric_equation,ba_dc_addition_ba_dc_len3,synthetic,false,train_only
syn_ne_ba_dc_add_len3_xplusyplus1_0218,sft_train,numeric_equation,ba_dc_addition_ba_dc_len3,synthetic,false,train_only
syn_ne_ba_dc_add_len3_xplusyplus1_0219,sft_train,numeric_equation,ba_dc_addition_ba_dc_len3,synthetic,false,train_only
syn_ne_ba_dc_add_len3_xplusyplus1_0222,sft_train,numeric_equation,ba_dc_addition_ba_dc_len3,synthetic,false,train_only
syn_ne_ba_dc_add_len3_xplusyplus1_0223,sft_train,numeric_equation,ba_dc_addition_ba_dc_len3,synthetic,false,train_only
syn_ne_ba_dc_add_len3_xplusyplus1_0226,sft_train,numeric_equation,ba_dc_addition_ba_dc_len3,synthetic,false,train_only
syn_ne_ba_dc_add_len3_xplusyplus1_0232,sft_train,numeric_equation,ba_dc_addition_ba_dc_len3,synthetic,false,train_only
syn_ne_ba_dc_add_len3_xplusyplus1_0237,sft_train,numeric_equation,ba_dc_addition_ba_dc_len3,synthetic,false,train_only
syn_ne_ba_dc_add_len3_xplusyplus1_0238,sft_train,numeric_equation,ba_dc_addition_ba_dc_len3,synthetic,false,train_only
syn_ne_ba_dc_add_len3_xplusyplus1_0240,sft_train,numeric_equation,ba_dc_addition_ba_dc_len3,synthetic,false,train_only
syn_ne_ba_dc_add_len3_xplusyplus1_0242,sft_train,numeric_equation,ba_dc_addition_ba_dc_len3,synthetic,false,train_only
syn_ne_ba_dc_add_len3_xplusyplus1_0250,sft_train,numeric_equation,ba_dc_addition_ba_dc_len3,synthetic,false,train_only
syn_ne_ba_dc_add_mix_xplusy_0004,sft_train,numeric_equation,ba_dc_addition_ba_dc_mix,synthetic,false,train_only
syn_ne_ba_dc_add_mix_xplusy_0006,sft_train,numeric_equation,ba_dc_addition_ba_dc_mix,synthetic,false,train_only
syn_ne_ba_dc_add_mix_xplusy_0010,sft_train,numeric_equation,ba_dc_addition_ba_dc_mix,synthetic,false,train_only
syn_ne_ba_dc_add_mix_xplusy_0011,sft_train,numeric_equation,ba_dc_addition_ba_dc_mix,synthetic,false,train_only
syn_ne_ba_dc_add_mix_xplusy_0012,sft_train,numeric_equation,ba_dc_addition_ba_dc_mix,synthetic,false,train_only
syn_ne_ba_dc_add_mix_xplusy_0013,sft_train,numeric_equation,ba_dc_addition_ba_dc_mix,synthetic,false,train_only
syn_ne_ba_dc_add_mix_xplusy_0018,sft_train,numeric_equation,ba_dc_addition_ba_dc_mix,synthetic,false,train_only
syn_ne_ba_dc_add_mix_xplusy_0022,sft_train,numeric_equation,ba_dc_addition_ba_dc_mix,synthetic,false,train_only
syn_ne_ba_dc_add_mix_xplusy_0024,sft_train,numeric_equation,ba_dc_addition_ba_dc_mix,synthetic,false,train_only
syn_ne_ba_dc_add_mix_xplusy_0027,sft_train,numeric_equation,ba_dc_addition_ba_dc_mix,synthetic,false,train_only
syn_ne_ba_dc_add_mix_xplusy_0029,sft_train,numeric_equation,ba_dc_addition_ba_dc_mix,synthetic,false,train_only
syn_ne_ba_dc_add_mix_xplusy_0033,sft_train,numeric_equation,ba_dc_addition_ba_dc_mix,synthetic,false,train_only
syn_ne_ba_dc_add_mix_xplusy_0036,sft_train,numeric_equation,ba_dc_addition_ba_dc_mix,synthetic,false,train_only
syn_ne_ba_dc_add_mix_xplusy_0041,sft_train,numeric_equation,ba_dc_addition_ba_dc_mix,synthetic,false,train_only
syn_ne_ba_dc_add_mix_xplusy_0043,sft_train,numeric_equation,ba_dc_addition_ba_dc_mix,synthetic,false,train_only
syn_ne_ba_dc_add_mix_xplusy_0045,sft_train,numeric_equation,ba_dc_addition_ba_dc_mix,synthetic,false,train_only
syn_ne_ba_dc_add_mix_xplusy_0046,sft_train,numeric_equation,ba_dc_addition_ba_dc_mix,synthetic,false,train_only
syn_ne_ba_dc_add_mix_xplusy_0047,sft_train,numeric_equation,ba_dc_addition_ba_dc_mix,synthetic,false,train_only
syn_ne_ba_dc_add_mix_xplusy_0049,sft_train,numeric_equation,ba_dc_addition_ba_dc_mix,synthetic,false,train_only
syn_ne_ba_dc_add_mix_xplusy_0062,sft_train,numeric_equation,ba_dc_addition_ba_dc_mix,synthetic,false,train_only
syn_ne_ba_dc_add_mix_xplusy_0064,sft_train,numeric_equation,ba_dc_addition_ba_dc_mix,synthetic,false,train_only
syn_ne_ba_dc_add_mix_xplusy_0068,sft_train,numeric_equation,ba_dc_addition_ba_dc_mix,synthetic,false,train_only
syn_ne_ba_dc_add_mix_xplusy_0069,sft_train,numeric_equation,ba_dc_addition_ba_dc_mix,synthetic,false,train_only
syn_ne_ba_dc_add_mix_xplusy_0071,sft_train,numeric_equation,ba_dc_addition_ba_dc_mix,synthetic,false,train_only
syn_ne_ba_dc_add_mix_xplusy_0075,sft_train,numeric_equation,ba_dc_addition_ba_dc_mix,synthetic,false,train_only
syn_ne_ba_dc_add_mix_xplusy_0080,sft_train,numeric_equation,ba_dc_addition_ba_dc_mix,synthetic,false,train_only
syn_ne_ba_dc_add_mix_xplusy_0081,sft_train,numeric_equation,ba_dc_addition_ba_dc_mix,synthetic,false,train_only
syn_ne_ba_dc_add_mix_xplusy_0083,sft_train,numeric_equation,ba_dc_addition_ba_dc_mix,synthetic,false,train_only
syn_ne_ba_dc_add_mix_xplusy_0091,sft_train,numeric_equation,ba_dc_addition_ba_dc_mix,synthetic,false,train_only
syn_ne_ba_dc_add_mix_xplusy_0092,sft_train,numeric_equation,ba_dc_addition_ba_dc_mix,synthetic,false,train_only
syn_ne_ba_dc_add_mix_xplusy_0094,sft_train,numeric_equation,ba_dc_addition_ba_dc_mix,synthetic,false,train_only
syn_ne_ba_dc_add_mix_xplusy_0097,sft_train,numeric_equation,ba_dc_addition_ba_dc_mix,synthetic,false,train_only
syn_ne_ba_dc_add_mix_xplusy_0098,sft_train,numeric_equation,ba_dc_addition_ba_dc_mix,synthetic,false,train_only
syn_ne_ba_dc_add_mix_xplusy_0102,sft_train,numeric_equation,ba_dc_addition_ba_dc_mix,synthetic,false,train_only
syn_ne_ba_dc_add_mix_xplusy_0106,sft_train,numeric_equation,ba_dc_addition_ba_dc_mix,synthetic,false,train_only
syn_ne_ba_dc_add_mix_xplusy_0108,sft_train,numeric_equation,ba_dc_addition_ba_dc_mix,synthetic,false,train_only
syn_ne_ba_dc_add_mix_xplusy_0112,sft_train,numeric_equation,ba_dc_addition_ba_dc_mix,synthetic,false,train_only
syn_ne_ba_dc_add_mix_xplusy_0113,sft_train,numeric_equation,ba_dc_addition_ba_dc_mix,synthetic,false,train_only
syn_ne_ba_dc_add_mix_xplusy_0114,sft_train,numeric_equation,ba_dc_addition_ba_dc_mix,synthetic,false,train_only
syn_ne_ba_dc_add_mix_xplusy_0117,sft_train,numeric_equation,ba_dc_addition_ba_dc_mix,synthetic,false,train_only
syn_ne_ba_dc_add_mix_xplusy_0118,sft_train,numeric_equation,ba_dc_addition_ba_dc_mix,synthetic,false,train_only
syn_ne_ba_dc_add_mix_xplusy_0123,sft_train,numeric_equation,ba_dc_addition_ba_dc_mix,synthetic,false,train_only
syn_ne_ba_dc_add_mix_xplusyminus1_0001,sft_train,numeric_equation,ba_dc_addition_ba_dc_mix,synthetic,false,train_only
syn_ne_ba_dc_add_mix_xplusyminus1_0002,sft_train,numeric_equation,ba_dc_addition_ba_dc_mix,synthetic,false,train_only
syn_ne_ba_dc_add_mix_xplusyminus1_0009,sft_train,numeric_equation,ba_dc_addition_ba_dc_mix,synthetic,false,train_only
syn_ne_ba_dc_add_mix_xplusyminus1_0019,sft_train,numeric_equation,ba_dc_addition_ba_dc_mix,synthetic,false,train_only
syn_ne_ba_dc_add_mix_xplusyminus1_0020,sft_train,numeric_equation,ba_dc_addition_ba_dc_mix,synthetic,false,train_only
syn_ne_ba_dc_add_mix_xplusyminus1_0021,sft_train,numeric_equation,ba_dc_addition_ba_dc_mix,synthetic,false,train_only
syn_ne_ba_dc_add_mix_xplusyminus1_0023,sft_train,numeric_equation,ba_dc_addition_ba_dc_mix,synthetic,false,train_only
syn_ne_ba_dc_add_mix_xplusyminus1_0031,sft_train,numeric_equation,ba_dc_addition_ba_dc_mix,synthetic,false,train_only
syn_ne_ba_dc_add_mix_xplusyminus1_0034,sft_train,numeric_equation,ba_dc_addition_ba_dc_mix,synthetic,false,train_only
syn_ne_ba_dc_add_mix_xplusyminus1_0037,sft_train,numeric_equation,ba_dc_addition_ba_dc_mix,synthetic,false,train_only
syn_ne_ba_dc_add_mix_xplusyminus1_0042,sft_train,numeric_equation,ba_dc_addition_ba_dc_mix,synthetic,false,train_only
syn_ne_ba_dc_add_mix_xplusyminus1_0044,sft_train,numeric_equation,ba_dc_addition_ba_dc_mix,synthetic,false,train_only
syn_ne_ba_dc_add_mix_xplusyminus1_0048,sft_train,numeric_equation,ba_dc_addition_ba_dc_mix,synthetic,false,train_only
syn_ne_ba_dc_add_mix_xplusyminus1_0051,sft_train,numeric_equation,ba_dc_addition_ba_dc_mix,synthetic,false,train_only
syn_ne_ba_dc_add_mix_xplusyminus1_0054,sft_train,numeric_equation,ba_dc_addition_ba_dc_mix,synthetic,false,train_only
syn_ne_ba_dc_add_mix_xplusyminus1_0056,sft_train,numeric_equation,ba_dc_addition_ba_dc_mix,synthetic,false,train_only
syn_ne_ba_dc_add_mix_xplusyminus1_0057,sft_train,numeric_equation,ba_dc_addition_ba_dc_mix,synthetic,false,train_only
syn_ne_ba_dc_add_mix_xplusyminus1_0058,sft_train,numeric_equation,ba_dc_addition_ba_dc_mix,synthetic,false,train_only
syn_ne_ba_dc_add_mix_xplusyminus1_0059,sft_train,numeric_equation,ba_dc_addition_ba_dc_mix,synthetic,false,train_only
syn_ne_ba_dc_add_mix_xplusyminus1_0063,sft_train,numeric_equation,ba_dc_addition_ba_dc_mix,synthetic,false,train_only
syn_ne_ba_dc_add_mix_xplusyminus1_0065,sft_train,numeric_equation,ba_dc_addition_ba_dc_mix,synthetic,false,train_only
syn_ne_ba_dc_add_mix_xplusyminus1_0066,sft_train,numeric_equation,ba_dc_addition_ba_dc_mix,synthetic,false,train_only
syn_ne_ba_dc_add_mix_xplusyminus1_0067,sft_train,numeric_equation,ba_dc_addition_ba_dc_mix,synthetic,false,train_only
syn_ne_ba_dc_add_mix_xplusyminus1_0072,sft_train,numeric_equation,ba_dc_addition_ba_dc_mix,synthetic,false,train_only
syn_ne_ba_dc_add_mix_xplusyminus1_0073,sft_train,numeric_equation,ba_dc_addition_ba_dc_mix,synthetic,false,train_only
syn_ne_ba_dc_add_mix_xplusyminus1_0076,sft_train,numeric_equation,ba_dc_addition_ba_dc_mix,synthetic,false,train_only
syn_ne_ba_dc_add_mix_xplusyminus1_0078,sft_train,numeric_equation,ba_dc_addition_ba_dc_mix,synthetic,false,train_only
syn_ne_ba_dc_add_mix_xplusyminus1_0079,sft_train,numeric_equation,ba_dc_addition_ba_dc_mix,synthetic,false,train_only
syn_ne_ba_dc_add_mix_xplusyminus1_0084,sft_train,numeric_equation,ba_dc_addition_ba_dc_mix,synthetic,false,train_only
syn_ne_ba_dc_add_mix_xplusyminus1_0086,sft_train,numeric_equation,ba_dc_addition_ba_dc_mix,synthetic,false,train_only
syn_ne_ba_dc_add_mix_xplusyminus1_0087,sft_train,numeric_equation,ba_dc_addition_ba_dc_mix,synthetic,false,train_only
syn_ne_ba_dc_add_mix_xplusyminus1_0090,sft_train,numeric_equation,ba_dc_addition_ba_dc_mix,synthetic,false,train_only
syn_ne_ba_dc_add_mix_xplusyminus1_0093,sft_train,numeric_equation,ba_dc_addition_ba_dc_mix,synthetic,false,train_only
syn_ne_ba_dc_add_mix_xplusyminus1_0096,sft_train,numeric_equation,ba_dc_addition_ba_dc_mix,synthetic,false,train_only
syn_ne_ba_dc_add_mix_xplusyminus1_0101,sft_train,numeric_equation,ba_dc_addition_ba_dc_mix,synthetic,false,train_only
syn_ne_ba_dc_add_mix_xplusyminus1_0105,sft_train,numeric_equation,ba_dc_addition_ba_dc_mix,synthetic,false,train_only
syn_ne_ba_dc_add_mix_xplusyminus1_0110,sft_train,numeric_equation,ba_dc_addition_ba_dc_mix,synthetic,false,train_only
syn_ne_ba_dc_add_mix_xplusyminus1_0111,sft_train,numeric_equation,ba_dc_addition_ba_dc_mix,synthetic,false,train_only
syn_ne_ba_dc_add_mix_xplusyminus1_0115,sft_train,numeric_equation,ba_dc_addition_ba_dc_mix,synthetic,false,train_only
syn_ne_ba_dc_add_mix_xplusyminus1_0116,sft_train,numeric_equation,ba_dc_addition_ba_dc_mix,synthetic,false,train_only
syn_ne_ba_dc_add_mix_xplusyminus1_0122,sft_train,numeric_equation,ba_dc_addition_ba_dc_mix,synthetic,false,train_only
syn_ne_ba_dc_add_mix_xplusyminus1_0124,sft_train,numeric_equation,ba_dc_addition_ba_dc_mix,synthetic,false,train_only
syn_ne_ba_dc_add_mix_xplusyplus1_0003,sft_train,numeric_equation,ba_dc_addition_ba_dc_mix,synthetic,false,train_only
syn_ne_ba_dc_add_mix_xplusyplus1_0005,sft_train,numeric_equation,ba_dc_addition_ba_dc_mix,synthetic,false,train_only
syn_ne_ba_dc_add_mix_xplusyplus1_0007,sft_train,numeric_equation,ba_dc_addition_ba_dc_mix,synthetic,false,train_only
syn_ne_ba_dc_add_mix_xplusyplus1_0008,sft_train,numeric_equation,ba_dc_addition_ba_dc_mix,synthetic,false,train_only
syn_ne_ba_dc_add_mix_xplusyplus1_0014,sft_train,numeric_equation,ba_dc_addition_ba_dc_mix,synthetic,false,train_only
syn_ne_ba_dc_add_mix_xplusyplus1_0015,sft_train,numeric_equation,ba_dc_addition_ba_dc_mix,synthetic,false,train_only
syn_ne_ba_dc_add_mix_xplusyplus1_0016,sft_train,numeric_equation,ba_dc_addition_ba_dc_mix,synthetic,false,train_only
syn_ne_ba_dc_add_mix_xplusyplus1_0017,sft_train,numeric_equation,ba_dc_addition_ba_dc_mix,synthetic,false,train_only
syn_ne_ba_dc_add_mix_xplusyplus1_0025,sft_train,numeric_equation,ba_dc_addition_ba_dc_mix,synthetic,false,train_only
syn_ne_ba_dc_add_mix_xplusyplus1_0026,sft_train,numeric_equation,ba_dc_addition_ba_dc_mix,synthetic,false,train_only
syn_ne_ba_dc_add_mix_xplusyplus1_0028,sft_train,numeric_equation,ba_dc_addition_ba_dc_mix,synthetic,false,train_only
syn_ne_ba_dc_add_mix_xplusyplus1_0030,sft_train,numeric_equation,ba_dc_addition_ba_dc_mix,synthetic,false,train_only
syn_ne_ba_dc_add_mix_xplusyplus1_0032,sft_train,numeric_equation,ba_dc_addition_ba_dc_mix,synthetic,false,train_only
syn_ne_ba_dc_add_mix_xplusyplus1_0035,sft_train,numeric_equation,ba_dc_addition_ba_dc_mix,synthetic,false,train_only
syn_ne_ba_dc_add_mix_xplusyplus1_0038,sft_train,numeric_equation,ba_dc_addition_ba_dc_mix,synthetic,false,train_only
syn_ne_ba_dc_add_mix_xplusyplus1_0039,sft_train,numeric_equation,ba_dc_addition_ba_dc_mix,synthetic,false,train_only
syn_ne_ba_dc_add_mix_xplusyplus1_0040,sft_train,numeric_equation,ba_dc_addition_ba_dc_mix,synthetic,false,train_only
syn_ne_ba_dc_add_mix_xplusyplus1_0050,sft_train,numeric_equation,ba_dc_addition_ba_dc_mix,synthetic,false,train_only
syn_ne_ba_dc_add_mix_xplusyplus1_0052,sft_train,numeric_equation,ba_dc_addition_ba_dc_mix,synthetic,false,train_only
syn_ne_ba_dc_add_mix_xplusyplus1_0053,sft_train,numeric_equation,ba_dc_addition_ba_dc_mix,synthetic,false,train_only
syn_ne_ba_dc_add_mix_xplusyplus1_0055,sft_train,numeric_equation,ba_dc_addition_ba_dc_mix,synthetic,false,train_only
syn_ne_ba_dc_add_mix_xplusyplus1_0060,sft_train,numeric_equation,ba_dc_addition_ba_dc_mix,synthetic,false,train_only
syn_ne_ba_dc_add_mix_xplusyplus1_0061,sft_train,numeric_equation,ba_dc_addition_ba_dc_mix,synthetic,false,train_only
syn_ne_ba_dc_add_mix_xplusyplus1_0070,sft_train,numeric_equation,ba_dc_addition_ba_dc_mix,synthetic,false,train_only
syn_ne_ba_dc_add_mix_xplusyplus1_0074,sft_train,numeric_equation,ba_dc_addition_ba_dc_mix,synthetic,false,train_only
syn_ne_ba_dc_add_mix_xplusyplus1_0077,sft_train,numeric_equation,ba_dc_addition_ba_dc_mix,synthetic,false,train_only
syn_ne_ba_dc_add_mix_xplusyplus1_0082,sft_train,numeric_equation,ba_dc_addition_ba_dc_mix,synthetic,false,train_only
syn_ne_ba_dc_add_mix_xplusyplus1_0085,sft_train,numeric_equation,ba_dc_addition_ba_dc_mix,synthetic,false,train_only
syn_ne_ba_dc_add_mix_xplusyplus1_0088,sft_train,numeric_equation,ba_dc_addition_ba_dc_mix,synthetic,false,train_only
syn_ne_ba_dc_add_mix_xplusyplus1_0089,sft_train,numeric_equation,ba_dc_addition_ba_dc_mix,synthetic,false,train_only
syn_ne_ba_dc_add_mix_xplusyplus1_0095,sft_train,numeric_equation,ba_dc_addition_ba_dc_mix,synthetic,false,train_only
syn_ne_ba_dc_add_mix_xplusyplus1_0099,sft_train,numeric_equation,ba_dc_addition_ba_dc_mix,synthetic,false,train_only
syn_ne_ba_dc_add_mix_xplusyplus1_0100,sft_train,numeric_equation,ba_dc_addition_ba_dc_mix,synthetic,false,train_only
syn_ne_ba_dc_add_mix_xplusyplus1_0103,sft_train,numeric_equation,ba_dc_addition_ba_dc_mix,synthetic,false,train_only
syn_ne_ba_dc_add_mix_xplusyplus1_0104,sft_train,numeric_equation,ba_dc_addition_ba_dc_mix,synthetic,false,train_only
syn_ne_ba_dc_add_mix_xplusyplus1_0107,sft_train,numeric_equation,ba_dc_addition_ba_dc_mix,synthetic,false,train_only
syn_ne_ba_dc_add_mix_xplusyplus1_0109,sft_train,numeric_equation,ba_dc_addition_ba_dc_mix,synthetic,false,train_only
syn_ne_ba_dc_add_mix_xplusyplus1_0119,sft_train,numeric_equation,ba_dc_addition_ba_dc_mix,synthetic,false,train_only
syn_ne_ba_dc_add_mix_xplusyplus1_0120,sft_train,numeric_equation,ba_dc_addition_ba_dc_mix,synthetic,false,train_only
syn_ne_ba_dc_add_mix_xplusyplus1_0121,sft_train,numeric_equation,ba_dc_addition_ba_dc_mix,synthetic,false,train_only
syn_ne_ba_dc_add_mix_xplusyplus1_0125,sft_train,numeric_equation,ba_dc_addition_ba_dc_mix,synthetic,false,train_only
syn_ne_ba_dc_mul_xmuly_0001,sft_train,numeric_equation,ba_dc_multiplication_ba_dc_mul,synthetic,false,train_only
syn_ne_ba_dc_mul_xmuly_0002,sft_train,numeric_equation,ba_dc_multiplication_ba_dc_mul,synthetic,false,train_only
syn_ne_ba_dc_mul_xmuly_0003,sft_train,numeric_equation,ba_dc_multiplication_ba_dc_mul,synthetic,false,train_only
syn_ne_ba_dc_mul_xmuly_0004,sft_train,numeric_equation,ba_dc_multiplication_ba_dc_mul,synthetic,false,train_only
syn_ne_ba_dc_mul_xmuly_0005,sft_train,numeric_equation,ba_dc_multiplication_ba_dc_mul,synthetic,false,train_only
syn_ne_ba_dc_mul_xmuly_0006,sft_train,numeric_equation,ba_dc_multiplication_ba_dc_mul,synthetic,false,train_only
syn_ne_ba_dc_mul_xmuly_0007,sft_train,numeric_equation,ba_dc_multiplication_ba_dc_mul,synthetic,false,train_only
syn_ne_ba_dc_mul_xmuly_0008,sft_train,numeric_equation,ba_dc_multiplication_ba_dc_mul,synthetic,false,train_only
syn_ne_ba_dc_mul_xmuly_0009,sft_train,numeric_equation,ba_dc_multiplication_ba_dc_mul,synthetic,false,train_only
syn_ne_ba_dc_mul_xmuly_0010,sft_train,numeric_equation,ba_dc_multiplication_ba_dc_mul,synthetic,false,train_only
syn_ne_ba_dc_mul_xmuly_0011,sft_train,numeric_equation,ba_dc_multiplication_ba_dc_mul,synthetic,false,train_only
syn_ne_ba_dc_mul_xmuly_0012,sft_train,numeric_equation,ba_dc_multiplication_ba_dc_mul,synthetic,false,train_only
syn_ne_ba_dc_mul_xmuly_0013,sft_train,numeric_equation,ba_dc_multiplication_ba_dc_mul,synthetic,false,train_only
syn_ne_ba_dc_mul_xmuly_0014,sft_train,numeric_equation,ba_dc_multiplication_ba_dc_mul,synthetic,false,train_only
syn_ne_ba_dc_mul_xmuly_0015,sft_train,numeric_equation,ba_dc_multiplication_ba_dc_mul,synthetic,false,train_only
syn_ne_ba_dc_mul_xmuly_0016,sft_train,numeric_equation,ba_dc_multiplication_ba_dc_mul,synthetic,false,train_only
syn_ne_ba_dc_mul_xmuly_0017,sft_train,numeric_equation,ba_dc_multiplication_ba_dc_mul,synthetic,false,train_only
syn_ne_ba_dc_mul_xmuly_0018,sft_train,numeric_equation,ba_dc_multiplication_ba_dc_mul,synthetic,false,train_only
syn_ne_ba_dc_mul_xmuly_0019,sft_train,numeric_equation,ba_dc_multiplication_ba_dc_mul,synthetic,false,train_only
syn_ne_ba_dc_mul_xmuly_0020,sft_train,numeric_equation,ba_dc_multiplication_ba_dc_mul,synthetic,false,train_only
syn_ne_ba_dc_mul_xmuly_0021,sft_train,numeric_equation,ba_dc_multiplication_ba_dc_mul,synthetic,false,train_only
syn_ne_ba_dc_mul_xmuly_0022,sft_train,numeric_equation,ba_dc_multiplication_ba_dc_mul,synthetic,false,train_only
syn_ne_ba_dc_mul_xmuly_0023,sft_train,numeric_equation,ba_dc_multiplication_ba_dc_mul,synthetic,false,train_only
syn_ne_ba_dc_mul_xmuly_0024,sft_train,numeric_equation,ba_dc_multiplication_ba_dc_mul,synthetic,false,train_only
syn_ne_ba_dc_mul_xmuly_0025,sft_train,numeric_equation,ba_dc_multiplication_ba_dc_mul,synthetic,false,train_only
syn_ne_ba_dc_mul_xmuly_0026,sft_train,numeric_equation,ba_dc_multiplication_ba_dc_mul,synthetic,false,train_only
syn_ne_ba_dc_mul_xmuly_0027,sft_train,numeric_equation,ba_dc_multiplication_ba_dc_mul,synthetic,false,train_only
syn_ne_ba_dc_mul_xmuly_0028,sft_train,numeric_equation,ba_dc_multiplication_ba_dc_mul,synthetic,false,train_only
syn_ne_ba_dc_mul_xmuly_0029,sft_train,numeric_equation,ba_dc_multiplication_ba_dc_mul,synthetic,false,train_only
syn_ne_ba_dc_mul_xmuly_0030,sft_train,numeric_equation,ba_dc_multiplication_ba_dc_mul,synthetic,false,train_only
syn_ne_ba_dc_mul_xmuly_0031,sft_train,numeric_equation,ba_dc_multiplication_ba_dc_mul,synthetic,false,train_only
syn_ne_ba_dc_mul_xmuly_0032,sft_train,numeric_equation,ba_dc_multiplication_ba_dc_mul,synthetic,false,train_only
syn_ne_ba_dc_mul_xmuly_0033,sft_train,numeric_equation,ba_dc_multiplication_ba_dc_mul,synthetic,false,train_only
syn_ne_ba_dc_mul_xmuly_0034,sft_train,numeric_equation,ba_dc_multiplication_ba_dc_mul,synthetic,false,train_only
syn_ne_ba_dc_mul_xmuly_0035,sft_train,numeric_equation,ba_dc_multiplication_ba_dc_mul,synthetic,false,train_only
syn_ne_ba_dc_mul_xmuly_0036,sft_train,numeric_equation,ba_dc_multiplication_ba_dc_mul,synthetic,false,train_only
syn_ne_ba_dc_mul_xmuly_0037,sft_train,numeric_equation,ba_dc_multiplication_ba_dc_mul,synthetic,false,train_only
syn_ne_ba_dc_mul_xmuly_0038,sft_train,numeric_equation,ba_dc_multiplication_ba_dc_mul,synthetic,false,train_only
syn_ne_ba_dc_mul_xmuly_0039,sft_train,numeric_equation,ba_dc_multiplication_ba_dc_mul,synthetic,false,train_only
syn_ne_ba_dc_mul_xmuly_0040,sft_train,numeric_equation,ba_dc_multiplication_ba_dc_mul,synthetic,false,train_only
syn_ne_ba_dc_mul_xmuly_0041,sft_train,numeric_equation,ba_dc_multiplication_ba_dc_mul,synthetic,false,train_only
syn_ne_ba_dc_mul_xmuly_0042,sft_train,numeric_equation,ba_dc_multiplication_ba_dc_mul,synthetic,false,train_only
syn_ne_ba_dc_mul_xmuly_0043,sft_train,numeric_equation,ba_dc_multiplication_ba_dc_mul,synthetic,false,train_only
syn_ne_ba_dc_mul_xmuly_0044,sft_train,numeric_equation,ba_dc_multiplication_ba_dc_mul,synthetic,false,train_only
syn_ne_ba_dc_mul_xmuly_0045,sft_train,numeric_equation,ba_dc_multiplication_ba_dc_mul,synthetic,false,train_only
syn_ne_ba_dc_mul_xmuly_0046,sft_train,numeric_equation,ba_dc_multiplication_ba_dc_mul,synthetic,false,train_only
syn_ne_ba_dc_mul_xmuly_0047,sft_train,numeric_equation,ba_dc_multiplication_ba_dc_mul,synthetic,false,train_only
syn_ne_ba_dc_mul_xmuly_0048,sft_train,numeric_equation,ba_dc_multiplication_ba_dc_mul,synthetic,false,train_only
syn_ne_ba_dc_mul_xmuly_0049,sft_train,numeric_equation,ba_dc_multiplication_ba_dc_mul,synthetic,false,train_only
syn_ne_ba_dc_mul_xmuly_0050,sft_train,numeric_equation,ba_dc_multiplication_ba_dc_mul,synthetic,false,train_only
syn_ne_ba_dc_mul_xmuly_0051,sft_train,numeric_equation,ba_dc_multiplication_ba_dc_mul,synthetic,false,train_only
syn_ne_ba_dc_mul_xmuly_0052,sft_train,numeric_equation,ba_dc_multiplication_ba_dc_mul,synthetic,false,train_only
syn_ne_ba_dc_mul_xmuly_0053,sft_train,numeric_equation,ba_dc_multiplication_ba_dc_mul,synthetic,false,train_only
syn_ne_ba_dc_mul_xmuly_0054,sft_train,numeric_equation,ba_dc_multiplication_ba_dc_mul,synthetic,false,train_only
syn_ne_ba_dc_mul_xmuly_0055,sft_train,numeric_equation,ba_dc_multiplication_ba_dc_mul,synthetic,false,train_only
syn_ne_ba_dc_mul_xmuly_0056,sft_train,numeric_equation,ba_dc_multiplication_ba_dc_mul,synthetic,false,train_only
syn_ne_ba_dc_mul_xmuly_0057,sft_train,numeric_equation,ba_dc_multiplication_ba_dc_mul,synthetic,false,train_only
syn_ne_ba_dc_mul_xmuly_0058,sft_train,numeric_equation,ba_dc_multiplication_ba_dc_mul,synthetic,false,train_only
syn_ne_ba_dc_mul_xmuly_0059,sft_train,numeric_equation,ba_dc_multiplication_ba_dc_mul,synthetic,false,train_only
syn_ne_ba_dc_mul_xmuly_0060,sft_train,numeric_equation,ba_dc_multiplication_ba_dc_mul,synthetic,false,train_only
syn_ne_ba_dc_mul_xmuly_0061,sft_train,numeric_equation,ba_dc_multiplication_ba_dc_mul,synthetic,false,train_only
syn_ne_ba_dc_mul_xmuly_0062,sft_train,numeric_equation,ba_dc_multiplication_ba_dc_mul,synthetic,false,train_only
syn_ne_ba_dc_mul_xmuly_0063,sft_train,numeric_equation,ba_dc_multiplication_ba_dc_mul,synthetic,false,train_only
syn_ne_ba_dc_mul_xmuly_0064,sft_train,numeric_equation,ba_dc_multiplication_ba_dc_mul,synthetic,false,train_only
syn_ne_ba_dc_mul_xmuly_0065,sft_train,numeric_equation,ba_dc_multiplication_ba_dc_mul,synthetic,false,train_only
syn_ne_ba_dc_mul_xmuly_0066,sft_train,numeric_equation,ba_dc_multiplication_ba_dc_mul,synthetic,false,train_only
syn_ne_ba_dc_mul_xmuly_0067,sft_train,numeric_equation,ba_dc_multiplication_ba_dc_mul,synthetic,false,train_only
syn_ne_ba_dc_mul_xmuly_0068,sft_train,numeric_equation,ba_dc_multiplication_ba_dc_mul,synthetic,false,train_only
syn_ne_ba_dc_mul_xmuly_0069,sft_train,numeric_equation,ba_dc_multiplication_ba_dc_mul,synthetic,false,train_only
syn_ne_ba_dc_mul_xmuly_0070,sft_train,numeric_equation,ba_dc_multiplication_ba_dc_mul,synthetic,false,train_only
syn_ne_ba_dc_mul_xmuly_0071,sft_train,numeric_equation,ba_dc_multiplication_ba_dc_mul,synthetic,false,train_only
syn_ne_ba_dc_mul_xmuly_0072,sft_train,numeric_equation,ba_dc_multiplication_ba_dc_mul,synthetic,false,train_only
syn_ne_ba_dc_mul_xmuly_0073,sft_train,numeric_equation,ba_dc_multiplication_ba_dc_mul,synthetic,false,train_only
syn_ne_ba_dc_mul_xmuly_0074,sft_train,numeric_equation,ba_dc_multiplication_ba_dc_mul,synthetic,false,train_only
syn_ne_ba_dc_mul_xmuly_0075,sft_train,numeric_equation,ba_dc_multiplication_ba_dc_mul,synthetic,false,train_only
syn_ne_ba_dc_mul_xmuly_0076,sft_train,numeric_equation,ba_dc_multiplication_ba_dc_mul,synthetic,false,train_only
syn_ne_ba_dc_mul_xmuly_0077,sft_train,numeric_equation,ba_dc_multiplication_ba_dc_mul,synthetic,false,train_only
syn_ne_ba_dc_mul_xmuly_0078,sft_train,numeric_equation,ba_dc_multiplication_ba_dc_mul,synthetic,false,train_only
syn_ne_ba_dc_mul_xmuly_0079,sft_train,numeric_equation,ba_dc_multiplication_ba_dc_mul,synthetic,false,train_only
syn_ne_ba_dc_mul_xmuly_0080,sft_train,numeric_equation,ba_dc_multiplication_ba_dc_mul,synthetic,false,train_only
syn_ne_ba_dc_mul_xmuly_0081,sft_train,numeric_equation,ba_dc_multiplication_ba_dc_mul,synthetic,false,train_only
syn_ne_ba_dc_mul_xmuly_0082,sft_train,numeric_equation,ba_dc_multiplication_ba_dc_mul,synthetic,false,train_only
syn_ne_ba_dc_mul_xmuly_0083,sft_train,numeric_equation,ba_dc_multiplication_ba_dc_mul,synthetic,false,train_only
syn_ne_ba_dc_mul_xmuly_0084,sft_train,numeric_equation,ba_dc_multiplication_ba_dc_mul,synthetic,false,train_only
syn_ne_ba_dc_mul_xmuly_0085,sft_train,numeric_equation,ba_dc_multiplication_ba_dc_mul,synthetic,false,train_only
syn_ne_ba_dc_mul_xmuly_0086,sft_train,numeric_equation,ba_dc_multiplication_ba_dc_mul,synthetic,false,train_only
syn_ne_ba_dc_mul_xmuly_0087,sft_train,numeric_equation,ba_dc_multiplication_ba_dc_mul,synthetic,false,train_only
syn_ne_ba_dc_mul_xmuly_0088,sft_train,numeric_equation,ba_dc_multiplication_ba_dc_mul,synthetic,false,train_only
syn_ne_ba_dc_mul_xmuly_0089,sft_train,numeric_equation,ba_dc_multiplication_ba_dc_mul,synthetic,false,train_only
syn_ne_ba_dc_mul_xmuly_0090,sft_train,numeric_equation,ba_dc_multiplication_ba_dc_mul,synthetic,false,train_only
syn_ne_ba_dc_mul_xmuly_0091,sft_train,numeric_equation,ba_dc_multiplication_ba_dc_mul,synthetic,false,train_only
syn_ne_ba_dc_mul_xmuly_0092,sft_train,numeric_equation,ba_dc_multiplication_ba_dc_mul,synthetic,false,train_only
syn_ne_ba_dc_mul_xmuly_0093,sft_train,numeric_equation,ba_dc_multiplication_ba_dc_mul,synthetic,false,train_only
syn_ne_ba_dc_mul_xmuly_0094,sft_train,numeric_equation,ba_dc_multiplication_ba_dc_mul,synthetic,false,train_only
syn_ne_ba_dc_mul_xmuly_0095,sft_train,numeric_equation,ba_dc_multiplication_ba_dc_mul,synthetic,false,train_only
syn_ne_ba_dc_mul_xmuly_0096,sft_train,numeric_equation,ba_dc_multiplication_ba_dc_mul,synthetic,false,train_only
syn_ne_ba_dc_mul_xmuly_0097,sft_train,numeric_equation,ba_dc_multiplication_ba_dc_mul,synthetic,false,train_only
syn_ne_ba_dc_mul_xmuly_0098,sft_train,numeric_equation,ba_dc_multiplication_ba_dc_mul,synthetic,false,train_only
syn_ne_ba_dc_mul_xmuly_0099,sft_train,numeric_equation,ba_dc_multiplication_ba_dc_mul,synthetic,false,train_only
syn_ne_ba_dc_mul_xmuly_0100,sft_train,numeric_equation,ba_dc_multiplication_ba_dc_mul,synthetic,false,train_only
syn_ne_ba_dc_mul_xmuly_0101,sft_train,numeric_equation,ba_dc_multiplication_ba_dc_mul,synthetic,false,train_only
syn_ne_ba_dc_mul_xmuly_0102,sft_train,numeric_equation,ba_dc_multiplication_ba_dc_mul,synthetic,false,train_only
syn_ne_ba_dc_mul_xmuly_0103,sft_train,numeric_equation,ba_dc_multiplication_ba_dc_mul,synthetic,false,train_only
syn_ne_ba_dc_mul_xmuly_0104,sft_train,numeric_equation,ba_dc_multiplication_ba_dc_mul,synthetic,false,train_only
syn_ne_ba_dc_mul_xmuly_0105,sft_train,numeric_equation,ba_dc_multiplication_ba_dc_mul,synthetic,false,train_only
syn_ne_ba_dc_mul_xmuly_0106,sft_train,numeric_equation,ba_dc_multiplication_ba_dc_mul,synthetic,false,train_only
syn_ne_ba_dc_mul_xmuly_0107,sft_train,numeric_equation,ba_dc_multiplication_ba_dc_mul,synthetic,false,train_only
syn_ne_ba_dc_mul_xmuly_0108,sft_train,numeric_equation,ba_dc_multiplication_ba_dc_mul,synthetic,false,train_only
syn_ne_ba_dc_mul_xmuly_0109,sft_train,numeric_equation,ba_dc_multiplication_ba_dc_mul,synthetic,false,train_only
syn_ne_ba_dc_mul_xmuly_0110,sft_train,numeric_equation,ba_dc_multiplication_ba_dc_mul,synthetic,false,train_only
syn_ne_ba_dc_mul_xmuly_0111,sft_train,numeric_equation,ba_dc_multiplication_ba_dc_mul,synthetic,false,train_only
syn_ne_ba_dc_mul_xmuly_0112,sft_train,numeric_equation,ba_dc_multiplication_ba_dc_mul,synthetic,false,train_only
syn_ne_ba_dc_mul_xmuly_0113,sft_train,numeric_equation,ba_dc_multiplication_ba_dc_mul,synthetic,false,train_only
syn_ne_ba_dc_mul_xmuly_0114,sft_train,numeric_equation,ba_dc_multiplication_ba_dc_mul,synthetic,false,train_only
syn_ne_ba_dc_mul_xmuly_0115,sft_train,numeric_equation,ba_dc_multiplication_ba_dc_mul,synthetic,false,train_only
syn_ne_ba_dc_mul_xmuly_0116,sft_train,numeric_equation,ba_dc_multiplication_ba_dc_mul,synthetic,false,train_only
syn_ne_ba_dc_mul_xmuly_0117,sft_train,numeric_equation,ba_dc_multiplication_ba_dc_mul,synthetic,false,train_only
syn_ne_ba_dc_mul_xmuly_0118,sft_train,numeric_equation,ba_dc_multiplication_ba_dc_mul,synthetic,false,train_only
syn_ne_ba_dc_mul_xmuly_0119,sft_train,numeric_equation,ba_dc_multiplication_ba_dc_mul,synthetic,false,train_only
syn_ne_ba_dc_mul_xmuly_0120,sft_train,numeric_equation,ba_dc_multiplication_ba_dc_mul,synthetic,false,train_only
syn_ne_ba_dc_mul_xmuly_0121,sft_train,numeric_equation,ba_dc_multiplication_ba_dc_mul,synthetic,false,train_only
syn_ne_ba_dc_mul_xmuly_0122,sft_train,numeric_equation,ba_dc_multiplication_ba_dc_mul,synthetic,false,train_only
syn_ne_ba_dc_mul_xmuly_0123,sft_train,numeric_equation,ba_dc_multiplication_ba_dc_mul,synthetic,false,train_only
syn_ne_ba_dc_mul_xmuly_0124,sft_train,numeric_equation,ba_dc_multiplication_ba_dc_mul,synthetic,false,train_only
syn_ne_ba_dc_mul_xmuly_0125,sft_train,numeric_equation,ba_dc_multiplication_ba_dc_mul,synthetic,false,train_only
syn_ne_ba_dc_mul_xmuly_0126,sft_train,numeric_equation,ba_dc_multiplication_ba_dc_mul,synthetic,false,train_only
syn_ne_ba_dc_mul_xmuly_0127,sft_train,numeric_equation,ba_dc_multiplication_ba_dc_mul,synthetic,false,train_only
syn_ne_ba_dc_mul_xmuly_0128,sft_train,numeric_equation,ba_dc_multiplication_ba_dc_mul,synthetic,false,train_only
syn_ne_ba_dc_mul_xmuly_0129,sft_train,numeric_equation,ba_dc_multiplication_ba_dc_mul,synthetic,false,train_only
syn_ne_ba_dc_mul_xmuly_0130,sft_train,numeric_equation,ba_dc_multiplication_ba_dc_mul,synthetic,false,train_only
syn_ne_ba_dc_mul_xmuly_0131,sft_train,numeric_equation,ba_dc_multiplication_ba_dc_mul,synthetic,false,train_only
syn_ne_ba_dc_mul_xmuly_0132,sft_train,numeric_equation,ba_dc_multiplication_ba_dc_mul,synthetic,false,train_only
syn_ne_ba_dc_mul_xmuly_0133,sft_train,numeric_equation,ba_dc_multiplication_ba_dc_mul,synthetic,false,train_only
syn_ne_ba_dc_mul_xmuly_0134,sft_train,numeric_equation,ba_dc_multiplication_ba_dc_mul,synthetic,false,train_only
syn_ne_ba_dc_mul_xmuly_0135,sft_train,numeric_equation,ba_dc_multiplication_ba_dc_mul,synthetic,false,train_only
syn_ne_ba_dc_mul_xmuly_0136,sft_train,numeric_equation,ba_dc_multiplication_ba_dc_mul,synthetic,false,train_only
syn_ne_ba_dc_mul_xmuly_0137,sft_train,numeric_equation,ba_dc_multiplication_ba_dc_mul,synthetic,false,train_only
syn_ne_ba_dc_mul_xmuly_0138,sft_train,numeric_equation,ba_dc_multiplication_ba_dc_mul,synthetic,false,train_only
syn_ne_ba_dc_mul_xmuly_0139,sft_train,numeric_equation,ba_dc_multiplication_ba_dc_mul,synthetic,false,train_only
syn_ne_ba_dc_mul_xmuly_0140,sft_train,numeric_equation,ba_dc_multiplication_ba_dc_mul,synthetic,false,train_only
syn_ne_ba_dc_mul_xmuly_0141,sft_train,numeric_equation,ba_dc_multiplication_ba_dc_mul,synthetic,false,train_only
syn_ne_ba_dc_mul_xmuly_0142,sft_train,numeric_equation,ba_dc_multiplication_ba_dc_mul,synthetic,false,train_only
syn_ne_ba_dc_mul_xmuly_0143,sft_train,numeric_equation,ba_dc_multiplication_ba_dc_mul,synthetic,false,train_only
syn_ne_ba_dc_mul_xmuly_0144,sft_train,numeric_equation,ba_dc_multiplication_ba_dc_mul,synthetic,false,train_only
syn_ne_ba_dc_mul_xmuly_0145,sft_train,numeric_equation,ba_dc_multiplication_ba_dc_mul,synthetic,false,train_only
syn_ne_ba_dc_mul_xmuly_0146,sft_train,numeric_equation,ba_dc_multiplication_ba_dc_mul,synthetic,false,train_only
syn_ne_ba_dc_mul_xmuly_0147,sft_train,numeric_equation,ba_dc_multiplication_ba_dc_mul,synthetic,false,train_only
syn_ne_ba_dc_mul_xmuly_0148,sft_train,numeric_equation,ba_dc_multiplication_ba_dc_mul,synthetic,false,train_only
syn_ne_ba_dc_mul_xmuly_0149,sft_train,numeric_equation,ba_dc_multiplication_ba_dc_mul,synthetic,false,train_only
syn_ne_ba_dc_mul_xmuly_0150,sft_train,numeric_equation,ba_dc_multiplication_ba_dc_mul,synthetic,false,train_only
syn_ne_ba_dc_mul_xmuly_0151,sft_train,numeric_equation,ba_dc_multiplication_ba_dc_mul,synthetic,false,train_only
syn_ne_ba_dc_mul_xmuly_0152,sft_train,numeric_equation,ba_dc_multiplication_ba_dc_mul,synthetic,false,train_only
syn_ne_ba_dc_mul_xmuly_0153,sft_train,numeric_equation,ba_dc_multiplication_ba_dc_mul,synthetic,false,train_only
syn_ne_ba_dc_mul_xmuly_0154,sft_train,numeric_equation,ba_dc_multiplication_ba_dc_mul,synthetic,false,train_only
syn_ne_ba_dc_mul_xmuly_0155,sft_train,numeric_equation,ba_dc_multiplication_ba_dc_mul,synthetic,false,train_only
syn_ne_ba_dc_mul_xmuly_0156,sft_train,numeric_equation,ba_dc_multiplication_ba_dc_mul,synthetic,false,train_only
syn_ne_ba_dc_mul_xmuly_0157,sft_train,numeric_equation,ba_dc_multiplication_ba_dc_mul,synthetic,false,train_only
syn_ne_ba_dc_mul_xmuly_0158,sft_train,numeric_equation,ba_dc_multiplication_ba_dc_mul,synthetic,false,train_only
syn_ne_ba_dc_mul_xmuly_0159,sft_train,numeric_equation,ba_dc_multiplication_ba_dc_mul,synthetic,false,train_only
syn_ne_ba_dc_mul_xmuly_0160,sft_train,numeric_equation,ba_dc_multiplication_ba_dc_mul,synthetic,false,train_only
syn_ne_ba_dc_mul_xmuly_0161,sft_train,numeric_equation,ba_dc_multiplication_ba_dc_mul,synthetic,false,train_only
syn_ne_ba_dc_mul_xmuly_0162,sft_train,numeric_equation,ba_dc_multiplication_ba_dc_mul,synthetic,false,train_only
syn_ne_ba_dc_mul_xmuly_0163,sft_train,numeric_equation,ba_dc_multiplication_ba_dc_mul,synthetic,false,train_only
syn_ne_ba_dc_mul_xmuly_0164,sft_train,numeric_equation,ba_dc_multiplication_ba_dc_mul,synthetic,false,train_only
syn_ne_ba_dc_mul_xmuly_0165,sft_train,numeric_equation,ba_dc_multiplication_ba_dc_mul,synthetic,false,train_only
syn_ne_ba_dc_mul_xmuly_0166,sft_train,numeric_equation,ba_dc_multiplication_ba_dc_mul,synthetic,false,train_only
syn_ne_ba_dc_mul_xmuly_0167,sft_train,numeric_equation,ba_dc_multiplication_ba_dc_mul,synthetic,false,train_only
syn_ne_ba_dc_mul_xmuly_0168,sft_train,numeric_equation,ba_dc_multiplication_ba_dc_mul,synthetic,false,train_only
syn_ne_ba_dc_mul_xmuly_0169,sft_train,numeric_equation,ba_dc_multiplication_ba_dc_mul,synthetic,false,train_only
syn_ne_ba_dc_mul_xmuly_0170,sft_train,numeric_equation,ba_dc_multiplication_ba_dc_mul,synthetic,false,train_only
syn_ne_ba_dc_mul_xmuly_0171,sft_train,numeric_equation,ba_dc_multiplication_ba_dc_mul,synthetic,false,train_only
syn_ne_ba_dc_mul_xmuly_0172,sft_train,numeric_equation,ba_dc_multiplication_ba_dc_mul,synthetic,false,train_only
syn_ne_ba_dc_mul_xmuly_0173,sft_train,numeric_equation,ba_dc_multiplication_ba_dc_mul,synthetic,false,train_only
syn_ne_ba_dc_mul_xmuly_0174,sft_train,numeric_equation,ba_dc_multiplication_ba_dc_mul,synthetic,false,train_only
syn_ne_ba_dc_mul_xmuly_0175,sft_train,numeric_equation,ba_dc_multiplication_ba_dc_mul,synthetic,false,train_only
syn_ne_ba_dc_mul_xmuly_0176,sft_train,numeric_equation,ba_dc_multiplication_ba_dc_mul,synthetic,false,train_only
syn_ne_ba_dc_mul_xmuly_0177,sft_train,numeric_equation,ba_dc_multiplication_ba_dc_mul,synthetic,false,train_only
syn_ne_ba_dc_mul_xmuly_0178,sft_train,numeric_equation,ba_dc_multiplication_ba_dc_mul,synthetic,false,train_only
syn_ne_ba_dc_mul_xmuly_0179,sft_train,numeric_equation,ba_dc_multiplication_ba_dc_mul,synthetic,false,train_only
syn_ne_ba_dc_mul_xmuly_0180,sft_train,numeric_equation,ba_dc_multiplication_ba_dc_mul,synthetic,false,train_only
syn_ne_ba_dc_mul_xmuly_0181,sft_train,numeric_equation,ba_dc_multiplication_ba_dc_mul,synthetic,false,train_only
syn_ne_ba_dc_mul_xmuly_0182,sft_train,numeric_equation,ba_dc_multiplication_ba_dc_mul,synthetic,false,train_only
syn_ne_ba_dc_mul_xmuly_0183,sft_train,numeric_equation,ba_dc_multiplication_ba_dc_mul,synthetic,false,train_only
syn_ne_ba_dc_mul_xmuly_0184,sft_train,numeric_equation,ba_dc_multiplication_ba_dc_mul,synthetic,false,train_only
syn_ne_ba_dc_mul_xmuly_0185,sft_train,numeric_equation,ba_dc_multiplication_ba_dc_mul,synthetic,false,train_only
syn_ne_ba_dc_mul_xmuly_0186,sft_train,numeric_equation,ba_dc_multiplication_ba_dc_mul,synthetic,false,train_only
syn_ne_ba_dc_mul_xmuly_0187,sft_train,numeric_equation,ba_dc_multiplication_ba_dc_mul,synthetic,false,train_only
syn_ne_ba_dc_mul_xmuly_0188,sft_train,numeric_equation,ba_dc_multiplication_ba_dc_mul,synthetic,false,train_only
syn_ne_ba_dc_mul_xmuly_0189,sft_train,numeric_equation,ba_dc_multiplication_ba_dc_mul,synthetic,false,train_only
syn_ne_ba_dc_mul_xmuly_0190,sft_train,numeric_equation,ba_dc_multiplication_ba_dc_mul,synthetic,false,train_only
syn_ne_ba_dc_mul_xmuly_0191,sft_train,numeric_equation,ba_dc_multiplication_ba_dc_mul,synthetic,false,train_only
syn_ne_ba_dc_mul_xmuly_0192,sft_train,numeric_equation,ba_dc_multiplication_ba_dc_mul,synthetic,false,train_only
syn_ne_ba_dc_mul_xmuly_0193,sft_train,numeric_equation,ba_dc_multiplication_ba_dc_mul,synthetic,false,train_only
syn_ne_ba_dc_mul_xmuly_0194,sft_train,numeric_equation,ba_dc_multiplication_ba_dc_mul,synthetic,false,train_only
syn_ne_ba_dc_mul_xmuly_0195,sft_train,numeric_equation,ba_dc_multiplication_ba_dc_mul,synthetic,false,train_only
syn_ne_ba_dc_mul_xmuly_0196,sft_train,numeric_equation,ba_dc_multiplication_ba_dc_mul,synthetic,false,train_only
syn_ne_ba_dc_mul_xmuly_0197,sft_train,numeric_equation,ba_dc_multiplication_ba_dc_mul,synthetic,false,train_only
syn_ne_ba_dc_mul_xmuly_0198,sft_train,numeric_equation,ba_dc_multiplication_ba_dc_mul,synthetic,false,train_only
syn_ne_ba_dc_mul_xmuly_0199,sft_train,numeric_equation,ba_dc_multiplication_ba_dc_mul,synthetic,false,train_only
syn_ne_ba_dc_mul_xmuly_0200,sft_train,numeric_equation,ba_dc_multiplication_ba_dc_mul,synthetic,false,train_only
syn_ne_ba_dc_mul_xmuly_0201,sft_train,numeric_equation,ba_dc_multiplication_ba_dc_mul,synthetic,false,train_only
syn_ne_ba_dc_mul_xmuly_0202,sft_train,numeric_equation,ba_dc_multiplication_ba_dc_mul,synthetic,false,train_only
syn_ne_ba_dc_mul_xmuly_0203,sft_train,numeric_equation,ba_dc_multiplication_ba_dc_mul,synthetic,false,train_only
syn_ne_ba_dc_mul_xmuly_0204,sft_train,numeric_equation,ba_dc_multiplication_ba_dc_mul,synthetic,false,train_only
syn_ne_ba_dc_mul_xmuly_0205,sft_train,numeric_equation,ba_dc_multiplication_ba_dc_mul,synthetic,false,train_only
syn_ne_ba_dc_mul_xmuly_0206,sft_train,numeric_equation,ba_dc_multiplication_ba_dc_mul,synthetic,false,train_only
syn_ne_ba_dc_mul_xmuly_0207,sft_train,numeric_equation,ba_dc_multiplication_ba_dc_mul,synthetic,false,train_only
syn_ne_ba_dc_mul_xmuly_0208,sft_train,numeric_equation,ba_dc_multiplication_ba_dc_mul,synthetic,false,train_only
syn_ne_ba_dc_mul_xmuly_0209,sft_train,numeric_equation,ba_dc_multiplication_ba_dc_mul,synthetic,false,train_only
syn_ne_ba_dc_mul_xmuly_0210,sft_train,numeric_equation,ba_dc_multiplication_ba_dc_mul,synthetic,false,train_only
syn_ne_ba_dc_mul_xmuly_0211,sft_train,numeric_equation,ba_dc_multiplication_ba_dc_mul,synthetic,false,train_only
syn_ne_ba_dc_mul_xmuly_0212,sft_train,numeric_equation,ba_dc_multiplication_ba_dc_mul,synthetic,false,train_only
syn_ne_ba_dc_mul_xmuly_0213,sft_train,numeric_equation,ba_dc_multiplication_ba_dc_mul,synthetic,false,train_only
syn_ne_ba_dc_mul_xmuly_0214,sft_train,numeric_equation,ba_dc_multiplication_ba_dc_mul,synthetic,false,train_only
syn_ne_ba_dc_mul_xmuly_0215,sft_train,numeric_equation,ba_dc_multiplication_ba_dc_mul,synthetic,false,train_only
syn_ne_ba_dc_mul_xmuly_0216,sft_train,numeric_equation,ba_dc_multiplication_ba_dc_mul,synthetic,false,train_only
syn_ne_ba_dc_mul_xmuly_0217,sft_train,numeric_equation,ba_dc_multiplication_ba_dc_mul,synthetic,false,train_only
syn_ne_ba_dc_mul_xmuly_0218,sft_train,numeric_equation,ba_dc_multiplication_ba_dc_mul,synthetic,false,train_only
syn_ne_ba_dc_mul_xmuly_0219,sft_train,numeric_equation,ba_dc_multiplication_ba_dc_mul,synthetic,false,train_only
syn_ne_ba_dc_mul_xmuly_0220,sft_train,numeric_equation,ba_dc_multiplication_ba_dc_mul,synthetic,false,train_only
syn_ne_ba_dc_mul_xmuly_0221,sft_train,numeric_equation,ba_dc_multiplication_ba_dc_mul,synthetic,false,train_only
syn_ne_ba_dc_mul_xmuly_0222,sft_train,numeric_equation,ba_dc_multiplication_ba_dc_mul,synthetic,false,train_only
syn_ne_ba_dc_mul_xmuly_0223,sft_train,numeric_equation,ba_dc_multiplication_ba_dc_mul,synthetic,false,train_only
syn_ne_ba_dc_mul_xmuly_0224,sft_train,numeric_equation,ba_dc_multiplication_ba_dc_mul,synthetic,false,train_only
syn_ne_ba_dc_mul_xmuly_0225,sft_train,numeric_equation,ba_dc_multiplication_ba_dc_mul,synthetic,false,train_only
syn_ne_ba_dc_mul_xmuly_0226,sft_train,numeric_equation,ba_dc_multiplication_ba_dc_mul,synthetic,false,train_only
syn_ne_ba_dc_mul_xmuly_0227,sft_train,numeric_equation,ba_dc_multiplication_ba_dc_mul,synthetic,false,train_only
syn_ne_ba_dc_mul_xmuly_0228,sft_train,numeric_equation,ba_dc_multiplication_ba_dc_mul,synthetic,false,train_only
syn_ne_ba_dc_mul_xmuly_0229,sft_train,numeric_equation,ba_dc_multiplication_ba_dc_mul,synthetic,false,train_only
syn_ne_ba_dc_mul_xmuly_0230,sft_train,numeric_equation,ba_dc_multiplication_ba_dc_mul,synthetic,false,train_only
syn_ne_ba_dc_mul_xmuly_0231,sft_train,numeric_equation,ba_dc_multiplication_ba_dc_mul,synthetic,false,train_only
syn_ne_ba_dc_mul_xmuly_0232,sft_train,numeric_equation,ba_dc_multiplication_ba_dc_mul,synthetic,false,train_only
syn_ne_ba_dc_mul_xmuly_0233,sft_train,numeric_equation,ba_dc_multiplication_ba_dc_mul,synthetic,false,train_only
syn_ne_ba_dc_mul_xmuly_0234,sft_train,numeric_equation,ba_dc_multiplication_ba_dc_mul,synthetic,false,train_only
syn_ne_ba_dc_mul_xmuly_0235,sft_train,numeric_equation,ba_dc_multiplication_ba_dc_mul,synthetic,false,train_only
syn_ne_ba_dc_mul_xmuly_0236,sft_train,numeric_equation,ba_dc_multiplication_ba_dc_mul,synthetic,false,train_only
syn_ne_ba_dc_mul_xmuly_0237,sft_train,numeric_equation,ba_dc_multiplication_ba_dc_mul,synthetic,false,train_only
syn_ne_ba_dc_mul_xmuly_0238,sft_train,numeric_equation,ba_dc_multiplication_ba_dc_mul,synthetic,false,train_only
syn_ne_ba_dc_mul_xmuly_0239,sft_train,numeric_equation,ba_dc_multiplication_ba_dc_mul,synthetic,false,train_only
syn_ne_ba_dc_mul_xmuly_0240,sft_train,numeric_equation,ba_dc_multiplication_ba_dc_mul,synthetic,false,train_only
syn_ne_ba_dc_mul_xmuly_0241,sft_train,numeric_equation,ba_dc_multiplication_ba_dc_mul,synthetic,false,train_only
syn_ne_ba_dc_mul_xmuly_0242,sft_train,numeric_equation,ba_dc_multiplication_ba_dc_mul,synthetic,false,train_only
syn_ne_ba_dc_mul_xmuly_0243,sft_train,numeric_equation,ba_dc_multiplication_ba_dc_mul,synthetic,false,train_only
syn_ne_ba_dc_mul_xmuly_0244,sft_train,numeric_equation,ba_dc_multiplication_ba_dc_mul,synthetic,false,train_only
syn_ne_ba_dc_mul_xmuly_0245,sft_train,numeric_equation,ba_dc_multiplication_ba_dc_mul,synthetic,false,train_only
syn_ne_ba_dc_mul_xmuly_0246,sft_train,numeric_equation,ba_dc_multiplication_ba_dc_mul,synthetic,false,train_only
syn_ne_ba_dc_mul_xmuly_0247,sft_train,numeric_equation,ba_dc_multiplication_ba_dc_mul,synthetic,false,train_only
syn_ne_ba_dc_mul_xmuly_0248,sft_train,numeric_equation,ba_dc_multiplication_ba_dc_mul,synthetic,false,train_only
syn_ne_ba_dc_mul_xmuly_0249,sft_train,numeric_equation,ba_dc_multiplication_ba_dc_mul,synthetic,false,train_only
syn_ne_ba_dc_mul_xmuly_0250,sft_train,numeric_equation,ba_dc_multiplication_ba_dc_mul,synthetic,false,train_only
syn_ne_ba_dc_mul_xmuly_0251,sft_train,numeric_equation,ba_dc_multiplication_ba_dc_mul,synthetic,false,train_only
syn_ne_ba_dc_mul_xmuly_0252,sft_train,numeric_equation,ba_dc_multiplication_ba_dc_mul,synthetic,false,train_only
syn_ne_ba_dc_mul_xmuly_0253,sft_train,numeric_equation,ba_dc_multiplication_ba_dc_mul,synthetic,false,train_only
syn_ne_ba_dc_mul_xmuly_0254,sft_train,numeric_equation,ba_dc_multiplication_ba_dc_mul,synthetic,false,train_only
syn_ne_ba_dc_mul_xmuly_0255,sft_train,numeric_equation,ba_dc_multiplication_ba_dc_mul,synthetic,false,train_only
syn_ne_ba_dc_mul_xmuly_0256,sft_train,numeric_equation,ba_dc_multiplication_ba_dc_mul,synthetic,false,train_only
syn_ne_ba_dc_mul_xmuly_0257,sft_train,numeric_equation,ba_dc_multiplication_ba_dc_mul,synthetic,false,train_only
syn_ne_ba_dc_mul_xmuly_0258,sft_train,numeric_equation,ba_dc_multiplication_ba_dc_mul,synthetic,false,train_only
syn_ne_ba_dc_mul_xmuly_0259,sft_train,numeric_equation,ba_dc_multiplication_ba_dc_mul,synthetic,false,train_only
syn_ne_ba_dc_mul_xmuly_0260,sft_train,numeric_equation,ba_dc_multiplication_ba_dc_mul,synthetic,false,train_only
syn_ne_ba_dc_mul_xmuly_0261,sft_train,numeric_equation,ba_dc_multiplication_ba_dc_mul,synthetic,false,train_only
syn_ne_ba_dc_mul_xmuly_0262,sft_train,numeric_equation,ba_dc_multiplication_ba_dc_mul,synthetic,false,train_only
syn_ne_ba_dc_mul_xmuly_0263,sft_train,numeric_equation,ba_dc_multiplication_ba_dc_mul,synthetic,false,train_only
syn_ne_ba_dc_mul_xmuly_0264,sft_train,numeric_equation,ba_dc_multiplication_ba_dc_mul,synthetic,false,train_only
syn_ne_ba_dc_mul_xmulyminus1_0001,sft_train,numeric_equation,ba_dc_multiplication_ba_dc_mul_minus_1,synthetic,false,train_only
syn_ne_ba_dc_mul_xmulyminus1_0002,sft_train,numeric_equation,ba_dc_multiplication_ba_dc_mul_minus_1,synthetic,false,train_only
syn_ne_ba_dc_mul_xmulyminus1_0003,sft_train,numeric_equation,ba_dc_multiplication_ba_dc_mul_minus_1,synthetic,false,train_only
syn_ne_ba_dc_mul_xmulyminus1_0004,sft_train,numeric_equation,ba_dc_multiplication_ba_dc_mul_minus_1,synthetic,false,train_only
syn_ne_ba_dc_mul_xmulyminus1_0005,sft_train,numeric_equation,ba_dc_multiplication_ba_dc_mul_minus_1,synthetic,false,train_only
syn_ne_ba_dc_mul_xmulyminus1_0006,sft_train,numeric_equation,ba_dc_multiplication_ba_dc_mul_minus_1,synthetic,false,train_only
syn_ne_ba_dc_mul_xmulyminus1_0007,sft_train,numeric_equation,ba_dc_multiplication_ba_dc_mul_minus_1,synthetic,false,train_only
syn_ne_ba_dc_mul_xmulyminus1_0008,sft_train,numeric_equation,ba_dc_multiplication_ba_dc_mul_minus_1,synthetic,false,train_only
syn_ne_ba_dc_mul_xmulyminus1_0009,sft_train,numeric_equation,ba_dc_multiplication_ba_dc_mul_minus_1,synthetic,false,train_only
syn_ne_ba_dc_mul_xmulyminus1_0010,sft_train,numeric_equation,ba_dc_multiplication_ba_dc_mul_minus_1,synthetic,false,train_only
syn_ne_ba_dc_mul_xmulyminus1_0011,sft_train,numeric_equation,ba_dc_multiplication_ba_dc_mul_minus_1,synthetic,false,train_only
syn_ne_ba_dc_mul_xmulyminus1_0012,sft_train,numeric_equation,ba_dc_multiplication_ba_dc_mul_minus_1,synthetic,false,train_only
syn_ne_ba_dc_mul_xmulyminus1_0013,sft_train,numeric_equation,ba_dc_multiplication_ba_dc_mul_minus_1,synthetic,false,train_only
syn_ne_ba_dc_mul_xmulyminus1_0014,sft_train,numeric_equation,ba_dc_multiplication_ba_dc_mul_minus_1,synthetic,false,train_only
syn_ne_ba_dc_mul_xmulyminus1_0015,sft_train,numeric_equation,ba_dc_multiplication_ba_dc_mul_minus_1,synthetic,false,train_only
syn_ne_ba_dc_mul_xmulyminus1_0016,sft_train,numeric_equation,ba_dc_multiplication_ba_dc_mul_minus_1,synthetic,false,train_only
syn_ne_ba_dc_mul_xmulyminus1_0017,sft_train,numeric_equation,ba_dc_multiplication_ba_dc_mul_minus_1,synthetic,false,train_only
syn_ne_ba_dc_mul_xmulyminus1_0018,sft_train,numeric_equation,ba_dc_multiplication_ba_dc_mul_minus_1,synthetic,false,train_only
syn_ne_ba_dc_mul_xmulyminus1_0019,sft_train,numeric_equation,ba_dc_multiplication_ba_dc_mul_minus_1,synthetic,false,train_only
syn_ne_ba_dc_mul_xmulyminus1_0020,sft_train,numeric_equation,ba_dc_multiplication_ba_dc_mul_minus_1,synthetic,false,train_only
syn_ne_ba_dc_mul_xmulyminus1_0021,sft_train,numeric_equation,ba_dc_multiplication_ba_dc_mul_minus_1,synthetic,false,train_only
syn_ne_ba_dc_mul_xmulyminus1_0022,sft_train,numeric_equation,ba_dc_multiplication_ba_dc_mul_minus_1,synthetic,false,train_only
syn_ne_ba_dc_mul_xmulyminus1_0023,sft_train,numeric_equation,ba_dc_multiplication_ba_dc_mul_minus_1,synthetic,false,train_only
syn_ne_ba_dc_mul_xmulyminus1_0024,sft_train,numeric_equation,ba_dc_multiplication_ba_dc_mul_minus_1,synthetic,false,train_only
syn_ne_ba_dc_mul_xmulyminus1_0025,sft_train,numeric_equation,ba_dc_multiplication_ba_dc_mul_minus_1,synthetic,false,train_only
syn_ne_ba_dc_mul_xmulyminus1_0026,sft_train,numeric_equation,ba_dc_multiplication_ba_dc_mul_minus_1,synthetic,false,train_only
syn_ne_ba_dc_mul_xmulyminus1_0027,sft_train,numeric_equation,ba_dc_multiplication_ba_dc_mul_minus_1,synthetic,false,train_only
syn_ne_ba_dc_mul_xmulyminus1_0028,sft_train,numeric_equation,ba_dc_multiplication_ba_dc_mul_minus_1,synthetic,false,train_only
syn_ne_ba_dc_mul_xmulyminus1_0029,sft_train,numeric_equation,ba_dc_multiplication_ba_dc_mul_minus_1,synthetic,false,train_only
syn_ne_ba_dc_mul_xmulyminus1_0030,sft_train,numeric_equation,ba_dc_multiplication_ba_dc_mul_minus_1,synthetic,false,train_only
syn_ne_ba_dc_mul_xmulyminus1_0031,sft_train,numeric_equation,ba_dc_multiplication_ba_dc_mul_minus_1,synthetic,false,train_only
syn_ne_ba_dc_mul_xmulyminus1_0032,sft_train,numeric_equation,ba_dc_multiplication_ba_dc_mul_minus_1,synthetic,false,train_only
syn_ne_ba_dc_mul_xmulyminus1_0033,sft_train,numeric_equation,ba_dc_multiplication_ba_dc_mul_minus_1,synthetic,false,train_only
syn_ne_ba_dc_mul_xmulyminus1_0034,sft_train,numeric_equation,ba_dc_multiplication_ba_dc_mul_minus_1,synthetic,false,train_only
syn_ne_ba_dc_mul_xmulyminus1_0035,sft_train,numeric_equation,ba_dc_multiplication_ba_dc_mul_minus_1,synthetic,false,train_only
syn_ne_ba_dc_mul_xmulyminus1_0036,sft_train,numeric_equation,ba_dc_multiplication_ba_dc_mul_minus_1,synthetic,false,train_only
syn_ne_ba_dc_mul_xmulyminus1_0037,sft_train,numeric_equation,ba_dc_multiplication_ba_dc_mul_minus_1,synthetic,false,train_only
syn_ne_ba_dc_mul_xmulyminus1_0038,sft_train,numeric_equation,ba_dc_multiplication_ba_dc_mul_minus_1,synthetic,false,train_only
syn_ne_ba_dc_mul_xmulyminus1_0039,sft_train,numeric_equation,ba_dc_multiplication_ba_dc_mul_minus_1,synthetic,false,train_only
syn_ne_ba_dc_mul_xmulyminus1_0040,sft_train,numeric_equation,ba_dc_multiplication_ba_dc_mul_minus_1,synthetic,false,train_only
syn_ne_ba_dc_mul_xmulyminus1_0041,sft_train,numeric_equation,ba_dc_multiplication_ba_dc_mul_minus_1,synthetic,false,train_only
syn_ne_ba_dc_mul_xmulyminus1_0042,sft_train,numeric_equation,ba_dc_multiplication_ba_dc_mul_minus_1,synthetic,false,train_only
syn_ne_ba_dc_mul_xmulyminus1_0043,sft_train,numeric_equation,ba_dc_multiplication_ba_dc_mul_minus_1,synthetic,false,train_only
syn_ne_ba_dc_mul_xmulyminus1_0044,sft_train,numeric_equation,ba_dc_multiplication_ba_dc_mul_minus_1,synthetic,false,train_only
syn_ne_ba_dc_mul_xmulyminus1_0045,sft_train,numeric_equation,ba_dc_multiplication_ba_dc_mul_minus_1,synthetic,false,train_only
syn_ne_ba_dc_mul_xmulyminus1_0046,sft_train,numeric_equation,ba_dc_multiplication_ba_dc_mul_minus_1,synthetic,false,train_only
syn_ne_ba_dc_mul_xmulyminus1_0047,sft_train,numeric_equation,ba_dc_multiplication_ba_dc_mul_minus_1,synthetic,false,train_only
syn_ne_ba_dc_mul_xmulyminus1_0048,sft_train,numeric_equation,ba_dc_multiplication_ba_dc_mul_minus_1,synthetic,false,train_only
syn_ne_ba_dc_mul_xmulyminus1_0049,sft_train,numeric_equation,ba_dc_multiplication_ba_dc_mul_minus_1,synthetic,false,train_only
syn_ne_ba_dc_mul_xmulyminus1_0050,sft_train,numeric_equation,ba_dc_multiplication_ba_dc_mul_minus_1,synthetic,false,train_only
syn_ne_ba_dc_mul_xmulyminus1_0051,sft_train,numeric_equation,ba_dc_multiplication_ba_dc_mul_minus_1,synthetic,false,train_only
syn_ne_ba_dc_mul_xmulyminus1_0052,sft_train,numeric_equation,ba_dc_multiplication_ba_dc_mul_minus_1,synthetic,false,train_only
syn_ne_ba_dc_mul_xmulyminus1_0053,sft_train,numeric_equation,ba_dc_multiplication_ba_dc_mul_minus_1,synthetic,false,train_only
syn_ne_ba_dc_mul_xmulyminus1_0054,sft_train,numeric_equation,ba_dc_multiplication_ba_dc_mul_minus_1,synthetic,false,train_only
syn_ne_ba_dc_mul_xmulyminus1_0055,sft_train,numeric_equation,ba_dc_multiplication_ba_dc_mul_minus_1,synthetic,false,train_only
syn_ne_ba_dc_mul_xmulyminus1_0056,sft_train,numeric_equation,ba_dc_multiplication_ba_dc_mul_minus_1,synthetic,false,train_only
syn_ne_ba_dc_mul_xmulyminus1_0057,sft_train,numeric_equation,ba_dc_multiplication_ba_dc_mul_minus_1,synthetic,false,train_only
syn_ne_ba_dc_mul_xmulyminus1_0058,sft_train,numeric_equation,ba_dc_multiplication_ba_dc_mul_minus_1,synthetic,false,train_only
syn_ne_ba_dc_mul_xmulyminus1_0059,sft_train,numeric_equation,ba_dc_multiplication_ba_dc_mul_minus_1,synthetic,false,train_only
syn_ne_ba_dc_mul_xmulyminus1_0060,sft_train,numeric_equation,ba_dc_multiplication_ba_dc_mul_minus_1,synthetic,false,train_only
syn_ne_ba_dc_mul_xmulyminus1_0061,sft_train,numeric_equation,ba_dc_multiplication_ba_dc_mul_minus_1,synthetic,false,train_only
syn_ne_ba_dc_mul_xmulyminus1_0062,sft_train,numeric_equation,ba_dc_multiplication_ba_dc_mul_minus_1,synthetic,false,train_only
syn_ne_ba_dc_mul_xmulyminus1_0063,sft_train,numeric_equation,ba_dc_multiplication_ba_dc_mul_minus_1,synthetic,false,train_only
syn_ne_ba_dc_mul_xmulyminus1_0064,sft_train,numeric_equation,ba_dc_multiplication_ba_dc_mul_minus_1,synthetic,false,train_only
syn_ne_ba_dc_mul_xmulyminus1_0065,sft_train,numeric_equation,ba_dc_multiplication_ba_dc_mul_minus_1,synthetic,false,train_only
syn_ne_ba_dc_mul_xmulyminus1_0066,sft_train,numeric_equation,ba_dc_multiplication_ba_dc_mul_minus_1,synthetic,false,train_only
syn_ne_ba_dc_mul_xmulyminus1_0067,sft_train,numeric_equation,ba_dc_multiplication_ba_dc_mul_minus_1,synthetic,false,train_only
syn_ne_ba_dc_mul_xmulyminus1_0068,sft_train,numeric_equation,ba_dc_multiplication_ba_dc_mul_minus_1,synthetic,false,train_only
syn_ne_ba_dc_mul_xmulyminus1_0069,sft_train,numeric_equation,ba_dc_multiplication_ba_dc_mul_minus_1,synthetic,false,train_only
syn_ne_ba_dc_mul_xmulyminus1_0070,sft_train,numeric_equation,ba_dc_multiplication_ba_dc_mul_minus_1,synthetic,false,train_only
syn_ne_ba_dc_mul_xmulyminus1_0071,sft_train,numeric_equation,ba_dc_multiplication_ba_dc_mul_minus_1,synthetic,false,train_only
syn_ne_ba_dc_mul_xmulyminus1_0072,sft_train,numeric_equation,ba_dc_multiplication_ba_dc_mul_minus_1,synthetic,false,train_only
syn_ne_ba_dc_mul_xmulyminus1_0073,sft_train,numeric_equation,ba_dc_multiplication_ba_dc_mul_minus_1,synthetic,false,train_only
syn_ne_ba_dc_mul_xmulyminus1_0074,sft_train,numeric_equation,ba_dc_multiplication_ba_dc_mul_minus_1,synthetic,false,train_only
syn_ne_ba_dc_mul_xmulyminus1_0075,sft_train,numeric_equation,ba_dc_multiplication_ba_dc_mul_minus_1,synthetic,false,train_only
syn_ne_ba_dc_mul_xmulyminus1_0076,sft_train,numeric_equation,ba_dc_multiplication_ba_dc_mul_minus_1,synthetic,false,train_only
syn_ne_ba_dc_mul_xmulyminus1_0077,sft_train,numeric_equation,ba_dc_multiplication_ba_dc_mul_minus_1,synthetic,false,train_only
syn_ne_ba_dc_mul_xmulyminus1_0078,sft_train,numeric_equation,ba_dc_multiplication_ba_dc_mul_minus_1,synthetic,false,train_only
syn_ne_ba_dc_mul_xmulyminus1_0079,sft_train,numeric_equation,ba_dc_multiplication_ba_dc_mul_minus_1,synthetic,false,train_only
syn_ne_ba_dc_mul_xmulyminus1_0080,sft_train,numeric_equation,ba_dc_multiplication_ba_dc_mul_minus_1,synthetic,false,train_only
syn_ne_ba_dc_mul_xmulyminus1_0081,sft_train,numeric_equation,ba_dc_multiplication_ba_dc_mul_minus_1,synthetic,false,train_only
syn_ne_ba_dc_mul_xmulyminus1_0082,sft_train,numeric_equation,ba_dc_multiplication_ba_dc_mul_minus_1,synthetic,false,train_only
syn_ne_ba_dc_mul_xmulyminus1_0083,sft_train,numeric_equation,ba_dc_multiplication_ba_dc_mul_minus_1,synthetic,false,train_only
syn_ne_ba_dc_mul_xmulyminus1_0084,sft_train,numeric_equation,ba_dc_multiplication_ba_dc_mul_minus_1,synthetic,false,train_only
syn_ne_ba_dc_mul_xmulyminus1_0085,sft_train,numeric_equation,ba_dc_multiplication_ba_dc_mul_minus_1,synthetic,false,train_only
syn_ne_ba_dc_mul_xmulyminus1_0086,sft_train,numeric_equation,ba_dc_multiplication_ba_dc_mul_minus_1,synthetic,false,train_only
syn_ne_ba_dc_mul_xmulyminus1_0087,sft_train,numeric_equation,ba_dc_multiplication_ba_dc_mul_minus_1,synthetic,false,train_only
syn_ne_ba_dc_mul_xmulyminus1_0088,sft_train,numeric_equation,ba_dc_multiplication_ba_dc_mul_minus_1,synthetic,false,train_only
syn_ne_ba_dc_mul_xmulyminus1_0089,sft_train,numeric_equation,ba_dc_multiplication_ba_dc_mul_minus_1,synthetic,false,train_only
syn_ne_ba_dc_mul_xmulyminus1_0090,sft_train,numeric_equation,ba_dc_multiplication_ba_dc_mul_minus_1,synthetic,false,train_only
syn_ne_ba_dc_mul_xmulyminus1_0091,sft_train,numeric_equation,ba_dc_multiplication_ba_dc_mul_minus_1,synthetic,false,train_only
syn_ne_ba_dc_mul_xmulyminus1_0092,sft_train,numeric_equation,ba_dc_multiplication_ba_dc_mul_minus_1,synthetic,false,train_only
syn_ne_ba_dc_mul_xmulyminus1_0093,sft_train,numeric_equation,ba_dc_multiplication_ba_dc_mul_minus_1,synthetic,false,train_only
syn_ne_ba_dc_mul_xmulyminus1_0094,sft_train,numeric_equation,ba_dc_multiplication_ba_dc_mul_minus_1,synthetic,false,train_only
syn_ne_ba_dc_mul_xmulyminus1_0095,sft_train,numeric_equation,ba_dc_multiplication_ba_dc_mul_minus_1,synthetic,false,train_only
syn_ne_ba_dc_mul_xmulyminus1_0096,sft_train,numeric_equation,ba_dc_multiplication_ba_dc_mul_minus_1,synthetic,false,train_only
syn_ne_ba_dc_mul_xmulyminus1_0097,sft_train,numeric_equation,ba_dc_multiplication_ba_dc_mul_minus_1,synthetic,false,train_only
syn_ne_ba_dc_mul_xmulyminus1_0098,sft_train,numeric_equation,ba_dc_multiplication_ba_dc_mul_minus_1,synthetic,false,train_only
syn_ne_ba_dc_mul_xmulyminus1_0099,sft_train,numeric_equation,ba_dc_multiplication_ba_dc_mul_minus_1,synthetic,false,train_only
syn_ne_ba_dc_mul_xmulyminus1_0100,sft_train,numeric_equation,ba_dc_multiplication_ba_dc_mul_minus_1,synthetic,false,train_only
syn_ne_ba_dc_mul_xmulyminus1_0101,sft_train,numeric_equation,ba_dc_multiplication_ba_dc_mul_minus_1,synthetic,false,train_only
syn_ne_ba_dc_mul_xmulyminus1_0102,sft_train,numeric_equation,ba_dc_multiplication_ba_dc_mul_minus_1,synthetic,false,train_only
syn_ne_ba_dc_mul_xmulyminus1_0103,sft_train,numeric_equation,ba_dc_multiplication_ba_dc_mul_minus_1,synthetic,false,train_only
syn_ne_ba_dc_mul_xmulyminus1_0104,sft_train,numeric_equation,ba_dc_multiplication_ba_dc_mul_minus_1,synthetic,false,train_only
syn_ne_ba_dc_mul_xmulyminus1_0105,sft_train,numeric_equation,ba_dc_multiplication_ba_dc_mul_minus_1,synthetic,false,train_only
syn_ne_ba_dc_mul_xmulyminus1_0106,sft_train,numeric_equation,ba_dc_multiplication_ba_dc_mul_minus_1,synthetic,false,train_only
syn_ne_ba_dc_mul_xmulyminus1_0107,sft_train,numeric_equation,ba_dc_multiplication_ba_dc_mul_minus_1,synthetic,false,train_only
syn_ne_ba_dc_mul_xmulyminus1_0108,sft_train,numeric_equation,ba_dc_multiplication_ba_dc_mul_minus_1,synthetic,false,train_only
syn_ne_ba_dc_mul_xmulyplus1_0001,sft_train,numeric_equation,ba_dc_multiplication_ba_dc_mul_add_1,synthetic,false,train_only
syn_ne_ba_dc_mul_xmulyplus1_0002,sft_train,numeric_equation,ba_dc_multiplication_ba_dc_mul_add_1,synthetic,false,train_only
syn_ne_ba_dc_mul_xmulyplus1_0003,sft_train,numeric_equation,ba_dc_multiplication_ba_dc_mul_add_1,synthetic,false,train_only
syn_ne_ba_dc_mul_xmulyplus1_0004,sft_train,numeric_equation,ba_dc_multiplication_ba_dc_mul_add_1,synthetic,false,train_only
syn_ne_ba_dc_mul_xmulyplus1_0005,sft_train,numeric_equation,ba_dc_multiplication_ba_dc_mul_add_1,synthetic,false,train_only
syn_ne_ba_dc_mul_xmulyplus1_0006,sft_train,numeric_equation,ba_dc_multiplication_ba_dc_mul_add_1,synthetic,false,train_only
syn_ne_ba_dc_mul_xmulyplus1_0007,sft_train,numeric_equation,ba_dc_multiplication_ba_dc_mul_add_1,synthetic,false,train_only
syn_ne_ba_dc_mul_xmulyplus1_0008,sft_train,numeric_equation,ba_dc_multiplication_ba_dc_mul_add_1,synthetic,false,train_only
syn_ne_ba_dc_mul_xmulyplus1_0009,sft_train,numeric_equation,ba_dc_multiplication_ba_dc_mul_add_1,synthetic,false,train_only
syn_ne_ba_dc_mul_xmulyplus1_0010,sft_train,numeric_equation,ba_dc_multiplication_ba_dc_mul_add_1,synthetic,false,train_only
syn_ne_ba_dc_mul_xmulyplus1_0011,sft_train,numeric_equation,ba_dc_multiplication_ba_dc_mul_add_1,synthetic,false,train_only
syn_ne_ba_dc_mul_xmulyplus1_0012,sft_train,numeric_equation,ba_dc_multiplication_ba_dc_mul_add_1,synthetic,false,train_only
syn_ne_ba_dc_mul_xmulyplus1_0013,sft_train,numeric_equation,ba_dc_multiplication_ba_dc_mul_add_1,synthetic,false,train_only
syn_ne_ba_dc_mul_xmulyplus1_0014,sft_train,numeric_equation,ba_dc_multiplication_ba_dc_mul_add_1,synthetic,false,train_only
syn_ne_ba_dc_mul_xmulyplus1_0015,sft_train,numeric_equation,ba_dc_multiplication_ba_dc_mul_add_1,synthetic,false,train_only
syn_ne_ba_dc_mul_xmulyplus1_0016,sft_train,numeric_equation,ba_dc_multiplication_ba_dc_mul_add_1,synthetic,false,train_only
syn_ne_ba_dc_mul_xmulyplus1_0017,sft_train,numeric_equation,ba_dc_multiplication_ba_dc_mul_add_1,synthetic,false,train_only
syn_ne_ba_dc_mul_xmulyplus1_0018,sft_train,numeric_equation,ba_dc_multiplication_ba_dc_mul_add_1,synthetic,false,train_only
syn_ne_ba_dc_mul_xmulyplus1_0019,sft_train,numeric_equation,ba_dc_multiplication_ba_dc_mul_add_1,synthetic,false,train_only
syn_ne_ba_dc_mul_xmulyplus1_0020,sft_train,numeric_equation,ba_dc_multiplication_ba_dc_mul_add_1,synthetic,false,train_only
syn_ne_ba_dc_mul_xmulyplus1_0021,sft_train,numeric_equation,ba_dc_multiplication_ba_dc_mul_add_1,synthetic,false,train_only
syn_ne_ba_dc_mul_xmulyplus1_0022,sft_train,numeric_equation,ba_dc_multiplication_ba_dc_mul_add_1,synthetic,false,train_only
syn_ne_ba_dc_mul_xmulyplus1_0023,sft_train,numeric_equation,ba_dc_multiplication_ba_dc_mul_add_1,synthetic,false,train_only
syn_ne_ba_dc_mul_xmulyplus1_0024,sft_train,numeric_equation,ba_dc_multiplication_ba_dc_mul_add_1,synthetic,false,train_only
syn_ne_ba_dc_mul_xmulyplus1_0025,sft_train,numeric_equation,ba_dc_multiplication_ba_dc_mul_add_1,synthetic,false,train_only
syn_ne_ba_dc_mul_xmulyplus1_0026,sft_train,numeric_equation,ba_dc_multiplication_ba_dc_mul_add_1,synthetic,false,train_only
syn_ne_ba_dc_mul_xmulyplus1_0027,sft_train,numeric_equation,ba_dc_multiplication_ba_dc_mul_add_1,synthetic,false,train_only
syn_ne_ba_dc_mul_xmulyplus1_0028,sft_train,numeric_equation,ba_dc_multiplication_ba_dc_mul_add_1,synthetic,false,train_only
syn_ne_ba_dc_mul_xmulyplus1_0029,sft_train,numeric_equation,ba_dc_multiplication_ba_dc_mul_add_1,synthetic,false,train_only
syn_ne_ba_dc_mul_xmulyplus1_0030,sft_train,numeric_equation,ba_dc_multiplication_ba_dc_mul_add_1,synthetic,false,train_only
syn_ne_ba_dc_mul_xmulyplus1_0031,sft_train,numeric_equation,ba_dc_multiplication_ba_dc_mul_add_1,synthetic,false,train_only
syn_ne_ba_dc_mul_xmulyplus1_0032,sft_train,numeric_equation,ba_dc_multiplication_ba_dc_mul_add_1,synthetic,false,train_only
syn_ne_ba_dc_mul_xmulyplus1_0033,sft_train,numeric_equation,ba_dc_multiplication_ba_dc_mul_add_1,synthetic,false,train_only
syn_ne_ba_dc_mul_xmulyplus1_0034,sft_train,numeric_equation,ba_dc_multiplication_ba_dc_mul_add_1,synthetic,false,train_only
syn_ne_ba_dc_mul_xmulyplus1_0035,sft_train,numeric_equation,ba_dc_multiplication_ba_dc_mul_add_1,synthetic,false,train_only
syn_ne_ba_dc_mul_xmulyplus1_0036,sft_train,numeric_equation,ba_dc_multiplication_ba_dc_mul_add_1,synthetic,false,train_only
syn_ne_ba_dc_mul_xmulyplus1_0037,sft_train,numeric_equation,ba_dc_multiplication_ba_dc_mul_add_1,synthetic,false,train_only
syn_ne_ba_dc_mul_xmulyplus1_0038,sft_train,numeric_equation,ba_dc_multiplication_ba_dc_mul_add_1,synthetic,false,train_only
syn_ne_ba_dc_mul_xmulyplus1_0039,sft_train,numeric_equation,ba_dc_multiplication_ba_dc_mul_add_1,synthetic,false,train_only
syn_ne_ba_dc_mul_xmulyplus1_0040,sft_train,numeric_equation,ba_dc_multiplication_ba_dc_mul_add_1,synthetic,false,train_only
syn_ne_ba_dc_mul_xmulyplus1_0041,sft_train,numeric_equation,ba_dc_multiplication_ba_dc_mul_add_1,synthetic,false,train_only
syn_ne_ba_dc_mul_xmulyplus1_0042,sft_train,numeric_equation,ba_dc_multiplication_ba_dc_mul_add_1,synthetic,false,train_only
syn_ne_ba_dc_mul_xmulyplus1_0043,sft_train,numeric_equation,ba_dc_multiplication_ba_dc_mul_add_1,synthetic,false,train_only
syn_ne_ba_dc_mul_xmulyplus1_0044,sft_train,numeric_equation,ba_dc_multiplication_ba_dc_mul_add_1,synthetic,false,train_only
syn_ne_ba_dc_mul_xmulyplus1_0045,sft_train,numeric_equation,ba_dc_multiplication_ba_dc_mul_add_1,synthetic,false,train_only
syn_ne_ba_dc_mul_xmulyplus1_0046,sft_train,numeric_equation,ba_dc_multiplication_ba_dc_mul_add_1,synthetic,false,train_only
syn_ne_ba_dc_mul_xmulyplus1_0047,sft_train,numeric_equation,ba_dc_multiplication_ba_dc_mul_add_1,synthetic,false,train_only
syn_ne_ba_dc_mul_xmulyplus1_0048,sft_train,numeric_equation,ba_dc_multiplication_ba_dc_mul_add_1,synthetic,false,train_only
syn_ne_ba_dc_mul_xmulyplus1_0049,sft_train,numeric_equation,ba_dc_multiplication_ba_dc_mul_add_1,synthetic,false,train_only
syn_ne_ba_dc_mul_xmulyplus1_0050,sft_train,numeric_equation,ba_dc_multiplication_ba_dc_mul_add_1,synthetic,false,train_only
syn_ne_ba_dc_mul_xmulyplus1_0051,sft_train,numeric_equation,ba_dc_multiplication_ba_dc_mul_add_1,synthetic,false,train_only
syn_ne_ba_dc_mul_xmulyplus1_0052,sft_train,numeric_equation,ba_dc_multiplication_ba_dc_mul_add_1,synthetic,false,train_only
syn_ne_ba_dc_mul_xmulyplus1_0053,sft_train,numeric_equation,ba_dc_multiplication_ba_dc_mul_add_1,synthetic,false,train_only
syn_ne_ba_dc_mul_xmulyplus1_0054,sft_train,numeric_equation,ba_dc_multiplication_ba_dc_mul_add_1,synthetic,false,train_only
syn_ne_ba_dc_mul_xmulyplus1_0055,sft_train,numeric_equation,ba_dc_multiplication_ba_dc_mul_add_1,synthetic,false,train_only
syn_ne_ba_dc_mul_xmulyplus1_0056,sft_train,numeric_equation,ba_dc_multiplication_ba_dc_mul_add_1,synthetic,false,train_only
syn_ne_ba_dc_mul_xmulyplus1_0057,sft_train,numeric_equation,ba_dc_multiplication_ba_dc_mul_add_1,synthetic,false,train_only
syn_ne_ba_dc_mul_xmulyplus1_0058,sft_train,numeric_equation,ba_dc_multiplication_ba_dc_mul_add_1,synthetic,false,train_only
syn_ne_ba_dc_mul_xmulyplus1_0059,sft_train,numeric_equation,ba_dc_multiplication_ba_dc_mul_add_1,synthetic,false,train_only
syn_ne_ba_dc_mul_xmulyplus1_0060,sft_train,numeric_equation,ba_dc_multiplication_ba_dc_mul_add_1,synthetic,false,train_only
syn_ne_ba_dc_mul_xmulyplus1_0061,sft_train,numeric_equation,ba_dc_multiplication_ba_dc_mul_add_1,synthetic,false,train_only
syn_ne_ba_dc_mul_xmulyplus1_0062,sft_train,numeric_equation,ba_dc_multiplication_ba_dc_mul_add_1,synthetic,false,train_only
syn_ne_ba_dc_mul_xmulyplus1_0063,sft_train,numeric_equation,ba_dc_multiplication_ba_dc_mul_add_1,synthetic,false,train_only
syn_ne_ba_dc_mul_xmulyplus1_0064,sft_train,numeric_equation,ba_dc_multiplication_ba_dc_mul_add_1,synthetic,false,train_only
syn_ne_ba_dc_mul_xmulyplus1_0065,sft_train,numeric_equation,ba_dc_multiplication_ba_dc_mul_add_1,synthetic,false,train_only
syn_ne_ba_dc_mul_xmulyplus1_0066,sft_train,numeric_equation,ba_dc_multiplication_ba_dc_mul_add_1,synthetic,false,train_only
syn_ne_ba_dc_mul_xmulyplus1_0067,sft_train,numeric_equation,ba_dc_multiplication_ba_dc_mul_add_1,synthetic,false,train_only
syn_ne_ba_dc_mul_xmulyplus1_0068,sft_train,numeric_equation,ba_dc_multiplication_ba_dc_mul_add_1,synthetic,false,train_only
syn_ne_ba_dc_mul_xmulyplus1_0069,sft_train,numeric_equation,ba_dc_multiplication_ba_dc_mul_add_1,synthetic,false,train_only
syn_ne_ba_dc_mul_xmulyplus1_0070,sft_train,numeric_equation,ba_dc_multiplication_ba_dc_mul_add_1,synthetic,false,train_only
syn_ne_ba_dc_mul_xmulyplus1_0071,sft_train,numeric_equation,ba_dc_multiplication_ba_dc_mul_add_1,synthetic,false,train_only
syn_ne_ba_dc_mul_xmulyplus1_0072,sft_train,numeric_equation,ba_dc_multiplication_ba_dc_mul_add_1,synthetic,false,train_only
syn_ne_ba_dc_mul_xmulyplus1_0073,sft_train,numeric_equation,ba_dc_multiplication_ba_dc_mul_add_1,synthetic,false,train_only
syn_ne_ba_dc_mul_xmulyplus1_0074,sft_train,numeric_equation,ba_dc_multiplication_ba_dc_mul_add_1,synthetic,false,train_only
syn_ne_ba_dc_mul_xmulyplus1_0075,sft_train,numeric_equation,ba_dc_multiplication_ba_dc_mul_add_1,synthetic,false,train_only
syn_ne_ba_dc_mul_xmulyplus1_0076,sft_train,numeric_equation,ba_dc_multiplication_ba_dc_mul_add_1,synthetic,false,train_only
syn_ne_ba_dc_mul_xmulyplus1_0077,sft_train,numeric_equation,ba_dc_multiplication_ba_dc_mul_add_1,synthetic,false,train_only
syn_ne_ba_dc_mul_xmulyplus1_0078,sft_train,numeric_equation,ba_dc_multiplication_ba_dc_mul_add_1,synthetic,false,train_only
syn_ne_ba_dc_mul_xmulyplus1_0079,sft_train,numeric_equation,ba_dc_multiplication_ba_dc_mul_add_1,synthetic,false,train_only
syn_ne_ba_dc_mul_xmulyplus1_0080,sft_train,numeric_equation,ba_dc_multiplication_ba_dc_mul_add_1,synthetic,false,train_only
syn_ne_ba_dc_mul_xmulyplus1_0081,sft_train,numeric_equation,ba_dc_multiplication_ba_dc_mul_add_1,synthetic,false,train_only
syn_ne_ba_dc_mul_xmulyplus1_0082,sft_train,numeric_equation,ba_dc_multiplication_ba_dc_mul_add_1,synthetic,false,train_only
syn_ne_ba_dc_mul_xmulyplus1_0083,sft_train,numeric_equation,ba_dc_multiplication_ba_dc_mul_add_1,synthetic,false,train_only
syn_ne_ba_dc_mul_xmulyplus1_0084,sft_train,numeric_equation,ba_dc_multiplication_ba_dc_mul_add_1,synthetic,false,train_only
syn_ne_ba_dc_mul_xmulyplus1_0085,sft_train,numeric_equation,ba_dc_multiplication_ba_dc_mul_add_1,synthetic,false,train_only
syn_ne_ba_dc_mul_xmulyplus1_0086,sft_train,numeric_equation,ba_dc_multiplication_ba_dc_mul_add_1,synthetic,false,train_only
syn_ne_ba_dc_mul_xmulyplus1_0087,sft_train,numeric_equation,ba_dc_multiplication_ba_dc_mul_add_1,synthetic,false,train_only
syn_ne_ba_dc_mul_xmulyplus1_0088,sft_train,numeric_equation,ba_dc_multiplication_ba_dc_mul_add_1,synthetic,false,train_only
syn_ne_ba_dc_sub_abs_0001,sft_train,numeric_equation,ba_dc_subtraction_abs_x_y,synthetic,false,train_only
syn_ne_ba_dc_sub_abs_0002,sft_train,numeric_equation,ba_dc_subtraction_abs_x_y,synthetic,false,train_only
syn_ne_ba_dc_sub_abs_0003,sft_train,numeric_equation,ba_dc_subtraction_abs_x_y,synthetic,false,train_only
syn_ne_ba_dc_sub_abs_0004,sft_train,numeric_equation,ba_dc_subtraction_abs_x_y,synthetic,false,train_only
syn_ne_ba_dc_sub_abs_0005,sft_train,numeric_equation,ba_dc_subtraction_abs_x_y,synthetic,false,train_only
syn_ne_ba_dc_sub_abs_0006,sft_train,numeric_equation,ba_dc_subtraction_abs_x_y,synthetic,false,train_only
syn_ne_ba_dc_sub_abs_0007,sft_train,numeric_equation,ba_dc_subtraction_abs_x_y,synthetic,false,train_only
syn_ne_ba_dc_sub_abs_0008,sft_train,numeric_equation,ba_dc_subtraction_abs_x_y,synthetic,false,train_only
syn_ne_ba_dc_sub_abs_0009,sft_train,numeric_equation,ba_dc_subtraction_abs_x_y,synthetic,false,train_only
syn_ne_ba_dc_sub_abs_0010,sft_train,numeric_equation,ba_dc_subtraction_abs_x_y,synthetic,false,train_only
syn_ne_ba_dc_sub_abs_0011,sft_train,numeric_equation,ba_dc_subtraction_abs_x_y,synthetic,false,train_only
syn_ne_ba_dc_sub_abs_0012,sft_train,numeric_equation,ba_dc_subtraction_abs_x_y,synthetic,false,train_only
syn_ne_ba_dc_sub_abs_0013,sft_train,numeric_equation,ba_dc_subtraction_abs_x_y,synthetic,false,train_only
syn_ne_ba_dc_sub_abs_0014,sft_train,numeric_equation,ba_dc_subtraction_abs_x_y,synthetic,false,train_only
syn_ne_ba_dc_sub_abs_0015,sft_train,numeric_equation,ba_dc_subtraction_abs_x_y,synthetic,false,train_only
syn_ne_ba_dc_sub_abs_0016,sft_train,numeric_equation,ba_dc_subtraction_abs_x_y,synthetic,false,train_only
syn_ne_ba_dc_sub_abs_0017,sft_train,numeric_equation,ba_dc_subtraction_abs_x_y,synthetic,false,train_only
syn_ne_ba_dc_sub_abs_0018,sft_train,numeric_equation,ba_dc_subtraction_abs_x_y,synthetic,false,train_only
syn_ne_ba_dc_sub_abs_0019,sft_train,numeric_equation,ba_dc_subtraction_abs_x_y,synthetic,false,train_only
syn_ne_ba_dc_sub_abs_0020,sft_train,numeric_equation,ba_dc_subtraction_abs_x_y,synthetic,false,train_only
syn_ne_ba_dc_sub_abs_0021,sft_train,numeric_equation,ba_dc_subtraction_abs_x_y,synthetic,false,train_only
syn_ne_ba_dc_sub_abs_0022,sft_train,numeric_equation,ba_dc_subtraction_abs_x_y,synthetic,false,train_only
syn_ne_ba_dc_sub_abs_0023,sft_train,numeric_equation,ba_dc_subtraction_abs_x_y,synthetic,false,train_only
syn_ne_ba_dc_sub_abs_0024,sft_train,numeric_equation,ba_dc_subtraction_abs_x_y,synthetic,false,train_only
syn_ne_ba_dc_sub_abs_0025,sft_train,numeric_equation,ba_dc_subtraction_abs_x_y,synthetic,false,train_only
syn_ne_ba_dc_sub_abs_0026,sft_train,numeric_equation,ba_dc_subtraction_abs_x_y,synthetic,false,train_only
syn_ne_ba_dc_sub_abs_0027,sft_train,numeric_equation,ba_dc_subtraction_abs_x_y,synthetic,false,train_only
syn_ne_ba_dc_sub_abs_0028,sft_train,numeric_equation,ba_dc_subtraction_abs_x_y,synthetic,false,train_only
syn_ne_ba_dc_sub_abs_0029,sft_train,numeric_equation,ba_dc_subtraction_abs_x_y,synthetic,false,train_only
syn_ne_ba_dc_sub_abs_0030,sft_train,numeric_equation,ba_dc_subtraction_abs_x_y,synthetic,false,train_only
syn_ne_ba_dc_sub_abs_0031,sft_train,numeric_equation,ba_dc_subtraction_abs_x_y,synthetic,false,train_only
syn_ne_ba_dc_sub_abs_0032,sft_train,numeric_equation,ba_dc_subtraction_abs_x_y,synthetic,false,train_only
syn_ne_ba_dc_sub_abs_0033,sft_train,numeric_equation,ba_dc_subtraction_abs_x_y,synthetic,false,train_only
syn_ne_ba_dc_sub_abs_0034,sft_train,numeric_equation,ba_dc_subtraction_abs_x_y,synthetic,false,train_only
syn_ne_ba_dc_sub_abs_0035,sft_train,numeric_equation,ba_dc_subtraction_abs_x_y,synthetic,false,train_only
syn_ne_ba_dc_sub_abs_0036,sft_train,numeric_equation,ba_dc_subtraction_abs_x_y,synthetic,false,train_only
syn_ne_ba_dc_sub_abs_0037,sft_train,numeric_equation,ba_dc_subtraction_abs_x_y,synthetic,false,train_only
syn_ne_ba_dc_sub_abs_0038,sft_train,numeric_equation,ba_dc_subtraction_abs_x_y,synthetic,false,train_only
syn_ne_ba_dc_sub_abs_0039,sft_train,numeric_equation,ba_dc_subtraction_abs_x_y,synthetic,false,train_only
syn_ne_ba_dc_sub_abs_0040,sft_train,numeric_equation,ba_dc_subtraction_abs_x_y,synthetic,false,train_only
syn_ne_ba_dc_sub_abs_0041,sft_train,numeric_equation,ba_dc_subtraction_abs_x_y,synthetic,false,train_only
syn_ne_ba_dc_sub_abs_0042,sft_train,numeric_equation,ba_dc_subtraction_abs_x_y,synthetic,false,train_only
syn_ne_ba_dc_sub_abs_0043,sft_train,numeric_equation,ba_dc_subtraction_abs_x_y,synthetic,false,train_only
syn_ne_ba_dc_sub_abs_0044,sft_train,numeric_equation,ba_dc_subtraction_abs_x_y,synthetic,false,train_only
syn_ne_ba_dc_sub_abs_0045,sft_train,numeric_equation,ba_dc_subtraction_abs_x_y,synthetic,false,train_only
syn_ne_ba_dc_sub_abs_0046,sft_train,numeric_equation,ba_dc_subtraction_abs_x_y,synthetic,false,train_only
syn_ne_ba_dc_sub_abs_0047,sft_train,numeric_equation,ba_dc_subtraction_abs_x_y,synthetic,false,train_only
syn_ne_ba_dc_sub_abs_0048,sft_train,numeric_equation,ba_dc_subtraction_abs_x_y,synthetic,false,train_only
syn_ne_ba_dc_sub_abs_0049,sft_train,numeric_equation,ba_dc_subtraction_abs_x_y,synthetic,false,train_only
syn_ne_ba_dc_sub_abs_0050,sft_train,numeric_equation,ba_dc_subtraction_abs_x_y,synthetic,false,train_only
syn_ne_ba_dc_sub_abs_0051,sft_train,numeric_equation,ba_dc_subtraction_abs_x_y,synthetic,false,train_only
syn_ne_ba_dc_sub_abs_0052,sft_train,numeric_equation,ba_dc_subtraction_abs_x_y,synthetic,false,train_only
syn_ne_ba_dc_sub_abs_0053,sft_train,numeric_equation,ba_dc_subtraction_abs_x_y,synthetic,false,train_only
syn_ne_ba_dc_sub_abs_0054,sft_train,numeric_equation,ba_dc_subtraction_abs_x_y,synthetic,false,train_only
syn_ne_ba_dc_sub_abs_0055,sft_train,numeric_equation,ba_dc_subtraction_abs_x_y,synthetic,false,train_only
syn_ne_ba_dc_sub_abs_0056,sft_train,numeric_equation,ba_dc_subtraction_abs_x_y,synthetic,false,train_only
syn_ne_ba_dc_sub_abs_0057,sft_train,numeric_equation,ba_dc_subtraction_abs_x_y,synthetic,false,train_only
syn_ne_ba_dc_sub_abs_0058,sft_train,numeric_equation,ba_dc_subtraction_abs_x_y,synthetic,false,train_only
syn_ne_ba_dc_sub_abs_0059,sft_train,numeric_equation,ba_dc_subtraction_abs_x_y,synthetic,false,train_only
syn_ne_ba_dc_sub_abs_0060,sft_train,numeric_equation,ba_dc_subtraction_abs_x_y,synthetic,false,train_only
syn_ne_ba_dc_sub_abs_0061,sft_train,numeric_equation,ba_dc_subtraction_abs_x_y,synthetic,false,train_only
syn_ne_ba_dc_sub_abs_0062,sft_train,numeric_equation,ba_dc_subtraction_abs_x_y,synthetic,false,train_only
syn_ne_ba_dc_sub_abs_0063,sft_train,numeric_equation,ba_dc_subtraction_abs_x_y,synthetic,false,train_only
syn_ne_ba_dc_sub_abs_0064,sft_train,numeric_equation,ba_dc_subtraction_abs_x_y,synthetic,false,train_only
syn_ne_ba_dc_sub_abs_0065,sft_train,numeric_equation,ba_dc_subtraction_abs_x_y,synthetic,false,train_only
syn_ne_ba_dc_sub_abs_0066,sft_train,numeric_equation,ba_dc_subtraction_abs_x_y,synthetic,false,train_only
syn_ne_ba_dc_sub_abs_0067,sft_train,numeric_equation,ba_dc_subtraction_abs_x_y,synthetic,false,train_only
syn_ne_ba_dc_sub_abs_0068,sft_train,numeric_equation,ba_dc_subtraction_abs_x_y,synthetic,false,train_only
syn_ne_ba_dc_sub_abs_0069,sft_train,numeric_equation,ba_dc_subtraction_abs_x_y,synthetic,false,train_only
syn_ne_ba_dc_sub_abs_0070,sft_train,numeric_equation,ba_dc_subtraction_abs_x_y,synthetic,false,train_only
syn_ne_ba_dc_sub_abs_0071,sft_train,numeric_equation,ba_dc_subtraction_abs_x_y,synthetic,false,train_only
syn_ne_ba_dc_sub_abs_0072,sft_train,numeric_equation,ba_dc_subtraction_abs_x_y,synthetic,false,train_only
syn_ne_ba_dc_sub_abs_0073,sft_train,numeric_equation,ba_dc_subtraction_abs_x_y,synthetic,false,train_only
syn_ne_ba_dc_sub_minmax_0001,sft_train,numeric_equation,ba_dc_subtraction_min_minus_max,synthetic,false,train_only
syn_ne_ba_dc_sub_minmax_0002,sft_train,numeric_equation,ba_dc_subtraction_min_minus_max,synthetic,false,train_only
syn_ne_ba_dc_sub_minmax_0003,sft_train,numeric_equation,ba_dc_subtraction_min_minus_max,synthetic,false,train_only
syn_ne_ba_dc_sub_minmax_0004,sft_train,numeric_equation,ba_dc_subtraction_min_minus_max,synthetic,false,train_only
syn_ne_ba_dc_sub_minmax_0005,sft_train,numeric_equation,ba_dc_subtraction_min_minus_max,synthetic,false,train_only
syn_ne_ba_dc_sub_minmax_0006,sft_train,numeric_equation,ba_dc_subtraction_min_minus_max,synthetic,false,train_only
syn_ne_ba_dc_sub_minmax_0007,sft_train,numeric_equation,ba_dc_subtraction_min_minus_max,synthetic,false,train_only
syn_ne_ba_dc_sub_minmax_0008,sft_train,numeric_equation,ba_dc_subtraction_min_minus_max,synthetic,false,train_only
syn_ne_ba_dc_sub_minmax_0009,sft_train,numeric_equation,ba_dc_subtraction_min_minus_max,synthetic,false,train_only
syn_ne_ba_dc_sub_minmax_0010,sft_train,numeric_equation,ba_dc_subtraction_min_minus_max,synthetic,false,train_only
syn_ne_ba_dc_sub_xminusy_0001,sft_train,numeric_equation,ba_dc_subtraction_x_y,synthetic,false,train_only
syn_ne_ba_dc_sub_xminusy_0002,sft_train,numeric_equation,ba_dc_subtraction_x_y,synthetic,false,train_only
syn_ne_ba_dc_sub_xminusy_0003,sft_train,numeric_equation,ba_dc_subtraction_x_y,synthetic,false,train_only
syn_ne_ba_dc_sub_xminusy_0004,sft_train,numeric_equation,ba_dc_subtraction_x_y,synthetic,false,train_only
syn_ne_ba_dc_sub_xminusy_0005,sft_train,numeric_equation,ba_dc_subtraction_x_y,synthetic,false,train_only
syn_ne_ba_dc_sub_xminusy_0006,sft_train,numeric_equation,ba_dc_subtraction_x_y,synthetic,false,train_only
syn_ne_ba_dc_sub_xminusy_0007,sft_train,numeric_equation,ba_dc_subtraction_x_y,synthetic,false,train_only
syn_ne_ba_dc_sub_xminusy_0008,sft_train,numeric_equation,ba_dc_subtraction_x_y,synthetic,false,train_only
syn_ne_ba_dc_sub_xminusy_0009,sft_train,numeric_equation,ba_dc_subtraction_x_y,synthetic,false,train_only
syn_ne_ba_dc_sub_xminusy_0010,sft_train,numeric_equation,ba_dc_subtraction_x_y,synthetic,false,train_only
syn_ne_ba_dc_sub_xminusy_0011,sft_train,numeric_equation,ba_dc_subtraction_x_y,synthetic,false,train_only
syn_ne_ba_dc_sub_xminusy_0012,sft_train,numeric_equation,ba_dc_subtraction_x_y,synthetic,false,train_only
syn_ne_ba_dc_sub_xminusy_0013,sft_train,numeric_equation,ba_dc_subtraction_x_y,synthetic,false,train_only
syn_ne_ba_dc_sub_xminusy_0014,sft_train,numeric_equation,ba_dc_subtraction_x_y,synthetic,false,train_only
syn_ne_ba_dc_sub_xminusy_0015,sft_train,numeric_equation,ba_dc_subtraction_x_y,synthetic,false,train_only
syn_ne_ba_dc_sub_xminusy_0016,sft_train,numeric_equation,ba_dc_subtraction_x_y,synthetic,false,train_only
syn_ne_ba_dc_sub_xminusy_0017,sft_train,numeric_equation,ba_dc_subtraction_x_y,synthetic,false,train_only
syn_ne_ba_dc_sub_xminusy_0018,sft_train,numeric_equation,ba_dc_subtraction_x_y,synthetic,false,train_only
syn_ne_ba_dc_sub_xminusy_0019,sft_train,numeric_equation,ba_dc_subtraction_x_y,synthetic,false,train_only
syn_ne_ba_dc_sub_xminusy_0020,sft_train,numeric_equation,ba_dc_subtraction_x_y,synthetic,false,train_only
syn_ne_ba_dc_sub_xminusy_0021,sft_train,numeric_equation,ba_dc_subtraction_x_y,synthetic,false,train_only
syn_ne_ba_dc_sub_xminusy_0022,sft_train,numeric_equation,ba_dc_subtraction_x_y,synthetic,false,train_only
syn_ne_ba_dc_sub_xminusy_0023,sft_train,numeric_equation,ba_dc_subtraction_x_y,synthetic,false,train_only
syn_ne_ba_dc_sub_xminusy_0024,sft_train,numeric_equation,ba_dc_subtraction_x_y,synthetic,false,train_only
syn_ne_ba_dc_sub_xminusy_0025,sft_train,numeric_equation,ba_dc_subtraction_x_y,synthetic,false,train_only
syn_ne_ba_dc_sub_xminusy_0026,sft_train,numeric_equation,ba_dc_subtraction_x_y,synthetic,false,train_only
syn_ne_ba_dc_sub_xminusy_0027,sft_train,numeric_equation,ba_dc_subtraction_x_y,synthetic,false,train_only
syn_ne_ba_dc_sub_xminusy_0028,sft_train,numeric_equation,ba_dc_subtraction_x_y,synthetic,false,train_only
syn_ne_ba_dc_sub_xminusy_0029,sft_train,numeric_equation,ba_dc_subtraction_x_y,synthetic,false,train_only
syn_ne_ba_dc_sub_xminusy_0030,sft_train,numeric_equation,ba_dc_subtraction_x_y,synthetic,false,train_only
syn_ne_ba_dc_sub_xminusy_0031,sft_train,numeric_equation,ba_dc_subtraction_x_y,synthetic,false,train_only
syn_ne_ba_dc_sub_xminusy_0032,sft_train,numeric_equation,ba_dc_subtraction_x_y,synthetic,false,train_only
syn_ne_ba_dc_sub_xminusy_0033,sft_train,numeric_equation,ba_dc_subtraction_x_y,synthetic,false,train_only
syn_ne_ba_dc_sub_xminusy_0034,sft_train,numeric_equation,ba_dc_subtraction_x_y,synthetic,false,train_only
syn_ne_ba_dc_sub_xminusy_0035,sft_train,numeric_equation,ba_dc_subtraction_x_y,synthetic,false,train_only
syn_ne_ba_dc_sub_xminusy_0036,sft_train,numeric_equation,ba_dc_subtraction_x_y,synthetic,false,train_only
syn_ne_ba_dc_sub_xminusy_0037,sft_train,numeric_equation,ba_dc_subtraction_x_y,synthetic,false,train_only
syn_ne_ba_dc_sub_xminusy_0038,sft_train,numeric_equation,ba_dc_subtraction_x_y,synthetic,false,train_only
syn_ne_ba_dc_sub_xminusy_0039,sft_train,numeric_equation,ba_dc_subtraction_x_y,synthetic,false,train_only
syn_ne_ba_dc_sub_xminusy_0040,sft_train,numeric_equation,ba_dc_subtraction_x_y,synthetic,false,train_only
syn_ne_ba_dc_sub_xminusy_0041,sft_train,numeric_equation,ba_dc_subtraction_x_y,synthetic,false,train_only
syn_ne_ba_dc_sub_xminusy_0042,sft_train,numeric_equation,ba_dc_subtraction_x_y,synthetic,false,train_only
syn_ne_ba_dc_sub_xminusy_0043,sft_train,numeric_equation,ba_dc_subtraction_x_y,synthetic,false,train_only
syn_ne_ba_dc_sub_xminusy_0044,sft_train,numeric_equation,ba_dc_subtraction_x_y,synthetic,false,train_only
syn_ne_ba_dc_sub_xminusy_0045,sft_train,numeric_equation,ba_dc_subtraction_x_y,synthetic,false,train_only
syn_ne_ba_dc_sub_xminusy_0046,sft_train,numeric_equation,ba_dc_subtraction_x_y,synthetic,false,train_only
syn_ne_ba_dc_sub_xminusy_0047,sft_train,numeric_equation,ba_dc_subtraction_x_y,synthetic,false,train_only
syn_ne_ba_dc_sub_xminusy_0048,sft_train,numeric_equation,ba_dc_subtraction_x_y,synthetic,false,train_only
syn_ne_ba_dc_sub_xminusy_0049,sft_train,numeric_equation,ba_dc_subtraction_x_y,synthetic,false,train_only
syn_ne_ba_dc_sub_xminusy_0050,sft_train,numeric_equation,ba_dc_subtraction_x_y,synthetic,false,train_only
syn_ne_ba_dc_sub_xminusy_0051,sft_train,numeric_equation,ba_dc_subtraction_x_y,synthetic,false,train_only
syn_ne_ba_dc_sub_xminusy_0052,sft_train,numeric_equation,ba_dc_subtraction_x_y,synthetic,false,train_only
syn_ne_ba_dc_sub_xminusy_0053,sft_train,numeric_equation,ba_dc_subtraction_x_y,synthetic,false,train_only
syn_ne_ba_dc_sub_xminusy_0054,sft_train,numeric_equation,ba_dc_subtraction_x_y,synthetic,false,train_only
syn_ne_ba_dc_sub_xminusy_0055,sft_train,numeric_equation,ba_dc_subtraction_x_y,synthetic,false,train_only
syn_ne_ba_dc_sub_xminusy_0056,sft_train,numeric_equation,ba_dc_subtraction_x_y,synthetic,false,train_only
syn_ne_ba_dc_sub_xminusy_0057,sft_train,numeric_equation,ba_dc_subtraction_x_y,synthetic,false,train_only
syn_ne_ba_dc_sub_xminusy_0058,sft_train,numeric_equation,ba_dc_subtraction_x_y,synthetic,false,train_only
syn_ne_ba_dc_sub_xminusy_0059,sft_train,numeric_equation,ba_dc_subtraction_x_y,synthetic,false,train_only
syn_ne_ba_dc_sub_xminusy_0060,sft_train,numeric_equation,ba_dc_subtraction_x_y,synthetic,false,train_only
syn_ne_ba_dc_sub_xminusy_0061,sft_train,numeric_equation,ba_dc_subtraction_x_y,synthetic,false,train_only
syn_ne_ba_dc_sub_xminusy_0062,sft_train,numeric_equation,ba_dc_subtraction_x_y,synthetic,false,train_only
syn_ne_ba_dc_sub_xminusy_0063,sft_train,numeric_equation,ba_dc_subtraction_x_y,synthetic,false,train_only
syn_ne_ba_dc_sub_xminusy_0064,sft_train,numeric_equation,ba_dc_subtraction_x_y,synthetic,false,train_only
syn_ne_ba_dc_sub_xminusy_0065,sft_train,numeric_equation,ba_dc_subtraction_x_y,synthetic,false,train_only
syn_ne_ba_dc_sub_xminusy_0066,sft_train,numeric_equation,ba_dc_subtraction_x_y,synthetic,false,train_only
syn_ne_ba_dc_sub_xminusy_0067,sft_train,numeric_equation,ba_dc_subtraction_x_y,synthetic,false,train_only
syn_ne_ba_dc_sub_xminusy_0068,sft_train,numeric_equation,ba_dc_subtraction_x_y,synthetic,false,train_only
syn_ne_ba_dc_sub_xminusy_0069,sft_train,numeric_equation,ba_dc_subtraction_x_y,synthetic,false,train_only
syn_ne_ba_dc_sub_xminusy_0070,sft_train,numeric_equation,ba_dc_subtraction_x_y,synthetic,false,train_only
syn_ne_ba_dc_sub_xminusy_0071,sft_train,numeric_equation,ba_dc_subtraction_x_y,synthetic,false,train_only
syn_ne_ba_dc_sub_xminusy_0072,sft_train,numeric_equation,ba_dc_subtraction_x_y,synthetic,false,train_only
syn_ne_ba_dc_sub_xminusy_0073,sft_train,numeric_equation,ba_dc_subtraction_x_y,synthetic,false,train_only
syn_ne_ba_dc_sub_xminusy_0074,sft_train,numeric_equation,ba_dc_subtraction_x_y,synthetic,false,train_only
syn_ne_ba_dc_sub_xminusy_0075,sft_train,numeric_equation,ba_dc_subtraction_x_y,synthetic,false,train_only
syn_ne_ba_dc_sub_xminusy_0076,sft_train,numeric_equation,ba_dc_subtraction_x_y,synthetic,false,train_only
syn_ne_ba_dc_sub_xminusy_0077,sft_train,numeric_equation,ba_dc_subtraction_x_y,synthetic,false,train_only
syn_ne_ba_dc_sub_xminusy_0078,sft_train,numeric_equation,ba_dc_subtraction_x_y,synthetic,false,train_only
syn_ne_ba_dc_sub_xminusy_0079,sft_train,numeric_equation,ba_dc_subtraction_x_y,synthetic,false,train_only
syn_ne_ba_dc_sub_xminusy_0080,sft_train,numeric_equation,ba_dc_subtraction_x_y,synthetic,false,train_only
syn_ne_ba_dc_sub_xminusy_0081,sft_train,numeric_equation,ba_dc_subtraction_x_y,synthetic,false,train_only
syn_ne_ba_dc_sub_xminusy_0082,sft_train,numeric_equation,ba_dc_subtraction_x_y,synthetic,false,train_only
syn_ne_ba_dc_sub_xminusy_0083,sft_train,numeric_equation,ba_dc_subtraction_x_y,synthetic,false,train_only
syn_ne_ba_dc_sub_xminusy_0084,sft_train,numeric_equation,ba_dc_subtraction_x_y,synthetic,false,train_only
syn_ne_ba_dc_sub_xminusy_0085,sft_train,numeric_equation,ba_dc_subtraction_x_y,synthetic,false,train_only
syn_ne_ba_dc_sub_xminusy_0086,sft_train,numeric_equation,ba_dc_subtraction_x_y,synthetic,false,train_only
syn_ne_ba_dc_sub_xminusy_0087,sft_train,numeric_equation,ba_dc_subtraction_x_y,synthetic,false,train_only
syn_ne_ba_dc_sub_xminusy_0088,sft_train,numeric_equation,ba_dc_subtraction_x_y,synthetic,false,train_only
syn_ne_ba_dc_sub_xminusy_0089,sft_train,numeric_equation,ba_dc_subtraction_x_y,synthetic,false,train_only
syn_ne_ba_dc_sub_xminusy_0090,sft_train,numeric_equation,ba_dc_subtraction_x_y,synthetic,false,train_only
syn_ne_ba_dc_sub_xminusy_0091,sft_train,numeric_equation,ba_dc_subtraction_x_y,synthetic,false,train_only
syn_ne_ba_dc_sub_xminusy_0092,sft_train,numeric_equation,ba_dc_subtraction_x_y,synthetic,false,train_only
syn_ne_ba_dc_sub_xminusy_0093,sft_train,numeric_equation,ba_dc_subtraction_x_y,synthetic,false,train_only
syn_ne_ba_dc_sub_xminusy_0094,sft_train,numeric_equation,ba_dc_subtraction_x_y,synthetic,false,train_only
syn_ne_ba_dc_sub_xminusy_0095,sft_train,numeric_equation,ba_dc_subtraction_x_y,synthetic,false,train_only
syn_ne_ba_dc_sub_xminusy_0096,sft_train,numeric_equation,ba_dc_subtraction_x_y,synthetic,false,train_only
syn_ne_ba_dc_sub_xminusy_0097,sft_train,numeric_equation,ba_dc_subtraction_x_y,synthetic,false,train_only
syn_ne_ba_dc_sub_xminusy_0098,sft_train,numeric_equation,ba_dc_subtraction_x_y,synthetic,false,train_only
syn_ne_ba_dc_sub_xminusy_0099,sft_train,numeric_equation,ba_dc_subtraction_x_y,synthetic,false,train_only
syn_ne_ba_dc_sub_xminusy_0100,sft_train,numeric_equation,ba_dc_subtraction_x_y,synthetic,false,train_only
syn_ne_ba_dc_sub_xminusy_0101,sft_train,numeric_equation,ba_dc_subtraction_x_y,synthetic,false,train_only
syn_ne_ba_dc_sub_xminusy_0102,sft_train,numeric_equation,ba_dc_subtraction_x_y,synthetic,false,train_only
syn_ne_ba_dc_sub_xminusy_0103,sft_train,numeric_equation,ba_dc_subtraction_x_y,synthetic,false,train_only
syn_ne_ba_dc_sub_xminusy_0104,sft_train,numeric_equation,ba_dc_subtraction_x_y,synthetic,false,train_only
syn_ne_ba_dc_sub_xminusy_0105,sft_train,numeric_equation,ba_dc_subtraction_x_y,synthetic,false,train_only
syn_ne_ba_dc_sub_xminusy_0106,sft_train,numeric_equation,ba_dc_subtraction_x_y,synthetic,false,train_only
syn_ne_ba_dc_sub_xminusy_0107,sft_train,numeric_equation,ba_dc_subtraction_x_y,synthetic,false,train_only
syn_ne_ba_dc_sub_xminusy_0108,sft_train,numeric_equation,ba_dc_subtraction_x_y,synthetic,false,train_only
syn_ne_ba_dc_sub_xminusy_0109,sft_train,numeric_equation,ba_dc_subtraction_x_y,synthetic,false,train_only
syn_ne_ba_dc_sub_xminusy_0110,sft_train,numeric_equation,ba_dc_subtraction_x_y,synthetic,false,train_only
syn_ne_ba_dc_sub_xminusy_0111,sft_train,numeric_equation,ba_dc_subtraction_x_y,synthetic,false,train_only
syn_ne_ba_dc_sub_xminusy_0112,sft_train,numeric_equation,ba_dc_subtraction_x_y,synthetic,false,train_only
syn_ne_ba_dc_sub_xminusy_0113,sft_train,numeric_equation,ba_dc_subtraction_x_y,synthetic,false,train_only
syn_ne_ba_dc_sub_xminusy_0114,sft_train,numeric_equation,ba_dc_subtraction_x_y,synthetic,false,train_only
syn_ne_ba_dc_sub_xminusy_0115,sft_train,numeric_equation,ba_dc_subtraction_x_y,synthetic,false,train_only
syn_ne_ba_dc_sub_xminusy_0116,sft_train,numeric_equation,ba_dc_subtraction_x_y,synthetic,false,train_only
syn_ne_ba_dc_sub_xminusy_0117,sft_train,numeric_equation,ba_dc_subtraction_x_y,synthetic,false,train_only
syn_ne_ba_dc_sub_xminusy_0118,sft_train,numeric_equation,ba_dc_subtraction_x_y,synthetic,false,train_only
syn_ne_ba_dc_sub_xminusy_0119,sft_train,numeric_equation,ba_dc_subtraction_x_y,synthetic,false,train_only
syn_ne_ba_dc_sub_xminusy_0120,sft_train,numeric_equation,ba_dc_subtraction_x_y,synthetic,false,train_only
syn_ne_ba_dc_sub_xminusy_0121,sft_train,numeric_equation,ba_dc_subtraction_x_y,synthetic,false,train_only
syn_ne_ba_dc_sub_xminusy_0122,sft_train,numeric_equation,ba_dc_subtraction_x_y,synthetic,false,train_only
syn_ne_ba_dc_sub_xminusy_0123,sft_train,numeric_equation,ba_dc_subtraction_x_y,synthetic,false,train_only
syn_ne_ba_dc_sub_xminusy_0124,sft_train,numeric_equation,ba_dc_subtraction_x_y,synthetic,false,train_only
syn_ne_ba_dc_sub_xminusy_0125,sft_train,numeric_equation,ba_dc_subtraction_x_y,synthetic,false,train_only
syn_ne_ba_dc_sub_xminusy_0126,sft_train,numeric_equation,ba_dc_subtraction_x_y,synthetic,false,train_only
syn_ne_ba_dc_sub_xminusy_0127,sft_train,numeric_equation,ba_dc_subtraction_x_y,synthetic,false,train_only
syn_ne_ba_dc_sub_xminusy_0128,sft_train,numeric_equation,ba_dc_subtraction_x_y,synthetic,false,train_only
syn_ne_ba_dc_sub_xminusy_0129,sft_train,numeric_equation,ba_dc_subtraction_x_y,synthetic,false,train_only
syn_ne_ba_dc_sub_xminusy_0130,sft_train,numeric_equation,ba_dc_subtraction_x_y,synthetic,false,train_only
syn_ne_ba_dc_sub_xminusy_0131,sft_train,numeric_equation,ba_dc_subtraction_x_y,synthetic,false,train_only
syn_ne_ba_dc_sub_xminusy_0132,sft_train,numeric_equation,ba_dc_subtraction_x_y,synthetic,false,train_only
syn_ne_ba_dc_sub_xminusy_0133,sft_train,numeric_equation,ba_dc_subtraction_x_y,synthetic,false,train_only
syn_ne_ba_dc_sub_xminusy_0134,sft_train,numeric_equation,ba_dc_subtraction_x_y,synthetic,false,train_only
syn_ne_ba_dc_sub_xminusy_0135,sft_train,numeric_equation,ba_dc_subtraction_x_y,synthetic,false,train_only
syn_ne_ba_dc_sub_xminusy_0136,sft_train,numeric_equation,ba_dc_subtraction_x_y,synthetic,false,train_only
syn_ne_ba_dc_sub_xminusy_0137,sft_train,numeric_equation,ba_dc_subtraction_x_y,synthetic,false,train_only
syn_ne_ba_dc_sub_xminusy_0138,sft_train,numeric_equation,ba_dc_subtraction_x_y,synthetic,false,train_only
syn_ne_ba_dc_sub_xminusy_0139,sft_train,numeric_equation,ba_dc_subtraction_x_y,synthetic,false,train_only
syn_ne_ba_dc_sub_xminusy_0140,sft_train,numeric_equation,ba_dc_subtraction_x_y,synthetic,false,train_only
syn_ne_ba_dc_sub_xminusy_0141,sft_train,numeric_equation,ba_dc_subtraction_x_y,synthetic,false,train_only
syn_ne_ba_dc_sub_xminusy_0142,sft_train,numeric_equation,ba_dc_subtraction_x_y,synthetic,false,train_only
syn_ne_ba_dc_sub_xminusy_0143,sft_train,numeric_equation,ba_dc_subtraction_x_y,synthetic,false,train_only
syn_ne_ba_dc_sub_xminusy_0144,sft_train,numeric_equation,ba_dc_subtraction_x_y,synthetic,false,train_only
syn_ne_ba_dc_sub_xminusy_0145,sft_train,numeric_equation,ba_dc_subtraction_x_y,synthetic,false,train_only
syn_ne_ba_dc_sub_xminusy_0146,sft_train,numeric_equation,ba_dc_subtraction_x_y,synthetic,false,train_only
syn_ne_ba_dc_sub_xminusy_0147,sft_train,numeric_equation,ba_dc_subtraction_x_y,synthetic,false,train_only
syn_ne_ba_dc_sub_xminusy_0148,sft_train,numeric_equation,ba_dc_subtraction_x_y,synthetic,false,train_only
syn_ne_ba_dc_sub_xminusy_0149,sft_train,numeric_equation,ba_dc_subtraction_x_y,synthetic,false,train_only
syn_ne_ba_dc_sub_xminusy_0150,sft_train,numeric_equation,ba_dc_subtraction_x_y,synthetic,false,train_only
syn_ne_ba_dc_sub_xminusy_0151,sft_train,numeric_equation,ba_dc_subtraction_x_y,synthetic,false,train_only
syn_ne_ba_dc_sub_xminusy_0152,sft_train,numeric_equation,ba_dc_subtraction_x_y,synthetic,false,train_only
syn_ne_ba_dc_sub_xminusy_0153,sft_train,numeric_equation,ba_dc_subtraction_x_y,synthetic,false,train_only
syn_ne_ba_dc_sub_xminusy_0154,sft_train,numeric_equation,ba_dc_subtraction_x_y,synthetic,false,train_only
syn_ne_ba_dc_sub_xminusy_0155,sft_train,numeric_equation,ba_dc_subtraction_x_y,synthetic,false,train_only
syn_ne_ba_dc_sub_xminusy_0156,sft_train,numeric_equation,ba_dc_subtraction_x_y,synthetic,false,train_only
syn_ne_ba_dc_sub_xminusy_0157,sft_train,numeric_equation,ba_dc_subtraction_x_y,synthetic,false,train_only
syn_ne_ba_dc_sub_xminusy_0158,sft_train,numeric_equation,ba_dc_subtraction_x_y,synthetic,false,train_only
syn_ne_ba_dc_sub_xminusy_0159,sft_train,numeric_equation,ba_dc_subtraction_x_y,synthetic,false,train_only
syn_ne_ba_dc_sub_xminusy_0160,sft_train,numeric_equation,ba_dc_subtraction_x_y,synthetic,false,train_only
syn_ne_ba_dc_sub_xminusy_0161,sft_train,numeric_equation,ba_dc_subtraction_x_y,synthetic,false,train_only
syn_ne_ba_dc_sub_xminusy_0162,sft_train,numeric_equation,ba_dc_subtraction_x_y,synthetic,false,train_only
syn_ne_ba_dc_sub_xminusy_0163,sft_train,numeric_equation,ba_dc_subtraction_x_y,synthetic,false,train_only
syn_ne_ba_dc_sub_xminusy_0164,sft_train,numeric_equation,ba_dc_subtraction_x_y,synthetic,false,train_only
syn_ne_ba_dc_sub_xminusy_0165,sft_train,numeric_equation,ba_dc_subtraction_x_y,synthetic,false,train_only
syn_ne_ba_dc_sub_xminusy_0166,sft_train,numeric_equation,ba_dc_subtraction_x_y,synthetic,false,train_only
syn_ne_ba_dc_sub_xminusy_0167,sft_train,numeric_equation,ba_dc_subtraction_x_y,synthetic,false,train_only
syn_ne_ba_dc_sub_xminusy_0168,sft_train,numeric_equation,ba_dc_subtraction_x_y,synthetic,false,train_only
syn_ne_ba_dc_sub_xminusy_0169,sft_train,numeric_equation,ba_dc_subtraction_x_y,synthetic,false,train_only
syn_ne_ba_dc_sub_xminusy_0170,sft_train,numeric_equation,ba_dc_subtraction_x_y,synthetic,false,train_only
syn_ne_ba_dc_sub_xminusy_0171,sft_train,numeric_equation,ba_dc_subtraction_x_y,synthetic,false,train_only
syn_ne_ba_dc_sub_xminusy_0172,sft_train,numeric_equation,ba_dc_subtraction_x_y,synthetic,false,train_only
syn_ne_ba_dc_sub_xminusy_0173,sft_train,numeric_equation,ba_dc_subtraction_x_y,synthetic,false,train_only
syn_ne_ba_dc_sub_xminusy_0174,sft_train,numeric_equation,ba_dc_subtraction_x_y,synthetic,false,train_only
syn_ne_ba_dc_sub_xminusy_0175,sft_train,numeric_equation,ba_dc_subtraction_x_y,synthetic,false,train_only
syn_ne_ba_dc_sub_xminusy_0176,sft_train,numeric_equation,ba_dc_subtraction_x_y,synthetic,false,train_only
syn_ne_ba_dc_sub_xminusy_0177,sft_train,numeric_equation,ba_dc_subtraction_x_y,synthetic,false,train_only
syn_ne_ba_dc_sub_xminusy_0178,sft_train,numeric_equation,ba_dc_subtraction_x_y,synthetic,false,train_only
syn_ne_ba_dc_sub_xminusy_0179,sft_train,numeric_equation,ba_dc_subtraction_x_y,synthetic,false,train_only
syn_ne_ba_dc_sub_xminusy_0180,sft_train,numeric_equation,ba_dc_subtraction_x_y,synthetic,false,train_only
syn_ne_ba_dc_sub_xminusy_0181,sft_train,numeric_equation,ba_dc_subtraction_x_y,synthetic,false,train_only
syn_ne_ba_dc_sub_yminusx_0001,sft_train,numeric_equation,ba_dc_subtraction_y_x,synthetic,false,train_only
syn_ne_ba_dc_sub_yminusx_0002,sft_train,numeric_equation,ba_dc_subtraction_y_x,synthetic,false,train_only
syn_ne_ba_dc_sub_yminusx_0003,sft_train,numeric_equation,ba_dc_subtraction_y_x,synthetic,false,train_only
syn_ne_ba_dc_sub_yminusx_0004,sft_train,numeric_equation,ba_dc_subtraction_y_x,synthetic,false,train_only
syn_ne_ba_dc_sub_yminusx_0005,sft_train,numeric_equation,ba_dc_subtraction_y_x,synthetic,false,train_only
syn_ne_ba_dc_sub_yminusx_0006,sft_train,numeric_equation,ba_dc_subtraction_y_x,synthetic,false,train_only
syn_ne_ba_dc_sub_yminusx_0007,sft_train,numeric_equation,ba_dc_subtraction_y_x,synthetic,false,train_only
syn_ne_ba_dc_sub_yminusx_0008,sft_train,numeric_equation,ba_dc_subtraction_y_x,synthetic,false,train_only
syn_ne_ba_dc_sub_yminusx_0009,sft_train,numeric_equation,ba_dc_subtraction_y_x,synthetic,false,train_only
syn_ne_ba_dc_sub_yminusx_0010,sft_train,numeric_equation,ba_dc_subtraction_y_x,synthetic,false,train_only
syn_ne_ba_dc_sub_yminusx_0011,sft_train,numeric_equation,ba_dc_subtraction_y_x,synthetic,false,train_only
syn_ne_ba_dc_sub_yminusx_0012,sft_train,numeric_equation,ba_dc_subtraction_y_x,synthetic,false,train_only
syn_ne_ba_dc_sub_yminusx_0013,sft_train,numeric_equation,ba_dc_subtraction_y_x,synthetic,false,train_only
syn_ne_ba_dc_sub_yminusx_0014,sft_train,numeric_equation,ba_dc_subtraction_y_x,synthetic,false,train_only
syn_ne_ba_dc_sub_yminusx_0015,sft_train,numeric_equation,ba_dc_subtraction_y_x,synthetic,false,train_only
syn_ne_ba_dc_sub_yminusx_0016,sft_train,numeric_equation,ba_dc_subtraction_y_x,synthetic,false,train_only
syn_ne_ba_dc_sub_yminusx_0017,sft_train,numeric_equation,ba_dc_subtraction_y_x,synthetic,false,train_only
syn_ne_ba_dc_sub_yminusx_0018,sft_train,numeric_equation,ba_dc_subtraction_y_x,synthetic,false,train_only
syn_ne_ba_dc_sub_yminusx_0019,sft_train,numeric_equation,ba_dc_subtraction_y_x,synthetic,false,train_only
syn_ne_ba_dc_sub_yminusx_0020,sft_train,numeric_equation,ba_dc_subtraction_y_x,synthetic,false,train_only
syn_ne_ba_dc_sub_yminusx_0021,sft_train,numeric_equation,ba_dc_subtraction_y_x,synthetic,false,train_only
syn_ne_ba_dc_sub_yminusx_0022,sft_train,numeric_equation,ba_dc_subtraction_y_x,synthetic,false,train_only
syn_ne_ba_dc_sub_yminusx_0023,sft_train,numeric_equation,ba_dc_subtraction_y_x,synthetic,false,train_only
syn_ne_ba_dc_sub_yminusx_0024,sft_train,numeric_equation,ba_dc_subtraction_y_x,synthetic,false,train_only
syn_ne_ba_dc_sub_yminusx_0025,sft_train,numeric_equation,ba_dc_subtraction_y_x,synthetic,false,train_only
syn_ne_ba_dc_sub_yminusx_0026,sft_train,numeric_equation,ba_dc_subtraction_y_x,synthetic,false,train_only
syn_ne_ba_dc_sub_yminusx_0027,sft_train,numeric_equation,ba_dc_subtraction_y_x,synthetic,false,train_only
syn_ne_ba_dc_sub_yminusx_0028,sft_train,numeric_equation,ba_dc_subtraction_y_x,synthetic,false,train_only
syn_ne_ba_dc_sub_yminusx_0029,sft_train,numeric_equation,ba_dc_subtraction_y_x,synthetic,false,train_only
syn_ne_ba_dc_sub_yminusx_0030,sft_train,numeric_equation,ba_dc_subtraction_y_x,synthetic,false,train_only
syn_ne_ba_dc_sub_yminusx_0031,sft_train,numeric_equation,ba_dc_subtraction_y_x,synthetic,false,train_only
syn_ne_ba_dc_sub_yminusx_0032,sft_train,numeric_equation,ba_dc_subtraction_y_x,synthetic,false,train_only
syn_ne_ba_dc_sub_yminusx_0033,sft_train,numeric_equation,ba_dc_subtraction_y_x,synthetic,false,train_only
syn_ne_ba_dc_sub_yminusx_0034,sft_train,numeric_equation,ba_dc_subtraction_y_x,synthetic,false,train_only
syn_ne_ba_dc_sub_yminusx_0035,sft_train,numeric_equation,ba_dc_subtraction_y_x,synthetic,false,train_only
syn_ne_ba_dc_sub_yminusx_0036,sft_train,numeric_equation,ba_dc_subtraction_y_x,synthetic,false,train_only
syn_ne_ba_dc_sub_yminusx_0037,sft_train,numeric_equation,ba_dc_subtraction_y_x,synthetic,false,train_only
syn_ne_ba_dc_sub_yminusx_0038,sft_train,numeric_equation,ba_dc_subtraction_y_x,synthetic,false,train_only
syn_ne_ba_dc_sub_yminusx_0039,sft_train,numeric_equation,ba_dc_subtraction_y_x,synthetic,false,train_only
syn_ne_ba_dc_sub_yminusx_0040,sft_train,numeric_equation,ba_dc_subtraction_y_x,synthetic,false,train_only
syn_ne_ba_dc_sub_yminusx_0041,sft_train,numeric_equation,ba_dc_subtraction_y_x,synthetic,false,train_only
syn_ne_ba_dc_sub_yminusx_0042,sft_train,numeric_equation,ba_dc_subtraction_y_x,synthetic,false,train_only
syn_ne_ba_dc_sub_yminusx_0043,sft_train,numeric_equation,ba_dc_subtraction_y_x,synthetic,false,train_only
syn_ne_ba_dc_sub_yminusx_0044,sft_train,numeric_equation,ba_dc_subtraction_y_x,synthetic,false,train_only
syn_ne_ba_dc_sub_yminusx_0045,sft_train,numeric_equation,ba_dc_subtraction_y_x,synthetic,false,train_only
syn_ne_ba_dc_sub_yminusx_0046,sft_train,numeric_equation,ba_dc_subtraction_y_x,synthetic,false,train_only
syn_ne_ba_dc_sub_yminusx_0047,sft_train,numeric_equation,ba_dc_subtraction_y_x,synthetic,false,train_only
syn_ne_ba_dc_sub_yminusx_0048,sft_train,numeric_equation,ba_dc_subtraction_y_x,synthetic,false,train_only
syn_ne_ba_dc_sub_yminusx_0049,sft_train,numeric_equation,ba_dc_subtraction_y_x,synthetic,false,train_only
syn_ne_ba_dc_sub_yminusx_0050,sft_train,numeric_equation,ba_dc_subtraction_y_x,synthetic,false,train_only
syn_ne_ba_dc_sub_yminusx_0051,sft_train,numeric_equation,ba_dc_subtraction_y_x,synthetic,false,train_only
syn_ne_ba_dc_sub_yminusx_0052,sft_train,numeric_equation,ba_dc_subtraction_y_x,synthetic,false,train_only
syn_ne_ba_dc_sub_yminusx_0053,sft_train,numeric_equation,ba_dc_subtraction_y_x,synthetic,false,train_only
syn_ne_ba_dc_sub_yminusx_0054,sft_train,numeric_equation,ba_dc_subtraction_y_x,synthetic,false,train_only
syn_ne_ba_dc_sub_yminusx_0055,sft_train,numeric_equation,ba_dc_subtraction_y_x,synthetic,false,train_only
syn_ne_direct_template_0134_0001,sft_train,numeric_equation,direct_template_template0134,synthetic,false,train_only
syn_ne_direct_template_0134_0002,sft_train,numeric_equation,direct_template_template0134,synthetic,false,train_only
syn_ne_direct_template_0134_0003,sft_train,numeric_equation,direct_template_template0134,synthetic,false,train_only
syn_ne_direct_template_0134_0004,sft_train,numeric_equation,direct_template_template0134,synthetic,false,train_only
syn_ne_direct_template_0134_0005,sft_train,numeric_equation,direct_template_template0134,synthetic,false,train_only
syn_ne_direct_template_0134_0006,sft_train,numeric_equation,direct_template_template0134,synthetic,false,train_only
syn_ne_direct_template_0134_0007,sft_train,numeric_equation,direct_template_template0134,synthetic,false,train_only
syn_ne_direct_template_0134_0008,sft_train,numeric_equation,direct_template_template0134,synthetic,false,train_only
syn_ne_direct_template_0134_0009,sft_train,numeric_equation,direct_template_template0134,synthetic,false,train_only
syn_ne_direct_template_0134_0010,sft_train,numeric_equation,direct_template_template0134,synthetic,false,train_only
syn_ne_direct_template_0134_0011,sft_train,numeric_equation,direct_template_template0134,synthetic,false,train_only
syn_ne_direct_template_0134_0012,sft_train,numeric_equation,direct_template_template0134,synthetic,false,train_only
syn_ne_direct_template_0134_0013,sft_train,numeric_equation,direct_template_template0134,synthetic,false,train_only
syn_ne_direct_template_0134_0014,sft_train,numeric_equation,direct_template_template0134,synthetic,false,train_only
syn_ne_direct_template_0134_0015,sft_train,numeric_equation,direct_template_template0134,synthetic,false,train_only
syn_ne_direct_template_0134_0016,sft_train,numeric_equation,direct_template_template0134,synthetic,false,train_only
syn_ne_direct_template_0134_0017,sft_train,numeric_equation,direct_template_template0134,synthetic,false,train_only
syn_ne_direct_template_0134_0018,sft_train,numeric_equation,direct_template_template0134,synthetic,false,train_only
syn_ne_direct_template_0134_0019,sft_train,numeric_equation,direct_template_template0134,synthetic,false,train_only
syn_ne_direct_template_0134_0020,sft_train,numeric_equation,direct_template_template0134,synthetic,false,train_only
syn_ne_direct_template_0134_0021,sft_train,numeric_equation,direct_template_template0134,synthetic,false,train_only
syn_ne_direct_template_0134_0022,sft_train,numeric_equation,direct_template_template0134,synthetic,false,train_only
syn_ne_direct_template_0134_0023,sft_train,numeric_equation,direct_template_template0134,synthetic,false,train_only
syn_ne_direct_template_0134_0024,sft_train,numeric_equation,direct_template_template0134,synthetic,false,train_only
syn_ne_direct_template_0134_0025,sft_train,numeric_equation,direct_template_template0134,synthetic,false,train_only
syn_ne_direct_template_0134_0026,sft_train,numeric_equation,direct_template_template0134,synthetic,false,train_only
syn_ne_direct_template_0134_0027,sft_train,numeric_equation,direct_template_template0134,synthetic,false,train_only
syn_ne_direct_template_0134_0028,sft_train,numeric_equation,direct_template_template0134,synthetic,false,train_only
syn_ne_direct_template_0134_0029,sft_train,numeric_equation,direct_template_template0134,synthetic,false,train_only
syn_ne_direct_template_0134_0030,sft_train,numeric_equation,direct_template_template0134,synthetic,false,train_only
syn_ne_direct_template_0134_0031,sft_train,numeric_equation,direct_template_template0134,synthetic,false,train_only
syn_ne_direct_template_0134_0032,sft_train,numeric_equation,direct_template_template0134,synthetic,false,train_only
syn_ne_direct_template_0134_0033,sft_train,numeric_equation,direct_template_template0134,synthetic,false,train_only
syn_ne_direct_template_0134_0034,sft_train,numeric_equation,direct_template_template0134,synthetic,false,train_only
syn_ne_direct_template_0134_0035,sft_train,numeric_equation,direct_template_template0134,synthetic,false,train_only
syn_ne_direct_template_0134_0036,sft_train,numeric_equation,direct_template_template0134,synthetic,false,train_only
syn_ne_direct_template_0134_0037,sft_train,numeric_equation,direct_template_template0134,synthetic,false,train_only
syn_ne_direct_template_0134_0038,sft_train,numeric_equation,direct_template_template0134,synthetic,false,train_only
syn_ne_direct_template_0134_0039,sft_train,numeric_equation,direct_template_template0134,synthetic,false,train_only
syn_ne_direct_template_0134_0040,sft_train,numeric_equation,direct_template_template0134,synthetic,false,train_only
syn_ne_direct_template_0134_0041,sft_train,numeric_equation,direct_template_template0134,synthetic,false,train_only
syn_ne_direct_template_0134_0042,sft_train,numeric_equation,direct_template_template0134,synthetic,false,train_only
syn_ne_direct_template_0134_0043,sft_train,numeric_equation,direct_template_template0134,synthetic,false,train_only
syn_ne_direct_template_0134_0044,sft_train,numeric_equation,direct_template_template0134,synthetic,false,train_only
syn_ne_direct_template_0134_0045,sft_train,numeric_equation,direct_template_template0134,synthetic,false,train_only
syn_ne_direct_template_0134_0046,sft_train,numeric_equation,direct_template_template0134,synthetic,false,train_only
syn_ne_direct_template_0134_0047,sft_train,numeric_equation,direct_template_template0134,synthetic,false,train_only
syn_ne_direct_template_0134_0048,sft_train,numeric_equation,direct_template_template0134,synthetic,false,train_only
syn_ne_direct_template_0134_0049,sft_train,numeric_equation,direct_template_template0134,synthetic,false,train_only
syn_ne_direct_template_0134_0050,sft_train,numeric_equation,direct_template_template0134,synthetic,false,train_only
syn_ne_direct_template_0134_0051,sft_train,numeric_equation,direct_template_template0134,synthetic,false,train_only
syn_ne_direct_template_0134_0052,sft_train,numeric_equation,direct_template_template0134,synthetic,false,train_only
syn_ne_direct_template_0134_0053,sft_train,numeric_equation,direct_template_template0134,synthetic,false,train_only
syn_ne_direct_template_0134_0054,sft_train,numeric_equation,direct_template_template0134,synthetic,false,train_only
syn_ne_direct_template_0134_0055,sft_train,numeric_equation,direct_template_template0134,synthetic,false,train_only
syn_ne_direct_template_0134_0056,sft_train,numeric_equation,direct_template_template0134,synthetic,false,train_only
syn_ne_direct_template_0134_0057,sft_train,numeric_equation,direct_template_template0134,synthetic,false,train_only
syn_ne_direct_template_0134_0058,sft_train,numeric_equation,direct_template_template0134,synthetic,false,train_only
syn_ne_direct_template_0134_0059,sft_train,numeric_equation,direct_template_template0134,synthetic,false,train_only
syn_ne_direct_template_0134_0060,sft_train,numeric_equation,direct_template_template0134,synthetic,false,train_only
syn_ne_direct_template_0134_0061,sft_train,numeric_equation,direct_template_template0134,synthetic,false,train_only
syn_ne_direct_template_0134_0062,sft_train,numeric_equation,direct_template_template0134,synthetic,false,train_only
syn_ne_direct_template_0134_0063,sft_train,numeric_equation,direct_template_template0134,synthetic,false,train_only
syn_ne_direct_template_0134_0064,sft_train,numeric_equation,direct_template_template0134,synthetic,false,train_only
syn_ne_direct_template_0134_0065,sft_train,numeric_equation,direct_template_template0134,synthetic,false,train_only
syn_ne_direct_template_0134_0066,sft_train,numeric_equation,direct_template_template0134,synthetic,false,train_only
syn_ne_direct_template_0134_0067,sft_train,numeric_equation,direct_template_template0134,synthetic,false,train_only
syn_ne_direct_template_0134_0068,sft_train,numeric_equation,direct_template_template0134,synthetic,false,train_only
syn_ne_direct_template_0134_0069,sft_train,numeric_equation,direct_template_template0134,synthetic,false,train_only
syn_ne_direct_template_0134_0070,sft_train,numeric_equation,direct_template_template0134,synthetic,false,train_only
syn_ne_direct_template_0134_0071,sft_train,numeric_equation,direct_template_template0134,synthetic,false,train_only
syn_ne_direct_template_0134_0072,sft_train,numeric_equation,direct_template_template0134,synthetic,false,train_only
syn_ne_direct_template_0134_0073,sft_train,numeric_equation,direct_template_template0134,synthetic,false,train_only
syn_ne_direct_template_0134_0074,sft_train,numeric_equation,direct_template_template0134,synthetic,false,train_only
syn_ne_direct_template_0134_0075,sft_train,numeric_equation,direct_template_template0134,synthetic,false,train_only
syn_ne_direct_template_0134_0076,sft_train,numeric_equation,direct_template_template0134,synthetic,false,train_only
syn_ne_direct_template_0134_0077,sft_train,numeric_equation,direct_template_template0134,synthetic,false,train_only
syn_ne_direct_template_0134_0078,sft_train,numeric_equation,direct_template_template0134,synthetic,false,train_only
syn_ne_direct_template_0134_0079,sft_train,numeric_equation,direct_template_template0134,synthetic,false,train_only
syn_ne_direct_template_0134_0080,sft_train,numeric_equation,direct_template_template0134,synthetic,false,train_only
syn_ne_direct_template_0134_0081,sft_train,numeric_equation,direct_template_template0134,synthetic,false,train_only
syn_ne_direct_template_0134_0082,sft_train,numeric_equation,direct_template_template0134,synthetic,false,train_only
syn_ne_direct_template_0134_0083,sft_train,numeric_equation,direct_template_template0134,synthetic,false,train_only
syn_ne_direct_template_0134_0084,sft_train,numeric_equation,direct_template_template0134,synthetic,false,train_only
syn_ne_direct_template_0134_0085,sft_train,numeric_equation,direct_template_template0134,synthetic,false,train_only
syn_ne_direct_template_0134_0086,sft_train,numeric_equation,direct_template_template0134,synthetic,false,train_only
syn_ne_direct_template_0134_0087,sft_train,numeric_equation,direct_template_template0134,synthetic,false,train_only
syn_ne_direct_template_0134_0088,sft_train,numeric_equation,direct_template_template0134,synthetic,false,train_only
syn_ne_direct_template_0134_0089,sft_train,numeric_equation,direct_template_template0134,synthetic,false,train_only
syn_ne_direct_template_0134_0090,sft_train,numeric_equation,direct_template_template0134,synthetic,false,train_only
syn_ne_direct_template_0134_0091,sft_train,numeric_equation,direct_template_template0134,synthetic,false,train_only
syn_ne_direct_template_0134_0092,sft_train,numeric_equation,direct_template_template0134,synthetic,false,train_only
syn_ne_direct_template_0134_0093,sft_train,numeric_equation,direct_template_template0134,synthetic,false,train_only
syn_ne_direct_template_0134_0094,sft_train,numeric_equation,direct_template_template0134,synthetic,false,train_only
syn_ne_direct_template_0134_0095,sft_train,numeric_equation,direct_template_template0134,synthetic,false,train_only
syn_ne_direct_template_0134_0096,sft_train,numeric_equation,direct_template_template0134,synthetic,false,train_only
syn_ne_direct_template_0134_0097,sft_train,numeric_equation,direct_template_template0134,synthetic,false,train_only
syn_ne_direct_template_0134_0098,sft_train,numeric_equation,direct_template_template0134,synthetic,false,train_only
syn_ne_direct_template_0134_0099,sft_train,numeric_equation,direct_template_template0134,synthetic,false,train_only
syn_ne_direct_template_0134_0100,sft_train,numeric_equation,direct_template_template0134,synthetic,false,train_only
syn_ne_direct_template_0134_0101,sft_train,numeric_equation,direct_template_template0134,synthetic,false,train_only
syn_ne_direct_template_0134_0102,sft_train,numeric_equation,direct_template_template0134,synthetic,false,train_only
syn_ne_direct_template_0134_0103,sft_train,numeric_equation,direct_template_template0134,synthetic,false,train_only
syn_ne_direct_template_0134_0104,sft_train,numeric_equation,direct_template_template0134,synthetic,false,train_only
syn_ne_direct_template_0134_0105,sft_train,numeric_equation,direct_template_template0134,synthetic,false,train_only
syn_ne_direct_template_0134_0106,sft_train,numeric_equation,direct_template_template0134,synthetic,false,train_only
syn_ne_direct_template_0134_0107,sft_train,numeric_equation,direct_template_template0134,synthetic,false,train_only
syn_ne_direct_template_0134_0108,sft_train,numeric_equation,direct_template_template0134,synthetic,false,train_only
syn_ne_direct_template_0134_0109,sft_train,numeric_equation,direct_template_template0134,synthetic,false,train_only
syn_ne_direct_template_0134_0110,sft_train,numeric_equation,direct_template_template0134,synthetic,false,train_only
syn_ne_direct_template_0134_0111,sft_train,numeric_equation,direct_template_template0134,synthetic,false,train_only
syn_ne_direct_template_0134_0112,sft_train,numeric_equation,direct_template_template0134,synthetic,false,train_only
syn_ne_direct_template_0134_0113,sft_train,numeric_equation,direct_template_template0134,synthetic,false,train_only
syn_ne_direct_template_0134_0114,sft_train,numeric_equation,direct_template_template0134,synthetic,false,train_only
syn_ne_direct_template_0134_0115,sft_train,numeric_equation,direct_template_template0134,synthetic,false,train_only
syn_ne_direct_template_0134_0116,sft_train,numeric_equation,direct_template_template0134,synthetic,false,train_only
syn_ne_direct_template_0134_0117,sft_train,numeric_equation,direct_template_template0134,synthetic,false,train_only
syn_ne_direct_template_0134_0118,sft_train,numeric_equation,direct_template_template0134,synthetic,false,train_only
syn_ne_direct_template_0134_0119,sft_train,numeric_equation,direct_template_template0134,synthetic,false,train_only
syn_ne_direct_template_0134_0120,sft_train,numeric_equation,direct_template_template0134,synthetic,false,train_only
syn_ne_direct_template_0134_0121,sft_train,numeric_equation,direct_template_template0134,synthetic,false,train_only
syn_ne_direct_template_0134_0122,sft_train,numeric_equation,direct_template_template0134,synthetic,false,train_only
syn_ne_direct_template_0134_0123,sft_train,numeric_equation,direct_template_template0134,synthetic,false,train_only
syn_ne_direct_template_0134_0124,sft_train,numeric_equation,direct_template_template0134,synthetic,false,train_only
syn_ne_direct_template_0134_0125,sft_train,numeric_equation,direct_template_template0134,synthetic,false,train_only
syn_ne_direct_template_0134_0126,sft_train,numeric_equation,direct_template_template0134,synthetic,false,train_only
syn_ne_direct_template_0134_0127,sft_train,numeric_equation,direct_template_template0134,synthetic,false,train_only
syn_ne_direct_template_0134_0128,sft_train,numeric_equation,direct_template_template0134,synthetic,false,train_only
syn_ne_direct_template_0134_0129,sft_train,numeric_equation,direct_template_template0134,synthetic,false,train_only
syn_ne_direct_template_0134_0130,sft_train,numeric_equation,direct_template_template0134,synthetic,false,train_only
syn_ne_direct_template_0134_0131,sft_train,numeric_equation,direct_template_template0134,synthetic,false,train_only
syn_ne_direct_template_0134_0132,sft_train,numeric_equation,direct_template_template0134,synthetic,false,train_only
syn_ne_direct_template_0134_0133,sft_train,numeric_equation,direct_template_template0134,synthetic,false,train_only
syn_ne_direct_template_0134_0134,sft_train,numeric_equation,direct_template_template0134,synthetic,false,train_only
syn_ne_direct_template_0134_0135,sft_train,numeric_equation,direct_template_template0134,synthetic,false,train_only
syn_ne_direct_template_0134_0136,sft_train,numeric_equation,direct_template_template0134,synthetic,false,train_only
syn_ne_direct_template_0134_0137,sft_train,numeric_equation,direct_template_template0134,synthetic,false,train_only
syn_ne_direct_template_0134_0138,sft_train,numeric_equation,direct_template_template0134,synthetic,false,train_only
syn_ne_direct_template_0134_0139,sft_train,numeric_equation,direct_template_template0134,synthetic,false,train_only
syn_ne_direct_template_0134_0140,sft_train,numeric_equation,direct_template_template0134,synthetic,false,train_only
syn_ne_direct_template_0134_0141,sft_train,numeric_equation,direct_template_template0134,synthetic,false,train_only
syn_ne_direct_template_0134_0142,sft_train,numeric_equation,direct_template_template0134,synthetic,false,train_only
syn_ne_direct_template_0134_0143,sft_train,numeric_equation,direct_template_template0134,synthetic,false,train_only
syn_ne_direct_template_0134_0144,sft_train,numeric_equation,direct_template_template0134,synthetic,false,train_only
syn_ne_direct_template_0134_0145,sft_train,numeric_equation,direct_template_template0134,synthetic,false,train_only
syn_ne_direct_template_0134_0146,sft_train,numeric_equation,direct_template_template0134,synthetic,false,train_only
syn_ne_direct_template_0134_0147,sft_train,numeric_equation,direct_template_template0134,synthetic,false,train_only
syn_ne_direct_template_0134_0148,sft_train,numeric_equation,direct_template_template0134,synthetic,false,train_only
syn_ne_direct_template_0134_0149,sft_train,numeric_equation,direct_template_template0134,synthetic,false,train_only
syn_ne_direct_template_0134_0150,sft_train,numeric_equation,direct_template_template0134,synthetic,false,train_only
syn_ne_direct_template_0134_0151,sft_train,numeric_equation,direct_template_template0134,synthetic,false,train_only
syn_ne_direct_template_0134_0152,sft_train,numeric_equation,direct_template_template0134,synthetic,false,train_only
syn_ne_direct_template_0134_0153,sft_train,numeric_equation,direct_template_template0134,synthetic,false,train_only
syn_ne_direct_template_0134_0154,sft_train,numeric_equation,direct_template_template0134,synthetic,false,train_only
syn_ne_direct_template_0134_0155,sft_train,numeric_equation,direct_template_template0134,synthetic,false,train_only
syn_ne_direct_template_0134_0156,sft_train,numeric_equation,direct_template_template0134,synthetic,false,train_only
syn_ne_direct_template_0134_0157,sft_train,numeric_equation,direct_template_template0134,synthetic,false,train_only
syn_ne_direct_template_0134_0158,sft_train,numeric_equation,direct_template_template0134,synthetic,false,train_only
syn_ne_direct_template_0134_0159,sft_train,numeric_equation,direct_template_template0134,synthetic,false,train_only
syn_ne_direct_template_0134_0160,sft_train,numeric_equation,direct_template_template0134,synthetic,false,train_only
syn_ne_direct_template_0134_0161,sft_train,numeric_equation,direct_template_template0134,synthetic,false,train_only
syn_ne_direct_template_0134_0162,sft_train,numeric_equation,direct_template_template0134,synthetic,false,train_only
syn_ne_direct_template_0134_0163,sft_train,numeric_equation,direct_template_template0134,synthetic,false,train_only
syn_ne_direct_template_0134_0164,sft_train,numeric_equation,direct_template_template0134,synthetic,false,train_only
syn_ne_direct_template_3401_0001,sft_train,numeric_equation,direct_template_template3401,synthetic,false,train_only
syn_ne_direct_template_3401_0002,sft_train,numeric_equation,direct_template_template3401,synthetic,false,train_only
syn_ne_direct_template_3401_0003,sft_train,numeric_equation,direct_template_template3401,synthetic,false,train_only
syn_ne_direct_template_3401_0004,sft_train,numeric_equation,direct_template_template3401,synthetic,false,train_only
syn_ne_direct_template_3401_0005,sft_train,numeric_equation,direct_template_template3401,synthetic,false,train_only
syn_ne_direct_template_3401_0006,sft_train,numeric_equation,direct_template_template3401,synthetic,false,train_only
syn_ne_direct_template_3401_0007,sft_train,numeric_equation,direct_template_template3401,synthetic,false,train_only
syn_ne_direct_template_3401_0008,sft_train,numeric_equation,direct_template_template3401,synthetic,false,train_only
syn_ne_direct_template_3401_0009,sft_train,numeric_equation,direct_template_template3401,synthetic,false,train_only
syn_ne_direct_template_3401_0010,sft_train,numeric_equation,direct_template_template3401,synthetic,false,train_only
syn_ne_direct_template_3401_0011,sft_train,numeric_equation,direct_template_template3401,synthetic,false,train_only
syn_ne_direct_template_3401_0012,sft_train,numeric_equation,direct_template_template3401,synthetic,false,train_only
syn_ne_direct_template_3401_0013,sft_train,numeric_equation,direct_template_template3401,synthetic,false,train_only
syn_ne_direct_template_3401_0014,sft_train,numeric_equation,direct_template_template3401,synthetic,false,train_only
syn_ne_direct_template_3401_0015,sft_train,numeric_equation,direct_template_template3401,synthetic,false,train_only
syn_ne_direct_template_3401_0016,sft_train,numeric_equation,direct_template_template3401,synthetic,false,train_only
syn_ne_direct_template_3401_0017,sft_train,numeric_equation,direct_template_template3401,synthetic,false,train_only
syn_ne_direct_template_3401_0018,sft_train,numeric_equation,direct_template_template3401,synthetic,false,train_only
syn_ne_direct_template_3401_0019,sft_train,numeric_equation,direct_template_template3401,synthetic,false,train_only
syn_ne_direct_template_3401_0020,sft_train,numeric_equation,direct_template_template3401,synthetic,false,train_only
syn_ne_direct_template_3401_0021,sft_train,numeric_equation,direct_template_template3401,synthetic,false,train_only
syn_ne_direct_template_3401_0022,sft_train,numeric_equation,direct_template_template3401,synthetic,false,train_only
syn_ne_direct_template_3401_0023,sft_train,numeric_equation,direct_template_template3401,synthetic,false,train_only
syn_ne_direct_template_3401_0024,sft_train,numeric_equation,direct_template_template3401,synthetic,false,train_only
syn_ne_direct_template_3401_0025,sft_train,numeric_equation,direct_template_template3401,synthetic,false,train_only
syn_ne_direct_template_3401_0026,sft_train,numeric_equation,direct_template_template3401,synthetic,false,train_only
syn_ne_direct_template_3401_0027,sft_train,numeric_equation,direct_template_template3401,synthetic,false,train_only
syn_ne_direct_template_3401_0028,sft_train,numeric_equation,direct_template_template3401,synthetic,false,train_only
syn_ne_direct_template_3401_0029,sft_train,numeric_equation,direct_template_template3401,synthetic,false,train_only
syn_ne_direct_template_3401_0030,sft_train,numeric_equation,direct_template_template3401,synthetic,false,train_only
syn_ne_direct_template_3401_0031,sft_train,numeric_equation,direct_template_template3401,synthetic,false,train_only
syn_ne_direct_template_3401_0032,sft_train,numeric_equation,direct_template_template3401,synthetic,false,train_only
syn_ne_direct_template_3401_0033,sft_train,numeric_equation,direct_template_template3401,synthetic,false,train_only
syn_ne_direct_template_3401_0034,sft_train,numeric_equation,direct_template_template3401,synthetic,false,train_only
syn_ne_direct_template_3401_0035,sft_train,numeric_equation,direct_template_template3401,synthetic,false,train_only
syn_ne_direct_template_3401_0036,sft_train,numeric_equation,direct_template_template3401,synthetic,false,train_only
syn_ne_direct_template_3401_0037,sft_train,numeric_equation,direct_template_template3401,synthetic,false,train_only
syn_ne_direct_template_3401_0038,sft_train,numeric_equation,direct_template_template3401,synthetic,false,train_only
syn_ne_direct_template_3401_0039,sft_train,numeric_equation,direct_template_template3401,synthetic,false,train_only
syn_ne_direct_template_3401_0040,sft_train,numeric_equation,direct_template_template3401,synthetic,false,train_only
syn_ne_direct_template_3401_0041,sft_train,numeric_equation,direct_template_template3401,synthetic,false,train_only
syn_ne_direct_template_3401_0042,sft_train,numeric_equation,direct_template_template3401,synthetic,false,train_only
syn_ne_direct_template_3401_0043,sft_train,numeric_equation,direct_template_template3401,synthetic,false,train_only
syn_ne_direct_template_3401_0044,sft_train,numeric_equation,direct_template_template3401,synthetic,false,train_only
syn_ne_direct_template_3401_0045,sft_train,numeric_equation,direct_template_template3401,synthetic,false,train_only
syn_ne_direct_template_3401_0046,sft_train,numeric_equation,direct_template_template3401,synthetic,false,train_only
syn_ne_direct_template_3401_0047,sft_train,numeric_equation,direct_template_template3401,synthetic,false,train_only
syn_ne_direct_template_3401_0048,sft_train,numeric_equation,direct_template_template3401,synthetic,false,train_only
syn_ne_direct_template_3401_0049,sft_train,numeric_equation,direct_template_template3401,synthetic,false,train_only
syn_ne_direct_template_3401_0050,sft_train,numeric_equation,direct_template_template3401,synthetic,false,train_only
syn_ne_direct_template_3401_0051,sft_train,numeric_equation,direct_template_template3401,synthetic,false,train_only
syn_ne_direct_template_3401_0052,sft_train,numeric_equation,direct_template_template3401,synthetic,false,train_only
syn_ne_direct_template_3401_0053,sft_train,numeric_equation,direct_template_template3401,synthetic,false,train_only
syn_ne_direct_template_3401_0054,sft_train,numeric_equation,direct_template_template3401,synthetic,false,train_only
syn_ne_direct_template_3401_0055,sft_train,numeric_equation,direct_template_template3401,synthetic,false,train_only
syn_ne_direct_template_3401_0056,sft_train,numeric_equation,direct_template_template3401,synthetic,false,train_only
syn_ne_direct_template_3401_0057,sft_train,numeric_equation,direct_template_template3401,synthetic,false,train_only
syn_ne_direct_template_3401_0058,sft_train,numeric_equation,direct_template_template3401,synthetic,false,train_only
syn_ne_direct_template_3401_0059,sft_train,numeric_equation,direct_template_template3401,synthetic,false,train_only
syn_ne_direct_template_3401_0060,sft_train,numeric_equation,direct_template_template3401,synthetic,false,train_only
syn_ne_direct_template_3401_0061,sft_train,numeric_equation,direct_template_template3401,synthetic,false,train_only
syn_ne_direct_template_3401_0062,sft_train,numeric_equation,direct_template_template3401,synthetic,false,train_only
syn_ne_direct_template_3401_0063,sft_train,numeric_equation,direct_template_template3401,synthetic,false,train_only
syn_ne_direct_template_3401_0064,sft_train,numeric_equation,direct_template_template3401,synthetic,false,train_only
syn_ne_direct_template_3401_0065,sft_train,numeric_equation,direct_template_template3401,synthetic,false,train_only
syn_ne_direct_template_3401_0066,sft_train,numeric_equation,direct_template_template3401,synthetic,false,train_only
syn_ne_direct_template_3401_0067,sft_train,numeric_equation,direct_template_template3401,synthetic,false,train_only
syn_ne_direct_template_3401_0068,sft_train,numeric_equation,direct_template_template3401,synthetic,false,train_only
syn_ne_direct_template_3401_0069,sft_train,numeric_equation,direct_template_template3401,synthetic,false,train_only
syn_ne_direct_template_3401_0070,sft_train,numeric_equation,direct_template_template3401,synthetic,false,train_only
syn_ne_direct_template_3401_0071,sft_train,numeric_equation,direct_template_template3401,synthetic,false,train_only
syn_ne_direct_template_3401_0072,sft_train,numeric_equation,direct_template_template3401,synthetic,false,train_only
syn_ne_direct_template_3401_0073,sft_train,numeric_equation,direct_template_template3401,synthetic,false,train_only
syn_ne_direct_template_3401_0074,sft_train,numeric_equation,direct_template_template3401,synthetic,false,train_only
syn_ne_direct_template_3401_0075,sft_train,numeric_equation,direct_template_template3401,synthetic,false,train_only
syn_ne_direct_template_3401_0076,sft_train,numeric_equation,direct_template_template3401,synthetic,false,train_only
syn_ne_direct_template_3401_0077,sft_train,numeric_equation,direct_template_template3401,synthetic,false,train_only
syn_ne_direct_template_3401_0078,sft_train,numeric_equation,direct_template_template3401,synthetic,false,train_only
syn_ne_direct_template_3401_0079,sft_train,numeric_equation,direct_template_template3401,synthetic,false,train_only
syn_ne_direct_template_3401_0080,sft_train,numeric_equation,direct_template_template3401,synthetic,false,train_only
syn_ne_direct_template_3401_0081,sft_train,numeric_equation,direct_template_template3401,synthetic,false,train_only
syn_ne_direct_template_3401_0082,sft_train,numeric_equation,direct_template_template3401,synthetic,false,train_only
syn_ne_direct_template_3401_0083,sft_train,numeric_equation,direct_template_template3401,synthetic,false,train_only
syn_ne_direct_template_3401_0084,sft_train,numeric_equation,direct_template_template3401,synthetic,false,train_only
syn_ne_direct_template_3401_0085,sft_train,numeric_equation,direct_template_template3401,synthetic,false,train_only
syn_ne_direct_template_3401_0086,sft_train,numeric_equation,direct_template_template3401,synthetic,false,train_only
syn_ne_direct_template_3401_0087,sft_train,numeric_equation,direct_template_template3401,synthetic,false,train_only
syn_ne_direct_template_3401_0088,sft_train,numeric_equation,direct_template_template3401,synthetic,false,train_only
syn_ne_direct_template_3401_0089,sft_train,numeric_equation,direct_template_template3401,synthetic,false,train_only
syn_ne_direct_template_3401_0090,sft_train,numeric_equation,direct_template_template3401,synthetic,false,train_only
syn_ne_direct_template_3401_0091,sft_train,numeric_equation,direct_template_template3401,synthetic,false,train_only
syn_ne_direct_template_3401_0092,sft_train,numeric_equation,direct_template_template3401,synthetic,false,train_only
syn_ne_direct_template_3401_0093,sft_train,numeric_equation,direct_template_template3401,synthetic,false,train_only
syn_ne_direct_template_3401_0094,sft_train,numeric_equation,direct_template_template3401,synthetic,false,train_only
syn_ne_direct_template_3401_0095,sft_train,numeric_equation,direct_template_template3401,synthetic,false,train_only
syn_ne_direct_template_3401_0096,sft_train,numeric_equation,direct_template_template3401,synthetic,false,train_only
syn_ne_direct_template_3401_0097,sft_train,numeric_equation,direct_template_template3401,synthetic,false,train_only
syn_ne_direct_template_3401_0098,sft_train,numeric_equation,direct_template_template3401,synthetic,false,train_only
syn_ne_direct_template_3401_0099,sft_train,numeric_equation,direct_template_template3401,synthetic,false,train_only
syn_ne_direct_template_3401_0100,sft_train,numeric_equation,direct_template_template3401,synthetic,false,train_only
syn_ne_direct_template_3401_0101,sft_train,numeric_equation,direct_template_template3401,synthetic,false,train_only
syn_ne_direct_template_3401_0102,sft_train,numeric_equation,direct_template_template3401,synthetic,false,train_only
syn_ne_direct_template_3401_0103,sft_train,numeric_equation,direct_template_template3401,synthetic,false,train_only
syn_ne_direct_template_3401_0104,sft_train,numeric_equation,direct_template_template3401,synthetic,false,train_only
syn_ne_direct_template_3401_0105,sft_train,numeric_equation,direct_template_template3401,synthetic,false,train_only
syn_ne_direct_template_3401_0106,sft_train,numeric_equation,direct_template_template3401,synthetic,false,train_only
syn_ne_direct_template_3401_0107,sft_train,numeric_equation,direct_template_template3401,synthetic,false,train_only
syn_ne_direct_template_3401_0108,sft_train,numeric_equation,direct_template_template3401,synthetic,false,train_only
syn_ne_direct_template_3401_0109,sft_train,numeric_equation,direct_template_template3401,synthetic,false,train_only
syn_ne_direct_template_3401_0110,sft_train,numeric_equation,direct_template_template3401,synthetic,false,train_only
syn_ne_direct_template_3401_0111,sft_train,numeric_equation,direct_template_template3401,synthetic,false,train_only
syn_ne_direct_template_3401_0112,sft_train,numeric_equation,direct_template_template3401,synthetic,false,train_only
syn_ne_direct_template_3401_0113,sft_train,numeric_equation,direct_template_template3401,synthetic,false,train_only
syn_ne_direct_template_3401_0114,sft_train,numeric_equation,direct_template_template3401,synthetic,false,train_only
syn_ne_direct_template_3401_0115,sft_train,numeric_equation,direct_template_template3401,synthetic,false,train_only
syn_ne_direct_template_3401_0116,sft_train,numeric_equation,direct_template_template3401,synthetic,false,train_only
syn_ne_direct_template_3401_0117,sft_train,numeric_equation,direct_template_template3401,synthetic,false,train_only
syn_ne_direct_template_3401_0118,sft_train,numeric_equation,direct_template_template3401,synthetic,false,train_only
syn_ne_direct_template_3401_0119,sft_train,numeric_equation,direct_template_template3401,synthetic,false,train_only
syn_ne_direct_template_3401_0120,sft_train,numeric_equation,direct_template_template3401,synthetic,false,train_only
syn_ne_direct_template_3401_0121,sft_train,numeric_equation,direct_template_template3401,synthetic,false,train_only
syn_ne_direct_template_3401_0122,sft_train,numeric_equation,direct_template_template3401,synthetic,false,train_only
syn_ne_direct_template_3401_0123,sft_train,numeric_equation,direct_template_template3401,synthetic,false,train_only
syn_ne_direct_template_3401_0124,sft_train,numeric_equation,direct_template_template3401,synthetic,false,train_only
syn_ne_direct_template_3401_0125,sft_train,numeric_equation,direct_template_template3401,synthetic,false,train_only
syn_ne_direct_template_3401_0126,sft_train,numeric_equation,direct_template_template3401,synthetic,false,train_only
syn_ne_direct_template_3401_0127,sft_train,numeric_equation,direct_template_template3401,synthetic,false,train_only
syn_ne_direct_template_3401_0128,sft_train,numeric_equation,direct_template_template3401,synthetic,false,train_only
syn_ne_direct_template_3401_0129,sft_train,numeric_equation,direct_template_template3401,synthetic,false,train_only
syn_ne_direct_template_3401_0130,sft_train,numeric_equation,direct_template_template3401,synthetic,false,train_only
syn_ne_direct_template_3401_0131,sft_train,numeric_equation,direct_template_template3401,synthetic,false,train_only
syn_ne_direct_template_3401_0132,sft_train,numeric_equation,direct_template_template3401,synthetic,false,train_only
syn_ne_direct_template_3401_0133,sft_train,numeric_equation,direct_template_template3401,synthetic,false,train_only
syn_ne_direct_template_3401_0134,sft_train,numeric_equation,direct_template_template3401,synthetic,false,train_only
syn_ne_direct_template_3401_0135,sft_train,numeric_equation,direct_template_template3401,synthetic,false,train_only
syn_ne_direct_template_3401_0136,sft_train,numeric_equation,direct_template_template3401,synthetic,false,train_only
syn_ne_direct_template_3401_0137,sft_train,numeric_equation,direct_template_template3401,synthetic,false,train_only
syn_ne_direct_template_3401_0138,sft_train,numeric_equation,direct_template_template3401,synthetic,false,train_only
syn_ne_direct_template_3401_0139,sft_train,numeric_equation,direct_template_template3401,synthetic,false,train_only
syn_ne_direct_template_3401_0140,sft_train,numeric_equation,direct_template_template3401,synthetic,false,train_only
syn_ne_direct_template_3401_0141,sft_train,numeric_equation,direct_template_template3401,synthetic,false,train_only
syn_ne_direct_template_3401_0142,sft_train,numeric_equation,direct_template_template3401,synthetic,false,train_only
syn_ne_direct_template_3401_0143,sft_train,numeric_equation,direct_template_template3401,synthetic,false,train_only
syn_ne_direct_template_3401_0144,sft_train,numeric_equation,direct_template_template3401,synthetic,false,train_only
syn_ne_direct_template_3401_0145,sft_train,numeric_equation,direct_template_template3401,synthetic,false,train_only
syn_ne_direct_template_3401_0146,sft_train,numeric_equation,direct_template_template3401,synthetic,false,train_only
syn_ne_direct_template_3401_0147,sft_train,numeric_equation,direct_template_template3401,synthetic,false,train_only
syn_ne_direct_template_3401_0148,sft_train,numeric_equation,direct_template_template3401,synthetic,false,train_only
syn_ne_direct_template_3401_0149,sft_train,numeric_equation,direct_template_template3401,synthetic,false,train_only
syn_ne_direct_template_3401_0150,sft_train,numeric_equation,direct_template_template3401,synthetic,false,train_only
syn_ne_direct_template_3401_0151,sft_train,numeric_equation,direct_template_template3401,synthetic,false,train_only
syn_ne_direct_template_3401_0152,sft_train,numeric_equation,direct_template_template3401,synthetic,false,train_only
syn_ne_direct_template_3401_0153,sft_train,numeric_equation,direct_template_template3401,synthetic,false,train_only
syn_ne_direct_template_3401_0154,sft_train,numeric_equation,direct_template_template3401,synthetic,false,train_only
syn_ne_direct_template_3401_0155,sft_train,numeric_equation,direct_template_template3401,synthetic,false,train_only
syn_ne_direct_template_3401_0156,sft_train,numeric_equation,direct_template_template3401,synthetic,false,train_only
syn_ne_direct_template_3401_0157,sft_train,numeric_equation,direct_template_template3401,synthetic,false,train_only
syn_ne_direct_template_3401_0158,sft_train,numeric_equation,direct_template_template3401,synthetic,false,train_only
syn_ne_direct_template_3401_0159,sft_train,numeric_equation,direct_template_template3401,synthetic,false,train_only
syn_ne_direct_template_3401_0160,sft_train,numeric_equation,direct_template_template3401,synthetic,false,train_only
syn_ne_direct_template_3401_0161,sft_train,numeric_equation,direct_template_template3401,synthetic,false,train_only
syn_ne_direct_template_3401_0162,sft_train,numeric_equation,direct_template_template3401,synthetic,false,train_only
syn_ne_direct_template_3401_0163,sft_train,numeric_equation,direct_template_template3401,synthetic,false,train_only
syn_ne_direct_template_3401_0164,sft_train,numeric_equation,direct_template_template3401,synthetic,false,train_only
syn_ne_low_ab_cd_sub_vote_0001,sft_train,numeric_equation,low_confidence,synthetic,false,train_only
syn_ne_low_ab_cd_sub_vote_0002,sft_train,numeric_equation,low_confidence,synthetic,false,train_only
syn_ne_low_ab_cd_sub_vote_0003,sft_train,numeric_equation,low_confidence,synthetic,false,train_only
syn_ne_low_ab_cd_sub_vote_0004,sft_train,numeric_equation,low_confidence,synthetic,false,train_only
syn_ne_low_ab_cd_sub_vote_0005,sft_train,numeric_equation,low_confidence,synthetic,false,train_only
syn_ne_low_ab_cd_sub_vote_0006,sft_train,numeric_equation,low_confidence,synthetic,false,train_only
syn_ne_low_ab_cd_sub_vote_0007,sft_train,numeric_equation,low_confidence,synthetic,false,train_only
syn_ne_low_ab_cd_sub_vote_0008,sft_train,numeric_equation,low_confidence,synthetic,false,train_only
syn_ne_low_ab_cd_sub_vote_0009,sft_train,numeric_equation,low_confidence,synthetic,false,train_only
syn_ne_low_ab_cd_sub_vote_0010,sft_train,numeric_equation,low_confidence,synthetic,false,train_only
syn_ne_low_ab_cd_sub_vote_0011,sft_train,numeric_equation,low_confidence,synthetic,false,train_only
syn_ne_low_ab_cd_sub_vote_0012,sft_train,numeric_equation,low_confidence,synthetic,false,train_only
syn_ne_low_ab_cd_sub_vote_0013,sft_train,numeric_equation,low_confidence,synthetic,false,train_only
syn_ne_low_ab_cd_sub_vote_0014,sft_train,numeric_equation,low_confidence,synthetic,false,train_only
syn_ne_low_ab_cd_sub_vote_0015,sft_train,numeric_equation,low_confidence,synthetic,false,train_only
syn_ne_low_ba_dc_add_vote_0001,sft_train,numeric_equation,low_confidence,synthetic,false,train_only
syn_ne_low_ba_dc_add_vote_0002,sft_train,numeric_equation,low_confidence,synthetic,false,train_only
syn_ne_low_ba_dc_add_vote_0003,sft_train,numeric_equation,low_confidence,synthetic,false,train_only
syn_ne_low_ba_dc_add_vote_0004,sft_train,numeric_equation,low_confidence,synthetic,false,train_only
syn_ne_low_ba_dc_add_vote_0005,sft_train,numeric_equation,low_confidence,synthetic,false,train_only
syn_ne_low_ba_dc_add_vote_0006,sft_train,numeric_equation,low_confidence,synthetic,false,train_only
syn_ne_low_ba_dc_add_vote_0008,sft_train,numeric_equation,low_confidence,synthetic,false,train_only
syn_ne_low_ba_dc_add_vote_0009,sft_train,numeric_equation,low_confidence,synthetic,false,train_only
syn_ne_low_ba_dc_add_vote_0010,sft_train,numeric_equation,low_confidence,synthetic,false,train_only
syn_ne_low_ba_dc_add_vote_0011,sft_train,numeric_equation,low_confidence,synthetic,false,train_only
syn_ne_low_ba_dc_add_vote_0012,sft_train,numeric_equation,low_confidence,synthetic,false,train_only
syn_ne_low_ba_dc_add_vote_0013,sft_train,numeric_equation,low_confidence,synthetic,false,train_only
syn_ne_low_ba_dc_add_vote_0015,sft_train,numeric_equation,low_confidence,synthetic,false,train_only
syn_ne_low_ba_dc_add_vote_0016,sft_train,numeric_equation,low_confidence,synthetic,false,train_only
syn_ne_low_ba_dc_add_vote_0017,sft_train,numeric_equation,low_confidence,synthetic,false,train_only
syn_ne_low_ba_dc_add_vote_0019,sft_train,numeric_equation,low_confidence,synthetic,false,train_only
syn_ne_low_ba_dc_add_vote_0020,sft_train,numeric_equation,low_confidence,synthetic,false,train_only
syn_ne_low_ba_dc_add_vote_0022,sft_train,numeric_equation,low_confidence,synthetic,false,train_only
syn_ne_low_ba_dc_add_vote_0024,sft_train,numeric_equation,low_confidence,synthetic,false,train_only
syn_ne_low_ba_dc_add_vote_0025,sft_train,numeric_equation,low_confidence,synthetic,false,train_only
syn_ne_low_ba_dc_add_vote_0026,sft_train,numeric_equation,low_confidence,synthetic,false,train_only
syn_ne_low_ba_dc_add_vote_0027,sft_train,numeric_equation,low_confidence,synthetic,false,train_only
syn_ne_low_ba_dc_add_vote_0029,sft_train,numeric_equation,low_confidence,synthetic,false,train_only
syn_ne_low_ba_dc_add_vote_0032,sft_train,numeric_equation,low_confidence,synthetic,false,train_only
syn_ne_low_ba_dc_add_vote_0033,sft_train,numeric_equation,low_confidence,synthetic,false,train_only
syn_ne_low_ba_dc_add_vote_0034,sft_train,numeric_equation,low_confidence,synthetic,false,train_only
syn_ne_low_ba_dc_add_vote_0035,sft_train,numeric_equation,low_confidence,synthetic,false,train_only
syn_ne_low_ba_dc_add_vote_0036,sft_train,numeric_equation,low_confidence,synthetic,false,train_only
syn_ne_low_ba_dc_add_vote_0040,sft_train,numeric_equation,low_confidence,synthetic,false,train_only
syn_ne_low_ba_dc_add_vote_0041,sft_train,numeric_equation,low_confidence,synthetic,false,train_only
syn_ne_low_ba_dc_add_vote_0042,sft_train,numeric_equation,low_confidence,synthetic,false,train_only
syn_ne_low_ba_dc_add_vote_0044,sft_train,numeric_equation,low_confidence,synthetic,false,train_only
syn_ne_low_ba_dc_add_vote_0048,sft_train,numeric_equation,low_confidence,synthetic,false,train_only
syn_ne_low_ba_dc_add_vote_0049,sft_train,numeric_equation,low_confidence,synthetic,false,train_only
syn_ne_low_ba_dc_add_vote_0051,sft_train,numeric_equation,low_confidence,synthetic,false,train_only
syn_ne_low_ba_dc_add_vote_0056,sft_train,numeric_equation,low_confidence,synthetic,false,train_only
syn_ne_low_ba_dc_add_vote_0058,sft_train,numeric_equation,low_confidence,synthetic,false,train_only
syn_ne_low_ba_dc_add_vote_0072,sft_train,numeric_equation,low_confidence,synthetic,false,train_only
syn_ne_low_ba_dc_add_vote_0074,sft_train,numeric_equation,low_confidence,synthetic,false,train_only
syn_ne_low_ba_dc_add_vote_0075,sft_train,numeric_equation,low_confidence,synthetic,false,train_only
syn_ne_low_ba_dc_add_vote_0076,sft_train,numeric_equation,low_confidence,synthetic,false,train_only
syn_ne_low_ba_dc_add_vote_0077,sft_train,numeric_equation,low_confidence,synthetic,false,train_only
syn_ne_low_ba_dc_add_vote_0078,sft_train,numeric_equation,low_confidence,synthetic,false,train_only
syn_ne_low_ba_dc_add_vote_0081,sft_train,numeric_equation,low_confidence,synthetic,false,train_only
syn_ne_low_ba_dc_add_vote_0082,sft_train,numeric_equation,low_confidence,synthetic,false,train_only
syn_ne_low_ba_dc_add_vote_0083,sft_train,numeric_equation,low_confidence,synthetic,false,train_only
syn_ne_low_ba_dc_add_vote_0084,sft_train,numeric_equation,low_confidence,synthetic,false,train_only
syn_ne_low_ba_dc_add_vote_0085,sft_train,numeric_equation,low_confidence,synthetic,false,train_only
syn_ne_low_ba_dc_add_vote_0087,sft_train,numeric_equation,low_confidence,synthetic,false,train_only
syn_ne_low_ba_dc_add_vote_0088,sft_train,numeric_equation,low_confidence,synthetic,false,train_only
syn_ne_low_ba_dc_add_vote_0090,sft_train,numeric_equation,low_confidence,synthetic,false,train_only
syn_ne_low_ba_dc_add_vote_0091,sft_train,numeric_equation,low_confidence,synthetic,false,train_only
syn_ne_low_ba_dc_add_vote_0092,sft_train,numeric_equation,low_confidence,synthetic,false,train_only
syn_ne_low_ba_dc_add_vote_0094,sft_train,numeric_equation,low_confidence,synthetic,false,train_only
syn_ne_low_ba_dc_add_vote_0096,sft_train,numeric_equation,low_confidence,synthetic,false,train_only
syn_ne_low_ba_dc_add_vote_0097,sft_train,numeric_equation,low_confidence,synthetic,false,train_only
syn_ne_low_ba_dc_add_vote_0098,sft_train,numeric_equation,low_confidence,synthetic,false,train_only
syn_ne_low_ba_dc_add_vote_0099,sft_train,numeric_equation,low_confidence,synthetic,false,train_only
syn_ne_low_ba_dc_add_vote_0101,sft_train,numeric_equation,low_confidence,synthetic,false,train_only
syn_ne_low_ba_dc_add_vote_0104,sft_train,numeric_equation,low_confidence,synthetic,false,train_only
syn_ne_low_ba_dc_add_vote_0105,sft_train,numeric_equation,low_confidence,synthetic,false,train_only
syn_ne_low_ba_dc_add_vote_0106,sft_train,numeric_equation,low_confidence,synthetic,false,train_only
syn_ne_low_ba_dc_add_vote_0108,sft_train,numeric_equation,low_confidence,synthetic,false,train_only
syn_ne_low_ba_dc_add_vote_0112,sft_train,numeric_equation,low_confidence,synthetic,false,train_only
syn_ne_low_ba_dc_add_vote_0113,sft_train,numeric_equation,low_confidence,synthetic,false,train_only
syn_ne_low_ba_dc_add_vote_0114,sft_train,numeric_equation,low_confidence,synthetic,false,train_only
syn_ne_low_ba_dc_add_vote_0116,sft_train,numeric_equation,low_confidence,synthetic,false,train_only
syn_ne_low_ba_dc_add_vote_0120,sft_train,numeric_equation,low_confidence,synthetic,false,train_only
syn_ne_low_ba_dc_add_vote_0121,sft_train,numeric_equation,low_confidence,synthetic,false,train_only
syn_ne_low_ba_dc_add_vote_0123,sft_train,numeric_equation,low_confidence,synthetic,false,train_only
syn_ne_low_ba_dc_add_vote_0130,sft_train,numeric_equation,low_confidence,synthetic,false,train_only
syn_ne_low_ba_dc_add_vote_0137,sft_train,numeric_equation,low_confidence,synthetic,false,train_only
syn_ne_low_ba_dc_add_vote_0145,sft_train,numeric_equation,low_confidence,synthetic,false,train_only
syn_ne_low_ba_dc_add_vote_0146,sft_train,numeric_equation,low_confidence,synthetic,false,train_only
syn_ne_low_ba_dc_add_vote_0147,sft_train,numeric_equation,low_confidence,synthetic,false,train_only
syn_ne_low_ba_dc_add_vote_0148,sft_train,numeric_equation,low_confidence,synthetic,false,train_only
syn_ne_low_ba_dc_add_vote_0150,sft_train,numeric_equation,low_confidence,synthetic,false,train_only
syn_ne_low_ba_dc_add_vote_0152,sft_train,numeric_equation,low_confidence,synthetic,false,train_only
syn_ne_low_ba_dc_add_vote_0153,sft_train,numeric_equation,low_confidence,synthetic,false,train_only
syn_ne_low_ba_dc_add_vote_0155,sft_train,numeric_equation,low_confidence,synthetic,false,train_only
syn_ne_low_ba_dc_add_vote_0156,sft_train,numeric_equation,low_confidence,synthetic,false,train_only
syn_ne_low_ba_dc_add_vote_0157,sft_train,numeric_equation,low_confidence,synthetic,false,train_only
syn_ne_low_ba_dc_add_vote_0160,sft_train,numeric_equation,low_confidence,synthetic,false,train_only
syn_ne_low_ba_dc_add_vote_0161,sft_train,numeric_equation,low_confidence,synthetic,false,train_only
syn_ne_low_ba_dc_add_vote_0163,sft_train,numeric_equation,low_confidence,synthetic,false,train_only
syn_ne_low_ba_dc_add_vote_0164,sft_train,numeric_equation,low_confidence,synthetic,false,train_only
syn_ne_low_ba_dc_add_vote_0166,sft_train,numeric_equation,low_confidence,synthetic,false,train_only
syn_ne_low_ba_dc_add_vote_0168,sft_train,numeric_equation,low_confidence,synthetic,false,train_only
syn_ne_low_ba_dc_add_vote_0170,sft_train,numeric_equation,low_confidence,synthetic,false,train_only
syn_ne_low_ba_dc_add_vote_0171,sft_train,numeric_equation,low_confidence,synthetic,false,train_only
syn_ne_low_ba_dc_add_vote_0173,sft_train,numeric_equation,low_confidence,synthetic,false,train_only
syn_ne_low_ba_dc_add_vote_0176,sft_train,numeric_equation,low_confidence,synthetic,false,train_only
syn_ne_low_ba_dc_add_vote_0177,sft_train,numeric_equation,low_confidence,synthetic,false,train_only
syn_ne_low_ba_dc_add_vote_0179,sft_train,numeric_equation,low_confidence,synthetic,false,train_only
syn_ne_low_ba_dc_add_vote_0180,sft_train,numeric_equation,low_confidence,synthetic,false,train_only
syn_ne_low_ba_dc_add_vote_0184,sft_train,numeric_equation,low_confidence,synthetic,false,train_only
syn_ne_low_ba_dc_add_vote_0185,sft_train,numeric_equation,low_confidence,synthetic,false,train_only
syn_ne_low_ba_dc_add_vote_0186,sft_train,numeric_equation,low_confidence,synthetic,false,train_only
syn_ne_low_ba_dc_add_vote_0188,sft_train,numeric_equation,low_confidence,synthetic,false,train_only
syn_ne_low_ba_dc_add_vote_0192,sft_train,numeric_equation,low_confidence,synthetic,false,train_only
syn_ne_low_ba_dc_sub_vote_0001,sft_train,numeric_equation,low_confidence_ba_dc_subtraction,synthetic,false,train_only
syn_ne_low_ba_dc_sub_vote_0002,sft_train,numeric_equation,low_confidence_ba_dc_subtraction,synthetic,false,train_only
syn_ne_low_ba_dc_sub_vote_0003,sft_train,numeric_equation,low_confidence_ba_dc_subtraction,synthetic,false,train_only
syn_ne_low_ba_dc_sub_vote_0004,sft_train,numeric_equation,low_confidence_ba_dc_subtraction,synthetic,false,train_only
syn_ne_low_ba_dc_sub_vote_0005,sft_train,numeric_equation,low_confidence_ba_dc_subtraction,synthetic,false,train_only
syn_ne_low_ba_dc_sub_vote_0006,sft_train,numeric_equation,low_confidence_ba_dc_subtraction,synthetic,false,train_only
syn_ne_low_ba_dc_sub_vote_0007,sft_train,numeric_equation,low_confidence_ba_dc_subtraction,synthetic,false,train_only
syn_ne_low_ba_dc_sub_vote_0008,sft_train,numeric_equation,low_confidence_ba_dc_subtraction,synthetic,false,train_only
syn_ne_low_ba_dc_sub_vote_0009,sft_train,numeric_equation,low_confidence_ba_dc_subtraction,synthetic,false,train_only
syn_ne_low_ba_dc_sub_vote_0010,sft_train,numeric_equation,low_confidence_ba_dc_subtraction,synthetic,false,train_only
syn_ne_low_ba_dc_sub_vote_0011,sft_train,numeric_equation,low_confidence_ba_dc_subtraction,synthetic,false,train_only
syn_ne_low_ba_dc_sub_vote_0012,sft_train,numeric_equation,low_confidence_ba_dc_subtraction,synthetic,false,train_only
syn_ne_low_ba_dc_sub_vote_0013,sft_train,numeric_equation,low_confidence_ba_dc_subtraction,synthetic,false,train_only
syn_ne_low_ba_dc_sub_vote_0014,sft_train,numeric_equation,low_confidence_ba_dc_subtraction,synthetic,false,train_only
syn_ne_low_ba_dc_sub_vote_0015,sft_train,numeric_equation,low_confidence_ba_dc_subtraction,synthetic,false,train_only
syn_ne_low_ba_dc_sub_vote_0016,sft_train,numeric_equation,low_confidence_ba_dc_subtraction,synthetic,false,train_only
syn_ne_low_ba_dc_sub_vote_0017,sft_train,numeric_equation,low_confidence_ba_dc_subtraction,synthetic,false,train_only
syn_ne_low_ba_dc_sub_vote_0018,sft_train,numeric_equation,low_confidence_ba_dc_subtraction,synthetic,false,train_only
syn_ne_low_ba_dc_sub_vote_0019,sft_train,numeric_equation,low_confidence_ba_dc_subtraction,synthetic,false,train_only
syn_ne_low_ba_dc_sub_vote_0020,sft_train,numeric_equation,low_confidence_ba_dc_subtraction,synthetic,false,train_only
syn_ne_low_ba_dc_sub_vote_0021,sft_train,numeric_equation,low_confidence_ba_dc_subtraction,synthetic,false,train_only
syn_ne_low_ba_dc_sub_vote_0022,sft_train,numeric_equation,low_confidence_ba_dc_subtraction,synthetic,false,train_only
syn_ne_low_ba_dc_sub_vote_0023,sft_train,numeric_equation,low_confidence_ba_dc_subtraction,synthetic,false,train_only
syn_ne_low_ba_dc_sub_vote_0024,sft_train,numeric_equation,low_confidence_ba_dc_subtraction,synthetic,false,train_only
syn_ne_low_ba_dc_sub_vote_0025,sft_train,numeric_equation,low_confidence_ba_dc_subtraction,synthetic,false,train_only
syn_ne_low_ba_dc_sub_vote_0026,sft_train,numeric_equation,low_confidence_ba_dc_subtraction,synthetic,false,train_only
syn_ne_low_ba_dc_sub_vote_0027,sft_train,numeric_equation,low_confidence_ba_dc_subtraction,synthetic,false,train_only
syn_ne_low_ba_dc_sub_vote_0028,sft_train,numeric_equation,low_confidence_ba_dc_subtraction,synthetic,false,train_only
syn_ne_low_ba_dc_sub_vote_0029,sft_train,numeric_equation,low_confidence_ba_dc_subtraction,synthetic,false,train_only
syn_ne_low_ba_dc_sub_vote_0030,sft_train,numeric_equation,low_confidence_ba_dc_subtraction,synthetic,false,train_only
syn_ne_low_ba_dc_sub_vote_0031,sft_train,numeric_equation,low_confidence_ba_dc_subtraction,synthetic,false,train_only
syn_ne_low_ba_dc_sub_vote_0032,sft_train,numeric_equation,low_confidence_ba_dc_subtraction,synthetic,false,train_only
syn_ne_low_ba_dc_sub_vote_0033,sft_train,numeric_equation,low_confidence_ba_dc_subtraction,synthetic,false,train_only
syn_ne_low_ba_dc_sub_vote_0034,sft_train,numeric_equation,low_confidence_ba_dc_subtraction,synthetic,false,train_only
syn_ne_low_ba_dc_sub_vote_0035,sft_train,numeric_equation,low_confidence_ba_dc_subtraction,synthetic,false,train_only
syn_ne_low_ba_dc_sub_vote_0036,sft_train,numeric_equation,low_confidence_ba_dc_subtraction,synthetic,false,train_only
syn_ne_low_ba_dc_sub_vote_0037,sft_train,numeric_equation,low_confidence_ba_dc_subtraction,synthetic,false,train_only
syn_ne_low_ba_dc_sub_vote_0038,sft_train,numeric_equation,low_confidence_ba_dc_subtraction,synthetic,false,train_only
syn_ne_low_ba_dc_sub_vote_0039,sft_train,numeric_equation,low_confidence_ba_dc_subtraction,synthetic,false,train_only
syn_ne_low_ba_dc_sub_vote_0040,sft_train,numeric_equation,low_confidence_ba_dc_subtraction,synthetic,false,train_only
syn_ne_low_ba_dc_sub_vote_0041,sft_train,numeric_equation,low_confidence_ba_dc_subtraction,synthetic,false,train_only
syn_ne_low_ba_dc_sub_vote_0042,sft_train,numeric_equation,low_confidence_ba_dc_subtraction,synthetic,false,train_only
syn_ne_low_ba_dc_sub_vote_0043,sft_train,numeric_equation,low_confidence_ba_dc_subtraction,synthetic,false,train_only
syn_ne_low_ba_dc_sub_vote_0044,sft_train,numeric_equation,low_confidence_ba_dc_subtraction,synthetic,false,train_only
syn_ne_low_ba_dc_sub_vote_0045,sft_train,numeric_equation,low_confidence_ba_dc_subtraction,synthetic,false,train_only
syn_ne_low_ba_dc_sub_vote_0046,sft_train,numeric_equation,low_confidence_ba_dc_subtraction,synthetic,false,train_only
syn_ne_low_ba_dc_sub_vote_0047,sft_train,numeric_equation,low_confidence_ba_dc_subtraction,synthetic,false,train_only
syn_ne_low_ba_dc_sub_vote_0048,sft_train,numeric_equation,low_confidence_ba_dc_subtraction,synthetic,false,train_only
syn_ne_low_ba_dc_sub_vote_0049,sft_train,numeric_equation,low_confidence_ba_dc_subtraction,synthetic,false,train_only
syn_ne_low_ba_dc_sub_vote_0050,sft_train,numeric_equation,low_confidence_ba_dc_subtraction,synthetic,false,train_only
syn_ne_low_ba_dc_sub_vote_0051,sft_train,numeric_equation,low_confidence_ba_dc_subtraction,synthetic,false,train_only
syn_ne_low_ba_dc_sub_vote_0052,sft_train,numeric_equation,low_confidence_ba_dc_subtraction,synthetic,false,train_only
syn_ne_low_ba_dc_sub_vote_0053,sft_train,numeric_equation,low_confidence_ba_dc_subtraction,synthetic,false,train_only
syn_ne_low_ba_dc_sub_vote_0054,sft_train,numeric_equation,low_confidence_ba_dc_subtraction,synthetic,false,train_only
syn_ne_low_ba_dc_sub_vote_0055,sft_train,numeric_equation,low_confidence_ba_dc_subtraction,synthetic,false,train_only
syn_ne_low_ba_dc_sub_vote_0056,sft_train,numeric_equation,low_confidence_ba_dc_subtraction,synthetic,false,train_only
syn_ne_low_ba_dc_sub_vote_0057,sft_train,numeric_equation,low_confidence_ba_dc_subtraction,synthetic,false,train_only
syn_ne_low_ba_dc_sub_vote_0058,sft_train,numeric_equation,low_confidence_ba_dc_subtraction,synthetic,false,train_only
syn_ne_low_ba_dc_sub_vote_0059,sft_train,numeric_equation,low_confidence_ba_dc_subtraction,synthetic,false,train_only
syn_ne_low_ba_dc_sub_vote_0060,sft_train,numeric_equation,low_confidence_ba_dc_subtraction,synthetic,false,train_only
syn_ne_low_ba_dc_sub_vote_0081,sft_train,numeric_equation,low_confidence_ba_dc_subtraction,synthetic,false,train_only
syn_ne_low_ba_dc_sub_vote_0082,sft_train,numeric_equation,low_confidence_ba_dc_subtraction,synthetic,false,train_only
syn_ne_low_ba_dc_sub_vote_0083,sft_train,numeric_equation,low_confidence_ba_dc_subtraction,synthetic,false,train_only
syn_ne_low_ba_dc_sub_vote_0084,sft_train,numeric_equation,low_confidence_ba_dc_subtraction,synthetic,false,train_only
syn_ne_low_ba_dc_sub_vote_0085,sft_train,numeric_equation,low_confidence_ba_dc_subtraction,synthetic,false,train_only
syn_ne_low_ba_dc_sub_vote_0086,sft_train,numeric_equation,low_confidence_ba_dc_subtraction,synthetic,false,train_only
syn_ne_low_ba_dc_sub_vote_0087,sft_train,numeric_equation,low_confidence_ba_dc_subtraction,synthetic,false,train_only
syn_ne_low_ba_dc_sub_vote_0088,sft_train,numeric_equation,low_confidence_ba_dc_subtraction,synthetic,false,train_only
syn_ne_low_ba_dc_sub_vote_0089,sft_train,numeric_equation,low_confidence_ba_dc_subtraction,synthetic,false,train_only
syn_ne_low_ba_dc_sub_vote_0090,sft_train,numeric_equation,low_confidence_ba_dc_subtraction,synthetic,false,train_only
syn_ne_low_ba_dc_sub_vote_0091,sft_train,numeric_equation,low_confidence_ba_dc_subtraction,synthetic,false,train_only
syn_ne_low_ba_dc_sub_vote_0092,sft_train,numeric_equation,low_confidence_ba_dc_subtraction,synthetic,false,train_only
syn_ne_low_ba_dc_sub_vote_0093,sft_train,numeric_equation,low_confidence_ba_dc_subtraction,synthetic,false,train_only
syn_ne_low_ba_dc_sub_vote_0094,sft_train,numeric_equation,low_confidence_ba_dc_subtraction,synthetic,false,train_only
syn_ne_low_ba_dc_sub_vote_0095,sft_train,numeric_equation,low_confidence_ba_dc_subtraction,synthetic,false,train_only
syn_ne_low_ba_dc_sub_vote_0096,sft_train,numeric_equation,low_confidence_ba_dc_subtraction,synthetic,false,train_only
syn_ne_low_ba_dc_sub_vote_0097,sft_train,numeric_equation,low_confidence_ba_dc_subtraction,synthetic,false,train_only
syn_ne_low_ba_dc_sub_vote_0098,sft_train,numeric_equation,low_confidence_ba_dc_subtraction,synthetic,false,train_only
syn_ne_low_ba_dc_sub_vote_0099,sft_train,numeric_equation,low_confidence_ba_dc_subtraction,synthetic,false,train_only
syn_ne_low_ba_dc_sub_vote_0100,sft_train,numeric_equation,low_confidence_ba_dc_subtraction,synthetic,false,train_only
syn_ne_mod_ab_cd_maxxymodminxy_0076,sft_train,numeric_equation,modular,synthetic,false,train_only
syn_ne_mod_ab_cd_maxxymodminxy_0077,sft_train,numeric_equation,modular,synthetic,false,train_only
syn_ne_mod_ab_cd_maxxymodminxy_0078,sft_train,numeric_equation,modular,synthetic,false,train_only
syn_ne_mod_ab_cd_maxxymodminxy_0079,sft_train,numeric_equation,modular,synthetic,false,train_only
syn_ne_mod_ab_cd_maxxymodminxy_0080,sft_train,numeric_equation,modular,synthetic,false,train_only
syn_ne_mod_ab_cd_maxxymodminxy_0081,sft_train,numeric_equation,modular,synthetic,false,train_only
syn_ne_mod_ab_cd_maxxymodminxy_0082,sft_train,numeric_equation,modular,synthetic,false,train_only
syn_ne_mod_ab_cd_maxxymodminxy_0083,sft_train,numeric_equation,modular,synthetic,false,train_only
syn_ne_mod_ab_cd_maxxymodminxy_0084,sft_train,numeric_equation,modular,synthetic,false,train_only
syn_ne_mod_ab_cd_maxxymodminxy_0085,sft_train,numeric_equation,modular,synthetic,false,train_only
syn_ne_mod_ab_cd_maxxymodminxy_0086,sft_train,numeric_equation,modular,synthetic,false,train_only
syn_ne_mod_ab_cd_maxxymodminxy_0087,sft_train,numeric_equation,modular,synthetic,false,train_only
syn_ne_mod_ab_cd_maxxymodminxy_0088,sft_train,numeric_equation,modular,synthetic,false,train_only
syn_ne_mod_ab_cd_maxxymodminxy_0089,sft_train,numeric_equation,modular,synthetic,false,train_only
syn_ne_mod_ab_cd_maxxymodminxy_0090,sft_train,numeric_equation,modular,synthetic,false,train_only
syn_ne_mod_ab_cd_maxxymodminxy_0091,sft_train,numeric_equation,modular,synthetic,false,train_only
syn_ne_mod_ab_cd_maxxymodminxy_0092,sft_train,numeric_equation,modular,synthetic,false,train_only
syn_ne_mod_ab_cd_maxxymodminxy_0093,sft_train,numeric_equation,modular,synthetic,false,train_only
syn_ne_mod_ab_cd_maxxymodminxy_0094,sft_train,numeric_equation,modular,synthetic,false,train_only
syn_ne_mod_ab_cd_maxxymodminxy_0095,sft_train,numeric_equation,modular,synthetic,false,train_only
syn_ne_mod_ab_cd_maxxymodminxy_0096,sft_train,numeric_equation,modular,synthetic,false,train_only
syn_ne_mod_ab_cd_maxxymodminxy_0097,sft_train,numeric_equation,modular,synthetic,false,train_only
syn_ne_mod_ab_cd_maxxymodminxy_0098,sft_train,numeric_equation,modular,synthetic,false,train_only
syn_ne_mod_ab_cd_maxxymodminxy_0099,sft_train,numeric_equation,modular,synthetic,false,train_only
syn_ne_mod_ab_cd_maxxymodminxy_0100,sft_train,numeric_equation,modular,synthetic,false,train_only
syn_ne_mod_ab_cd_xmody_0101,sft_train,numeric_equation,modular,synthetic,false,train_only
syn_ne_mod_ab_cd_xmody_0102,sft_train,numeric_equation,modular,synthetic,false,train_only
syn_ne_mod_ab_cd_xmody_0103,sft_train,numeric_equation,modular,synthetic,false,train_only
syn_ne_mod_ab_cd_xmody_0104,sft_train,numeric_equation,modular,synthetic,false,train_only
syn_ne_mod_ab_cd_xmody_0105,sft_train,numeric_equation,modular,synthetic,false,train_only
syn_ne_mod_ab_cd_xmody_0106,sft_train,numeric_equation,modular,synthetic,false,train_only
syn_ne_mod_ab_cd_xmody_0107,sft_train,numeric_equation,modular,synthetic,false,train_only
syn_ne_mod_ab_cd_xmody_0108,sft_train,numeric_equation,modular,synthetic,false,train_only
syn_ne_mod_ab_cd_xmody_0109,sft_train,numeric_equation,modular,synthetic,false,train_only
syn_ne_mod_ab_cd_xmody_0110,sft_train,numeric_equation,modular,synthetic,false,train_only
syn_ne_mod_ab_cd_xmody_0111,sft_train,numeric_equation,modular,synthetic,false,train_only
syn_ne_mod_ab_cd_xmody_0112,sft_train,numeric_equation,modular,synthetic,false,train_only
syn_ne_mod_ab_cd_xmody_0113,sft_train,numeric_equation,modular,synthetic,false,train_only
syn_ne_mod_ab_cd_xmody_0114,sft_train,numeric_equation,modular,synthetic,false,train_only
syn_ne_mod_ab_cd_xmody_0115,sft_train,numeric_equation,modular,synthetic,false,train_only
syn_ne_mod_ab_cd_xmody_0116,sft_train,numeric_equation,modular,synthetic,false,train_only
syn_ne_mod_ab_cd_xmody_0117,sft_train,numeric_equation,modular,synthetic,false,train_only
syn_ne_mod_ab_cd_xmody_0118,sft_train,numeric_equation,modular,synthetic,false,train_only
syn_ne_mod_ab_cd_xmody_0119,sft_train,numeric_equation,modular,synthetic,false,train_only
syn_ne_mod_ab_cd_xmody_0120,sft_train,numeric_equation,modular,synthetic,false,train_only
syn_ne_mod_ab_cd_xmody_0121,sft_train,numeric_equation,modular,synthetic,false,train_only
syn_ne_mod_ab_cd_xmody_0122,sft_train,numeric_equation,modular,synthetic,false,train_only
syn_ne_mod_ab_cd_xmody_0123,sft_train,numeric_equation,modular,synthetic,false,train_only
syn_ne_mod_ab_cd_xmody_0124,sft_train,numeric_equation,modular,synthetic,false,train_only
syn_ne_mod_ab_cd_xmody_0125,sft_train,numeric_equation,modular,synthetic,false,train_only
syn_ne_mod_ab_cd_ymodx_0126,sft_train,numeric_equation,modular,synthetic,false,train_only
syn_ne_mod_ab_cd_ymodx_0127,sft_train,numeric_equation,modular,synthetic,false,train_only
syn_ne_mod_ab_cd_ymodx_0128,sft_train,numeric_equation,modular,synthetic,false,train_only
syn_ne_mod_ab_cd_ymodx_0129,sft_train,numeric_equation,modular,synthetic,false,train_only
syn_ne_mod_ab_cd_ymodx_0130,sft_train,numeric_equation,modular,synthetic,false,train_only
syn_ne_mod_ab_cd_ymodx_0131,sft_train,numeric_equation,modular,synthetic,false,train_only
syn_ne_mod_ab_cd_ymodx_0132,sft_train,numeric_equation,modular,synthetic,false,train_only
syn_ne_mod_ab_cd_ymodx_0133,sft_train,numeric_equation,modular,synthetic,false,train_only
syn_ne_mod_ab_cd_ymodx_0134,sft_train,numeric_equation,modular,synthetic,false,train_only
syn_ne_mod_ab_cd_ymodx_0135,sft_train,numeric_equation,modular,synthetic,false,train_only
syn_ne_mod_ab_cd_ymodx_0136,sft_train,numeric_equation,modular,synthetic,false,train_only
syn_ne_mod_ab_cd_ymodx_0137,sft_train,numeric_equation,modular,synthetic,false,train_only
syn_ne_mod_ab_cd_ymodx_0138,sft_train,numeric_equation,modular,synthetic,false,train_only
syn_ne_mod_ab_cd_ymodx_0139,sft_train,numeric_equation,modular,synthetic,false,train_only
syn_ne_mod_ab_cd_ymodx_0140,sft_train,numeric_equation,modular,synthetic,false,train_only
syn_ne_mod_ab_cd_ymodx_0141,sft_train,numeric_equation,modular,synthetic,false,train_only
syn_ne_mod_ab_cd_ymodx_0142,sft_train,numeric_equation,modular,synthetic,false,train_only
syn_ne_mod_ab_cd_ymodx_0143,sft_train,numeric_equation,modular,synthetic,false,train_only
syn_ne_mod_ab_cd_ymodx_0144,sft_train,numeric_equation,modular,synthetic,false,train_only
syn_ne_mod_ab_cd_ymodx_0145,sft_train,numeric_equation,modular,synthetic,false,train_only
syn_ne_mod_ab_cd_ymodx_0146,sft_train,numeric_equation,modular,synthetic,false,train_only
syn_ne_mod_ab_cd_ymodx_0147,sft_train,numeric_equation,modular,synthetic,false,train_only
syn_ne_mod_ab_cd_ymodx_0148,sft_train,numeric_equation,modular,synthetic,false,train_only
syn_ne_mod_ab_cd_ymodx_0149,sft_train,numeric_equation,modular,synthetic,false,train_only
syn_ne_mod_ab_cd_ymodx_0150,sft_train,numeric_equation,modular,synthetic,false,train_only
syn_ne_mod_ba_dc_maxxymodminxy_0001,sft_train,numeric_equation,modular,synthetic,false,train_only
syn_ne_mod_ba_dc_maxxymodminxy_0002,sft_train,numeric_equation,modular,synthetic,false,train_only
syn_ne_mod_ba_dc_maxxymodminxy_0003,sft_train,numeric_equation,modular,synthetic,false,train_only
syn_ne_mod_ba_dc_maxxymodminxy_0004,sft_train,numeric_equation,modular,synthetic,false,train_only
syn_ne_mod_ba_dc_maxxymodminxy_0005,sft_train,numeric_equation,modular,synthetic,false,train_only
syn_ne_mod_ba_dc_maxxymodminxy_0006,sft_train,numeric_equation,modular,synthetic,false,train_only
syn_ne_mod_ba_dc_maxxymodminxy_0007,sft_train,numeric_equation,modular,synthetic,false,train_only
syn_ne_mod_ba_dc_maxxymodminxy_0008,sft_train,numeric_equation,modular,synthetic,false,train_only
syn_ne_mod_ba_dc_maxxymodminxy_0009,sft_train,numeric_equation,modular,synthetic,false,train_only
syn_ne_mod_ba_dc_maxxymodminxy_0010,sft_train,numeric_equation,modular,synthetic,false,train_only
syn_ne_mod_ba_dc_maxxymodminxy_0011,sft_train,numeric_equation,modular,synthetic,false,train_only
syn_ne_mod_ba_dc_maxxymodminxy_0012,sft_train,numeric_equation,modular,synthetic,false,train_only
syn_ne_mod_ba_dc_maxxymodminxy_0013,sft_train,numeric_equation,modular,synthetic,false,train_only
syn_ne_mod_ba_dc_maxxymodminxy_0014,sft_train,numeric_equation,modular,synthetic,false,train_only
syn_ne_mod_ba_dc_maxxymodminxy_0015,sft_train,numeric_equation,modular,synthetic,false,train_only
syn_ne_mod_ba_dc_maxxymodminxy_0016,sft_train,numeric_equation,modular,synthetic,false,train_only
syn_ne_mod_ba_dc_maxxymodminxy_0017,sft_train,numeric_equation,modular,synthetic,false,train_only
syn_ne_mod_ba_dc_maxxymodminxy_0018,sft_train,numeric_equation,modular,synthetic,false,train_only
syn_ne_mod_ba_dc_maxxymodminxy_0019,sft_train,numeric_equation,modular,synthetic,false,train_only
syn_ne_mod_ba_dc_maxxymodminxy_0020,sft_train,numeric_equation,modular,synthetic,false,train_only
syn_ne_mod_ba_dc_maxxymodminxy_0021,sft_train,numeric_equation,modular,synthetic,false,train_only
syn_ne_mod_ba_dc_maxxymodminxy_0022,sft_train,numeric_equation,modular,synthetic,false,train_only
syn_ne_mod_ba_dc_maxxymodminxy_0023,sft_train,numeric_equation,modular,synthetic,false,train_only
syn_ne_mod_ba_dc_maxxymodminxy_0024,sft_train,numeric_equation,modular,synthetic,false,train_only
syn_ne_mod_ba_dc_maxxymodminxy_0025,sft_train,numeric_equation,modular,synthetic,false,train_only
syn_ne_mod_ba_dc_xmody_0026,sft_train,numeric_equation,modular,synthetic,false,train_only
syn_ne_mod_ba_dc_xmody_0027,sft_train,numeric_equation,modular,synthetic,false,train_only
syn_ne_mod_ba_dc_xmody_0028,sft_train,numeric_equation,modular,synthetic,false,train_only
syn_ne_mod_ba_dc_xmody_0029,sft_train,numeric_equation,modular,synthetic,false,train_only
syn_ne_mod_ba_dc_xmody_0030,sft_train,numeric_equation,modular,synthetic,false,train_only
syn_ne_mod_ba_dc_xmody_0031,sft_train,numeric_equation,modular,synthetic,false,train_only
syn_ne_mod_ba_dc_xmody_0032,sft_train,numeric_equation,modular,synthetic,false,train_only
syn_ne_mod_ba_dc_xmody_0033,sft_train,numeric_equation,modular,synthetic,false,train_only
syn_ne_mod_ba_dc_xmody_0034,sft_train,numeric_equation,modular,synthetic,false,train_only
syn_ne_mod_ba_dc_xmody_0035,sft_train,numeric_equation,modular,synthetic,false,train_only
syn_ne_mod_ba_dc_xmody_0036,sft_train,numeric_equation,modular,synthetic,false,train_only
syn_ne_mod_ba_dc_xmody_0037,sft_train,numeric_equation,modular,synthetic,false,train_only
syn_ne_mod_ba_dc_xmody_0038,sft_train,numeric_equation,modular,synthetic,false,train_only
syn_ne_mod_ba_dc_xmody_0039,sft_train,numeric_equation,modular,synthetic,false,train_only
syn_ne_mod_ba_dc_xmody_0040,sft_train,numeric_equation,modular,synthetic,false,train_only
syn_ne_mod_ba_dc_xmody_0041,sft_train,numeric_equation,modular,synthetic,false,train_only
syn_ne_mod_ba_dc_xmody_0042,sft_train,numeric_equation,modular,synthetic,false,train_only
syn_ne_mod_ba_dc_xmody_0043,sft_train,numeric_equation,modular,synthetic,false,train_only
syn_ne_mod_ba_dc_xmody_0044,sft_train,numeric_equation,modular,synthetic,false,train_only
syn_ne_mod_ba_dc_xmody_0045,sft_train,numeric_equation,modular,synthetic,false,train_only
syn_ne_mod_ba_dc_xmody_0046,sft_train,numeric_equation,modular,synthetic,false,train_only
syn_ne_mod_ba_dc_xmody_0047,sft_train,numeric_equation,modular,synthetic,false,train_only
syn_ne_mod_ba_dc_xmody_0048,sft_train,numeric_equation,modular,synthetic,false,train_only
syn_ne_mod_ba_dc_xmody_0049,sft_train,numeric_equation,modular,synthetic,false,train_only
syn_ne_mod_ba_dc_xmody_0050,sft_train,numeric_equation,modular,synthetic,false,train_only
syn_ne_mod_ba_dc_ymodx_0051,sft_train,numeric_equation,modular,synthetic,false,train_only
syn_ne_mod_ba_dc_ymodx_0052,sft_train,numeric_equation,modular,synthetic,false,train_only
syn_ne_mod_ba_dc_ymodx_0053,sft_train,numeric_equation,modular,synthetic,false,train_only
syn_ne_mod_ba_dc_ymodx_0054,sft_train,numeric_equation,modular,synthetic,false,train_only
syn_ne_mod_ba_dc_ymodx_0055,sft_train,numeric_equation,modular,synthetic,false,train_only
syn_ne_mod_ba_dc_ymodx_0056,sft_train,numeric_equation,modular,synthetic,false,train_only
syn_ne_mod_ba_dc_ymodx_0057,sft_train,numeric_equation,modular,synthetic,false,train_only
syn_ne_mod_ba_dc_ymodx_0058,sft_train,numeric_equation,modular,synthetic,false,train_only
syn_ne_mod_ba_dc_ymodx_0059,sft_train,numeric_equation,modular,synthetic,false,train_only
syn_ne_mod_ba_dc_ymodx_0060,sft_train,numeric_equation,modular,synthetic,false,train_only
syn_ne_mod_ba_dc_ymodx_0061,sft_train,numeric_equation,modular,synthetic,false,train_only
syn_ne_mod_ba_dc_ymodx_0062,sft_train,numeric_equation,modular,synthetic,false,train_only
syn_ne_mod_ba_dc_ymodx_0063,sft_train,numeric_equation,modular,synthetic,false,train_only
syn_ne_mod_ba_dc_ymodx_0064,sft_train,numeric_equation,modular,synthetic,false,train_only
syn_ne_mod_ba_dc_ymodx_0065,sft_train,numeric_equation,modular,synthetic,false,train_only
syn_ne_mod_ba_dc_ymodx_0066,sft_train,numeric_equation,modular,synthetic,false,train_only
syn_ne_mod_ba_dc_ymodx_0067,sft_train,numeric_equation,modular,synthetic,false,train_only
syn_ne_mod_ba_dc_ymodx_0068,sft_train,numeric_equation,modular,synthetic,false,train_only
syn_ne_mod_ba_dc_ymodx_0069,sft_train,numeric_equation,modular,synthetic,false,train_only
syn_ne_mod_ba_dc_ymodx_0070,sft_train,numeric_equation,modular,synthetic,false,train_only
syn_ne_mod_ba_dc_ymodx_0071,sft_train,numeric_equation,modular,synthetic,false,train_only
syn_ne_mod_ba_dc_ymodx_0072,sft_train,numeric_equation,modular,synthetic,false,train_only
syn_ne_mod_ba_dc_ymodx_0073,sft_train,numeric_equation,modular,synthetic,false,train_only
syn_ne_mod_ba_dc_ymodx_0074,sft_train,numeric_equation,modular,synthetic,false,train_only
syn_ne_mod_ba_dc_ymodx_0075,sft_train,numeric_equation,modular,synthetic,false,train_only
syn_ne_opa_ab_cd_fallback_0001,sft_train,numeric_equation,operator_absence,synthetic,false,train_only
syn_ne_opa_ab_cd_fallback_0004,sft_train,numeric_equation,operator_absence,synthetic,false,train_only
syn_ne_opa_ab_cd_fallback_0009,sft_train,numeric_equation,operator_absence,synthetic,false,train_only
syn_ne_opa_ab_cd_fallback_0010,sft_train,numeric_equation,operator_absence,synthetic,false,train_only
syn_ne_opa_ab_cd_fallback_0011,sft_train,numeric_equation,operator_absence,synthetic,false,train_only
syn_ne_opa_ab_cd_fallback_0014,sft_train,numeric_equation,operator_absence,synthetic,false,train_only
syn_ne_opa_ab_cd_fallback_0015,sft_train,numeric_equation,operator_absence,synthetic,false,train_only
syn_ne_opa_ab_cd_fallback_0019,sft_train,numeric_equation,operator_absence,synthetic,false,train_only
syn_ne_opa_ab_cd_fallback_0020,sft_train,numeric_equation,operator_absence,synthetic,false,train_only
syn_ne_opa_ab_cd_fallback_0021,sft_train,numeric_equation,operator_absence,synthetic,false,train_only
syn_ne_opa_ab_cd_fallback_0022,sft_train,numeric_equation,operator_absence,synthetic,false,train_only
syn_ne_opa_ab_cd_fallback_0023,sft_train,numeric_equation,operator_absence,synthetic,false,train_only
syn_ne_opa_ab_cd_fallback_0025,sft_train,numeric_equation,operator_absence,synthetic,false,train_only
syn_ne_opa_ab_cd_fallback_0026,sft_train,numeric_equation,operator_absence,synthetic,false,train_only
syn_ne_opa_ab_cd_fallback_0027,sft_train,numeric_equation,operator_absence,synthetic,false,train_only
syn_ne_opa_ab_cd_fallback_0028,sft_train,numeric_equation,operator_absence,synthetic,false,train_only
syn_ne_opa_ab_cd_fallback_0029,sft_train,numeric_equation,operator_absence,synthetic,false,train_only
syn_ne_opa_ab_cd_fallback_0030,sft_train,numeric_equation,operator_absence,synthetic,false,train_only
syn_ne_opa_ab_cd_fallback_0031,sft_train,numeric_equation,operator_absence,synthetic,false,train_only
syn_ne_opa_ab_cd_fallback_0032,sft_train,numeric_equation,operator_absence,synthetic,false,train_only
syn_ne_opa_ab_cd_fallback_0033,sft_train,numeric_equation,operator_absence,synthetic,false,train_only
syn_ne_opa_ab_cd_fallback_0034,sft_train,numeric_equation,operator_absence,synthetic,false,train_only
syn_ne_opa_ab_cd_fallback_0036,sft_train,numeric_equation,operator_absence,synthetic,false,train_only
syn_ne_opa_ab_cd_fallback_0037,sft_train,numeric_equation,operator_absence,synthetic,false,train_only
syn_ne_opa_ab_cd_fallback_0038,sft_train,numeric_equation,operator_absence,synthetic,false,train_only
syn_ne_opa_ab_cd_fallback_0039,sft_train,numeric_equation,operator_absence,synthetic,false,train_only
syn_ne_opa_ab_cd_fallback_0040,sft_train,numeric_equation,operator_absence,synthetic,false,train_only
syn_ne_opa_ab_cd_fallback_0041,sft_train,numeric_equation,operator_absence,synthetic,false,train_only
syn_ne_opa_ab_cd_fallback_0042,sft_train,numeric_equation,operator_absence,synthetic,false,train_only
syn_ne_opa_ab_cd_fallback_0043,sft_train,numeric_equation,operator_absence,synthetic,false,train_only
syn_ne_opa_ab_cd_fallback_0044,sft_train,numeric_equation,operator_absence,synthetic,false,train_only
syn_ne_opa_ab_cd_fallback_0045,sft_train,numeric_equation,operator_absence,synthetic,false,train_only
syn_ne_opa_ab_cd_fallback_0046,sft_train,numeric_equation,operator_absence,synthetic,false,train_only
syn_ne_opa_ab_cd_visible_mod_0001,sft_train,numeric_equation,operator_absence,synthetic,false,train_only
syn_ne_opa_ab_cd_visible_mod_0002,sft_train,numeric_equation,operator_absence,synthetic,false,train_only
syn_ne_opa_ab_cd_visible_mod_0003,sft_train,numeric_equation,operator_absence,synthetic,false,train_only
syn_ne_opa_ab_cd_visible_mod_0004,sft_train,numeric_equation,operator_absence,synthetic,false,train_only
syn_ne_opa_ab_cd_visible_mod_0006,sft_train,numeric_equation,operator_absence,synthetic,false,train_only
syn_ne_opa_ab_cd_visible_mod_0008,sft_train,numeric_equation,operator_absence,synthetic,false,train_only
syn_ne_opa_ab_cd_visible_mod_0009,sft_train,numeric_equation,operator_absence,synthetic,false,train_only
syn_ne_opa_ab_cd_visible_mod_0011,sft_train,numeric_equation,operator_absence,synthetic,false,train_only
syn_ne_opa_ab_cd_visible_mod_0013,sft_train,numeric_equation,operator_absence,synthetic,false,train_only
syn_ne_opa_ab_cd_visible_mod_0015,sft_train,numeric_equation,operator_absence,synthetic,false,train_only
syn_ne_opa_ab_cd_visible_mod_0016,sft_train,numeric_equation,operator_absence,synthetic,false,train_only
syn_ne_opa_ab_cd_visible_mod_0017,sft_train,numeric_equation,operator_absence,synthetic,false,train_only
syn_ne_opa_ab_cd_visible_mod_0018,sft_train,numeric_equation,operator_absence,synthetic,false,train_only
syn_ne_opa_ab_cd_visible_mod_0019,sft_train,numeric_equation,operator_absence,synthetic,false,train_only
syn_ne_opa_ab_cd_visible_mod_0021,sft_train,numeric_equation,operator_absence,synthetic,false,train_only
syn_ne_opa_ab_cd_visible_mod_0022,sft_train,numeric_equation,operator_absence,synthetic,false,train_only
syn_ne_opa_ab_cd_visible_mod_0023,sft_train,numeric_equation,operator_absence,synthetic,false,train_only
syn_ne_opa_ab_cd_visible_mod_0024,sft_train,numeric_equation,operator_absence,synthetic,false,train_only
syn_ne_opa_ab_cd_visible_mod_0026,sft_train,numeric_equation,operator_absence,synthetic,false,train_only
syn_ne_opa_ab_cd_visible_mod_0028,sft_train,numeric_equation,operator_absence,synthetic,false,train_only
syn_ne_opa_ab_cd_visible_mod_0030,sft_train,numeric_equation,operator_absence,synthetic,false,train_only
syn_ne_opa_ab_cd_visible_mod_0031,sft_train,numeric_equation,operator_absence,synthetic,false,train_only
syn_ne_opa_ab_cd_visible_mod_0032,sft_train,numeric_equation,operator_absence,synthetic,false,train_only
syn_ne_opa_ab_cd_visible_mod_0034,sft_train,numeric_equation,operator_absence,synthetic,false,train_only
syn_ne_opa_ab_cd_visible_mod_0035,sft_train,numeric_equation,operator_absence,synthetic,false,train_only
syn_ne_opa_ab_cd_visible_mod_0036,sft_train,numeric_equation,operator_absence,synthetic,false,train_only
syn_ne_opa_ab_cd_visible_mod_0037,sft_train,numeric_equation,operator_absence,synthetic,false,train_only
syn_ne_opa_ab_cd_visible_mod_0039,sft_train,numeric_equation,operator_absence,synthetic,false,train_only
syn_ne_opa_ab_cd_visible_mod_0041,sft_train,numeric_equation,operator_absence,synthetic,false,train_only
syn_ne_opa_ab_cd_visible_mod_0042,sft_train,numeric_equation,operator_absence,synthetic,false,train_only
syn_ne_opa_ab_cd_visible_mod_0043,sft_train,numeric_equation,operator_absence,synthetic,false,train_only
syn_ne_opa_ab_cd_visible_mod_0044,sft_train,numeric_equation,operator_absence,synthetic,false,train_only
syn_ne_opa_ab_cd_visible_mod_0048,sft_train,numeric_equation,operator_absence,synthetic,false,train_only
syn_ne_opa_ab_cd_visible_mul_0001,sft_train,numeric_equation,operator_absence,synthetic,false,train_only
syn_ne_opa_ab_cd_visible_mul_0002,sft_train,numeric_equation,operator_absence,synthetic,false,train_only
syn_ne_opa_ab_cd_visible_mul_0003,sft_train,numeric_equation,operator_absence,synthetic,false,train_only
syn_ne_opa_ab_cd_visible_mul_0004,sft_train,numeric_equation,operator_absence,synthetic,false,train_only
syn_ne_opa_ab_cd_visible_mul_0005,sft_train,numeric_equation,operator_absence,synthetic,false,train_only
syn_ne_opa_ab_cd_visible_mul_0006,sft_train,numeric_equation,operator_absence,synthetic,false,train_only
syn_ne_opa_ab_cd_visible_mul_0007,sft_train,numeric_equation,operator_absence,synthetic,false,train_only
syn_ne_opa_ab_cd_visible_mul_0008,sft_train,numeric_equation,operator_absence,synthetic,false,train_only
syn_ne_opa_ab_cd_visible_mul_0009,sft_train,numeric_equation,operator_absence,synthetic,false,train_only
syn_ne_opa_ab_cd_visible_mul_0010,sft_train,numeric_equation,operator_absence,synthetic,false,train_only
syn_ne_opa_ab_cd_visible_mul_0011,sft_train,numeric_equation,operator_absence,synthetic,false,train_only
syn_ne_opa_ab_cd_visible_mul_0012,sft_train,numeric_equation,operator_absence,synthetic,false,train_only
syn_ne_opa_ab_cd_visible_mul_0013,sft_train,numeric_equation,operator_absence,synthetic,false,train_only
syn_ne_opa_ab_cd_visible_mul_0014,sft_train,numeric_equation,operator_absence,synthetic,false,train_only
syn_ne_opa_ab_cd_visible_mul_0015,sft_train,numeric_equation,operator_absence,synthetic,false,train_only
syn_ne_opa_ab_cd_visible_mul_0016,sft_train,numeric_equation,operator_absence,synthetic,false,train_only
syn_ne_opa_ab_cd_visible_mul_0017,sft_train,numeric_equation,operator_absence,synthetic,false,train_only
syn_ne_opa_ab_cd_visible_mul_0018,sft_train,numeric_equation,operator_absence,synthetic,false,train_only
syn_ne_opa_ab_cd_visible_mul_0019,sft_train,numeric_equation,operator_absence,synthetic,false,train_only
syn_ne_opa_ab_cd_visible_mul_0020,sft_train,numeric_equation,operator_absence,synthetic,false,train_only
syn_ne_opa_ab_cd_visible_mul_0021,sft_train,numeric_equation,operator_absence,synthetic,false,train_only
syn_ne_opa_ab_cd_visible_mul_0022,sft_train,numeric_equation,operator_absence,synthetic,false,train_only
syn_ne_opa_ab_cd_visible_mul_0023,sft_train,numeric_equation,operator_absence,synthetic,false,train_only
syn_ne_opa_ab_cd_visible_mul_0024,sft_train,numeric_equation,operator_absence,synthetic,false,train_only
syn_ne_opa_ab_cd_visible_mul_0025,sft_train,numeric_equation,operator_absence,synthetic,false,train_only
syn_ne_opa_ab_cd_visible_mul_0026,sft_train,numeric_equation,operator_absence,synthetic,false,train_only
syn_ne_opa_ab_cd_visible_mul_0027,sft_train,numeric_equation,operator_absence,synthetic,false,train_only
syn_ne_opa_ab_cd_visible_mul_0028,sft_train,numeric_equation,operator_absence,synthetic,false,train_only
syn_ne_opa_ab_cd_visible_mul_0029,sft_train,numeric_equation,operator_absence,synthetic,false,train_only
syn_ne_opa_ab_cd_visible_mul_0030,sft_train,numeric_equation,operator_absence,synthetic,false,train_only
syn_ne_opa_ab_cd_visible_mul_0031,sft_train,numeric_equation,operator_absence,synthetic,false,train_only
syn_ne_opa_ab_cd_visible_mul_0032,sft_train,numeric_equation,operator_absence,synthetic,false,train_only
syn_ne_opa_ab_cd_visible_mul_0033,sft_train,numeric_equation,operator_absence,synthetic,false,train_only
syn_ne_opa_ab_cd_visible_mul_0034,sft_train,numeric_equation,operator_absence,synthetic,false,train_only
syn_ne_opa_ba_dc_fallback_0001,sft_train,numeric_equation,operator_absence,synthetic,false,train_only
syn_ne_opa_ba_dc_fallback_0002,sft_train,numeric_equation,operator_absence,synthetic,false,train_only
syn_ne_opa_ba_dc_fallback_0003,sft_train,numeric_equation,operator_absence,synthetic,false,train_only
syn_ne_opa_ba_dc_fallback_0004,sft_train,numeric_equation,operator_absence,synthetic,false,train_only
syn_ne_opa_ba_dc_fallback_0005,sft_train,numeric_equation,operator_absence,synthetic,false,train_only
syn_ne_opa_ba_dc_fallback_0006,sft_train,numeric_equation,operator_absence,synthetic,false,train_only
syn_ne_opa_ba_dc_fallback_0007,sft_train,numeric_equation,operator_absence,synthetic,false,train_only
syn_ne_opa_ba_dc_fallback_0008,sft_train,numeric_equation,operator_absence,synthetic,false,train_only
syn_ne_opa_ba_dc_fallback_0009,sft_train,numeric_equation,operator_absence,synthetic,false,train_only
syn_ne_opa_ba_dc_fallback_0010,sft_train,numeric_equation,operator_absence,synthetic,false,train_only
syn_ne_opa_ba_dc_fallback_0011,sft_train,numeric_equation,operator_absence,synthetic,false,train_only
syn_ne_opa_ba_dc_fallback_0012,sft_train,numeric_equation,operator_absence,synthetic,false,train_only
syn_ne_opa_ba_dc_fallback_0013,sft_train,numeric_equation,operator_absence,synthetic,false,train_only
syn_ne_opa_ba_dc_fallback_0014,sft_train,numeric_equation,operator_absence,synthetic,false,train_only
syn_ne_opa_ba_dc_fallback_0015,sft_train,numeric_equation,operator_absence,synthetic,false,train_only
syn_ne_opa_ba_dc_fallback_0016,sft_train,numeric_equation,operator_absence,synthetic,false,train_only
syn_ne_opa_ba_dc_fallback_0017,sft_train,numeric_equation,operator_absence,synthetic,false,train_only
syn_ne_opa_ba_dc_fallback_0018,sft_train,numeric_equation,operator_absence,synthetic,false,train_only
syn_ne_opa_ba_dc_fallback_0019,sft_train,numeric_equation,operator_absence,synthetic,false,train_only
syn_ne_opa_ba_dc_fallback_0020,sft_train,numeric_equation,operator_absence,synthetic,false,train_only
syn_ne_opa_ba_dc_fallback_0021,sft_train,numeric_equation,operator_absence,synthetic,false,train_only
syn_ne_opa_ba_dc_fallback_0022,sft_train,numeric_equation,operator_absence,synthetic,false,train_only
syn_ne_opa_ba_dc_fallback_0023,sft_train,numeric_equation,operator_absence,synthetic,false,train_only
syn_ne_opa_ba_dc_fallback_0024,sft_train,numeric_equation,operator_absence,synthetic,false,train_only
syn_ne_opa_ba_dc_fallback_0025,sft_train,numeric_equation,operator_absence,synthetic,false,train_only
syn_ne_opa_ba_dc_fallback_0026,sft_train,numeric_equation,operator_absence,synthetic,false,train_only
syn_ne_opa_ba_dc_fallback_0027,sft_train,numeric_equation,operator_absence,synthetic,false,train_only
syn_ne_opa_ba_dc_fallback_0028,sft_train,numeric_equation,operator_absence,synthetic,false,train_only
syn_ne_opa_ba_dc_fallback_0029,sft_train,numeric_equation,operator_absence,synthetic,false,train_only
syn_ne_opa_ba_dc_fallback_0030,sft_train,numeric_equation,operator_absence,synthetic,false,train_only
syn_ne_opa_ba_dc_fallback_0031,sft_train,numeric_equation,operator_absence,synthetic,false,train_only
syn_ne_opa_ba_dc_fallback_0032,sft_train,numeric_equation,operator_absence,synthetic,false,train_only
syn_ne_opa_ba_dc_fallback_0033,sft_train,numeric_equation,operator_absence,synthetic,false,train_only
syn_ne_opa_ba_dc_visible_mod_0001,sft_train,numeric_equation,operator_absence,synthetic,false,train_only
syn_ne_opa_ba_dc_visible_mod_0002,sft_train,numeric_equation,operator_absence,synthetic,false,train_only
syn_ne_opa_ba_dc_visible_mod_0003,sft_train,numeric_equation,operator_absence,synthetic,false,train_only
syn_ne_opa_ba_dc_visible_mod_0004,sft_train,numeric_equation,operator_absence,synthetic,false,train_only
syn_ne_opa_ba_dc_visible_mod_0005,sft_train,numeric_equation,operator_absence,synthetic,false,train_only
syn_ne_opa_ba_dc_visible_mod_0006,sft_train,numeric_equation,operator_absence,synthetic,false,train_only
syn_ne_opa_ba_dc_visible_mod_0007,sft_train,numeric_equation,operator_absence,synthetic,false,train_only
syn_ne_opa_ba_dc_visible_mod_0008,sft_train,numeric_equation,operator_absence,synthetic,false,train_only
syn_ne_opa_ba_dc_visible_mod_0009,sft_train,numeric_equation,operator_absence,synthetic,false,train_only
syn_ne_opa_ba_dc_visible_mod_0010,sft_train,numeric_equation,operator_absence,synthetic,false,train_only
syn_ne_opa_ba_dc_visible_mod_0011,sft_train,numeric_equation,operator_absence,synthetic,false,train_only
syn_ne_opa_ba_dc_visible_mod_0012,sft_train,numeric_equation,operator_absence,synthetic,false,train_only
syn_ne_opa_ba_dc_visible_mod_0013,sft_train,numeric_equation,operator_absence,synthetic,false,train_only
syn_ne_opa_ba_dc_visible_mod_0014,sft_train,numeric_equation,operator_absence,synthetic,false,train_only
syn_ne_opa_ba_dc_visible_mod_0015,sft_train,numeric_equation,operator_absence,synthetic,false,train_only
syn_ne_opa_ba_dc_visible_mod_0016,sft_train,numeric_equation,operator_absence,synthetic,false,train_only
syn_ne_opa_ba_dc_visible_mod_0017,sft_train,numeric_equation,operator_absence,synthetic,false,train_only
syn_ne_opa_ba_dc_visible_mod_0018,sft_train,numeric_equation,operator_absence,synthetic,false,train_only
syn_ne_opa_ba_dc_visible_mod_0019,sft_train,numeric_equation,operator_absence,synthetic,false,train_only
syn_ne_opa_ba_dc_visible_mod_0020,sft_train,numeric_equation,operator_absence,synthetic,false,train_only
syn_ne_opa_ba_dc_visible_mod_0021,sft_train,numeric_equation,operator_absence,synthetic,false,train_only
syn_ne_opa_ba_dc_visible_mod_0022,sft_train,numeric_equation,operator_absence,synthetic,false,train_only
syn_ne_opa_ba_dc_visible_mod_0023,sft_train,numeric_equation,operator_absence,synthetic,false,train_only
syn_ne_opa_ba_dc_visible_mod_0024,sft_train,numeric_equation,operator_absence,synthetic,false,train_only
syn_ne_opa_ba_dc_visible_mod_0025,sft_train,numeric_equation,operator_absence,synthetic,false,train_only
syn_ne_opa_ba_dc_visible_mod_0026,sft_train,numeric_equation,operator_absence,synthetic,false,train_only
syn_ne_opa_ba_dc_visible_mod_0027,sft_train,numeric_equation,operator_absence,synthetic,false,train_only
syn_ne_opa_ba_dc_visible_mod_0028,sft_train,numeric_equation,operator_absence,synthetic,false,train_only
syn_ne_opa_ba_dc_visible_mod_0029,sft_train,numeric_equation,operator_absence,synthetic,false,train_only
syn_ne_opa_ba_dc_visible_mod_0030,sft_train,numeric_equation,operator_absence,synthetic,false,train_only
syn_ne_opa_ba_dc_visible_mod_0031,sft_train,numeric_equation,operator_absence,synthetic,false,train_only
syn_ne_opa_ba_dc_visible_mod_0032,sft_train,numeric_equation,operator_absence,synthetic,false,train_only
syn_ne_opa_ba_dc_visible_mod_0033,sft_train,numeric_equation,operator_absence,synthetic,false,train_only
syn_ne_opa_ba_dc_visible_plus_0001,sft_train,numeric_equation,operator_absence,synthetic,false,train_only
syn_ne_opa_ba_dc_visible_plus_0002,sft_train,numeric_equation,operator_absence,synthetic,false,train_only
syn_ne_opa_ba_dc_visible_plus_0003,sft_train,numeric_equation,operator_absence,synthetic,false,train_only
syn_ne_opa_ba_dc_visible_plus_0004,sft_train,numeric_equation,operator_absence,synthetic,false,train_only
syn_ne_opa_ba_dc_visible_plus_0005,sft_train,numeric_equation,operator_absence,synthetic,false,train_only
syn_ne_opa_ba_dc_visible_plus_0006,sft_train,numeric_equation,operator_absence,synthetic,false,train_only
syn_ne_opa_ba_dc_visible_plus_0007,sft_train,numeric_equation,operator_absence,synthetic,false,train_only
syn_ne_opa_ba_dc_visible_plus_0008,sft_train,numeric_equation,operator_absence,synthetic,false,train_only
syn_ne_opa_ba_dc_visible_plus_0009,sft_train,numeric_equation,operator_absence,synthetic,false,train_only
syn_ne_opa_ba_dc_visible_plus_0010,sft_train,numeric_equation,operator_absence,synthetic,false,train_only
syn_ne_opa_ba_dc_visible_plus_0011,sft_train,numeric_equation,operator_absence,synthetic,false,train_only
syn_ne_opa_ba_dc_visible_plus_0012,sft_train,numeric_equation,operator_absence,synthetic,false,train_only
syn_ne_opa_ba_dc_visible_plus_0013,sft_train,numeric_equation,operator_absence,synthetic,false,train_only
syn_ne_opa_ba_dc_visible_plus_0014,sft_train,numeric_equation,operator_absence,synthetic,false,train_only
syn_ne_opa_ba_dc_visible_plus_0015,sft_train,numeric_equation,operator_absence,synthetic,false,train_only
syn_ne_opa_ba_dc_visible_plus_0016,sft_train,numeric_equation,operator_absence,synthetic,false,train_only
syn_ne_opa_ba_dc_visible_plus_0017,sft_train,numeric_equation,operator_absence,synthetic,false,train_only
syn_ne_opa_ba_dc_visible_plus_0018,sft_train,numeric_equation,operator_absence,synthetic,false,train_only
syn_ne_opa_ba_dc_visible_plus_0019,sft_train,numeric_equation,operator_absence,synthetic,false,train_only
syn_ne_opa_ba_dc_visible_plus_0020,sft_train,numeric_equation,operator_absence,synthetic,false,train_only
syn_ne_opa_ba_dc_visible_plus_0021,sft_train,numeric_equation,operator_absence,synthetic,false,train_only
syn_ne_opa_ba_dc_visible_plus_0022,sft_train,numeric_equation,operator_absence,synthetic,false,train_only
syn_ne_opa_ba_dc_visible_plus_0023,sft_train,numeric_equation,operator_absence,synthetic,false,train_only
syn_ne_opa_ba_dc_visible_plus_0024,sft_train,numeric_equation,operator_absence,synthetic,false,train_only
syn_ne_opa_ba_dc_visible_plus_0025,sft_train,numeric_equation,operator_absence,synthetic,false,train_only
syn_ne_opa_ba_dc_visible_plus_0026,sft_train,numeric_equation,operator_absence,synthetic,false,train_only
syn_ne_opa_ba_dc_visible_plus_0027,sft_train,numeric_equation,operator_absence,synthetic,false,train_only
syn_ne_opa_ba_dc_visible_plus_0028,sft_train,numeric_equation,operator_absence,synthetic,false,train_only
syn_ne_opa_ba_dc_visible_plus_0029,sft_train,numeric_equation,operator_absence,synthetic,false,train_only
syn_ne_opa_ba_dc_visible_plus_0030,sft_train,numeric_equation,operator_absence,synthetic,false,train_only
syn_ne_opa_ba_dc_visible_plus_0031,sft_train,numeric_equation,operator_absence,synthetic,false,train_only
syn_ne_opa_ba_dc_visible_plus_0032,sft_train,numeric_equation,operator_absence,synthetic,false,train_only
syn_ne_opa_ba_dc_visible_plus_0033,sft_train,numeric_equation,operator_absence,synthetic,false,train_only
syn_ne_opa_ba_dc_visible_plus_0034,sft_train,numeric_equation,operator_absence,synthetic,false,train_only
syn_ne_opabs_tlock_0134_helper_0001,sft_train,numeric_equation,direct_template_template0134,synthetic,false,train_only
syn_ne_opabs_tlock_0134_helper_0002,sft_train,numeric_equation,direct_template_template0134,synthetic,false,train_only
syn_ne_opabs_tlock_0134_helper_0003,sft_train,numeric_equation,direct_template_template0134,synthetic,false,train_only
syn_ne_opabs_tlock_0134_helper_0004,sft_train,numeric_equation,direct_template_template0134,synthetic,false,train_only
syn_ne_opabs_tlock_0134_helper_0005,sft_train,numeric_equation,direct_template_template0134,synthetic,false,train_only
syn_ne_opabs_tlock_0134_helper_0006,sft_train,numeric_equation,direct_template_template0134,synthetic,false,train_only
syn_ne_opabs_tlock_0134_helper_0007,sft_train,numeric_equation,direct_template_template0134,synthetic,false,train_only
syn_ne_opabs_tlock_0134_helper_0008,sft_train,numeric_equation,direct_template_template0134,synthetic,false,train_only
syn_ne_opabs_tlock_0134_helper_0009,sft_train,numeric_equation,direct_template_template0134,synthetic,false,train_only
syn_ne_opabs_tlock_0134_helper_0010,sft_train,numeric_equation,direct_template_template0134,synthetic,false,train_only
syn_ne_opabs_tlock_0134_helper_0011,sft_train,numeric_equation,direct_template_template0134,synthetic,false,train_only
syn_ne_opabs_tlock_0134_helper_0012,sft_train,numeric_equation,direct_template_template0134,synthetic,false,train_only
syn_ne_opabs_tlock_0134_helper_0013,sft_train,numeric_equation,direct_template_template0134,synthetic,false,train_only
syn_ne_opabs_tlock_0134_helper_0014,sft_train,numeric_equation,direct_template_template0134,synthetic,false,train_only
syn_ne_opabs_tlock_0134_nohelper_0001,sft_train,numeric_equation,direct_template_template0134,synthetic,false,train_only
syn_ne_opabs_tlock_0134_nohelper_0002,sft_train,numeric_equation,direct_template_template0134,synthetic,false,train_only
syn_ne_opabs_tlock_0134_nohelper_0003,sft_train,numeric_equation,direct_template_template0134,synthetic,false,train_only
syn_ne_opabs_tlock_0134_nohelper_0004,sft_train,numeric_equation,direct_template_template0134,synthetic,false,train_only
syn_ne_opabs_tlock_0134_nohelper_0005,sft_train,numeric_equation,direct_template_template0134,synthetic,false,train_only
syn_ne_opabs_tlock_0134_nohelper_0006,sft_train,numeric_equation,direct_template_template0134,synthetic,false,train_only
syn_ne_opabs_tlock_0134_nohelper_0007,sft_train,numeric_equation,direct_template_template0134,synthetic,false,train_only
syn_ne_opabs_tlock_0134_nohelper_0008,sft_train,numeric_equation,direct_template_template0134,synthetic,false,train_only
syn_ne_opabs_tlock_0134_nohelper_0009,sft_train,numeric_equation,direct_template_template0134,synthetic,false,train_only
syn_ne_opabs_tlock_0134_nohelper_0010,sft_train,numeric_equation,direct_template_template0134,synthetic,false,train_only
syn_ne_opabs_tlock_0134_nohelper_0011,sft_train,numeric_equation,direct_template_template0134,synthetic,false,train_only
syn_ne_opabs_tlock_0134_nohelper_0012,sft_train,numeric_equation,direct_template_template0134,synthetic,false,train_only
syn_ne_opabs_tlock_0134_nohelper_0013,sft_train,numeric_equation,direct_template_template0134,synthetic,false,train_only
syn_ne_opabs_tlock_0134_nohelper_0014,sft_train,numeric_equation,direct_template_template0134,synthetic,false,train_only
syn_ne_opabs_tlock_3401_helper_0001,sft_train,numeric_equation,direct_template_template3401,synthetic,false,train_only
syn_ne_opabs_tlock_3401_helper_0002,sft_train,numeric_equation,direct_template_template3401,synthetic,false,train_only
syn_ne_opabs_tlock_3401_helper_0003,sft_train,numeric_equation,direct_template_template3401,synthetic,false,train_only
syn_ne_opabs_tlock_3401_helper_0004,sft_train,numeric_equation,direct_template_template3401,synthetic,false,train_only
syn_ne_opabs_tlock_3401_helper_0005,sft_train,numeric_equation,direct_template_template3401,synthetic,false,train_only
syn_ne_opabs_tlock_3401_helper_0006,sft_train,numeric_equation,direct_template_template3401,synthetic,false,train_only
syn_ne_opabs_tlock_3401_helper_0007,sft_train,numeric_equation,direct_template_template3401,synthetic,false,train_only
syn_ne_opabs_tlock_3401_helper_0008,sft_train,numeric_equation,direct_template_template3401,synthetic,false,train_only
syn_ne_opabs_tlock_3401_helper_0009,sft_train,numeric_equation,direct_template_template3401,synthetic,false,train_only
syn_ne_opabs_tlock_3401_helper_0010,sft_train,numeric_equation,direct_template_template3401,synthetic,false,train_only
syn_ne_opabs_tlock_3401_helper_0011,sft_train,numeric_equation,direct_template_template3401,synthetic,false,train_only
syn_ne_opabs_tlock_3401_helper_0012,sft_train,numeric_equation,direct_template_template3401,synthetic,false,train_only
syn_ne_opabs_tlock_3401_helper_0013,sft_train,numeric_equation,direct_template_template3401,synthetic,false,train_only
syn_ne_opabs_tlock_3401_helper_0014,sft_train,numeric_equation,direct_template_template3401,synthetic,false,train_only
syn_ne_opabs_tlock_3401_nohelper_0001,sft_train,numeric_equation,direct_template_template3401,synthetic,false,train_only
syn_ne_opabs_tlock_3401_nohelper_0002,sft_train,numeric_equation,direct_template_template3401,synthetic,false,train_only
syn_ne_opabs_tlock_3401_nohelper_0003,sft_train,numeric_equation,direct_template_template3401,synthetic,false,train_only
syn_ne_opabs_tlock_3401_nohelper_0004,sft_train,numeric_equation,direct_template_template3401,synthetic,false,train_only
syn_ne_opabs_tlock_3401_nohelper_0005,sft_train,numeric_equation,direct_template_template3401,synthetic,false,train_only
syn_ne_opabs_tlock_3401_nohelper_0006,sft_train,numeric_equation,direct_template_template3401,synthetic,false,train_only
syn_ne_opabs_tlock_3401_nohelper_0007,sft_train,numeric_equation,direct_template_template3401,synthetic,false,train_only
syn_ne_opabs_tlock_3401_nohelper_0008,sft_train,numeric_equation,direct_template_template3401,synthetic,false,train_only
syn_ne_opabs_tlock_3401_nohelper_0009,sft_train,numeric_equation,direct_template_template3401,synthetic,false,train_only
syn_ne_opabs_tlock_3401_nohelper_0010,sft_train,numeric_equation,direct_template_template3401,synthetic,false,train_only
syn_ne_opabs_tlock_3401_nohelper_0011,sft_train,numeric_equation,direct_template_template3401,synthetic,false,train_only
syn_ne_opabs_tlock_3401_nohelper_0012,sft_train,numeric_equation,direct_template_template3401,synthetic,false,train_only
syn_ne_opabs_tlock_3401_nohelper_0013,sft_train,numeric_equation,direct_template_template3401,synthetic,false,train_only
syn_ne_postfix_ab_cd_yminusx_0001,sft_train,numeric_equation,prefix_postfix,synthetic,false,train_only
syn_ne_postfix_ab_cd_yminusx_0002,sft_train,numeric_equation,prefix_postfix,synthetic,false,train_only
syn_ne_postfix_ab_cd_yminusx_0003,sft_train,numeric_equation,prefix_postfix,synthetic,false,train_only
syn_ne_postfix_ab_cd_yminusx_0004,sft_train,numeric_equation,prefix_postfix,synthetic,false,train_only
syn_ne_postfix_ab_cd_yminusx_0005,sft_train,numeric_equation,prefix_postfix,synthetic,false,train_only
syn_ne_postfix_ab_cd_yminusx_0006,sft_train,numeric_equation,prefix_postfix,synthetic,false,train_only
syn_ne_postfix_ab_cd_yminusx_0007,sft_train,numeric_equation,prefix_postfix,synthetic,false,train_only
syn_ne_postfix_ab_cd_yminusx_0008,sft_train,numeric_equation,prefix_postfix,synthetic,false,train_only
syn_ne_postfix_ab_cd_yminusx_0009,sft_train,numeric_equation,prefix_postfix,synthetic,false,train_only
syn_ne_postfix_ab_cd_yminusx_0010,sft_train,numeric_equation,prefix_postfix,synthetic,false,train_only
syn_ne_postfix_ab_cd_yminusx_0011,sft_train,numeric_equation,prefix_postfix,synthetic,false,train_only
syn_ne_postfix_ab_cd_yminusx_0012,sft_train,numeric_equation,prefix_postfix,synthetic,false,train_only
syn_ne_postfix_ab_cd_yminusx_0013,sft_train,numeric_equation,prefix_postfix,synthetic,false,train_only
syn_ne_postfix_ab_cd_yminusx_0014,sft_train,numeric_equation,prefix_postfix,synthetic,false,train_only
syn_ne_postfix_ab_cd_yminusx_0015,sft_train,numeric_equation,prefix_postfix,synthetic,false,train_only
syn_ne_postfix_ab_cd_yminusx_0016,sft_train,numeric_equation,prefix_postfix,synthetic,false,train_only
syn_ne_postfix_ab_cd_yminusx_0017,sft_train,numeric_equation,prefix_postfix,synthetic,false,train_only
syn_ne_postfix_ab_cd_yminusx_0018,sft_train,numeric_equation,prefix_postfix,synthetic,false,train_only
syn_ne_postfix_ab_cd_yminusx_0019,sft_train,numeric_equation,prefix_postfix,synthetic,false,train_only
syn_ne_postfix_ab_cd_yminusx_0020,sft_train,numeric_equation,prefix_postfix,synthetic,false,train_only
syn_ne_postfix_ab_cd_yminusx_0021,sft_train,numeric_equation,prefix_postfix,synthetic,false,train_only
syn_ne_postfix_ab_cd_yminusx_0022,sft_train,numeric_equation,prefix_postfix,synthetic,false,train_only
syn_ne_postfix_ab_cd_yminusx_0023,sft_train,numeric_equation,prefix_postfix,synthetic,false,train_only
syn_ne_postfix_ab_cd_yminusx_0024,sft_train,numeric_equation,prefix_postfix,synthetic,false,train_only
syn_ne_postfix_ab_cd_yminusx_0025,sft_train,numeric_equation,prefix_postfix,synthetic,false,train_only
syn_ne_postfix_ba_dc_yminusx_0001,sft_train,numeric_equation,prefix_postfix,synthetic,false,train_only
syn_ne_postfix_ba_dc_yminusx_0002,sft_train,numeric_equation,prefix_postfix,synthetic,false,train_only
syn_ne_postfix_ba_dc_yminusx_0003,sft_train,numeric_equation,prefix_postfix,synthetic,false,train_only
syn_ne_postfix_ba_dc_yminusx_0004,sft_train,numeric_equation,prefix_postfix,synthetic,false,train_only
syn_ne_postfix_ba_dc_yminusx_0005,sft_train,numeric_equation,prefix_postfix,synthetic,false,train_only
syn_ne_postfix_ba_dc_yminusx_0006,sft_train,numeric_equation,prefix_postfix,synthetic,false,train_only
syn_ne_postfix_ba_dc_yminusx_0007,sft_train,numeric_equation,prefix_postfix,synthetic,false,train_only
syn_ne_postfix_ba_dc_yminusx_0008,sft_train,numeric_equation,prefix_postfix,synthetic,false,train_only
syn_ne_postfix_ba_dc_yminusx_0009,sft_train,numeric_equation,prefix_postfix,synthetic,false,train_only
syn_ne_postfix_ba_dc_yminusx_0010,sft_train,numeric_equation,prefix_postfix,synthetic,false,train_only
syn_ne_postfix_ba_dc_yminusx_0011,sft_train,numeric_equation,prefix_postfix,synthetic,false,train_only
syn_ne_postfix_ba_dc_yminusx_0012,sft_train,numeric_equation,prefix_postfix,synthetic,false,train_only
syn_ne_postfix_ba_dc_yminusx_0013,sft_train,numeric_equation,prefix_postfix,synthetic,false,train_only
syn_ne_postfix_ba_dc_yminusx_0014,sft_train,numeric_equation,prefix_postfix,synthetic,false,train_only
syn_ne_postfix_ba_dc_yminusx_0015,sft_train,numeric_equation,prefix_postfix,synthetic,false,train_only
syn_ne_postfix_ba_dc_yminusx_0016,sft_train,numeric_equation,prefix_postfix,synthetic,false,train_only
syn_ne_postfix_ba_dc_yminusx_0017,sft_train,numeric_equation,prefix_postfix,synthetic,false,train_only
syn_ne_postfix_ba_dc_yminusx_0018,sft_train,numeric_equation,prefix_postfix,synthetic,false,train_only
syn_ne_postfix_ba_dc_yminusx_0019,sft_train,numeric_equation,prefix_postfix,synthetic,false,train_only
syn_ne_postfix_ba_dc_yminusx_0020,sft_train,numeric_equation,prefix_postfix,synthetic,false,train_only
syn_ne_postfix_ba_dc_yminusx_0021,sft_train,numeric_equation,prefix_postfix,synthetic,false,train_only
syn_ne_postfix_ba_dc_yminusx_0022,sft_train,numeric_equation,prefix_postfix,synthetic,false,train_only
syn_ne_postfix_ba_dc_yminusx_0023,sft_train,numeric_equation,prefix_postfix,synthetic,false,train_only
syn_ne_postfix_ba_dc_yminusx_0024,sft_train,numeric_equation,prefix_postfix,synthetic,false,train_only
syn_ne_postfix_ba_dc_yminusx_0025,sft_train,numeric_equation,prefix_postfix,synthetic,false,train_only
syn_ne_prefix_ab_cd_xminusy_0001,sft_train,numeric_equation,prefix_postfix,synthetic,false,train_only
syn_ne_prefix_ab_cd_xminusy_0002,sft_train,numeric_equation,prefix_postfix,synthetic,false,train_only
syn_ne_prefix_ab_cd_xminusy_0003,sft_train,numeric_equation,prefix_postfix,synthetic,false,train_only
syn_ne_prefix_ab_cd_xminusy_0004,sft_train,numeric_equation,prefix_postfix,synthetic,false,train_only
syn_ne_prefix_ab_cd_xminusy_0005,sft_train,numeric_equation,prefix_postfix,synthetic,false,train_only
syn_ne_prefix_ab_cd_xminusy_0006,sft_train,numeric_equation,prefix_postfix,synthetic,false,train_only
syn_ne_prefix_ab_cd_xminusy_0007,sft_train,numeric_equation,prefix_postfix,synthetic,false,train_only
syn_ne_prefix_ab_cd_xminusy_0008,sft_train,numeric_equation,prefix_postfix,synthetic,false,train_only
syn_ne_prefix_ab_cd_xminusy_0009,sft_train,numeric_equation,prefix_postfix,synthetic,false,train_only
syn_ne_prefix_ab_cd_xminusy_0010,sft_train,numeric_equation,prefix_postfix,synthetic,false,train_only
syn_ne_prefix_ab_cd_xminusy_0011,sft_train,numeric_equation,prefix_postfix,synthetic,false,train_only
syn_ne_prefix_ab_cd_xminusy_0012,sft_train,numeric_equation,prefix_postfix,synthetic,false,train_only
syn_ne_prefix_ab_cd_xminusy_0013,sft_train,numeric_equation,prefix_postfix,synthetic,false,train_only
syn_ne_prefix_ab_cd_xminusy_0014,sft_train,numeric_equation,prefix_postfix,synthetic,false,train_only
syn_ne_prefix_ab_cd_xminusy_0015,sft_train,numeric_equation,prefix_postfix,synthetic,false,train_only
syn_ne_prefix_ab_cd_xminusy_0016,sft_train,numeric_equation,prefix_postfix,synthetic,false,train_only
syn_ne_prefix_ab_cd_xminusy_0017,sft_train,numeric_equation,prefix_postfix,synthetic,false,train_only
syn_ne_prefix_ab_cd_xminusy_0018,sft_train,numeric_equation,prefix_postfix,synthetic,false,train_only
syn_ne_prefix_ab_cd_xminusy_0019,sft_train,numeric_equation,prefix_postfix,synthetic,false,train_only
syn_ne_prefix_ab_cd_xminusy_0020,sft_train,numeric_equation,prefix_postfix,synthetic,false,train_only
syn_ne_prefix_ab_cd_xminusy_0021,sft_train,numeric_equation,prefix_postfix,synthetic,false,train_only
syn_ne_prefix_ab_cd_xminusy_0022,sft_train,numeric_equation,prefix_postfix,synthetic,false,train_only
syn_ne_prefix_ab_cd_xminusy_0023,sft_train,numeric_equation,prefix_postfix,synthetic,false,train_only
syn_ne_prefix_ab_cd_xminusy_0024,sft_train,numeric_equation,prefix_postfix,synthetic,false,train_only
syn_ne_prefix_ab_cd_xminusy_0025,sft_train,numeric_equation,prefix_postfix,synthetic,false,train_only
syn_ne_prefix_ba_dc_xminusy_0001,sft_train,numeric_equation,prefix_postfix,synthetic,false,train_only
syn_ne_prefix_ba_dc_xminusy_0002,sft_train,numeric_equation,prefix_postfix,synthetic,false,train_only
syn_ne_prefix_ba_dc_xminusy_0003,sft_train,numeric_equation,prefix_postfix,synthetic,false,train_only
syn_ne_prefix_ba_dc_xminusy_0004,sft_train,numeric_equation,prefix_postfix,synthetic,false,train_only
syn_ne_prefix_ba_dc_xminusy_0005,sft_train,numeric_equation,prefix_postfix,synthetic,false,train_only
syn_ne_prefix_ba_dc_xminusy_0006,sft_train,numeric_equation,prefix_postfix,synthetic,false,train_only
syn_ne_prefix_ba_dc_xminusy_0007,sft_train,numeric_equation,prefix_postfix,synthetic,false,train_only
syn_ne_prefix_ba_dc_xminusy_0008,sft_train,numeric_equation,prefix_postfix,synthetic,false,train_only
syn_ne_prefix_ba_dc_xminusy_0009,sft_train,numeric_equation,prefix_postfix,synthetic,false,train_only
syn_ne_prefix_ba_dc_xminusy_0010,sft_train,numeric_equation,prefix_postfix,synthetic,false,train_only
syn_ne_prefix_ba_dc_xminusy_0011,sft_train,numeric_equation,prefix_postfix,synthetic,false,train_only
syn_ne_prefix_ba_dc_xminusy_0012,sft_train,numeric_equation,prefix_postfix,synthetic,false,train_only
syn_ne_prefix_ba_dc_xminusy_0013,sft_train,numeric_equation,prefix_postfix,synthetic,false,train_only
syn_ne_prefix_ba_dc_xminusy_0014,sft_train,numeric_equation,prefix_postfix,synthetic,false,train_only
syn_ne_prefix_ba_dc_xminusy_0015,sft_train,numeric_equation,prefix_postfix,synthetic,false,train_only
syn_ne_prefix_ba_dc_xminusy_0016,sft_train,numeric_equation,prefix_postfix,synthetic,false,train_only
syn_ne_prefix_ba_dc_xminusy_0017,sft_train,numeric_equation,prefix_postfix,synthetic,false,train_only
syn_ne_prefix_ba_dc_xminusy_0018,sft_train,numeric_equation,prefix_postfix,synthetic,false,train_only
syn_ne_prefix_ba_dc_xminusy_0019,sft_train,numeric_equation,prefix_postfix,synthetic,false,train_only
syn_ne_prefix_ba_dc_xminusy_0020,sft_train,numeric_equation,prefix_postfix,synthetic,false,train_only
syn_ne_prefix_ba_dc_xminusy_0021,sft_train,numeric_equation,prefix_postfix,synthetic,false,train_only
syn_ne_prefix_ba_dc_xminusy_0022,sft_train,numeric_equation,prefix_postfix,synthetic,false,train_only
syn_ne_prefix_ba_dc_xminusy_0023,sft_train,numeric_equation,prefix_postfix,synthetic,false,train_only
syn_ne_prefix_ba_dc_xminusy_0024,sft_train,numeric_equation,prefix_postfix,synthetic,false,train_only
syn_ne_prefix_ba_dc_xminusy_0025,sft_train,numeric_equation,prefix_postfix,synthetic,false,train_only
111e3b8e,sft_train,numeric_equation,operator_absence,real,true,auto
317ec3e6,grpo_holdout,numeric_equation,operator_absence,real,true,auto
38e98135,sft_train,numeric_equation,operator_absence,real,true,auto
4e5fa95b,sft_train,numeric_equation,operator_absence,real,true,auto
553b3af9,sft_train,numeric_equation,operator_absence,real,true,auto
8fad338f,eval_holdout,numeric_equation,operator_absence,real,true,auto
96efb93a,sft_train,numeric_equation,operator_absence,real,true,auto
9769bade,sft_train,numeric_equation,operator_absence,real,true,auto
b03ab026,sft_train,numeric_equation,operator_absence,real,true,auto
d8bc44b3,grpo_holdout,numeric_equation,operator_absence,real,true,auto
df309eeb,sft_train,numeric_equation,operator_absence,real,true,auto
e9afa4a0,sft_train,numeric_equation,operator_absence,real,true,auto
f333b67f,sft_train,numeric_equation,operator_absence,real,true,auto
syn_ne_policy_ba_dc_x_y_negative_prefix_0001,sft_train,numeric_equation,non_unanimous_policy_ba_dc_x_y_negative_prefix,synthetic,false,train_only
syn_ne_policy_ba_dc_x_y_negative_prefix_0002,sft_train,numeric_equation,non_unanimous_policy_ba_dc_x_y_negative_prefix,synthetic,false,train_only
syn_ne_policy_ba_dc_x_y_negative_prefix_0003,sft_train,numeric_equation,non_unanimous_policy_ba_dc_x_y_negative_prefix,synthetic,false,train_only
syn_ne_policy_ba_dc_x_y_negative_prefix_0004,sft_train,numeric_equation,non_unanimous_policy_ba_dc_x_y_negative_prefix,synthetic,false,train_only
syn_ne_policy_ba_dc_x_y_negative_prefix_0005,sft_train,numeric_equation,non_unanimous_policy_ba_dc_x_y_negative_prefix,synthetic,false,train_only
syn_ne_policy_ba_dc_x_y_negative_prefix_0006,sft_train,numeric_equation,non_unanimous_policy_ba_dc_x_y_negative_prefix,synthetic,false,train_only
syn_ne_policy_ba_dc_x_y_negative_prefix_0007,sft_train,numeric_equation,non_unanimous_policy_ba_dc_x_y_negative_prefix,synthetic,false,train_only
syn_ne_policy_ba_dc_x_y_negative_prefix_0008,sft_train,numeric_equation,non_unanimous_policy_ba_dc_x_y_negative_prefix,synthetic,false,train_only
syn_ne_policy_ba_dc_x_y_negative_prefix_0009,sft_train,numeric_equation,non_unanimous_policy_ba_dc_x_y_negative_prefix,synthetic,false,train_only
syn_ne_policy_ba_dc_x_y_negative_prefix_0010,sft_train,numeric_equation,non_unanimous_policy_ba_dc_x_y_negative_prefix,synthetic,false,train_only
syn_ne_policy_ba_dc_x_y_negative_prefix_0011,sft_train,numeric_equation,non_unanimous_policy_ba_dc_x_y_negative_prefix,synthetic,false,train_only
syn_ne_policy_ba_dc_x_y_negative_prefix_0012,sft_train,numeric_equation,non_unanimous_policy_ba_dc_x_y_negative_prefix,synthetic,false,train_only
syn_ne_policy_ba_dc_x_y_negative_prefix_0013,sft_train,numeric_equation,non_unanimous_policy_ba_dc_x_y_negative_prefix,synthetic,false,train_only
syn_ne_policy_ba_dc_x_y_negative_prefix_0014,sft_train,numeric_equation,non_unanimous_policy_ba_dc_x_y_negative_prefix,synthetic,false,train_only
syn_ne_policy_ba_dc_x_y_negative_prefix_0015,sft_train,numeric_equation,non_unanimous_policy_ba_dc_x_y_negative_prefix,synthetic,false,train_only
syn_ne_policy_ba_dc_x_y_negative_prefix_0016,sft_train,numeric_equation,non_unanimous_policy_ba_dc_x_y_negative_prefix,synthetic,false,train_only
syn_ne_policy_ba_dc_x_y_negative_prefix_0017,sft_train,numeric_equation,non_unanimous_policy_ba_dc_x_y_negative_prefix,synthetic,false,train_only
syn_ne_policy_ba_dc_x_y_negative_prefix_0018,sft_train,numeric_equation,non_unanimous_policy_ba_dc_x_y_negative_prefix,synthetic,false,train_only
syn_ne_policy_ba_dc_x_y_negative_prefix_0019,sft_train,numeric_equation,non_unanimous_policy_ba_dc_x_y_negative_prefix,synthetic,false,train_only
syn_ne_policy_ba_dc_x_y_negative_prefix_0020,sft_train,numeric_equation,non_unanimous_policy_ba_dc_x_y_negative_prefix,synthetic,false,train_only
syn_ne_policy_ba_dc_x_y_negative_prefix_0021,sft_train,numeric_equation,non_unanimous_policy_ba_dc_x_y_negative_prefix,synthetic,false,train_only
syn_ne_policy_ba_dc_x_y_negative_prefix_0022,sft_train,numeric_equation,non_unanimous_policy_ba_dc_x_y_negative_prefix,synthetic,false,train_only
syn_ne_policy_ba_dc_x_y_negative_prefix_0023,sft_train,numeric_equation,non_unanimous_policy_ba_dc_x_y_negative_prefix,synthetic,false,train_only
syn_ne_policy_ba_dc_x_y_negative_prefix_0024,sft_train,numeric_equation,non_unanimous_policy_ba_dc_x_y_negative_prefix,synthetic,false,train_only
syn_ne_policy_ba_dc_x_y_negative_prefix_0025,sft_train,numeric_equation,non_unanimous_policy_ba_dc_x_y_negative_prefix,synthetic,false,train_only
syn_ne_policy_ba_dc_x_y_negative_prefix_0026,sft_train,numeric_equation,non_unanimous_policy_ba_dc_x_y_negative_prefix,synthetic,false,train_only
syn_ne_policy_ba_dc_x_y_negative_prefix_0027,sft_train,numeric_equation,non_unanimous_policy_ba_dc_x_y_negative_prefix,synthetic,false,train_only
syn_ne_policy_ba_dc_x_y_negative_prefix_0028,sft_train,numeric_equation,non_unanimous_policy_ba_dc_x_y_negative_prefix,synthetic,false,train_only
syn_ne_policy_ba_dc_x_y_negative_prefix_0029,sft_train,numeric_equation,non_unanimous_policy_ba_dc_x_y_negative_prefix,synthetic,false,train_only
syn_ne_policy_ba_dc_x_y_negative_prefix_0030,sft_train,numeric_equation,non_unanimous_policy_ba_dc_x_y_negative_prefix,synthetic,false,train_only
syn_ne_policy_ba_dc_x_y_negative_prefix_0031,sft_train,numeric_equation,non_unanimous_policy_ba_dc_x_y_negative_prefix,synthetic,false,train_only
syn_ne_policy_ba_dc_x_y_negative_prefix_0032,sft_train,numeric_equation,non_unanimous_policy_ba_dc_x_y_negative_prefix,synthetic,false,train_only
syn_ne_policy_ba_dc_x_y_negative_prefix_0033,sft_train,numeric_equation,non_unanimous_policy_ba_dc_x_y_negative_prefix,synthetic,false,train_only
syn_ne_policy_ba_dc_x_y_negative_prefix_0034,sft_train,numeric_equation,non_unanimous_policy_ba_dc_x_y_negative_prefix,synthetic,false,train_only
syn_ne_policy_ba_dc_x_y_negative_prefix_0035,sft_train,numeric_equation,non_unanimous_policy_ba_dc_x_y_negative_prefix,synthetic,false,train_only
syn_ne_policy_ba_dc_x_y_negative_prefix_0036,sft_train,numeric_equation,non_unanimous_policy_ba_dc_x_y_negative_prefix,synthetic,false,train_only
syn_ne_policy_ba_dc_x_y_negative_prefix_0037,sft_train,numeric_equation,non_unanimous_policy_ba_dc_x_y_negative_prefix,synthetic,false,train_only
syn_ne_policy_ba_dc_x_y_negative_prefix_0038,sft_train,numeric_equation,non_unanimous_policy_ba_dc_x_y_negative_prefix,synthetic,false,train_only
syn_ne_policy_ba_dc_x_y_negative_prefix_0039,sft_train,numeric_equation,non_unanimous_policy_ba_dc_x_y_negative_prefix,synthetic,false,train_only
syn_ne_policy_ba_dc_x_y_negative_prefix_0040,sft_train,numeric_equation,non_unanimous_policy_ba_dc_x_y_negative_prefix,synthetic,false,train_only
syn_ne_policy_ba_dc_x_y_negative_prefix_0041,sft_train,numeric_equation,non_unanimous_policy_ba_dc_x_y_negative_prefix,synthetic,false,train_only
syn_ne_policy_ba_dc_x_y_negative_prefix_0042,sft_train,numeric_equation,non_unanimous_policy_ba_dc_x_y_negative_prefix,synthetic,false,train_only
syn_ne_policy_ba_dc_x_y_negative_prefix_0043,sft_train,numeric_equation,non_unanimous_policy_ba_dc_x_y_negative_prefix,synthetic,false,train_only
syn_ne_policy_ba_dc_x_y_negative_prefix_0044,sft_train,numeric_equation,non_unanimous_policy_ba_dc_x_y_negative_prefix,synthetic,false,train_only
syn_ne_policy_ba_dc_x_y_negative_prefix_0045,sft_train,numeric_equation,non_unanimous_policy_ba_dc_x_y_negative_prefix,synthetic,false,train_only
syn_ne_policy_ba_dc_x_y_negative_prefix_0046,sft_train,numeric_equation,non_unanimous_policy_ba_dc_x_y_negative_prefix,synthetic,false,train_only
syn_ne_policy_ba_dc_x_y_negative_prefix_0047,sft_train,numeric_equation,non_unanimous_policy_ba_dc_x_y_negative_prefix,synthetic,false,train_only
syn_ne_policy_ba_dc_x_y_negative_prefix_0048,sft_train,numeric_equation,non_unanimous_policy_ba_dc_x_y_negative_prefix,synthetic,false,train_only
syn_ne_policy_ba_dc_x_y_negative_prefix_0049,sft_train,numeric_equation,non_unanimous_policy_ba_dc_x_y_negative_prefix,synthetic,false,train_only
syn_ne_policy_ba_dc_x_y_negative_prefix_0050,sft_train,numeric_equation,non_unanimous_policy_ba_dc_x_y_negative_prefix,synthetic,false,train_only
syn_ne_policy_ba_dc_x_y_negative_prefix_0051,sft_train,numeric_equation,non_unanimous_policy_ba_dc_x_y_negative_prefix,synthetic,false,train_only
syn_ne_policy_ba_dc_x_y_negative_prefix_0052,sft_train,numeric_equation,non_unanimous_policy_ba_dc_x_y_negative_prefix,synthetic,false,train_only
syn_ne_policy_ba_dc_x_y_negative_prefix_0053,sft_train,numeric_equation,non_unanimous_policy_ba_dc_x_y_negative_prefix,synthetic,false,train_only
syn_ne_policy_ba_dc_x_y_negative_prefix_0054,sft_train,numeric_equation,non_unanimous_policy_ba_dc_x_y_negative_prefix,synthetic,false,train_only
syn_ne_policy_ba_dc_x_y_negative_prefix_0055,sft_train,numeric_equation,non_unanimous_policy_ba_dc_x_y_negative_prefix,synthetic,false,train_only
syn_ne_policy_ba_dc_x_y_negative_prefix_0056,sft_train,numeric_equation,non_unanimous_policy_ba_dc_x_y_negative_prefix,synthetic,false,train_only
syn_ne_policy_ba_dc_x_y_negative_prefix_0057,sft_train,numeric_equation,non_unanimous_policy_ba_dc_x_y_negative_prefix,synthetic,false,train_only
syn_ne_policy_ba_dc_x_y_negative_prefix_0058,sft_train,numeric_equation,non_unanimous_policy_ba_dc_x_y_negative_prefix,synthetic,false,train_only
syn_ne_policy_ba_dc_x_y_negative_prefix_0059,sft_train,numeric_equation,non_unanimous_policy_ba_dc_x_y_negative_prefix,synthetic,false,train_only
syn_ne_policy_ba_dc_x_y_negative_prefix_0060,sft_train,numeric_equation,non_unanimous_policy_ba_dc_x_y_negative_prefix,synthetic,false,train_only
syn_ne_policy_ba_dc_x_y_negative_prefix_0061,sft_train,numeric_equation,non_unanimous_policy_ba_dc_x_y_negative_prefix,synthetic,false,train_only
syn_ne_policy_ba_dc_x_y_negative_prefix_0062,sft_train,numeric_equation,non_unanimous_policy_ba_dc_x_y_negative_prefix,synthetic,false,train_only
syn_ne_policy_ba_dc_x_y_negative_prefix_0063,sft_train,numeric_equation,non_unanimous_policy_ba_dc_x_y_negative_prefix,synthetic,false,train_only
syn_ne_policy_ba_dc_x_y_negative_prefix_0064,sft_train,numeric_equation,non_unanimous_policy_ba_dc_x_y_negative_prefix,synthetic,false,train_only
syn_ne_policy_ba_dc_x_y_negative_prefix_0065,sft_train,numeric_equation,non_unanimous_policy_ba_dc_x_y_negative_prefix,synthetic,false,train_only
syn_ne_policy_ba_dc_x_y_negative_prefix_0066,sft_train,numeric_equation,non_unanimous_policy_ba_dc_x_y_negative_prefix,synthetic,false,train_only
syn_ne_policy_ba_dc_x_y_negative_prefix_0067,sft_train,numeric_equation,non_unanimous_policy_ba_dc_x_y_negative_prefix,synthetic,false,train_only
syn_ne_policy_ba_dc_x_y_negative_prefix_0068,sft_train,numeric_equation,non_unanimous_policy_ba_dc_x_y_negative_prefix,synthetic,false,train_only
syn_ne_policy_ba_dc_x_y_negative_prefix_0069,sft_train,numeric_equation,non_unanimous_policy_ba_dc_x_y_negative_prefix,synthetic,false,train_only
syn_ne_policy_ba_dc_x_y_negative_prefix_0070,sft_train,numeric_equation,non_unanimous_policy_ba_dc_x_y_negative_prefix,synthetic,false,train_only
syn_ne_policy_ba_dc_x_y_negative_prefix_0071,sft_train,numeric_equation,non_unanimous_policy_ba_dc_x_y_negative_prefix,synthetic,false,train_only
syn_ne_policy_ba_dc_x_y_negative_prefix_0072,sft_train,numeric_equation,non_unanimous_policy_ba_dc_x_y_negative_prefix,synthetic,false,train_only
syn_ne_policy_ba_dc_x_y_negative_prefix_0073,sft_train,numeric_equation,non_unanimous_policy_ba_dc_x_y_negative_prefix,synthetic,false,train_only
syn_ne_policy_ba_dc_x_y_negative_prefix_0074,sft_train,numeric_equation,non_unanimous_policy_ba_dc_x_y_negative_prefix,synthetic,false,train_only
syn_ne_policy_ba_dc_x_y_negative_prefix_0075,sft_train,numeric_equation,non_unanimous_policy_ba_dc_x_y_negative_prefix,synthetic,false,train_only
syn_ne_policy_ba_dc_x_y_negative_prefix_0076,sft_train,numeric_equation,non_unanimous_policy_ba_dc_x_y_negative_prefix,synthetic,false,train_only
syn_ne_policy_ba_dc_x_y_negative_prefix_0077,sft_train,numeric_equation,non_unanimous_policy_ba_dc_x_y_negative_prefix,synthetic,false,train_only
syn_ne_policy_ba_dc_x_y_negative_prefix_0078,sft_train,numeric_equation,non_unanimous_policy_ba_dc_x_y_negative_prefix,synthetic,false,train_only
syn_ne_policy_ba_dc_x_y_negative_prefix_0079,sft_train,numeric_equation,non_unanimous_policy_ba_dc_x_y_negative_prefix,synthetic,false,train_only
syn_ne_policy_ba_dc_x_y_negative_prefix_0080,sft_train,numeric_equation,non_unanimous_policy_ba_dc_x_y_negative_prefix,synthetic,false,train_only
syn_ne_policy_ba_dc_x_y_negative_prefix_0081,sft_train,numeric_equation,non_unanimous_policy_ba_dc_x_y_negative_prefix,synthetic,false,train_only
syn_ne_policy_ba_dc_x_y_negative_prefix_0082,sft_train,numeric_equation,non_unanimous_policy_ba_dc_x_y_negative_prefix,synthetic,false,train_only
syn_ne_policy_ba_dc_x_y_negative_prefix_0083,sft_train,numeric_equation,non_unanimous_policy_ba_dc_x_y_negative_prefix,synthetic,false,train_only
syn_ne_policy_ba_dc_x_y_negative_prefix_0084,sft_train,numeric_equation,non_unanimous_policy_ba_dc_x_y_negative_prefix,synthetic,false,train_only
syn_ne_policy_ba_dc_x_y_negative_prefix_0085,sft_train,numeric_equation,non_unanimous_policy_ba_dc_x_y_negative_prefix,synthetic,false,train_only
syn_ne_policy_ba_dc_x_y_negative_prefix_0086,sft_train,numeric_equation,non_unanimous_policy_ba_dc_x_y_negative_prefix,synthetic,false,train_only
syn_ne_policy_ba_dc_x_y_negative_prefix_0087,sft_train,numeric_equation,non_unanimous_policy_ba_dc_x_y_negative_prefix,synthetic,false,train_only
syn_ne_policy_ba_dc_x_y_negative_prefix_0088,sft_train,numeric_equation,non_unanimous_policy_ba_dc_x_y_negative_prefix,synthetic,false,train_only
syn_ne_policy_ba_dc_x_y_negative_prefix_0089,sft_train,numeric_equation,non_unanimous_policy_ba_dc_x_y_negative_prefix,synthetic,false,train_only
syn_ne_policy_ba_dc_x_y_negative_prefix_0090,sft_train,numeric_equation,non_unanimous_policy_ba_dc_x_y_negative_prefix,synthetic,false,train_only
syn_ne_policy_ba_dc_x_y_negative_prefix_0091,sft_train,numeric_equation,non_unanimous_policy_ba_dc_x_y_negative_prefix,synthetic,false,train_only
syn_ne_policy_ba_dc_x_y_negative_prefix_0092,sft_train,numeric_equation,non_unanimous_policy_ba_dc_x_y_negative_prefix,synthetic,false,train_only
syn_ne_policy_ba_dc_x_y_negative_prefix_0093,sft_train,numeric_equation,non_unanimous_policy_ba_dc_x_y_negative_prefix,synthetic,false,train_only
syn_ne_policy_ba_dc_x_y_negative_prefix_0094,sft_train,numeric_equation,non_unanimous_policy_ba_dc_x_y_negative_prefix,synthetic,false,train_only
syn_ne_policy_ba_dc_x_y_negative_prefix_0095,sft_train,numeric_equation,non_unanimous_policy_ba_dc_x_y_negative_prefix,synthetic,false,train_only
syn_ne_policy_ba_dc_x_y_negative_prefix_0096,sft_train,numeric_equation,non_unanimous_policy_ba_dc_x_y_negative_prefix,synthetic,false,train_only
syn_ne_policy_ba_dc_x_y_negative_prefix_0097,sft_train,numeric_equation,non_unanimous_policy_ba_dc_x_y_negative_prefix,synthetic,false,train_only
syn_ne_policy_ba_dc_x_y_negative_prefix_0098,sft_train,numeric_equation,non_unanimous_policy_ba_dc_x_y_negative_prefix,synthetic,false,train_only
syn_ne_policy_ba_dc_x_y_negative_prefix_0099,sft_train,numeric_equation,non_unanimous_policy_ba_dc_x_y_negative_prefix,synthetic,false,train_only
syn_ne_policy_ba_dc_x_y_negative_prefix_0100,sft_train,numeric_equation,non_unanimous_policy_ba_dc_x_y_negative_prefix,synthetic,false,train_only
syn_ne_policy_ba_dc_x_y_negative_prefix_0101,sft_train,numeric_equation,non_unanimous_policy_ba_dc_x_y_negative_prefix,synthetic,false,train_only
syn_ne_policy_ba_dc_x_y_negative_prefix_0102,sft_train,numeric_equation,non_unanimous_policy_ba_dc_x_y_negative_prefix,synthetic,false,train_only
syn_ne_policy_ba_dc_x_y_negative_prefix_0103,sft_train,numeric_equation,non_unanimous_policy_ba_dc_x_y_negative_prefix,synthetic,false,train_only
syn_ne_policy_ba_dc_x_y_negative_prefix_0104,sft_train,numeric_equation,non_unanimous_policy_ba_dc_x_y_negative_prefix,synthetic,false,train_only
syn_ne_policy_ba_dc_x_y_negative_prefix_0105,sft_train,numeric_equation,non_unanimous_policy_ba_dc_x_y_negative_prefix,synthetic,false,train_only
syn_ne_policy_ba_dc_x_y_negative_prefix_0106,sft_train,numeric_equation,non_unanimous_policy_ba_dc_x_y_negative_prefix,synthetic,false,train_only
syn_ne_policy_ba_dc_x_y_negative_prefix_0107,sft_train,numeric_equation,non_unanimous_policy_ba_dc_x_y_negative_prefix,synthetic,false,train_only
syn_ne_policy_ba_dc_x_y_negative_prefix_0108,sft_train,numeric_equation,non_unanimous_policy_ba_dc_x_y_negative_prefix,synthetic,false,train_only
syn_ne_policy_ba_dc_x_y_negative_prefix_0109,sft_train,numeric_equation,non_unanimous_policy_ba_dc_x_y_negative_prefix,synthetic,false,train_only
syn_ne_policy_ba_dc_x_y_negative_prefix_0110,sft_train,numeric_equation,non_unanimous_policy_ba_dc_x_y_negative_prefix,synthetic,false,train_only
syn_ne_policy_ba_dc_x_y_negative_prefix_0111,sft_train,numeric_equation,non_unanimous_policy_ba_dc_x_y_negative_prefix,synthetic,false,train_only
syn_ne_policy_ba_dc_x_y_negative_prefix_0112,sft_train,numeric_equation,non_unanimous_policy_ba_dc_x_y_negative_prefix,synthetic,false,train_only
syn_ne_policy_ba_dc_x_y_negative_prefix_0113,sft_train,numeric_equation,non_unanimous_policy_ba_dc_x_y_negative_prefix,synthetic,false,train_only
syn_ne_policy_ba_dc_x_y_negative_prefix_0114,sft_train,numeric_equation,non_unanimous_policy_ba_dc_x_y_negative_prefix,synthetic,false,train_only
syn_ne_policy_ba_dc_x_y_negative_prefix_0115,sft_train,numeric_equation,non_unanimous_policy_ba_dc_x_y_negative_prefix,synthetic,false,train_only
syn_ne_policy_ba_dc_x_y_negative_prefix_0116,sft_train,numeric_equation,non_unanimous_policy_ba_dc_x_y_negative_prefix,synthetic,false,train_only
syn_ne_policy_ba_dc_x_y_negative_prefix_0117,sft_train,numeric_equation,non_unanimous_policy_ba_dc_x_y_negative_prefix,synthetic,false,train_only
syn_ne_policy_ba_dc_x_y_negative_prefix_0118,sft_train,numeric_equation,non_unanimous_policy_ba_dc_x_y_negative_prefix,synthetic,false,train_only
syn_ne_policy_ba_dc_x_y_negative_prefix_0119,sft_train,numeric_equation,non_unanimous_policy_ba_dc_x_y_negative_prefix,synthetic,false,train_only
syn_ne_policy_ba_dc_x_y_negative_prefix_0120,sft_train,numeric_equation,non_unanimous_policy_ba_dc_x_y_negative_prefix,synthetic,false,train_only
syn_ne_policy_ba_dc_x_y_negative_prefix_0121,sft_train,numeric_equation,non_unanimous_policy_ba_dc_x_y_negative_prefix,synthetic,false,train_only
syn_ne_policy_ba_dc_x_y_negative_prefix_0122,sft_train,numeric_equation,non_unanimous_policy_ba_dc_x_y_negative_prefix,synthetic,false,train_only
syn_ne_policy_ba_dc_x_y_negative_prefix_0123,sft_train,numeric_equation,non_unanimous_policy_ba_dc_x_y_negative_prefix,synthetic,false,train_only
syn_ne_policy_ba_dc_x_y_negative_prefix_0124,sft_train,numeric_equation,non_unanimous_policy_ba_dc_x_y_negative_prefix,synthetic,false,train_only
syn_ne_policy_ba_dc_x_y_negative_prefix_0125,sft_train,numeric_equation,non_unanimous_policy_ba_dc_x_y_negative_prefix,synthetic,false,train_only
syn_ne_policy_ba_dc_x_y_negative_prefix_0126,sft_train,numeric_equation,non_unanimous_policy_ba_dc_x_y_negative_prefix,synthetic,false,train_only
syn_ne_policy_ba_dc_x_y_negative_prefix_0127,sft_train,numeric_equation,non_unanimous_policy_ba_dc_x_y_negative_prefix,synthetic,false,train_only
syn_ne_policy_ba_dc_x_y_negative_prefix_0128,sft_train,numeric_equation,non_unanimous_policy_ba_dc_x_y_negative_prefix,synthetic,false,train_only
syn_ne_policy_ba_dc_x_y_negative_prefix_0129,sft_train,numeric_equation,non_unanimous_policy_ba_dc_x_y_negative_prefix,synthetic,false,train_only
syn_ne_policy_ba_dc_x_y_negative_prefix_0130,sft_train,numeric_equation,non_unanimous_policy_ba_dc_x_y_negative_prefix,synthetic,false,train_only
syn_ne_policy_ba_dc_x_y_negative_prefix_0131,sft_train,numeric_equation,non_unanimous_policy_ba_dc_x_y_negative_prefix,synthetic,false,train_only
syn_ne_policy_ba_dc_x_y_negative_prefix_0132,sft_train,numeric_equation,non_unanimous_policy_ba_dc_x_y_negative_prefix,synthetic,false,train_only
syn_ne_policy_ba_dc_x_y_negative_prefix_0133,sft_train,numeric_equation,non_unanimous_policy_ba_dc_x_y_negative_prefix,synthetic,false,train_only
syn_ne_policy_ba_dc_x_y_negative_prefix_0134,sft_train,numeric_equation,non_unanimous_policy_ba_dc_x_y_negative_prefix,synthetic,false,train_only
syn_ne_policy_ba_dc_x_y_negative_prefix_0135,sft_train,numeric_equation,non_unanimous_policy_ba_dc_x_y_negative_prefix,synthetic,false,train_only
syn_ne_policy_ba_dc_y_x_negative_nonliteral_suffix_0001,sft_train,numeric_equation,non_unanimous_policy_ba_dc_y_x_negative_nonliteral_suffix,synthetic,false,train_only
syn_ne_policy_ba_dc_y_x_negative_nonliteral_suffix_0002,sft_train,numeric_equation,non_unanimous_policy_ba_dc_y_x_negative_nonliteral_suffix,synthetic,false,train_only
syn_ne_policy_ba_dc_y_x_negative_nonliteral_suffix_0003,sft_train,numeric_equation,non_unanimous_policy_ba_dc_y_x_negative_nonliteral_suffix,synthetic,false,train_only
syn_ne_policy_ba_dc_y_x_negative_nonliteral_suffix_0004,sft_train,numeric_equation,non_unanimous_policy_ba_dc_y_x_negative_nonliteral_suffix,synthetic,false,train_only
syn_ne_policy_ba_dc_y_x_negative_nonliteral_suffix_0005,sft_train,numeric_equation,non_unanimous_policy_ba_dc_y_x_negative_nonliteral_suffix,synthetic,false,train_only
syn_ne_policy_ba_dc_y_x_negative_literal_vote_0001,sft_train,numeric_equation,non_unanimous_policy_ba_dc_y_x_negative_literal_vote,synthetic,false,train_only
syn_ne_policy_ba_dc_y_x_negative_literal_vote_0002,sft_train,numeric_equation,non_unanimous_policy_ba_dc_y_x_negative_literal_vote,synthetic,false,train_only
syn_ne_policy_ba_dc_y_x_negative_literal_vote_0003,sft_train,numeric_equation,non_unanimous_policy_ba_dc_y_x_negative_literal_vote,synthetic,false,train_only
syn_ne_policy_ba_dc_y_x_negative_literal_vote_0004,sft_train,numeric_equation,non_unanimous_policy_ba_dc_y_x_negative_literal_vote,synthetic,false,train_only
syn_ne_policy_ba_dc_y_x_negative_literal_vote_0005,sft_train,numeric_equation,non_unanimous_policy_ba_dc_y_x_negative_literal_vote,synthetic,false,train_only
syn_ne_policy_ab_cd_non_x_y_priority_0001,sft_train,numeric_equation,non_unanimous_policy_ab_cd_non_x_y_priority,synthetic,false,train_only
syn_ne_policy_ab_cd_non_x_y_priority_0002,sft_train,numeric_equation,non_unanimous_policy_ab_cd_non_x_y_priority,synthetic,false,train_only
syn_ne_policy_ab_cd_non_x_y_priority_0003,sft_train,numeric_equation,non_unanimous_policy_ab_cd_non_x_y_priority,synthetic,false,train_only
syn_ne_policy_ab_cd_non_x_y_priority_0004,sft_train,numeric_equation,non_unanimous_policy_ab_cd_non_x_y_priority,synthetic,false,train_only
syn_ne_policy_ab_cd_non_x_y_priority_0005,sft_train,numeric_equation,non_unanimous_policy_ab_cd_non_x_y_priority,synthetic,false,train_only
syn_ne_policy_ab_cd_non_x_y_priority_0006,sft_train,numeric_equation,non_unanimous_policy_ab_cd_non_x_y_priority,synthetic,false,train_only
syn_ne_policy_ab_cd_non_x_y_priority_0007,sft_train,numeric_equation,non_unanimous_policy_ab_cd_non_x_y_priority,synthetic,false,train_only
syn_ne_policy_ab_cd_non_x_y_priority_0008,sft_train,numeric_equation,non_unanimous_policy_ab_cd_non_x_y_priority,synthetic,false,train_only
syn_ne_policy_ab_cd_non_x_y_priority_0009,sft_train,numeric_equation,non_unanimous_policy_ab_cd_non_x_y_priority,synthetic,false,train_only
syn_ne_policy_ab_cd_non_x_y_priority_0010,sft_train,numeric_equation,non_unanimous_policy_ab_cd_non_x_y_priority,synthetic,false,train_only
syn_ne_policy_ab_cd_non_x_y_priority_0011,sft_train,numeric_equation,non_unanimous_policy_ab_cd_non_x_y_priority,synthetic,false,train_only
syn_ne_policy_ab_cd_non_x_y_priority_0012,sft_train,numeric_equation,non_unanimous_policy_ab_cd_non_x_y_priority,synthetic,false,train_only
syn_ne_policy_ab_cd_non_x_y_priority_0013,sft_train,numeric_equation,non_unanimous_policy_ab_cd_non_x_y_priority,synthetic,false,train_only
syn_ne_policy_ab_cd_non_x_y_priority_0014,sft_train,numeric_equation,non_unanimous_policy_ab_cd_non_x_y_priority,synthetic,false,train_only
syn_ne_policy_ab_cd_non_x_y_priority_0015,sft_train,numeric_equation,non_unanimous_policy_ab_cd_non_x_y_priority,synthetic,false,train_only
syn_ne_policy_ab_cd_non_x_y_priority_0016,sft_train,numeric_equation,non_unanimous_policy_ab_cd_non_x_y_priority,synthetic,false,train_only
syn_ne_policy_ab_cd_non_x_y_priority_0017,sft_train,numeric_equation,non_unanimous_policy_ab_cd_non_x_y_priority,synthetic,false,train_only
syn_ne_policy_ab_cd_non_x_y_priority_0018,sft_train,numeric_equation,non_unanimous_policy_ab_cd_non_x_y_priority,synthetic,false,train_only
syn_ne_policy_ab_cd_non_x_y_priority_0019,sft_train,numeric_equation,non_unanimous_policy_ab_cd_non_x_y_priority,synthetic,false,train_only
syn_ne_policy_ab_cd_non_x_y_priority_0020,sft_train,numeric_equation,non_unanimous_policy_ab_cd_non_x_y_priority,synthetic,false,train_only
syn_ne_policy_ab_cd_non_x_y_priority_0021,sft_train,numeric_equation,non_unanimous_policy_ab_cd_non_x_y_priority,synthetic,false,train_only
syn_ne_policy_ab_cd_non_x_y_priority_0022,sft_train,numeric_equation,non_unanimous_policy_ab_cd_non_x_y_priority,synthetic,false,train_only
syn_ne_policy_ab_cd_non_x_y_priority_0023,sft_train,numeric_equation,non_unanimous_policy_ab_cd_non_x_y_priority,synthetic,false,train_only
syn_ne_policy_ab_cd_non_x_y_priority_0024,sft_train,numeric_equation,non_unanimous_policy_ab_cd_non_x_y_priority,synthetic,false,train_only
syn_ne_policy_ab_cd_non_x_y_priority_0025,sft_train,numeric_equation,non_unanimous_policy_ab_cd_non_x_y_priority,synthetic,false,train_only
syn_ne_policy_ab_cd_non_x_y_priority_0026,sft_train,numeric_equation,non_unanimous_policy_ab_cd_non_x_y_priority,synthetic,false,train_only
syn_ne_policy_ab_cd_non_x_y_priority_0027,sft_train,numeric_equation,non_unanimous_policy_ab_cd_non_x_y_priority,synthetic,false,train_only
syn_ne_policy_ab_cd_non_x_y_priority_0028,sft_train,numeric_equation,non_unanimous_policy_ab_cd_non_x_y_priority,synthetic,false,train_only
syn_ne_policy_ab_cd_non_x_y_priority_0029,sft_train,numeric_equation,non_unanimous_policy_ab_cd_non_x_y_priority,synthetic,false,train_only
syn_ne_policy_ab_cd_non_x_y_priority_0030,sft_train,numeric_equation,non_unanimous_policy_ab_cd_non_x_y_priority,synthetic,false,train_only
syn_ne_policy_ab_cd_non_x_y_priority_0031,sft_train,numeric_equation,non_unanimous_policy_ab_cd_non_x_y_priority,synthetic,false,train_only
syn_ne_policy_ab_cd_non_x_y_priority_0032,sft_train,numeric_equation,non_unanimous_policy_ab_cd_non_x_y_priority,synthetic,false,train_only
syn_ne_policy_ab_cd_non_x_y_priority_0033,sft_train,numeric_equation,non_unanimous_policy_ab_cd_non_x_y_priority,synthetic,false,train_only
syn_ne_policy_ab_cd_non_x_y_priority_0034,sft_train,numeric_equation,non_unanimous_policy_ab_cd_non_x_y_priority,synthetic,false,train_only
syn_ne_policy_ab_cd_non_x_y_priority_0035,sft_train,numeric_equation,non_unanimous_policy_ab_cd_non_x_y_priority,synthetic,false,train_only
syn_ne_policy_ab_cd_non_x_y_priority_0036,sft_train,numeric_equation,non_unanimous_policy_ab_cd_non_x_y_priority,synthetic,false,train_only
syn_ne_policy_ab_cd_non_x_y_priority_0037,sft_train,numeric_equation,non_unanimous_policy_ab_cd_non_x_y_priority,synthetic,false,train_only
syn_ne_policy_ab_cd_non_x_y_priority_0038,sft_train,numeric_equation,non_unanimous_policy_ab_cd_non_x_y_priority,synthetic,false,train_only
syn_ne_policy_ab_cd_non_x_y_priority_0039,sft_train,numeric_equation,non_unanimous_policy_ab_cd_non_x_y_priority,synthetic,false,train_only
syn_ne_policy_ab_cd_non_x_y_priority_0040,sft_train,numeric_equation,non_unanimous_policy_ab_cd_non_x_y_priority,synthetic,false,train_only
syn_ne_policy_ab_cd_non_x_y_priority_0041,sft_train,numeric_equation,non_unanimous_policy_ab_cd_non_x_y_priority,synthetic,false,train_only
syn_ne_policy_ab_cd_non_x_y_priority_0042,sft_train,numeric_equation,non_unanimous_policy_ab_cd_non_x_y_priority,synthetic,false,train_only
syn_ne_policy_ab_cd_non_x_y_priority_0043,sft_train,numeric_equation,non_unanimous_policy_ab_cd_non_x_y_priority,synthetic,false,train_only
syn_ne_policy_ab_cd_non_x_y_priority_0044,sft_train,numeric_equation,non_unanimous_policy_ab_cd_non_x_y_priority,synthetic,false,train_only
syn_ne_policy_ab_cd_non_x_y_priority_0045,sft_train,numeric_equation,non_unanimous_policy_ab_cd_non_x_y_priority,synthetic,false,train_only
syn_ne_policy_ab_cd_non_x_y_priority_0046,sft_train,numeric_equation,non_unanimous_policy_ab_cd_non_x_y_priority,synthetic,false,train_only
syn_ne_policy_ab_cd_non_x_y_priority_0047,sft_train,numeric_equation,non_unanimous_policy_ab_cd_non_x_y_priority,synthetic,false,train_only
syn_ne_policy_ab_cd_non_x_y_priority_0048,sft_train,numeric_equation,non_unanimous_policy_ab_cd_non_x_y_priority,synthetic,false,train_only
syn_ne_policy_ab_cd_non_x_y_priority_0049,sft_train,numeric_equation,non_unanimous_policy_ab_cd_non_x_y_priority,synthetic,false,train_only
syn_ne_policy_ab_cd_non_x_y_priority_0050,sft_train,numeric_equation,non_unanimous_policy_ab_cd_non_x_y_priority,synthetic,false,train_only
syn_ne_policy_ab_cd_non_x_y_priority_0051,sft_train,numeric_equation,non_unanimous_policy_ab_cd_non_x_y_priority,synthetic,false,train_only
syn_ne_policy_ab_cd_non_x_y_priority_0052,sft_train,numeric_equation,non_unanimous_policy_ab_cd_non_x_y_priority,synthetic,false,train_only
syn_ne_policy_ab_cd_non_x_y_priority_0053,sft_train,numeric_equation,non_unanimous_policy_ab_cd_non_x_y_priority,synthetic,false,train_only
syn_ne_policy_ab_cd_non_x_y_priority_0054,sft_train,numeric_equation,non_unanimous_policy_ab_cd_non_x_y_priority,synthetic,false,train_only
syn_ne_policy_ab_cd_non_x_y_priority_0055,sft_train,numeric_equation,non_unanimous_policy_ab_cd_non_x_y_priority,synthetic,false,train_only
syn_ne_policy_ab_cd_non_x_y_priority_0056,sft_train,numeric_equation,non_unanimous_policy_ab_cd_non_x_y_priority,synthetic,false,train_only
syn_ne_policy_ab_cd_non_x_y_priority_0057,sft_train,numeric_equation,non_unanimous_policy_ab_cd_non_x_y_priority,synthetic,false,train_only
syn_ne_policy_ab_cd_non_x_y_priority_0058,sft_train,numeric_equation,non_unanimous_policy_ab_cd_non_x_y_priority,synthetic,false,train_only
syn_ne_policy_ab_cd_non_x_y_priority_0059,sft_train,numeric_equation,non_unanimous_policy_ab_cd_non_x_y_priority,synthetic,false,train_only
syn_ne_policy_ab_cd_non_x_y_priority_0060,sft_train,numeric_equation,non_unanimous_policy_ab_cd_non_x_y_priority,synthetic,false,train_only
syn_ne_policy_ab_cd_non_x_y_priority_0061,sft_train,numeric_equation,non_unanimous_policy_ab_cd_non_x_y_priority,synthetic,false,train_only
syn_ne_policy_ab_cd_non_x_y_priority_0062,sft_train,numeric_equation,non_unanimous_policy_ab_cd_non_x_y_priority,synthetic,false,train_only
syn_ne_policy_ab_cd_non_x_y_priority_0063,sft_train,numeric_equation,non_unanimous_policy_ab_cd_non_x_y_priority,synthetic,false,train_only
syn_ne_policy_ab_cd_non_x_y_priority_0064,sft_train,numeric_equation,non_unanimous_policy_ab_cd_non_x_y_priority,synthetic,false,train_only
syn_ne_policy_ab_cd_non_x_y_priority_0065,sft_train,numeric_equation,non_unanimous_policy_ab_cd_non_x_y_priority,synthetic,false,train_only
syn_ne_policy_ab_cd_non_x_y_priority_0066,sft_train,numeric_equation,non_unanimous_policy_ab_cd_non_x_y_priority,synthetic,false,train_only
syn_ne_policy_ab_cd_non_x_y_priority_0067,sft_train,numeric_equation,non_unanimous_policy_ab_cd_non_x_y_priority,synthetic,false,train_only
syn_ne_policy_ab_cd_non_x_y_priority_0068,sft_train,numeric_equation,non_unanimous_policy_ab_cd_non_x_y_priority,synthetic,false,train_only
syn_ne_policy_ab_cd_non_x_y_priority_0069,sft_train,numeric_equation,non_unanimous_policy_ab_cd_non_x_y_priority,synthetic,false,train_only
syn_ne_policy_ab_cd_non_x_y_priority_0070,sft_train,numeric_equation,non_unanimous_policy_ab_cd_non_x_y_priority,synthetic,false,train_only
syn_ne_policy_ab_cd_non_x_y_priority_0071,sft_train,numeric_equation,non_unanimous_policy_ab_cd_non_x_y_priority,synthetic,false,train_only
syn_ne_policy_ab_cd_non_x_y_priority_0072,sft_train,numeric_equation,non_unanimous_policy_ab_cd_non_x_y_priority,synthetic,false,train_only
syn_ne_policy_ab_cd_non_x_y_priority_0073,sft_train,numeric_equation,non_unanimous_policy_ab_cd_non_x_y_priority,synthetic,false,train_only
syn_ne_policy_ab_cd_non_x_y_priority_0074,sft_train,numeric_equation,non_unanimous_policy_ab_cd_non_x_y_priority,synthetic,false,train_only
syn_ne_policy_ab_cd_non_x_y_priority_0075,sft_train,numeric_equation,non_unanimous_policy_ab_cd_non_x_y_priority,synthetic,false,train_only
syn_ne_policy_ab_cd_non_x_y_priority_0076,sft_train,numeric_equation,non_unanimous_policy_ab_cd_non_x_y_priority,synthetic,false,train_only
syn_ne_policy_ab_cd_non_x_y_priority_0077,sft_train,numeric_equation,non_unanimous_policy_ab_cd_non_x_y_priority,synthetic,false,train_only
syn_ne_policy_ab_cd_non_x_y_priority_0078,sft_train,numeric_equation,non_unanimous_policy_ab_cd_non_x_y_priority,synthetic,false,train_only
syn_ne_policy_ab_cd_non_x_y_priority_0079,sft_train,numeric_equation,non_unanimous_policy_ab_cd_non_x_y_priority,synthetic,false,train_only
syn_ne_policy_ab_cd_non_x_y_priority_0080,sft_train,numeric_equation,non_unanimous_policy_ab_cd_non_x_y_priority,synthetic,false,train_only
syn_ne_policy_ab_cd_non_x_y_priority_0081,sft_train,numeric_equation,non_unanimous_policy_ab_cd_non_x_y_priority,synthetic,false,train_only
syn_ne_policy_ab_cd_non_x_y_priority_0082,sft_train,numeric_equation,non_unanimous_policy_ab_cd_non_x_y_priority,synthetic,false,train_only
syn_ne_policy_ab_cd_non_x_y_priority_0083,sft_train,numeric_equation,non_unanimous_policy_ab_cd_non_x_y_priority,synthetic,false,train_only
syn_ne_policy_ab_cd_non_x_y_priority_0084,sft_train,numeric_equation,non_unanimous_policy_ab_cd_non_x_y_priority,synthetic,false,train_only
syn_ne_policy_ab_cd_non_x_y_priority_0085,sft_train,numeric_equation,non_unanimous_policy_ab_cd_non_x_y_priority,synthetic,false,train_only
syn_ne_policy_ab_cd_non_x_y_priority_0086,sft_train,numeric_equation,non_unanimous_policy_ab_cd_non_x_y_priority,synthetic,false,train_only
syn_ne_policy_ab_cd_non_x_y_priority_0087,sft_train,numeric_equation,non_unanimous_policy_ab_cd_non_x_y_priority,synthetic,false,train_only
syn_ne_policy_ab_cd_non_x_y_priority_0088,sft_train,numeric_equation,non_unanimous_policy_ab_cd_non_x_y_priority,synthetic,false,train_only
syn_ne_policy_ab_cd_non_x_y_priority_0089,sft_train,numeric_equation,non_unanimous_policy_ab_cd_non_x_y_priority,synthetic,false,train_only
syn_ne_policy_ab_cd_non_x_y_priority_0090,sft_train,numeric_equation,non_unanimous_policy_ab_cd_non_x_y_priority,synthetic,false,train_only
syn_ne_policy_ab_cd_non_x_y_priority_0091,sft_train,numeric_equation,non_unanimous_policy_ab_cd_non_x_y_priority,synthetic,false,train_only
syn_ne_policy_ab_cd_non_x_y_priority_0092,sft_train,numeric_equation,non_unanimous_policy_ab_cd_non_x_y_priority,synthetic,false,train_only
syn_ne_policy_ab_cd_non_x_y_priority_0093,sft_train,numeric_equation,non_unanimous_policy_ab_cd_non_x_y_priority,synthetic,false,train_only
syn_ne_policy_ab_cd_non_x_y_priority_0094,sft_train,numeric_equation,non_unanimous_policy_ab_cd_non_x_y_priority,synthetic,false,train_only
syn_ne_policy_ab_cd_x_y_positive_priority_0001,sft_train,numeric_equation,non_unanimous_policy_ab_cd_x_y_positive_priority,synthetic,false,train_only
syn_ne_policy_ab_cd_x_y_positive_priority_0002,sft_train,numeric_equation,non_unanimous_policy_ab_cd_x_y_positive_priority,synthetic,false,train_only
syn_ne_policy_ab_cd_x_y_positive_priority_0003,sft_train,numeric_equation,non_unanimous_policy_ab_cd_x_y_positive_priority,synthetic,false,train_only
syn_ne_policy_ab_cd_x_y_positive_priority_0004,sft_train,numeric_equation,non_unanimous_policy_ab_cd_x_y_positive_priority,synthetic,false,train_only
syn_ne_policy_ab_cd_x_y_positive_priority_0005,sft_train,numeric_equation,non_unanimous_policy_ab_cd_x_y_positive_priority,synthetic,false,train_only
syn_ne_policy_ab_cd_x_y_positive_priority_0006,sft_train,numeric_equation,non_unanimous_policy_ab_cd_x_y_positive_priority,synthetic,false,train_only
syn_ne_policy_ab_cd_x_y_positive_priority_0007,sft_train,numeric_equation,non_unanimous_policy_ab_cd_x_y_positive_priority,synthetic,false,train_only
syn_ne_policy_ab_cd_x_y_positive_priority_0008,sft_train,numeric_equation,non_unanimous_policy_ab_cd_x_y_positive_priority,synthetic,false,train_only
syn_ne_policy_ab_cd_x_y_positive_priority_0009,sft_train,numeric_equation,non_unanimous_policy_ab_cd_x_y_positive_priority,synthetic,false,train_only
syn_ne_policy_ab_cd_x_y_positive_priority_0010,sft_train,numeric_equation,non_unanimous_policy_ab_cd_x_y_positive_priority,synthetic,false,train_only
syn_ne_policy_ab_cd_x_y_positive_priority_0011,sft_train,numeric_equation,non_unanimous_policy_ab_cd_x_y_positive_priority,synthetic,false,train_only
syn_ne_policy_ab_cd_x_y_positive_priority_0012,sft_train,numeric_equation,non_unanimous_policy_ab_cd_x_y_positive_priority,synthetic,false,train_only
syn_ne_policy_ab_cd_x_y_positive_priority_0013,sft_train,numeric_equation,non_unanimous_policy_ab_cd_x_y_positive_priority,synthetic,false,train_only
syn_ne_policy_ab_cd_x_y_positive_priority_0014,sft_train,numeric_equation,non_unanimous_policy_ab_cd_x_y_positive_priority,synthetic,false,train_only
syn_ne_policy_ab_cd_x_y_positive_priority_0015,sft_train,numeric_equation,non_unanimous_policy_ab_cd_x_y_positive_priority,synthetic,false,train_only
syn_ne_policy_ab_cd_x_y_positive_priority_0016,sft_train,numeric_equation,non_unanimous_policy_ab_cd_x_y_positive_priority,synthetic,false,train_only
syn_ne_policy_ab_cd_x_y_positive_priority_0017,sft_train,numeric_equation,non_unanimous_policy_ab_cd_x_y_positive_priority,synthetic,false,train_only
syn_ne_policy_ab_cd_x_y_positive_priority_0018,sft_train,numeric_equation,non_unanimous_policy_ab_cd_x_y_positive_priority,synthetic,false,train_only
syn_ne_policy_ab_cd_x_y_positive_priority_0019,sft_train,numeric_equation,non_unanimous_policy_ab_cd_x_y_positive_priority,synthetic,false,train_only
syn_ne_policy_ab_cd_x_y_positive_priority_0020,sft_train,numeric_equation,non_unanimous_policy_ab_cd_x_y_positive_priority,synthetic,false,train_only
syn_ne_policy_ab_cd_x_y_positive_priority_0021,sft_train,numeric_equation,non_unanimous_policy_ab_cd_x_y_positive_priority,synthetic,false,train_only
syn_ne_policy_ab_cd_x_y_positive_priority_0022,sft_train,numeric_equation,non_unanimous_policy_ab_cd_x_y_positive_priority,synthetic,false,train_only
syn_ne_policy_ab_cd_x_y_positive_priority_0023,sft_train,numeric_equation,non_unanimous_policy_ab_cd_x_y_positive_priority,synthetic,false,train_only
syn_ne_policy_ab_cd_x_y_positive_priority_0024,sft_train,numeric_equation,non_unanimous_policy_ab_cd_x_y_positive_priority,synthetic,false,train_only
syn_ne_policy_ab_cd_x_y_positive_priority_0025,sft_train,numeric_equation,non_unanimous_policy_ab_cd_x_y_positive_priority,synthetic,false,train_only
syn_ne_policy_ab_cd_x_y_positive_priority_0026,sft_train,numeric_equation,non_unanimous_policy_ab_cd_x_y_positive_priority,synthetic,false,train_only
syn_ne_policy_ab_cd_x_y_positive_priority_0027,sft_train,numeric_equation,non_unanimous_policy_ab_cd_x_y_positive_priority,synthetic,false,train_only
syn_ne_policy_ab_cd_x_y_positive_priority_0028,sft_train,numeric_equation,non_unanimous_policy_ab_cd_x_y_positive_priority,synthetic,false,train_only
syn_ne_policy_ab_cd_x_y_positive_priority_0029,sft_train,numeric_equation,non_unanimous_policy_ab_cd_x_y_positive_priority,synthetic,false,train_only
syn_ne_policy_ab_cd_x_y_positive_priority_0030,sft_train,numeric_equation,non_unanimous_policy_ab_cd_x_y_positive_priority,synthetic,false,train_only
syn_ne_policy_ab_cd_x_y_positive_priority_0031,sft_train,numeric_equation,non_unanimous_policy_ab_cd_x_y_positive_priority,synthetic,false,train_only
syn_ne_policy_ab_cd_x_y_positive_priority_0032,sft_train,numeric_equation,non_unanimous_policy_ab_cd_x_y_positive_priority,synthetic,false,train_only
syn_ne_policy_ab_cd_x_y_positive_priority_0033,sft_train,numeric_equation,non_unanimous_policy_ab_cd_x_y_positive_priority,synthetic,false,train_only
syn_ne_policy_ab_cd_x_y_positive_priority_0034,sft_train,numeric_equation,non_unanimous_policy_ab_cd_x_y_positive_priority,synthetic,false,train_only
syn_ne_policy_ab_cd_x_y_positive_priority_0035,sft_train,numeric_equation,non_unanimous_policy_ab_cd_x_y_positive_priority,synthetic,false,train_only
syn_ne_policy_ab_cd_x_y_positive_priority_0036,sft_train,numeric_equation,non_unanimous_policy_ab_cd_x_y_positive_priority,synthetic,false,train_only
syn_ne_policy_ab_cd_x_y_positive_priority_0037,sft_train,numeric_equation,non_unanimous_policy_ab_cd_x_y_positive_priority,synthetic,false,train_only
syn_ne_policy_ab_cd_x_y_positive_priority_0038,sft_train,numeric_equation,non_unanimous_policy_ab_cd_x_y_positive_priority,synthetic,false,train_only
syn_ne_policy_ab_cd_x_y_positive_priority_0039,sft_train,numeric_equation,non_unanimous_policy_ab_cd_x_y_positive_priority,synthetic,false,train_only
syn_ne_policy_ab_cd_x_y_positive_priority_0040,sft_train,numeric_equation,non_unanimous_policy_ab_cd_x_y_positive_priority,synthetic,false,train_only
syn_ne_policy_ab_cd_x_y_positive_priority_0041,sft_train,numeric_equation,non_unanimous_policy_ab_cd_x_y_positive_priority,synthetic,false,train_only
syn_ne_policy_ab_cd_x_y_positive_priority_0042,sft_train,numeric_equation,non_unanimous_policy_ab_cd_x_y_positive_priority,synthetic,false,train_only
syn_ne_policy_ab_cd_x_y_positive_priority_0043,sft_train,numeric_equation,non_unanimous_policy_ab_cd_x_y_positive_priority,synthetic,false,train_only
syn_ne_policy_ab_cd_x_y_positive_priority_0044,sft_train,numeric_equation,non_unanimous_policy_ab_cd_x_y_positive_priority,synthetic,false,train_only
syn_ne_policy_ab_cd_x_y_positive_priority_0045,sft_train,numeric_equation,non_unanimous_policy_ab_cd_x_y_positive_priority,synthetic,false,train_only
syn_ne_policy_ab_cd_x_y_positive_priority_0046,sft_train,numeric_equation,non_unanimous_policy_ab_cd_x_y_positive_priority,synthetic,false,train_only
syn_ne_policy_ab_cd_x_y_positive_priority_0047,sft_train,numeric_equation,non_unanimous_policy_ab_cd_x_y_positive_priority,synthetic,false,train_only
syn_ne_policy_ab_cd_x_y_positive_priority_0048,sft_train,numeric_equation,non_unanimous_policy_ab_cd_x_y_positive_priority,synthetic,false,train_only
syn_ne_policy_ab_cd_x_y_positive_priority_0049,sft_train,numeric_equation,non_unanimous_policy_ab_cd_x_y_positive_priority,synthetic,false,train_only
syn_ne_policy_ab_cd_x_y_positive_priority_0050,sft_train,numeric_equation,non_unanimous_policy_ab_cd_x_y_positive_priority,synthetic,false,train_only
syn_ne_policy_ab_cd_x_y_negative_nonliteral_prefix_0001,sft_train,numeric_equation,non_unanimous_policy_ab_cd_x_y_negative_nonliteral_prefix,synthetic,false,train_only
syn_ne_policy_ab_cd_x_y_negative_nonliteral_prefix_0002,sft_train,numeric_equation,non_unanimous_policy_ab_cd_x_y_negative_nonliteral_prefix,synthetic,false,train_only
syn_ne_policy_ab_cd_x_y_negative_nonliteral_prefix_0003,sft_train,numeric_equation,non_unanimous_policy_ab_cd_x_y_negative_nonliteral_prefix,synthetic,false,train_only
syn_ne_policy_ab_cd_x_y_negative_nonliteral_prefix_0004,sft_train,numeric_equation,non_unanimous_policy_ab_cd_x_y_negative_nonliteral_prefix,synthetic,false,train_only
syn_ne_policy_ab_cd_x_y_negative_nonliteral_prefix_0005,sft_train,numeric_equation,non_unanimous_policy_ab_cd_x_y_negative_nonliteral_prefix,synthetic,false,train_only
syn_ne_policy_ab_cd_x_y_negative_nonliteral_prefix_0006,sft_train,numeric_equation,non_unanimous_policy_ab_cd_x_y_negative_nonliteral_prefix,synthetic,false,train_only
syn_ne_policy_ab_cd_x_y_negative_nonliteral_prefix_0007,sft_train,numeric_equation,non_unanimous_policy_ab_cd_x_y_negative_nonliteral_prefix,synthetic,false,train_only
syn_ne_policy_ab_cd_x_y_negative_nonliteral_prefix_0008,sft_train,numeric_equation,non_unanimous_policy_ab_cd_x_y_negative_nonliteral_prefix,synthetic,false,train_only
syn_ne_policy_ab_cd_x_y_negative_nonliteral_prefix_0009,sft_train,numeric_equation,non_unanimous_policy_ab_cd_x_y_negative_nonliteral_prefix,synthetic,false,train_only
syn_ne_policy_ab_cd_x_y_negative_nonliteral_prefix_0010,sft_train,numeric_equation,non_unanimous_policy_ab_cd_x_y_negative_nonliteral_prefix,synthetic,false,train_only
syn_ne_policy_literal_minus_opposite_sign_0001,sft_train,numeric_equation,non_unanimous_policy_literal_minus_opposite_sign,synthetic,false,train_only
syn_ne_policy_literal_minus_opposite_sign_0002,sft_train,numeric_equation,non_unanimous_policy_literal_minus_opposite_sign,synthetic,false,train_only
syn_ne_policy_literal_minus_opposite_sign_0003,sft_train,numeric_equation,non_unanimous_policy_literal_minus_opposite_sign,synthetic,false,train_only
syn_ne_policy_literal_minus_opposite_sign_0004,sft_train,numeric_equation,non_unanimous_policy_literal_minus_opposite_sign,synthetic,false,train_only
syn_ne_policy_literal_minus_opposite_sign_0005,sft_train,numeric_equation,non_unanimous_policy_literal_minus_opposite_sign,synthetic,false,train_only
syn_ne_policy_literal_minus_opposite_sign_0006,sft_train,numeric_equation,non_unanimous_policy_literal_minus_opposite_sign,synthetic,false,train_only
syn_ne_policy_literal_minus_opposite_sign_0007,sft_train,numeric_equation,non_unanimous_policy_literal_minus_opposite_sign,synthetic,false,train_only
syn_ne_policy_literal_minus_opposite_sign_0008,sft_train,numeric_equation,non_unanimous_policy_literal_minus_opposite_sign,synthetic,false,train_only
syn_ne_policy_literal_minus_opposite_sign_0009,sft_train,numeric_equation,non_unanimous_policy_literal_minus_opposite_sign,synthetic,false,train_only
syn_ne_policy_literal_minus_opposite_sign_0010,sft_train,numeric_equation,non_unanimous_policy_literal_minus_opposite_sign,synthetic,false,train_only
syn_ne_policy_literal_minus_opposite_sign_0011,sft_train,numeric_equation,non_unanimous_policy_literal_minus_opposite_sign,synthetic,false,train_only
syn_ne_policy_literal_minus_opposite_sign_0012,sft_train,numeric_equation,non_unanimous_policy_literal_minus_opposite_sign,synthetic,false,train_only
syn_ne_policy_literal_minus_opposite_sign_0013,sft_train,numeric_equation,non_unanimous_policy_literal_minus_opposite_sign,synthetic,false,train_only
syn_ne_policy_literal_minus_opposite_sign_0014,sft_train,numeric_equation,non_unanimous_policy_literal_minus_opposite_sign,synthetic,false,train_only
syn_ne_policy_literal_minus_opposite_sign_0015,sft_train,numeric_equation,non_unanimous_policy_literal_minus_opposite_sign,synthetic,false,train_only
syn_ne_policy_literal_minus_opposite_sign_0016,sft_train,numeric_equation,non_unanimous_policy_literal_minus_opposite_sign,synthetic,false,train_only
syn_ne_policy_literal_minus_opposite_sign_0017,sft_train,numeric_equation,non_unanimous_policy_literal_minus_opposite_sign,synthetic,false,train_only
syn_ne_policy_literal_minus_opposite_sign_0018,sft_train,numeric_equation,non_unanimous_policy_literal_minus_opposite_sign,synthetic,false,train_only
syn_ne_policy_literal_minus_opposite_sign_0019,sft_train,numeric_equation,non_unanimous_policy_literal_minus_opposite_sign,synthetic,false,train_only
syn_ne_policy_literal_minus_opposite_sign_0020,sft_train,numeric_equation,non_unanimous_policy_literal_minus_opposite_sign,synthetic,false,train_only
syn_ne_policy_literal_minus_opposite_sign_0021,sft_train,numeric_equation,non_unanimous_policy_literal_minus_opposite_sign,synthetic,false,train_only
syn_ne_policy_literal_minus_opposite_sign_0022,sft_train,numeric_equation,non_unanimous_policy_literal_minus_opposite_sign,synthetic,false,train_only
syn_ne_policy_literal_minus_opposite_sign_0023,sft_train,numeric_equation,non_unanimous_policy_literal_minus_opposite_sign,synthetic,false,train_only
syn_ne_policy_literal_minus_opposite_sign_0024,sft_train,numeric_equation,non_unanimous_policy_literal_minus_opposite_sign,synthetic,false,train_only
syn_ne_policy_literal_minus_opposite_sign_0025,sft_train,numeric_equation,non_unanimous_policy_literal_minus_opposite_sign,synthetic,false,train_only
syn_ne_policy_literal_minus_opposite_sign_0026,sft_train,numeric_equation,non_unanimous_policy_literal_minus_opposite_sign,synthetic,false,train_only
syn_ne_policy_literal_minus_opposite_sign_0027,sft_train,numeric_equation,non_unanimous_policy_literal_minus_opposite_sign,synthetic,false,train_only
syn_ne_policy_literal_minus_opposite_sign_0028,sft_train,numeric_equation,non_unanimous_policy_literal_minus_opposite_sign,synthetic,false,train_only
syn_ne_policy_literal_minus_opposite_sign_0029,sft_train,numeric_equation,non_unanimous_policy_literal_minus_opposite_sign,synthetic,false,train_only
syn_ne_policy_literal_minus_opposite_sign_0030,sft_train,numeric_equation,non_unanimous_policy_literal_minus_opposite_sign,synthetic,false,train_only
syn_ne_dp_common_intersection_0001,sft_train,numeric_equation,decision_point_common_intersection,numeric_equation_decision_point_curriculum,false,train_only
syn_ne_dp_common_intersection_0002,sft_train,numeric_equation,decision_point_common_intersection,numeric_equation_decision_point_curriculum,false,train_only
syn_ne_dp_common_intersection_0003,sft_train,numeric_equation,decision_point_common_intersection,numeric_equation_decision_point_curriculum,false,train_only
syn_ne_dp_common_intersection_0004,sft_train,numeric_equation,decision_point_common_intersection,numeric_equation_decision_point_curriculum,false,train_only
syn_ne_dp_common_intersection_0005,sft_train,numeric_equation,decision_point_common_intersection,numeric_equation_decision_point_curriculum,false,train_only
syn_ne_dp_common_intersection_0006,sft_train,numeric_equation,decision_point_common_intersection,numeric_equation_decision_point_curriculum,false,train_only
syn_ne_dp_common_intersection_0007,sft_train,numeric_equation,decision_point_common_intersection,numeric_equation_decision_point_curriculum,false,train_only
syn_ne_dp_common_intersection_0008,sft_train,numeric_equation,decision_point_common_intersection,numeric_equation_decision_point_curriculum,false,train_only
syn_ne_dp_common_intersection_0009,sft_train,numeric_equation,decision_point_common_intersection,numeric_equation_decision_point_curriculum,false,train_only
syn_ne_dp_common_intersection_0010,sft_train,numeric_equation,decision_point_common_intersection,numeric_equation_decision_point_curriculum,false,train_only
syn_ne_dp_common_intersection_0011,sft_train,numeric_equation,decision_point_common_intersection,numeric_equation_decision_point_curriculum,false,train_only
syn_ne_dp_common_intersection_0012,sft_train,numeric_equation,decision_point_common_intersection,numeric_equation_decision_point_curriculum,false,train_only
syn_ne_dp_common_intersection_0013,sft_train,numeric_equation,decision_point_common_intersection,numeric_equation_decision_point_curriculum,false,train_only
syn_ne_dp_common_intersection_0014,sft_train,numeric_equation,decision_point_common_intersection,numeric_equation_decision_point_curriculum,false,train_only
syn_ne_dp_common_intersection_0015,sft_train,numeric_equation,decision_point_common_intersection,numeric_equation_decision_point_curriculum,false,train_only
syn_ne_dp_common_intersection_0016,sft_train,numeric_equation,decision_point_common_intersection,numeric_equation_decision_point_curriculum,false,train_only
syn_ne_dp_common_intersection_0017,sft_train,numeric_equation,decision_point_common_intersection,numeric_equation_decision_point_curriculum,false,train_only
syn_ne_dp_common_intersection_0018,sft_train,numeric_equation,decision_point_common_intersection,numeric_equation_decision_point_curriculum,false,train_only
syn_ne_dp_common_intersection_0019,sft_train,numeric_equation,decision_point_common_intersection,numeric_equation_decision_point_curriculum,false,train_only
syn_ne_dp_common_intersection_0020,sft_train,numeric_equation,decision_point_common_intersection,numeric_equation_decision_point_curriculum,false,train_only
syn_ne_dp_common_intersection_0021,sft_train,numeric_equation,decision_point_common_intersection,numeric_equation_decision_point_curriculum,false,train_only
syn_ne_dp_common_intersection_0022,sft_train,numeric_equation,decision_point_common_intersection,numeric_equation_decision_point_curriculum,false,train_only
syn_ne_dp_common_intersection_0023,sft_train,numeric_equation,decision_point_common_intersection,numeric_equation_decision_point_curriculum,false,train_only
syn_ne_dp_common_intersection_0024,sft_train,numeric_equation,decision_point_common_intersection,numeric_equation_decision_point_curriculum,false,train_only
syn_ne_dp_common_intersection_0025,sft_train,numeric_equation,decision_point_common_intersection,numeric_equation_decision_point_curriculum,false,train_only
syn_ne_dp_common_intersection_0026,sft_train,numeric_equation,decision_point_common_intersection,numeric_equation_decision_point_curriculum,false,train_only
syn_ne_dp_common_intersection_0027,sft_train,numeric_equation,decision_point_common_intersection,numeric_equation_decision_point_curriculum,false,train_only
syn_ne_dp_common_intersection_0028,sft_train,numeric_equation,decision_point_common_intersection,numeric_equation_decision_point_curriculum,false,train_only
syn_ne_dp_common_intersection_0029,sft_train,numeric_equation,decision_point_common_intersection,numeric_equation_decision_point_curriculum,false,train_only
syn_ne_dp_common_intersection_0030,sft_train,numeric_equation,decision_point_common_intersection,numeric_equation_decision_point_curriculum,false,train_only
syn_ne_dp_common_intersection_0031,sft_train,numeric_equation,decision_point_common_intersection,numeric_equation_decision_point_curriculum,false,train_only
syn_ne_dp_common_intersection_0032,sft_train,numeric_equation,decision_point_common_intersection,numeric_equation_decision_point_curriculum,false,train_only
syn_ne_dp_common_intersection_0033,sft_train,numeric_equation,decision_point_common_intersection,numeric_equation_decision_point_curriculum,false,train_only
syn_ne_dp_common_intersection_0034,sft_train,numeric_equation,decision_point_common_intersection,numeric_equation_decision_point_curriculum,false,train_only
syn_ne_dp_common_intersection_0035,sft_train,numeric_equation,decision_point_common_intersection,numeric_equation_decision_point_curriculum,false,train_only
syn_ne_dp_common_intersection_0036,sft_train,numeric_equation,decision_point_common_intersection,numeric_equation_decision_point_curriculum,false,train_only
syn_ne_dp_common_intersection_0037,sft_train,numeric_equation,decision_point_common_intersection,numeric_equation_decision_point_curriculum,false,train_only
syn_ne_dp_common_intersection_0038,sft_train,numeric_equation,decision_point_common_intersection,numeric_equation_decision_point_curriculum,false,train_only
syn_ne_dp_common_intersection_0039,sft_train,numeric_equation,decision_point_common_intersection,numeric_equation_decision_point_curriculum,false,train_only
syn_ne_dp_common_intersection_0040,sft_train,numeric_equation,decision_point_common_intersection,numeric_equation_decision_point_curriculum,false,train_only
syn_ne_dp_common_intersection_0041,sft_train,numeric_equation,decision_point_common_intersection,numeric_equation_decision_point_curriculum,false,train_only
syn_ne_dp_common_intersection_0042,sft_train,numeric_equation,decision_point_common_intersection,numeric_equation_decision_point_curriculum,false,train_only
syn_ne_dp_common_intersection_0043,sft_train,numeric_equation,decision_point_common_intersection,numeric_equation_decision_point_curriculum,false,train_only
syn_ne_dp_common_intersection_0044,sft_train,numeric_equation,decision_point_common_intersection,numeric_equation_decision_point_curriculum,false,train_only
syn_ne_dp_common_intersection_0045,sft_train,numeric_equation,decision_point_common_intersection,numeric_equation_decision_point_curriculum,false,train_only
syn_ne_dp_common_intersection_0046,sft_train,numeric_equation,decision_point_common_intersection,numeric_equation_decision_point_curriculum,false,train_only
syn_ne_dp_common_intersection_0047,sft_train,numeric_equation,decision_point_common_intersection,numeric_equation_decision_point_curriculum,false,train_only
syn_ne_dp_common_intersection_0048,sft_train,numeric_equation,decision_point_common_intersection,numeric_equation_decision_point_curriculum,false,train_only
syn_ne_dp_common_intersection_0049,sft_train,numeric_equation,decision_point_common_intersection,numeric_equation_decision_point_curriculum,false,train_only
syn_ne_dp_common_intersection_0050,sft_train,numeric_equation,decision_point_common_intersection,numeric_equation_decision_point_curriculum,false,train_only
syn_ne_dp_common_intersection_0051,sft_train,numeric_equation,decision_point_common_intersection,numeric_equation_decision_point_curriculum,false,train_only
syn_ne_dp_common_intersection_0052,sft_train,numeric_equation,decision_point_common_intersection,numeric_equation_decision_point_curriculum,false,train_only
syn_ne_dp_common_intersection_0053,sft_train,numeric_equation,decision_point_common_intersection,numeric_equation_decision_point_curriculum,false,train_only
syn_ne_dp_common_intersection_0054,sft_train,numeric_equation,decision_point_common_intersection,numeric_equation_decision_point_curriculum,false,train_only
syn_ne_dp_common_intersection_0055,sft_train,numeric_equation,decision_point_common_intersection,numeric_equation_decision_point_curriculum,false,train_only
syn_ne_dp_common_intersection_0056,sft_train,numeric_equation,decision_point_common_intersection,numeric_equation_decision_point_curriculum,false,train_only
syn_ne_dp_common_intersection_0057,sft_train,numeric_equation,decision_point_common_intersection,numeric_equation_decision_point_curriculum,false,train_only
syn_ne_dp_common_intersection_0058,sft_train,numeric_equation,decision_point_common_intersection,numeric_equation_decision_point_curriculum,false,train_only
syn_ne_dp_common_intersection_0059,sft_train,numeric_equation,decision_point_common_intersection,numeric_equation_decision_point_curriculum,false,train_only
syn_ne_dp_common_intersection_0060,sft_train,numeric_equation,decision_point_common_intersection,numeric_equation_decision_point_curriculum,false,train_only
syn_ne_dp_common_intersection_0061,sft_train,numeric_equation,decision_point_common_intersection,numeric_equation_decision_point_curriculum,false,train_only
syn_ne_dp_common_intersection_0062,sft_train,numeric_equation,decision_point_common_intersection,numeric_equation_decision_point_curriculum,false,train_only
syn_ne_dp_common_intersection_0063,sft_train,numeric_equation,decision_point_common_intersection,numeric_equation_decision_point_curriculum,false,train_only
syn_ne_dp_common_intersection_0064,sft_train,numeric_equation,decision_point_common_intersection,numeric_equation_decision_point_curriculum,false,train_only
syn_ne_dp_common_intersection_0065,sft_train,numeric_equation,decision_point_common_intersection,numeric_equation_decision_point_curriculum,false,train_only
syn_ne_dp_common_intersection_0066,sft_train,numeric_equation,decision_point_common_intersection,numeric_equation_decision_point_curriculum,false,train_only
syn_ne_dp_common_intersection_0067,sft_train,numeric_equation,decision_point_common_intersection,numeric_equation_decision_point_curriculum,false,train_only
syn_ne_dp_common_intersection_0068,sft_train,numeric_equation,decision_point_common_intersection,numeric_equation_decision_point_curriculum,false,train_only
syn_ne_dp_common_intersection_0069,sft_train,numeric_equation,decision_point_common_intersection,numeric_equation_decision_point_curriculum,false,train_only
syn_ne_dp_common_intersection_0070,sft_train,numeric_equation,decision_point_common_intersection,numeric_equation_decision_point_curriculum,false,train_only
syn_ne_dp_common_intersection_0071,sft_train,numeric_equation,decision_point_common_intersection,numeric_equation_decision_point_curriculum,false,train_only
syn_ne_dp_common_intersection_0072,sft_train,numeric_equation,decision_point_common_intersection,numeric_equation_decision_point_curriculum,false,train_only
syn_ne_dp_common_intersection_0073,sft_train,numeric_equation,decision_point_common_intersection,numeric_equation_decision_point_curriculum,false,train_only
syn_ne_dp_common_intersection_0074,sft_train,numeric_equation,decision_point_common_intersection,numeric_equation_decision_point_curriculum,false,train_only
syn_ne_dp_common_intersection_0075,sft_train,numeric_equation,decision_point_common_intersection,numeric_equation_decision_point_curriculum,false,train_only
syn_ne_dp_common_intersection_0076,sft_train,numeric_equation,decision_point_common_intersection,numeric_equation_decision_point_curriculum,false,train_only
syn_ne_dp_common_intersection_0077,sft_train,numeric_equation,decision_point_common_intersection,numeric_equation_decision_point_curriculum,false,train_only
syn_ne_dp_common_intersection_0078,sft_train,numeric_equation,decision_point_common_intersection,numeric_equation_decision_point_curriculum,false,train_only
syn_ne_dp_common_intersection_0079,sft_train,numeric_equation,decision_point_common_intersection,numeric_equation_decision_point_curriculum,false,train_only
syn_ne_dp_common_intersection_0080,sft_train,numeric_equation,decision_point_common_intersection,numeric_equation_decision_point_curriculum,false,train_only
syn_ne_dp_common_intersection_0081,sft_train,numeric_equation,decision_point_common_intersection,numeric_equation_decision_point_curriculum,false,train_only
syn_ne_dp_common_intersection_0082,sft_train,numeric_equation,decision_point_common_intersection,numeric_equation_decision_point_curriculum,false,train_only
syn_ne_dp_common_intersection_0083,sft_train,numeric_equation,decision_point_common_intersection,numeric_equation_decision_point_curriculum,false,train_only
syn_ne_dp_common_intersection_0084,sft_train,numeric_equation,decision_point_common_intersection,numeric_equation_decision_point_curriculum,false,train_only
syn_ne_dp_common_intersection_0085,sft_train,numeric_equation,decision_point_common_intersection,numeric_equation_decision_point_curriculum,false,train_only
syn_ne_dp_common_intersection_0086,sft_train,numeric_equation,decision_point_common_intersection,numeric_equation_decision_point_curriculum,false,train_only
syn_ne_dp_common_intersection_0087,sft_train,numeric_equation,decision_point_common_intersection,numeric_equation_decision_point_curriculum,false,train_only
syn_ne_dp_common_intersection_0088,sft_train,numeric_equation,decision_point_common_intersection,numeric_equation_decision_point_curriculum,false,train_only
syn_ne_dp_common_intersection_0089,sft_train,numeric_equation,decision_point_common_intersection,numeric_equation_decision_point_curriculum,false,train_only
syn_ne_dp_common_intersection_0090,sft_train,numeric_equation,decision_point_common_intersection,numeric_equation_decision_point_curriculum,false,train_only
syn_ne_dp_common_intersection_0091,sft_train,numeric_equation,decision_point_common_intersection,numeric_equation_decision_point_curriculum,false,train_only
syn_ne_dp_common_intersection_0092,sft_train,numeric_equation,decision_point_common_intersection,numeric_equation_decision_point_curriculum,false,train_only
syn_ne_dp_common_intersection_0093,sft_train,numeric_equation,decision_point_common_intersection,numeric_equation_decision_point_curriculum,false,train_only
syn_ne_dp_common_intersection_0094,sft_train,numeric_equation,decision_point_common_intersection,numeric_equation_decision_point_curriculum,false,train_only
syn_ne_dp_common_intersection_0095,sft_train,numeric_equation,decision_point_common_intersection,numeric_equation_decision_point_curriculum,false,train_only
syn_ne_dp_common_intersection_0096,sft_train,numeric_equation,decision_point_common_intersection,numeric_equation_decision_point_curriculum,false,train_only
syn_ne_dp_common_intersection_0097,sft_train,numeric_equation,decision_point_common_intersection,numeric_equation_decision_point_curriculum,false,train_only
syn_ne_dp_common_intersection_0098,sft_train,numeric_equation,decision_point_common_intersection,numeric_equation_decision_point_curriculum,false,train_only
syn_ne_dp_common_intersection_0099,sft_train,numeric_equation,decision_point_common_intersection,numeric_equation_decision_point_curriculum,false,train_only
syn_ne_dp_common_intersection_0100,sft_train,numeric_equation,decision_point_common_intersection,numeric_equation_decision_point_curriculum,false,train_only
syn_ne_dp_common_intersection_0101,sft_train,numeric_equation,decision_point_common_intersection,numeric_equation_decision_point_curriculum,false,train_only
syn_ne_dp_common_intersection_0102,sft_train,numeric_equation,decision_point_common_intersection,numeric_equation_decision_point_curriculum,false,train_only
syn_ne_dp_common_intersection_0103,sft_train,numeric_equation,decision_point_common_intersection,numeric_equation_decision_point_curriculum,false,train_only
syn_ne_dp_common_intersection_0104,sft_train,numeric_equation,decision_point_common_intersection,numeric_equation_decision_point_curriculum,false,train_only
syn_ne_dp_common_intersection_0105,sft_train,numeric_equation,decision_point_common_intersection,numeric_equation_decision_point_curriculum,false,train_only
syn_ne_dp_common_intersection_0106,sft_train,numeric_equation,decision_point_common_intersection,numeric_equation_decision_point_curriculum,false,train_only
syn_ne_dp_common_intersection_0107,sft_train,numeric_equation,decision_point_common_intersection,numeric_equation_decision_point_curriculum,false,train_only
syn_ne_dp_common_intersection_0108,sft_train,numeric_equation,decision_point_common_intersection,numeric_equation_decision_point_curriculum,false,train_only
syn_ne_dp_common_intersection_0109,sft_train,numeric_equation,decision_point_common_intersection,numeric_equation_decision_point_curriculum,false,train_only
syn_ne_dp_common_intersection_0110,sft_train,numeric_equation,decision_point_common_intersection,numeric_equation_decision_point_curriculum,false,train_only
syn_ne_dp_common_intersection_0111,sft_train,numeric_equation,decision_point_common_intersection,numeric_equation_decision_point_curriculum,false,train_only
syn_ne_dp_common_intersection_0112,sft_train,numeric_equation,decision_point_common_intersection,numeric_equation_decision_point_curriculum,false,train_only
syn_ne_dp_common_intersection_0113,sft_train,numeric_equation,decision_point_common_intersection,numeric_equation_decision_point_curriculum,false,train_only
syn_ne_dp_common_intersection_0114,sft_train,numeric_equation,decision_point_common_intersection,numeric_equation_decision_point_curriculum,false,train_only
syn_ne_dp_common_intersection_0115,sft_train,numeric_equation,decision_point_common_intersection,numeric_equation_decision_point_curriculum,false,train_only
syn_ne_dp_common_intersection_0116,sft_train,numeric_equation,decision_point_common_intersection,numeric_equation_decision_point_curriculum,false,train_only
syn_ne_dp_common_intersection_0117,sft_train,numeric_equation,decision_point_common_intersection,numeric_equation_decision_point_curriculum,false,train_only
syn_ne_dp_common_intersection_0118,sft_train,numeric_equation,decision_point_common_intersection,numeric_equation_decision_point_curriculum,false,train_only
syn_ne_dp_common_intersection_0119,sft_train,numeric_equation,decision_point_common_intersection,numeric_equation_decision_point_curriculum,false,train_only
syn_ne_dp_common_intersection_0120,sft_train,numeric_equation,decision_point_common_intersection,numeric_equation_decision_point_curriculum,false,train_only
syn_ne_dp_common_intersection_0121,sft_train,numeric_equation,decision_point_common_intersection,numeric_equation_decision_point_curriculum,false,train_only
syn_ne_dp_common_intersection_0122,sft_train,numeric_equation,decision_point_common_intersection,numeric_equation_decision_point_curriculum,false,train_only
syn_ne_dp_common_intersection_0123,sft_train,numeric_equation,decision_point_common_intersection,numeric_equation_decision_point_curriculum,false,train_only
syn_ne_dp_common_intersection_0124,sft_train,numeric_equation,decision_point_common_intersection,numeric_equation_decision_point_curriculum,false,train_only
syn_ne_dp_common_intersection_0125,sft_train,numeric_equation,decision_point_common_intersection,numeric_equation_decision_point_curriculum,false,train_only
syn_ne_dp_common_intersection_0126,sft_train,numeric_equation,decision_point_common_intersection,numeric_equation_decision_point_curriculum,false,train_only
syn_ne_dp_common_intersection_0127,sft_train,numeric_equation,decision_point_common_intersection,numeric_equation_decision_point_curriculum,false,train_only
syn_ne_dp_common_intersection_0128,sft_train,numeric_equation,decision_point_common_intersection,numeric_equation_decision_point_curriculum,false,train_only
syn_ne_dp_common_intersection_0129,sft_train,numeric_equation,decision_point_common_intersection,numeric_equation_decision_point_curriculum,false,train_only
syn_ne_dp_common_intersection_0130,sft_train,numeric_equation,decision_point_common_intersection,numeric_equation_decision_point_curriculum,false,train_only
syn_ne_dp_common_intersection_0131,sft_train,numeric_equation,decision_point_common_intersection,numeric_equation_decision_point_curriculum,false,train_only
syn_ne_dp_common_intersection_0132,sft_train,numeric_equation,decision_point_common_intersection,numeric_equation_decision_point_curriculum,false,train_only
syn_ne_dp_common_intersection_0133,sft_train,numeric_equation,decision_point_common_intersection,numeric_equation_decision_point_curriculum,false,train_only
syn_ne_dp_common_intersection_0134,sft_train,numeric_equation,decision_point_common_intersection,numeric_equation_decision_point_curriculum,false,train_only
syn_ne_dp_common_intersection_0135,sft_train,numeric_equation,decision_point_common_intersection,numeric_equation_decision_point_curriculum,false,train_only
syn_ne_dp_common_intersection_0136,sft_train,numeric_equation,decision_point_common_intersection,numeric_equation_decision_point_curriculum,false,train_only
syn_ne_dp_common_intersection_0137,sft_train,numeric_equation,decision_point_common_intersection,numeric_equation_decision_point_curriculum,false,train_only
syn_ne_dp_common_intersection_0138,sft_train,numeric_equation,decision_point_common_intersection,numeric_equation_decision_point_curriculum,false,train_only
syn_ne_dp_common_intersection_0139,sft_train,numeric_equation,decision_point_common_intersection,numeric_equation_decision_point_curriculum,false,train_only
syn_ne_dp_common_intersection_0140,sft_train,numeric_equation,decision_point_common_intersection,numeric_equation_decision_point_curriculum,false,train_only
syn_ne_dp_common_intersection_0141,sft_train,numeric_equation,decision_point_common_intersection,numeric_equation_decision_point_curriculum,false,train_only
syn_ne_dp_common_intersection_0142,sft_train,numeric_equation,decision_point_common_intersection,numeric_equation_decision_point_curriculum,false,train_only
syn_ne_dp_common_intersection_0143,sft_train,numeric_equation,decision_point_common_intersection,numeric_equation_decision_point_curriculum,false,train_only
syn_ne_dp_common_intersection_0144,sft_train,numeric_equation,decision_point_common_intersection,numeric_equation_decision_point_curriculum,false,train_only
syn_ne_dp_common_intersection_0145,sft_train,numeric_equation,decision_point_common_intersection,numeric_equation_decision_point_curriculum,false,train_only
syn_ne_dp_common_intersection_0146,sft_train,numeric_equation,decision_point_common_intersection,numeric_equation_decision_point_curriculum,false,train_only
syn_ne_dp_common_intersection_0147,sft_train,numeric_equation,decision_point_common_intersection,numeric_equation_decision_point_curriculum,false,train_only
syn_ne_dp_common_intersection_0148,sft_train,numeric_equation,decision_point_common_intersection,numeric_equation_decision_point_curriculum,false,train_only
syn_ne_dp_common_intersection_0149,sft_train,numeric_equation,decision_point_common_intersection,numeric_equation_decision_point_curriculum,false,train_only
syn_ne_dp_common_intersection_0150,sft_train,numeric_equation,decision_point_common_intersection,numeric_equation_decision_point_curriculum,false,train_only
syn_ne_dp_common_intersection_0151,sft_train,numeric_equation,decision_point_common_intersection,numeric_equation_decision_point_curriculum,false,train_only
syn_ne_dp_common_intersection_0152,sft_train,numeric_equation,decision_point_common_intersection,numeric_equation_decision_point_curriculum,false,train_only
syn_ne_dp_common_intersection_0153,sft_train,numeric_equation,decision_point_common_intersection,numeric_equation_decision_point_curriculum,false,train_only
syn_ne_dp_common_intersection_0154,sft_train,numeric_equation,decision_point_common_intersection,numeric_equation_decision_point_curriculum,false,train_only
syn_ne_dp_common_intersection_0155,sft_train,numeric_equation,decision_point_common_intersection,numeric_equation_decision_point_curriculum,false,train_only
syn_ne_dp_common_intersection_0156,sft_train,numeric_equation,decision_point_common_intersection,numeric_equation_decision_point_curriculum,false,train_only
syn_ne_dp_common_intersection_0157,sft_train,numeric_equation,decision_point_common_intersection,numeric_equation_decision_point_curriculum,false,train_only
syn_ne_dp_common_intersection_0158,sft_train,numeric_equation,decision_point_common_intersection,numeric_equation_decision_point_curriculum,false,train_only
syn_ne_dp_common_intersection_0159,sft_train,numeric_equation,decision_point_common_intersection,numeric_equation_decision_point_curriculum,false,train_only
syn_ne_dp_common_intersection_0160,sft_train,numeric_equation,decision_point_common_intersection,numeric_equation_decision_point_curriculum,false,train_only
syn_ne_dp_common_intersection_0161,sft_train,numeric_equation,decision_point_common_intersection,numeric_equation_decision_point_curriculum,false,train_only
syn_ne_dp_common_intersection_0162,sft_train,numeric_equation,decision_point_common_intersection,numeric_equation_decision_point_curriculum,false,train_only
syn_ne_dp_common_intersection_0163,sft_train,numeric_equation,decision_point_common_intersection,numeric_equation_decision_point_curriculum,false,train_only
syn_ne_dp_common_intersection_0164,sft_train,numeric_equation,decision_point_common_intersection,numeric_equation_decision_point_curriculum,false,train_only
syn_ne_dp_common_intersection_0165,sft_train,numeric_equation,decision_point_common_intersection,numeric_equation_decision_point_curriculum,false,train_only
syn_ne_dp_common_intersection_0166,sft_train,numeric_equation,decision_point_common_intersection,numeric_equation_decision_point_curriculum,false,train_only
syn_ne_dp_common_intersection_0167,sft_train,numeric_equation,decision_point_common_intersection,numeric_equation_decision_point_curriculum,false,train_only
syn_ne_dp_common_intersection_0168,sft_train,numeric_equation,decision_point_common_intersection,numeric_equation_decision_point_curriculum,false,train_only
syn_ne_dp_common_intersection_0169,sft_train,numeric_equation,decision_point_common_intersection,numeric_equation_decision_point_curriculum,false,train_only
syn_ne_dp_common_intersection_0170,sft_train,numeric_equation,decision_point_common_intersection,numeric_equation_decision_point_curriculum,false,train_only
syn_ne_dp_common_intersection_0171,sft_train,numeric_equation,decision_point_common_intersection,numeric_equation_decision_point_curriculum,false,train_only
syn_ne_dp_common_intersection_0172,sft_train,numeric_equation,decision_point_common_intersection,numeric_equation_decision_point_curriculum,false,train_only
syn_ne_dp_common_intersection_0173,sft_train,numeric_equation,decision_point_common_intersection,numeric_equation_decision_point_curriculum,false,train_only
syn_ne_dp_common_intersection_0174,sft_train,numeric_equation,decision_point_common_intersection,numeric_equation_decision_point_curriculum,false,train_only
syn_ne_dp_common_intersection_0175,sft_train,numeric_equation,decision_point_common_intersection,numeric_equation_decision_point_curriculum,false,train_only
syn_ne_dp_common_intersection_0176,sft_train,numeric_equation,decision_point_common_intersection,numeric_equation_decision_point_curriculum,false,train_only
syn_ne_dp_common_intersection_0177,sft_train,numeric_equation,decision_point_common_intersection,numeric_equation_decision_point_curriculum,false,train_only
syn_ne_dp_common_intersection_0178,sft_train,numeric_equation,decision_point_common_intersection,numeric_equation_decision_point_curriculum,false,train_only
syn_ne_dp_common_intersection_0179,sft_train,numeric_equation,decision_point_common_intersection,numeric_equation_decision_point_curriculum,false,train_only
syn_ne_dp_common_intersection_0180,sft_train,numeric_equation,decision_point_common_intersection,numeric_equation_decision_point_curriculum,false,train_only
syn_ne_dp_common_intersection_0181,sft_train,numeric_equation,decision_point_common_intersection,numeric_equation_decision_point_curriculum,false,train_only
syn_ne_dp_common_intersection_0182,sft_train,numeric_equation,decision_point_common_intersection,numeric_equation_decision_point_curriculum,false,train_only
syn_ne_dp_common_intersection_0183,sft_train,numeric_equation,decision_point_common_intersection,numeric_equation_decision_point_curriculum,false,train_only
syn_ne_dp_common_intersection_0184,sft_train,numeric_equation,decision_point_common_intersection,numeric_equation_decision_point_curriculum,false,train_only
syn_ne_dp_common_intersection_0185,sft_train,numeric_equation,decision_point_common_intersection,numeric_equation_decision_point_curriculum,false,train_only
syn_ne_dp_common_intersection_0186,sft_train,numeric_equation,decision_point_common_intersection,numeric_equation_decision_point_curriculum,false,train_only
syn_ne_dp_common_intersection_0187,sft_train,numeric_equation,decision_point_common_intersection,numeric_equation_decision_point_curriculum,false,train_only
syn_ne_dp_common_intersection_0188,sft_train,numeric_equation,decision_point_common_intersection,numeric_equation_decision_point_curriculum,false,train_only
syn_ne_dp_common_intersection_0189,sft_train,numeric_equation,decision_point_common_intersection,numeric_equation_decision_point_curriculum,false,train_only
syn_ne_dp_common_intersection_0190,sft_train,numeric_equation,decision_point_common_intersection,numeric_equation_decision_point_curriculum,false,train_only
syn_ne_dp_common_intersection_0191,sft_train,numeric_equation,decision_point_common_intersection,numeric_equation_decision_point_curriculum,false,train_only
syn_ne_dp_common_intersection_0192,sft_train,numeric_equation,decision_point_common_intersection,numeric_equation_decision_point_curriculum,false,train_only
syn_ne_dp_common_intersection_0193,sft_train,numeric_equation,decision_point_common_intersection,numeric_equation_decision_point_curriculum,false,train_only
syn_ne_dp_common_intersection_0194,sft_train,numeric_equation,decision_point_common_intersection,numeric_equation_decision_point_curriculum,false,train_only
syn_ne_dp_common_intersection_0195,sft_train,numeric_equation,decision_point_common_intersection,numeric_equation_decision_point_curriculum,false,train_only
syn_ne_dp_common_intersection_0196,sft_train,numeric_equation,decision_point_common_intersection,numeric_equation_decision_point_curriculum,false,train_only
syn_ne_dp_common_intersection_0197,sft_train,numeric_equation,decision_point_common_intersection,numeric_equation_decision_point_curriculum,false,train_only
syn_ne_dp_common_intersection_0198,sft_train,numeric_equation,decision_point_common_intersection,numeric_equation_decision_point_curriculum,false,train_only
syn_ne_dp_common_intersection_0199,sft_train,numeric_equation,decision_point_common_intersection,numeric_equation_decision_point_curriculum,false,train_only
syn_ne_dp_common_intersection_0200,sft_train,numeric_equation,decision_point_common_intersection,numeric_equation_decision_point_curriculum,false,train_only
syn_ne_dp_common_intersection_0201,sft_train,numeric_equation,decision_point_common_intersection,numeric_equation_decision_point_curriculum,false,train_only
syn_ne_dp_common_intersection_0202,sft_train,numeric_equation,decision_point_common_intersection,numeric_equation_decision_point_curriculum,false,train_only
syn_ne_dp_common_intersection_0203,sft_train,numeric_equation,decision_point_common_intersection,numeric_equation_decision_point_curriculum,false,train_only
syn_ne_dp_common_intersection_0204,sft_train,numeric_equation,decision_point_common_intersection,numeric_equation_decision_point_curriculum,false,train_only
syn_ne_dp_common_intersection_0205,sft_train,numeric_equation,decision_point_common_intersection,numeric_equation_decision_point_curriculum,false,train_only
syn_ne_dp_common_intersection_0206,sft_train,numeric_equation,decision_point_common_intersection,numeric_equation_decision_point_curriculum,false,train_only
syn_ne_dp_common_intersection_0207,sft_train,numeric_equation,decision_point_common_intersection,numeric_equation_decision_point_curriculum,false,train_only
syn_ne_dp_common_intersection_0208,sft_train,numeric_equation,decision_point_common_intersection,numeric_equation_decision_point_curriculum,false,train_only
syn_ne_dp_common_intersection_0209,sft_train,numeric_equation,decision_point_common_intersection,numeric_equation_decision_point_curriculum,false,train_only
syn_ne_dp_common_intersection_0210,sft_train,numeric_equation,decision_point_common_intersection,numeric_equation_decision_point_curriculum,false,train_only
syn_ne_dp_common_intersection_0211,sft_train,numeric_equation,decision_point_common_intersection,numeric_equation_decision_point_curriculum,false,train_only
syn_ne_dp_common_intersection_0212,sft_train,numeric_equation,decision_point_common_intersection,numeric_equation_decision_point_curriculum,false,train_only
syn_ne_dp_common_intersection_0213,sft_train,numeric_equation,decision_point_common_intersection,numeric_equation_decision_point_curriculum,false,train_only
syn_ne_dp_common_intersection_0214,sft_train,numeric_equation,decision_point_common_intersection,numeric_equation_decision_point_curriculum,false,train_only
syn_ne_dp_common_intersection_0215,sft_train,numeric_equation,decision_point_common_intersection,numeric_equation_decision_point_curriculum,false,train_only
syn_ne_dp_common_intersection_0216,sft_train,numeric_equation,decision_point_common_intersection,numeric_equation_decision_point_curriculum,false,train_only
syn_ne_dp_common_intersection_0217,sft_train,numeric_equation,decision_point_common_intersection,numeric_equation_decision_point_curriculum,false,train_only
syn_ne_dp_common_intersection_0218,sft_train,numeric_equation,decision_point_common_intersection,numeric_equation_decision_point_curriculum,false,train_only
syn_ne_dp_common_intersection_0219,sft_train,numeric_equation,decision_point_common_intersection,numeric_equation_decision_point_curriculum,false,train_only
syn_ne_dp_common_intersection_0220,sft_train,numeric_equation,decision_point_common_intersection,numeric_equation_decision_point_curriculum,false,train_only
syn_ne_dp_common_intersection_0221,sft_train,numeric_equation,decision_point_common_intersection,numeric_equation_decision_point_curriculum,false,train_only
syn_ne_dp_common_intersection_0222,sft_train,numeric_equation,decision_point_common_intersection,numeric_equation_decision_point_curriculum,false,train_only
syn_ne_dp_common_intersection_0223,sft_train,numeric_equation,decision_point_common_intersection,numeric_equation_decision_point_curriculum,false,train_only
syn_ne_dp_common_intersection_0224,sft_train,numeric_equation,decision_point_common_intersection,numeric_equation_decision_point_curriculum,false,train_only
syn_ne_dp_common_intersection_0225,sft_train,numeric_equation,decision_point_common_intersection,numeric_equation_decision_point_curriculum,false,train_only
syn_ne_dp_common_intersection_0226,sft_train,numeric_equation,decision_point_common_intersection,numeric_equation_decision_point_curriculum,false,train_only
syn_ne_dp_common_intersection_0227,sft_train,numeric_equation,decision_point_common_intersection,numeric_equation_decision_point_curriculum,false,train_only
syn_ne_dp_common_intersection_0228,sft_train,numeric_equation,decision_point_common_intersection,numeric_equation_decision_point_curriculum,false,train_only
syn_ne_dp_common_intersection_0229,sft_train,numeric_equation,decision_point_common_intersection,numeric_equation_decision_point_curriculum,false,train_only
syn_ne_dp_common_intersection_0230,sft_train,numeric_equation,decision_point_common_intersection,numeric_equation_decision_point_curriculum,false,train_only
syn_ne_dp_common_intersection_0231,sft_train,numeric_equation,decision_point_common_intersection,numeric_equation_decision_point_curriculum,false,train_only
syn_ne_dp_common_intersection_0232,sft_train,numeric_equation,decision_point_common_intersection,numeric_equation_decision_point_curriculum,false,train_only
syn_ne_dp_common_intersection_0233,sft_train,numeric_equation,decision_point_common_intersection,numeric_equation_decision_point_curriculum,false,train_only
syn_ne_dp_common_intersection_0234,sft_train,numeric_equation,decision_point_common_intersection,numeric_equation_decision_point_curriculum,false,train_only
syn_ne_dp_common_intersection_0235,sft_train,numeric_equation,decision_point_common_intersection,numeric_equation_decision_point_curriculum,false,train_only
syn_ne_dp_common_intersection_0236,sft_train,numeric_equation,decision_point_common_intersection,numeric_equation_decision_point_curriculum,false,train_only
syn_ne_dp_common_intersection_0237,sft_train,numeric_equation,decision_point_common_intersection,numeric_equation_decision_point_curriculum,false,train_only
syn_ne_dp_common_intersection_0238,sft_train,numeric_equation,decision_point_common_intersection,numeric_equation_decision_point_curriculum,false,train_only
syn_ne_dp_common_intersection_0239,sft_train,numeric_equation,decision_point_common_intersection,numeric_equation_decision_point_curriculum,false,train_only
syn_ne_dp_common_intersection_0240,sft_train,numeric_equation,decision_point_common_intersection,numeric_equation_decision_point_curriculum,false,train_only
syn_ne_dp_common_intersection_0241,sft_train,numeric_equation,decision_point_common_intersection,numeric_equation_decision_point_curriculum,false,train_only
syn_ne_dp_common_intersection_0242,sft_train,numeric_equation,decision_point_common_intersection,numeric_equation_decision_point_curriculum,false,train_only
syn_ne_dp_common_intersection_0243,sft_train,numeric_equation,decision_point_common_intersection,numeric_equation_decision_point_curriculum,false,train_only
syn_ne_dp_common_intersection_0244,sft_train,numeric_equation,decision_point_common_intersection,numeric_equation_decision_point_curriculum,false,train_only
syn_ne_dp_common_intersection_0245,sft_train,numeric_equation,decision_point_common_intersection,numeric_equation_decision_point_curriculum,false,train_only
syn_ne_dp_common_intersection_0246,sft_train,numeric_equation,decision_point_common_intersection,numeric_equation_decision_point_curriculum,false,train_only
syn_ne_dp_common_intersection_0247,sft_train,numeric_equation,decision_point_common_intersection,numeric_equation_decision_point_curriculum,false,train_only
syn_ne_dp_common_intersection_0248,sft_train,numeric_equation,decision_point_common_intersection,numeric_equation_decision_point_curriculum,false,train_only
syn_ne_dp_common_intersection_0249,sft_train,numeric_equation,decision_point_common_intersection,numeric_equation_decision_point_curriculum,false,train_only
syn_ne_dp_common_intersection_0250,sft_train,numeric_equation,decision_point_common_intersection,numeric_equation_decision_point_curriculum,false,train_only
syn_ne_dp_common_intersection_0251,sft_train,numeric_equation,decision_point_common_intersection,numeric_equation_decision_point_curriculum,false,train_only
syn_ne_dp_common_intersection_0252,sft_train,numeric_equation,decision_point_common_intersection,numeric_equation_decision_point_curriculum,false,train_only
syn_ne_dp_common_intersection_0253,sft_train,numeric_equation,decision_point_common_intersection,numeric_equation_decision_point_curriculum,false,train_only
syn_ne_dp_common_intersection_0254,sft_train,numeric_equation,decision_point_common_intersection,numeric_equation_decision_point_curriculum,false,train_only
syn_ne_dp_common_intersection_0255,sft_train,numeric_equation,decision_point_common_intersection,numeric_equation_decision_point_curriculum,false,train_only
syn_ne_dp_common_intersection_0256,sft_train,numeric_equation,decision_point_common_intersection,numeric_equation_decision_point_curriculum,false,train_only
syn_ne_dp_common_intersection_0257,sft_train,numeric_equation,decision_point_common_intersection,numeric_equation_decision_point_curriculum,false,train_only
syn_ne_dp_common_intersection_0258,sft_train,numeric_equation,decision_point_common_intersection,numeric_equation_decision_point_curriculum,false,train_only
syn_ne_dp_common_intersection_0259,sft_train,numeric_equation,decision_point_common_intersection,numeric_equation_decision_point_curriculum,false,train_only
syn_ne_dp_common_intersection_0260,sft_train,numeric_equation,decision_point_common_intersection,numeric_equation_decision_point_curriculum,false,train_only
syn_ne_dp_common_intersection_0261,sft_train,numeric_equation,decision_point_common_intersection,numeric_equation_decision_point_curriculum,false,train_only
syn_ne_dp_common_intersection_0262,sft_train,numeric_equation,decision_point_common_intersection,numeric_equation_decision_point_curriculum,false,train_only
syn_ne_dp_common_intersection_0263,sft_train,numeric_equation,decision_point_common_intersection,numeric_equation_decision_point_curriculum,false,train_only
syn_ne_dp_common_intersection_0264,sft_train,numeric_equation,decision_point_common_intersection,numeric_equation_decision_point_curriculum,false,train_only
syn_ne_dp_common_intersection_0265,sft_train,numeric_equation,decision_point_common_intersection,numeric_equation_decision_point_curriculum,false,train_only
syn_ne_dp_common_intersection_0266,sft_train,numeric_equation,decision_point_common_intersection,numeric_equation_decision_point_curriculum,false,train_only
syn_ne_dp_common_intersection_0267,sft_train,numeric_equation,decision_point_common_intersection,numeric_equation_decision_point_curriculum,false,train_only
syn_ne_dp_common_intersection_0268,sft_train,numeric_equation,decision_point_common_intersection,numeric_equation_decision_point_curriculum,false,train_only
syn_ne_dp_common_intersection_0269,sft_train,numeric_equation,decision_point_common_intersection,numeric_equation_decision_point_curriculum,false,train_only
syn_ne_dp_common_intersection_0270,sft_train,numeric_equation,decision_point_common_intersection,numeric_equation_decision_point_curriculum,false,train_only
syn_ne_dp_common_intersection_0271,sft_train,numeric_equation,decision_point_common_intersection,numeric_equation_decision_point_curriculum,false,train_only
syn_ne_dp_common_intersection_0272,sft_train,numeric_equation,decision_point_common_intersection,numeric_equation_decision_point_curriculum,false,train_only
syn_ne_dp_common_intersection_0273,sft_train,numeric_equation,decision_point_common_intersection,numeric_equation_decision_point_curriculum,false,train_only
syn_ne_dp_common_intersection_0274,sft_train,numeric_equation,decision_point_common_intersection,numeric_equation_decision_point_curriculum,false,train_only
syn_ne_dp_common_intersection_0275,sft_train,numeric_equation,decision_point_common_intersection,numeric_equation_decision_point_curriculum,false,train_only
syn_ne_dp_common_intersection_0276,sft_train,numeric_equation,decision_point_common_intersection,numeric_equation_decision_point_curriculum,false,train_only
syn_ne_dp_common_intersection_0277,sft_train,numeric_equation,decision_point_common_intersection,numeric_equation_decision_point_curriculum,false,train_only
syn_ne_dp_common_intersection_0278,sft_train,numeric_equation,decision_point_common_intersection,numeric_equation_decision_point_curriculum,false,train_only
syn_ne_dp_common_intersection_0279,sft_train,numeric_equation,decision_point_common_intersection,numeric_equation_decision_point_curriculum,false,train_only
syn_ne_dp_common_intersection_0280,sft_train,numeric_equation,decision_point_common_intersection,numeric_equation_decision_point_curriculum,false,train_only
syn_ne_dp_common_intersection_0281,sft_train,numeric_equation,decision_point_common_intersection,numeric_equation_decision_point_curriculum,false,train_only
syn_ne_dp_common_intersection_0282,sft_train,numeric_equation,decision_point_common_intersection,numeric_equation_decision_point_curriculum,false,train_only
syn_ne_dp_common_intersection_0283,sft_train,numeric_equation,decision_point_common_intersection,numeric_equation_decision_point_curriculum,false,train_only
syn_ne_dp_common_intersection_0284,sft_train,numeric_equation,decision_point_common_intersection,numeric_equation_decision_point_curriculum,false,train_only
syn_ne_dp_common_intersection_0285,sft_train,numeric_equation,decision_point_common_intersection,numeric_equation_decision_point_curriculum,false,train_only
syn_ne_dp_common_intersection_0286,sft_train,numeric_equation,decision_point_common_intersection,numeric_equation_decision_point_curriculum,false,train_only
syn_ne_dp_common_intersection_0287,sft_train,numeric_equation,decision_point_common_intersection,numeric_equation_decision_point_curriculum,false,train_only
syn_ne_dp_common_intersection_0288,sft_train,numeric_equation,decision_point_common_intersection,numeric_equation_decision_point_curriculum,false,train_only
syn_ne_dp_common_intersection_0289,sft_train,numeric_equation,decision_point_common_intersection,numeric_equation_decision_point_curriculum,false,train_only
syn_ne_dp_common_intersection_0290,sft_train,numeric_equation,decision_point_common_intersection,numeric_equation_decision_point_curriculum,false,train_only
syn_ne_dp_output_format_rendering_0291,sft_train,numeric_equation,decision_point_output_format_rendering,numeric_equation_decision_point_curriculum,false,train_only
syn_ne_dp_output_format_rendering_0292,sft_train,numeric_equation,decision_point_output_format_rendering,numeric_equation_decision_point_curriculum,false,train_only
syn_ne_dp_output_format_rendering_0293,sft_train,numeric_equation,decision_point_output_format_rendering,numeric_equation_decision_point_curriculum,false,train_only
syn_ne_dp_output_format_rendering_0294,sft_train,numeric_equation,decision_point_output_format_rendering,numeric_equation_decision_point_curriculum,false,train_only
syn_ne_dp_output_format_rendering_0295,sft_train,numeric_equation,decision_point_output_format_rendering,numeric_equation_decision_point_curriculum,false,train_only
syn_ne_dp_output_format_rendering_0296,sft_train,numeric_equation,decision_point_output_format_rendering,numeric_equation_decision_point_curriculum,false,train_only
syn_ne_dp_output_format_rendering_0297,sft_train,numeric_equation,decision_point_output_format_rendering,numeric_equation_decision_point_curriculum,false,train_only
syn_ne_dp_output_format_rendering_0298,sft_train,numeric_equation,decision_point_output_format_rendering,numeric_equation_decision_point_curriculum,false,train_only
syn_ne_dp_output_format_rendering_0299,sft_train,numeric_equation,decision_point_output_format_rendering,numeric_equation_decision_point_curriculum,false,train_only
syn_ne_dp_output_format_rendering_0300,sft_train,numeric_equation,decision_point_output_format_rendering,numeric_equation_decision_point_curriculum,false,train_only
syn_ne_dp_output_format_rendering_0301,sft_train,numeric_equation,decision_point_output_format_rendering,numeric_equation_decision_point_curriculum,false,train_only
syn_ne_dp_output_format_rendering_0302,sft_train,numeric_equation,decision_point_output_format_rendering,numeric_equation_decision_point_curriculum,false,train_only
syn_ne_dp_output_format_rendering_0303,sft_train,numeric_equation,decision_point_output_format_rendering,numeric_equation_decision_point_curriculum,false,train_only
syn_ne_dp_output_format_rendering_0304,sft_train,numeric_equation,decision_point_output_format_rendering,numeric_equation_decision_point_curriculum,false,train_only
syn_ne_dp_output_format_rendering_0305,sft_train,numeric_equation,decision_point_output_format_rendering,numeric_equation_decision_point_curriculum,false,train_only
syn_ne_dp_output_format_rendering_0306,sft_train,numeric_equation,decision_point_output_format_rendering,numeric_equation_decision_point_curriculum,false,train_only
syn_ne_dp_output_format_rendering_0307,sft_train,numeric_equation,decision_point_output_format_rendering,numeric_equation_decision_point_curriculum,false,train_only
syn_ne_dp_output_format_rendering_0308,sft_train,numeric_equation,decision_point_output_format_rendering,numeric_equation_decision_point_curriculum,false,train_only
syn_ne_dp_output_format_rendering_0309,sft_train,numeric_equation,decision_point_output_format_rendering,numeric_equation_decision_point_curriculum,false,train_only
syn_ne_dp_output_format_rendering_0310,sft_train,numeric_equation,decision_point_output_format_rendering,numeric_equation_decision_point_curriculum,false,train_only
syn_ne_dp_output_format_rendering_0311,sft_train,numeric_equation,decision_point_output_format_rendering,numeric_equation_decision_point_curriculum,false,train_only
syn_ne_dp_output_format_rendering_0312,sft_train,numeric_equation,decision_point_output_format_rendering,numeric_equation_decision_point_curriculum,false,train_only
syn_ne_dp_output_format_rendering_0313,sft_train,numeric_equation,decision_point_output_format_rendering,numeric_equation_decision_point_curriculum,false,train_only
syn_ne_dp_output_format_rendering_0314,sft_train,numeric_equation,decision_point_output_format_rendering,numeric_equation_decision_point_curriculum,false,train_only
syn_ne_dp_output_format_rendering_0315,sft_train,numeric_equation,decision_point_output_format_rendering,numeric_equation_decision_point_curriculum,false,train_only
syn_ne_dp_output_format_rendering_0316,sft_train,numeric_equation,decision_point_output_format_rendering,numeric_equation_decision_point_curriculum,false,train_only
syn_ne_dp_output_format_rendering_0317,sft_train,numeric_equation,decision_point_output_format_rendering,numeric_equation_decision_point_curriculum,false,train_only
syn_ne_dp_output_format_rendering_0318,sft_train,numeric_equation,decision_point_output_format_rendering,numeric_equation_decision_point_curriculum,false,train_only
syn_ne_dp_output_format_rendering_0319,sft_train,numeric_equation,decision_point_output_format_rendering,numeric_equation_decision_point_curriculum,false,train_only
syn_ne_dp_output_format_rendering_0320,sft_train,numeric_equation,decision_point_output_format_rendering,numeric_equation_decision_point_curriculum,false,train_only
syn_ne_dp_output_format_rendering_0321,sft_train,numeric_equation,decision_point_output_format_rendering,numeric_equation_decision_point_curriculum,false,train_only
syn_ne_dp_output_format_rendering_0322,sft_train,numeric_equation,decision_point_output_format_rendering,numeric_equation_decision_point_curriculum,false,train_only
syn_ne_dp_output_format_rendering_0323,sft_train,numeric_equation,decision_point_output_format_rendering,numeric_equation_decision_point_curriculum,false,train_only
syn_ne_dp_output_format_rendering_0324,sft_train,numeric_equation,decision_point_output_format_rendering,numeric_equation_decision_point_curriculum,false,train_only
syn_ne_dp_output_format_rendering_0325,sft_train,numeric_equation,decision_point_output_format_rendering,numeric_equation_decision_point_curriculum,false,train_only
syn_ne_dp_output_format_rendering_0326,sft_train,numeric_equation,decision_point_output_format_rendering,numeric_equation_decision_point_curriculum,false,train_only
syn_ne_dp_output_format_rendering_0327,sft_train,numeric_equation,decision_point_output_format_rendering,numeric_equation_decision_point_curriculum,false,train_only
syn_ne_dp_output_format_rendering_0328,sft_train,numeric_equation,decision_point_output_format_rendering,numeric_equation_decision_point_curriculum,false,train_only
syn_ne_dp_output_format_rendering_0329,sft_train,numeric_equation,decision_point_output_format_rendering,numeric_equation_decision_point_curriculum,false,train_only
syn_ne_dp_output_format_rendering_0330,sft_train,numeric_equation,decision_point_output_format_rendering,numeric_equation_decision_point_curriculum,false,train_only
syn_ne_dp_output_format_rendering_0331,sft_train,numeric_equation,decision_point_output_format_rendering,numeric_equation_decision_point_curriculum,false,train_only
syn_ne_dp_output_format_rendering_0332,sft_train,numeric_equation,decision_point_output_format_rendering,numeric_equation_decision_point_curriculum,false,train_only
syn_ne_dp_output_format_rendering_0333,sft_train,numeric_equation,decision_point_output_format_rendering,numeric_equation_decision_point_curriculum,false,train_only
syn_ne_dp_output_format_rendering_0334,sft_train,numeric_equation,decision_point_output_format_rendering,numeric_equation_decision_point_curriculum,false,train_only
syn_ne_dp_output_format_rendering_0335,sft_train,numeric_equation,decision_point_output_format_rendering,numeric_equation_decision_point_curriculum,false,train_only
syn_ne_dp_output_format_rendering_0336,sft_train,numeric_equation,decision_point_output_format_rendering,numeric_equation_decision_point_curriculum,false,train_only
syn_ne_dp_output_format_rendering_0337,sft_train,numeric_equation,decision_point_output_format_rendering,numeric_equation_decision_point_curriculum,false,train_only
syn_ne_dp_output_format_rendering_0338,sft_train,numeric_equation,decision_point_output_format_rendering,numeric_equation_decision_point_curriculum,false,train_only
syn_ne_dp_output_format_rendering_0339,sft_train,numeric_equation,decision_point_output_format_rendering,numeric_equation_decision_point_curriculum,false,train_only
syn_ne_dp_output_format_rendering_0340,sft_train,numeric_equation,decision_point_output_format_rendering,numeric_equation_decision_point_curriculum,false,train_only
syn_ne_dp_output_format_rendering_0341,sft_train,numeric_equation,decision_point_output_format_rendering,numeric_equation_decision_point_curriculum,false,train_only
syn_ne_dp_output_format_rendering_0342,sft_train,numeric_equation,decision_point_output_format_rendering,numeric_equation_decision_point_curriculum,false,train_only
syn_ne_dp_output_format_rendering_0343,sft_train,numeric_equation,decision_point_output_format_rendering,numeric_equation_decision_point_curriculum,false,train_only
syn_ne_dp_output_format_rendering_0344,sft_train,numeric_equation,decision_point_output_format_rendering,numeric_equation_decision_point_curriculum,false,train_only
syn_ne_dp_output_format_rendering_0345,sft_train,numeric_equation,decision_point_output_format_rendering,numeric_equation_decision_point_curriculum,false,train_only
syn_ne_dp_output_format_rendering_0346,sft_train,numeric_equation,decision_point_output_format_rendering,numeric_equation_decision_point_curriculum,false,train_only
syn_ne_dp_output_format_rendering_0347,sft_train,numeric_equation,decision_point_output_format_rendering,numeric_equation_decision_point_curriculum,false,train_only
syn_ne_dp_output_format_rendering_0348,sft_train,numeric_equation,decision_point_output_format_rendering,numeric_equation_decision_point_curriculum,false,train_only
syn_ne_dp_output_format_rendering_0349,sft_train,numeric_equation,decision_point_output_format_rendering,numeric_equation_decision_point_curriculum,false,train_only
syn_ne_dp_output_format_rendering_0350,sft_train,numeric_equation,decision_point_output_format_rendering,numeric_equation_decision_point_curriculum,false,train_only
syn_ne_dp_output_format_rendering_0351,sft_train,numeric_equation,decision_point_output_format_rendering,numeric_equation_decision_point_curriculum,false,train_only
syn_ne_dp_output_format_rendering_0352,sft_train,numeric_equation,decision_point_output_format_rendering,numeric_equation_decision_point_curriculum,false,train_only
syn_ne_dp_output_format_rendering_0353,sft_train,numeric_equation,decision_point_output_format_rendering,numeric_equation_decision_point_curriculum,false,train_only
syn_ne_dp_output_format_rendering_0354,sft_train,numeric_equation,decision_point_output_format_rendering,numeric_equation_decision_point_curriculum,false,train_only
syn_ne_dp_output_format_rendering_0355,sft_train,numeric_equation,decision_point_output_format_rendering,numeric_equation_decision_point_curriculum,false,train_only
syn_ne_dp_output_format_rendering_0356,sft_train,numeric_equation,decision_point_output_format_rendering,numeric_equation_decision_point_curriculum,false,train_only
syn_ne_dp_output_format_rendering_0357,sft_train,numeric_equation,decision_point_output_format_rendering,numeric_equation_decision_point_curriculum,false,train_only
syn_ne_dp_output_format_rendering_0358,sft_train,numeric_equation,decision_point_output_format_rendering,numeric_equation_decision_point_curriculum,false,train_only
syn_ne_dp_output_format_rendering_0359,sft_train,numeric_equation,decision_point_output_format_rendering,numeric_equation_decision_point_curriculum,false,train_only
syn_ne_dp_output_format_rendering_0360,sft_train,numeric_equation,decision_point_output_format_rendering,numeric_equation_decision_point_curriculum,false,train_only
syn_ne_dp_output_format_rendering_0361,sft_train,numeric_equation,decision_point_output_format_rendering,numeric_equation_decision_point_curriculum,false,train_only
syn_ne_dp_output_format_rendering_0362,sft_train,numeric_equation,decision_point_output_format_rendering,numeric_equation_decision_point_curriculum,false,train_only
syn_ne_dp_output_format_rendering_0363,sft_train,numeric_equation,decision_point_output_format_rendering,numeric_equation_decision_point_curriculum,false,train_only
syn_ne_dp_output_format_rendering_0364,sft_train,numeric_equation,decision_point_output_format_rendering,numeric_equation_decision_point_curriculum,false,train_only
syn_ne_dp_output_format_rendering_0365,sft_train,numeric_equation,decision_point_output_format_rendering,numeric_equation_decision_point_curriculum,false,train_only
syn_ne_dp_output_format_rendering_0366,sft_train,numeric_equation,decision_point_output_format_rendering,numeric_equation_decision_point_curriculum,false,train_only
syn_ne_dp_output_format_rendering_0367,sft_train,numeric_equation,decision_point_output_format_rendering,numeric_equation_decision_point_curriculum,false,train_only
syn_ne_dp_output_format_rendering_0368,sft_train,numeric_equation,decision_point_output_format_rendering,numeric_equation_decision_point_curriculum,false,train_only
syn_ne_dp_output_format_rendering_0369,sft_train,numeric_equation,decision_point_output_format_rendering,numeric_equation_decision_point_curriculum,false,train_only
syn_ne_dp_output_format_rendering_0370,sft_train,numeric_equation,decision_point_output_format_rendering,numeric_equation_decision_point_curriculum,false,train_only
syn_ne_dp_output_format_rendering_0371,sft_train,numeric_equation,decision_point_output_format_rendering,numeric_equation_decision_point_curriculum,false,train_only
syn_ne_dp_output_format_rendering_0372,sft_train,numeric_equation,decision_point_output_format_rendering,numeric_equation_decision_point_curriculum,false,train_only
syn_ne_dp_output_format_rendering_0373,sft_train,numeric_equation,decision_point_output_format_rendering,numeric_equation_decision_point_curriculum,false,train_only
syn_ne_dp_output_format_rendering_0374,sft_train,numeric_equation,decision_point_output_format_rendering,numeric_equation_decision_point_curriculum,false,train_only
syn_ne_dp_output_format_rendering_0375,sft_train,numeric_equation,decision_point_output_format_rendering,numeric_equation_decision_point_curriculum,false,train_only
syn_ne_dp_output_format_rendering_0376,sft_train,numeric_equation,decision_point_output_format_rendering,numeric_equation_decision_point_curriculum,false,train_only
syn_ne_dp_output_format_rendering_0377,sft_train,numeric_equation,decision_point_output_format_rendering,numeric_equation_decision_point_curriculum,false,train_only
syn_ne_dp_output_format_rendering_0378,sft_train,numeric_equation,decision_point_output_format_rendering,numeric_equation_decision_point_curriculum,false,train_only
syn_ne_dp_output_format_rendering_0379,sft_train,numeric_equation,decision_point_output_format_rendering,numeric_equation_decision_point_curriculum,false,train_only
syn_ne_dp_output_format_rendering_0380,sft_train,numeric_equation,decision_point_output_format_rendering,numeric_equation_decision_point_curriculum,false,train_only
syn_ne_dp_output_format_rendering_0381,sft_train,numeric_equation,decision_point_output_format_rendering,numeric_equation_decision_point_curriculum,false,train_only
syn_ne_dp_output_format_rendering_0382,sft_train,numeric_equation,decision_point_output_format_rendering,numeric_equation_decision_point_curriculum,false,train_only
syn_ne_dp_output_format_rendering_0383,sft_train,numeric_equation,decision_point_output_format_rendering,numeric_equation_decision_point_curriculum,false,train_only
syn_ne_dp_output_format_rendering_0384,sft_train,numeric_equation,decision_point_output_format_rendering,numeric_equation_decision_point_curriculum,false,train_only
syn_ne_dp_output_format_rendering_0385,sft_train,numeric_equation,decision_point_output_format_rendering,numeric_equation_decision_point_curriculum,false,train_only
syn_ne_dp_output_format_rendering_0386,sft_train,numeric_equation,decision_point_output_format_rendering,numeric_equation_decision_point_curriculum,false,train_only
syn_ne_dp_output_format_rendering_0387,sft_train,numeric_equation,decision_point_output_format_rendering,numeric_equation_decision_point_curriculum,false,train_only
syn_ne_dp_output_format_rendering_0388,sft_train,numeric_equation,decision_point_output_format_rendering,numeric_equation_decision_point_curriculum,false,train_only
syn_ne_dp_output_format_rendering_0389,sft_train,numeric_equation,decision_point_output_format_rendering,numeric_equation_decision_point_curriculum,false,train_only
syn_ne_dp_output_format_rendering_0390,sft_train,numeric_equation,decision_point_output_format_rendering,numeric_equation_decision_point_curriculum,false,train_only
syn_ne_dp_output_format_rendering_0391,sft_train,numeric_equation,decision_point_output_format_rendering,numeric_equation_decision_point_curriculum,false,train_only
syn_ne_dp_output_format_rendering_0392,sft_train,numeric_equation,decision_point_output_format_rendering,numeric_equation_decision_point_curriculum,false,train_only
syn_ne_dp_output_format_rendering_0393,sft_train,numeric_equation,decision_point_output_format_rendering,numeric_equation_decision_point_curriculum,false,train_only
syn_ne_dp_output_format_rendering_0394,sft_train,numeric_equation,decision_point_output_format_rendering,numeric_equation_decision_point_curriculum,false,train_only
syn_ne_dp_output_format_rendering_0395,sft_train,numeric_equation,decision_point_output_format_rendering,numeric_equation_decision_point_curriculum,false,train_only
syn_ne_dp_output_format_rendering_0396,sft_train,numeric_equation,decision_point_output_format_rendering,numeric_equation_decision_point_curriculum,false,train_only
syn_ne_dp_output_format_rendering_0397,sft_train,numeric_equation,decision_point_output_format_rendering,numeric_equation_decision_point_curriculum,false,train_only
syn_ne_dp_output_format_rendering_0398,sft_train,numeric_equation,decision_point_output_format_rendering,numeric_equation_decision_point_curriculum,false,train_only
syn_ne_dp_output_format_rendering_0399,sft_train,numeric_equation,decision_point_output_format_rendering,numeric_equation_decision_point_curriculum,false,train_only
syn_ne_dp_output_format_rendering_0400,sft_train,numeric_equation,decision_point_output_format_rendering,numeric_equation_decision_point_curriculum,false,train_only
syn_ne_dp_output_format_rendering_0401,sft_train,numeric_equation,decision_point_output_format_rendering,numeric_equation_decision_point_curriculum,false,train_only
syn_ne_dp_output_format_rendering_0402,sft_train,numeric_equation,decision_point_output_format_rendering,numeric_equation_decision_point_curriculum,false,train_only
syn_ne_dp_output_format_rendering_0403,sft_train,numeric_equation,decision_point_output_format_rendering,numeric_equation_decision_point_curriculum,false,train_only
syn_ne_dp_output_format_rendering_0404,sft_train,numeric_equation,decision_point_output_format_rendering,numeric_equation_decision_point_curriculum,false,train_only
syn_ne_dp_output_format_rendering_0405,sft_train,numeric_equation,decision_point_output_format_rendering,numeric_equation_decision_point_curriculum,false,train_only
syn_ne_dp_output_format_rendering_0406,sft_train,numeric_equation,decision_point_output_format_rendering,numeric_equation_decision_point_curriculum,false,train_only
syn_ne_dp_output_format_rendering_0407,sft_train,numeric_equation,decision_point_output_format_rendering,numeric_equation_decision_point_curriculum,false,train_only
syn_ne_dp_output_format_rendering_0408,sft_train,numeric_equation,decision_point_output_format_rendering,numeric_equation_decision_point_curriculum,false,train_only
syn_ne_dp_output_format_rendering_0409,sft_train,numeric_equation,decision_point_output_format_rendering,numeric_equation_decision_point_curriculum,false,train_only
syn_ne_dp_output_format_rendering_0410,sft_train,numeric_equation,decision_point_output_format_rendering,numeric_equation_decision_point_curriculum,false,train_only
syn_ne_dp_output_format_rendering_0411,sft_train,numeric_equation,decision_point_output_format_rendering,numeric_equation_decision_point_curriculum,false,train_only
syn_ne_dp_output_format_rendering_0412,sft_train,numeric_equation,decision_point_output_format_rendering,numeric_equation_decision_point_curriculum,false,train_only
syn_ne_dp_output_format_rendering_0413,sft_train,numeric_equation,decision_point_output_format_rendering,numeric_equation_decision_point_curriculum,false,train_only
syn_ne_dp_output_format_rendering_0414,sft_train,numeric_equation,decision_point_output_format_rendering,numeric_equation_decision_point_curriculum,false,train_only
syn_ne_dp_output_format_rendering_0415,sft_train,numeric_equation,decision_point_output_format_rendering,numeric_equation_decision_point_curriculum,false,train_only
syn_ne_dp_output_format_rendering_0416,sft_train,numeric_equation,decision_point_output_format_rendering,numeric_equation_decision_point_curriculum,false,train_only
syn_ne_dp_output_format_rendering_0417,sft_train,numeric_equation,decision_point_output_format_rendering,numeric_equation_decision_point_curriculum,false,train_only
syn_ne_dp_output_format_rendering_0418,sft_train,numeric_equation,decision_point_output_format_rendering,numeric_equation_decision_point_curriculum,false,train_only
syn_ne_dp_output_format_rendering_0419,sft_train,numeric_equation,decision_point_output_format_rendering,numeric_equation_decision_point_curriculum,false,train_only
syn_ne_dp_output_format_rendering_0420,sft_train,numeric_equation,decision_point_output_format_rendering,numeric_equation_decision_point_curriculum,false,train_only
syn_ne_dp_output_format_rendering_0421,sft_train,numeric_equation,decision_point_output_format_rendering,numeric_equation_decision_point_curriculum,false,train_only
syn_ne_dp_output_format_rendering_0422,sft_train,numeric_equation,decision_point_output_format_rendering,numeric_equation_decision_point_curriculum,false,train_only
syn_ne_dp_output_format_rendering_0423,sft_train,numeric_equation,decision_point_output_format_rendering,numeric_equation_decision_point_curriculum,false,train_only
syn_ne_dp_output_format_rendering_0424,sft_train,numeric_equation,decision_point_output_format_rendering,numeric_equation_decision_point_curriculum,false,train_only
syn_ne_dp_output_format_rendering_0425,sft_train,numeric_equation,decision_point_output_format_rendering,numeric_equation_decision_point_curriculum,false,train_only
syn_ne_dp_output_format_rendering_0426,sft_train,numeric_equation,decision_point_output_format_rendering,numeric_equation_decision_point_curriculum,false,train_only
syn_ne_dp_output_format_rendering_0427,sft_train,numeric_equation,decision_point_output_format_rendering,numeric_equation_decision_point_curriculum,false,train_only
syn_ne_dp_output_format_rendering_0428,sft_train,numeric_equation,decision_point_output_format_rendering,numeric_equation_decision_point_curriculum,false,train_only
syn_ne_dp_output_format_rendering_0429,sft_train,numeric_equation,decision_point_output_format_rendering,numeric_equation_decision_point_curriculum,false,train_only
syn_ne_dp_output_format_rendering_0430,sft_train,numeric_equation,decision_point_output_format_rendering,numeric_equation_decision_point_curriculum,false,train_only
syn_ne_dp_output_format_rendering_0431,sft_train,numeric_equation,decision_point_output_format_rendering,numeric_equation_decision_point_curriculum,false,train_only
syn_ne_dp_output_format_rendering_0432,sft_train,numeric_equation,decision_point_output_format_rendering,numeric_equation_decision_point_curriculum,false,train_only
syn_ne_dp_output_format_rendering_0433,sft_train,numeric_equation,decision_point_output_format_rendering,numeric_equation_decision_point_curriculum,false,train_only
syn_ne_dp_output_format_rendering_0434,sft_train,numeric_equation,decision_point_output_format_rendering,numeric_equation_decision_point_curriculum,false,train_only
syn_ne_dp_output_format_rendering_0435,sft_train,numeric_equation,decision_point_output_format_rendering,numeric_equation_decision_point_curriculum,false,train_only
syn_ne_dp_output_format_rendering_0436,sft_train,numeric_equation,decision_point_output_format_rendering,numeric_equation_decision_point_curriculum,false,train_only
syn_ne_dp_output_format_rendering_0437,sft_train,numeric_equation,decision_point_output_format_rendering,numeric_equation_decision_point_curriculum,false,train_only
syn_ne_dp_output_format_rendering_0438,sft_train,numeric_equation,decision_point_output_format_rendering,numeric_equation_decision_point_curriculum,false,train_only
syn_ne_dp_output_format_rendering_0439,sft_train,numeric_equation,decision_point_output_format_rendering,numeric_equation_decision_point_curriculum,false,train_only
syn_ne_dp_output_format_rendering_0440,sft_train,numeric_equation,decision_point_output_format_rendering,numeric_equation_decision_point_curriculum,false,train_only
syn_ne_dp_output_format_rendering_0441,sft_train,numeric_equation,decision_point_output_format_rendering,numeric_equation_decision_point_curriculum,false,train_only
syn_ne_dp_output_format_rendering_0442,sft_train,numeric_equation,decision_point_output_format_rendering,numeric_equation_decision_point_curriculum,false,train_only
syn_ne_dp_output_format_rendering_0443,sft_train,numeric_equation,decision_point_output_format_rendering,numeric_equation_decision_point_curriculum,false,train_only
syn_ne_dp_output_format_rendering_0444,sft_train,numeric_equation,decision_point_output_format_rendering,numeric_equation_decision_point_curriculum,false,train_only
syn_ne_dp_output_format_rendering_0445,sft_train,numeric_equation,decision_point_output_format_rendering,numeric_equation_decision_point_curriculum,false,train_only
syn_ne_dp_output_format_rendering_0446,sft_train,numeric_equation,decision_point_output_format_rendering,numeric_equation_decision_point_curriculum,false,train_only
syn_ne_dp_output_format_rendering_0447,sft_train,numeric_equation,decision_point_output_format_rendering,numeric_equation_decision_point_curriculum,false,train_only
syn_ne_dp_output_format_rendering_0448,sft_train,numeric_equation,decision_point_output_format_rendering,numeric_equation_decision_point_curriculum,false,train_only
syn_ne_dp_output_format_rendering_0449,sft_train,numeric_equation,decision_point_output_format_rendering,numeric_equation_decision_point_curriculum,false,train_only
syn_ne_dp_output_format_rendering_0450,sft_train,numeric_equation,decision_point_output_format_rendering,numeric_equation_decision_point_curriculum,false,train_only
syn_ne_dp_output_format_rendering_0451,sft_train,numeric_equation,decision_point_output_format_rendering,numeric_equation_decision_point_curriculum,false,train_only
syn_ne_dp_output_format_rendering_0452,sft_train,numeric_equation,decision_point_output_format_rendering,numeric_equation_decision_point_curriculum,false,train_only
syn_ne_dp_output_format_rendering_0453,sft_train,numeric_equation,decision_point_output_format_rendering,numeric_equation_decision_point_curriculum,false,train_only
syn_ne_dp_output_format_rendering_0454,sft_train,numeric_equation,decision_point_output_format_rendering,numeric_equation_decision_point_curriculum,false,train_only
syn_ne_dp_output_format_rendering_0455,sft_train,numeric_equation,decision_point_output_format_rendering,numeric_equation_decision_point_curriculum,false,train_only
syn_ne_dp_output_format_rendering_0456,sft_train,numeric_equation,decision_point_output_format_rendering,numeric_equation_decision_point_curriculum,false,train_only
syn_ne_dp_output_format_rendering_0457,sft_train,numeric_equation,decision_point_output_format_rendering,numeric_equation_decision_point_curriculum,false,train_only
syn_ne_dp_output_format_rendering_0458,sft_train,numeric_equation,decision_point_output_format_rendering,numeric_equation_decision_point_curriculum,false,train_only
syn_ne_dp_output_format_rendering_0459,sft_train,numeric_equation,decision_point_output_format_rendering,numeric_equation_decision_point_curriculum,false,train_only
syn_ne_dp_output_format_rendering_0460,sft_train,numeric_equation,decision_point_output_format_rendering,numeric_equation_decision_point_curriculum,false,train_only
syn_ne_dp_output_format_rendering_0461,sft_train,numeric_equation,decision_point_output_format_rendering,numeric_equation_decision_point_curriculum,false,train_only
syn_ne_dp_output_format_rendering_0462,sft_train,numeric_equation,decision_point_output_format_rendering,numeric_equation_decision_point_curriculum,false,train_only
syn_ne_dp_output_format_rendering_0463,sft_train,numeric_equation,decision_point_output_format_rendering,numeric_equation_decision_point_curriculum,false,train_only
syn_ne_dp_output_format_rendering_0464,sft_train,numeric_equation,decision_point_output_format_rendering,numeric_equation_decision_point_curriculum,false,train_only
syn_ne_dp_output_format_rendering_0465,sft_train,numeric_equation,decision_point_output_format_rendering,numeric_equation_decision_point_curriculum,false,train_only
syn_ne_dp_output_format_rendering_0466,sft_train,numeric_equation,decision_point_output_format_rendering,numeric_equation_decision_point_curriculum,false,train_only
syn_ne_dp_output_format_rendering_0467,sft_train,numeric_equation,decision_point_output_format_rendering,numeric_equation_decision_point_curriculum,false,train_only
syn_ne_dp_output_format_rendering_0468,sft_train,numeric_equation,decision_point_output_format_rendering,numeric_equation_decision_point_curriculum,false,train_only
syn_ne_dp_output_format_rendering_0469,sft_train,numeric_equation,decision_point_output_format_rendering,numeric_equation_decision_point_curriculum,false,train_only
syn_ne_dp_output_format_rendering_0470,sft_train,numeric_equation,decision_point_output_format_rendering,numeric_equation_decision_point_curriculum,false,train_only
syn_ne_dp_output_format_rendering_0471,sft_train,numeric_equation,decision_point_output_format_rendering,numeric_equation_decision_point_curriculum,false,train_only
syn_ne_dp_output_format_rendering_0472,sft_train,numeric_equation,decision_point_output_format_rendering,numeric_equation_decision_point_curriculum,false,train_only
syn_ne_dp_output_format_rendering_0473,sft_train,numeric_equation,decision_point_output_format_rendering,numeric_equation_decision_point_curriculum,false,train_only
syn_ne_dp_output_format_rendering_0474,sft_train,numeric_equation,decision_point_output_format_rendering,numeric_equation_decision_point_curriculum,false,train_only
syn_ne_dp_output_format_rendering_0475,sft_train,numeric_equation,decision_point_output_format_rendering,numeric_equation_decision_point_curriculum,false,train_only
syn_ne_dp_output_format_rendering_0476,sft_train,numeric_equation,decision_point_output_format_rendering,numeric_equation_decision_point_curriculum,false,train_only
syn_ne_dp_output_format_rendering_0477,sft_train,numeric_equation,decision_point_output_format_rendering,numeric_equation_decision_point_curriculum,false,train_only
syn_ne_dp_output_format_rendering_0478,sft_train,numeric_equation,decision_point_output_format_rendering,numeric_equation_decision_point_curriculum,false,train_only
syn_ne_dp_output_format_rendering_0479,sft_train,numeric_equation,decision_point_output_format_rendering,numeric_equation_decision_point_curriculum,false,train_only
syn_ne_dp_output_format_rendering_0480,sft_train,numeric_equation,decision_point_output_format_rendering,numeric_equation_decision_point_curriculum,false,train_only
syn_ne_dp_output_format_rendering_0481,sft_train,numeric_equation,decision_point_output_format_rendering,numeric_equation_decision_point_curriculum,false,train_only
syn_ne_dp_output_format_rendering_0482,sft_train,numeric_equation,decision_point_output_format_rendering,numeric_equation_decision_point_curriculum,false,train_only
syn_ne_dp_output_format_rendering_0483,sft_train,numeric_equation,decision_point_output_format_rendering,numeric_equation_decision_point_curriculum,false,train_only
syn_ne_dp_output_format_rendering_0484,sft_train,numeric_equation,decision_point_output_format_rendering,numeric_equation_decision_point_curriculum,false,train_only
syn_ne_dp_output_format_rendering_0485,sft_train,numeric_equation,decision_point_output_format_rendering,numeric_equation_decision_point_curriculum,false,train_only
syn_ne_dp_output_format_rendering_0486,sft_train,numeric_equation,decision_point_output_format_rendering,numeric_equation_decision_point_curriculum,false,train_only
syn_ne_dp_output_format_rendering_0487,sft_train,numeric_equation,decision_point_output_format_rendering,numeric_equation_decision_point_curriculum,false,train_only
syn_ne_dp_output_format_rendering_0488,sft_train,numeric_equation,decision_point_output_format_rendering,numeric_equation_decision_point_curriculum,false,train_only
syn_ne_dp_output_format_rendering_0489,sft_train,numeric_equation,decision_point_output_format_rendering,numeric_equation_decision_point_curriculum,false,train_only
syn_ne_dp_output_format_rendering_0490,sft_train,numeric_equation,decision_point_output_format_rendering,numeric_equation_decision_point_curriculum,false,train_only
syn_ne_dp_output_format_rendering_0491,sft_train,numeric_equation,decision_point_output_format_rendering,numeric_equation_decision_point_curriculum,false,train_only
syn_ne_dp_output_format_rendering_0492,sft_train,numeric_equation,decision_point_output_format_rendering,numeric_equation_decision_point_curriculum,false,train_only
syn_ne_dp_output_format_rendering_0493,sft_train,numeric_equation,decision_point_output_format_rendering,numeric_equation_decision_point_curriculum,false,train_only
syn_ne_dp_output_format_rendering_0494,sft_train,numeric_equation,decision_point_output_format_rendering,numeric_equation_decision_point_curriculum,false,train_only
syn_ne_dp_output_format_rendering_0495,sft_train,numeric_equation,decision_point_output_format_rendering,numeric_equation_decision_point_curriculum,false,train_only
syn_ne_dp_output_format_rendering_0496,sft_train,numeric_equation,decision_point_output_format_rendering,numeric_equation_decision_point_curriculum,false,train_only
syn_ne_dp_output_format_rendering_0497,sft_train,numeric_equation,decision_point_output_format_rendering,numeric_equation_decision_point_curriculum,false,train_only
syn_ne_dp_output_format_rendering_0498,sft_train,numeric_equation,decision_point_output_format_rendering,numeric_equation_decision_point_curriculum,false,train_only
syn_ne_dp_output_format_rendering_0499,sft_train,numeric_equation,decision_point_output_format_rendering,numeric_equation_decision_point_curriculum,false,train_only
syn_ne_dp_output_format_rendering_0500,sft_train,numeric_equation,decision_point_output_format_rendering,numeric_equation_decision_point_curriculum,false,train_only
syn_ne_dp_output_format_rendering_0501,sft_train,numeric_equation,decision_point_output_format_rendering,numeric_equation_decision_point_curriculum,false,train_only
syn_ne_dp_output_format_rendering_0502,sft_train,numeric_equation,decision_point_output_format_rendering,numeric_equation_decision_point_curriculum,false,train_only
syn_ne_dp_output_format_rendering_0503,sft_train,numeric_equation,decision_point_output_format_rendering,numeric_equation_decision_point_curriculum,false,train_only
syn_ne_dp_output_format_rendering_0504,sft_train,numeric_equation,decision_point_output_format_rendering,numeric_equation_decision_point_curriculum,false,train_only
syn_ne_dp_output_format_rendering_0505,sft_train,numeric_equation,decision_point_output_format_rendering,numeric_equation_decision_point_curriculum,false,train_only
syn_ne_dp_output_format_rendering_0506,sft_train,numeric_equation,decision_point_output_format_rendering,numeric_equation_decision_point_curriculum,false,train_only
syn_ne_dp_output_format_rendering_0507,sft_train,numeric_equation,decision_point_output_format_rendering,numeric_equation_decision_point_curriculum,false,train_only
syn_ne_dp_output_format_rendering_0508,sft_train,numeric_equation,decision_point_output_format_rendering,numeric_equation_decision_point_curriculum,false,train_only
syn_ne_dp_output_format_rendering_0509,sft_train,numeric_equation,decision_point_output_format_rendering,numeric_equation_decision_point_curriculum,false,train_only
syn_ne_dp_literal_minus_rendering_policy_0510,sft_train,numeric_equation,decision_point_literal_minus_rendering_policy,numeric_equation_decision_point_curriculum,false,train_only
syn_ne_dp_literal_minus_rendering_policy_0511,sft_train,numeric_equation,decision_point_literal_minus_rendering_policy,numeric_equation_decision_point_curriculum,false,train_only
syn_ne_dp_literal_minus_rendering_policy_0512,sft_train,numeric_equation,decision_point_literal_minus_rendering_policy,numeric_equation_decision_point_curriculum,false,train_only
syn_ne_dp_literal_minus_rendering_policy_0513,sft_train,numeric_equation,decision_point_literal_minus_rendering_policy,numeric_equation_decision_point_curriculum,false,train_only
syn_ne_dp_literal_minus_rendering_policy_0514,sft_train,numeric_equation,decision_point_literal_minus_rendering_policy,numeric_equation_decision_point_curriculum,false,train_only
syn_ne_dp_literal_minus_rendering_policy_0515,sft_train,numeric_equation,decision_point_literal_minus_rendering_policy,numeric_equation_decision_point_curriculum,false,train_only
syn_ne_dp_literal_minus_rendering_policy_0516,sft_train,numeric_equation,decision_point_literal_minus_rendering_policy,numeric_equation_decision_point_curriculum,false,train_only
syn_ne_dp_literal_minus_rendering_policy_0517,sft_train,numeric_equation,decision_point_literal_minus_rendering_policy,numeric_equation_decision_point_curriculum,false,train_only
syn_ne_dp_literal_minus_rendering_policy_0518,sft_train,numeric_equation,decision_point_literal_minus_rendering_policy,numeric_equation_decision_point_curriculum,false,train_only
syn_ne_dp_literal_minus_rendering_policy_0519,sft_train,numeric_equation,decision_point_literal_minus_rendering_policy,numeric_equation_decision_point_curriculum,false,train_only
syn_ne_dp_literal_minus_rendering_policy_0520,sft_train,numeric_equation,decision_point_literal_minus_rendering_policy,numeric_equation_decision_point_curriculum,false,train_only
syn_ne_dp_literal_minus_rendering_policy_0521,sft_train,numeric_equation,decision_point_literal_minus_rendering_policy,numeric_equation_decision_point_curriculum,false,train_only
syn_ne_dp_literal_minus_rendering_policy_0522,sft_train,numeric_equation,decision_point_literal_minus_rendering_policy,numeric_equation_decision_point_curriculum,false,train_only
syn_ne_dp_literal_minus_rendering_policy_0523,sft_train,numeric_equation,decision_point_literal_minus_rendering_policy,numeric_equation_decision_point_curriculum,false,train_only
syn_ne_dp_literal_minus_rendering_policy_0524,sft_train,numeric_equation,decision_point_literal_minus_rendering_policy,numeric_equation_decision_point_curriculum,false,train_only
syn_ne_dp_literal_minus_rendering_policy_0525,sft_train,numeric_equation,decision_point_literal_minus_rendering_policy,numeric_equation_decision_point_curriculum,false,train_only
syn_ne_dp_literal_minus_rendering_policy_0526,sft_train,numeric_equation,decision_point_literal_minus_rendering_policy,numeric_equation_decision_point_curriculum,false,train_only
syn_ne_dp_literal_minus_rendering_policy_0527,sft_train,numeric_equation,decision_point_literal_minus_rendering_policy,numeric_equation_decision_point_curriculum,false,train_only
syn_ne_dp_literal_minus_rendering_policy_0528,sft_train,numeric_equation,decision_point_literal_minus_rendering_policy,numeric_equation_decision_point_curriculum,false,train_only
syn_ne_dp_literal_minus_rendering_policy_0529,sft_train,numeric_equation,decision_point_literal_minus_rendering_policy,numeric_equation_decision_point_curriculum,false,train_only
syn_ne_dp_literal_minus_rendering_policy_0530,sft_train,numeric_equation,decision_point_literal_minus_rendering_policy,numeric_equation_decision_point_curriculum,false,train_only
syn_ne_dp_literal_minus_rendering_policy_0531,sft_train,numeric_equation,decision_point_literal_minus_rendering_policy,numeric_equation_decision_point_curriculum,false,train_only
syn_ne_dp_literal_minus_rendering_policy_0532,sft_train,numeric_equation,decision_point_literal_minus_rendering_policy,numeric_equation_decision_point_curriculum,false,train_only
syn_ne_dp_literal_minus_rendering_policy_0533,sft_train,numeric_equation,decision_point_literal_minus_rendering_policy,numeric_equation_decision_point_curriculum,false,train_only
syn_ne_dp_literal_minus_rendering_policy_0534,sft_train,numeric_equation,decision_point_literal_minus_rendering_policy,numeric_equation_decision_point_curriculum,false,train_only
syn_ne_dp_literal_minus_rendering_policy_0535,sft_train,numeric_equation,decision_point_literal_minus_rendering_policy,numeric_equation_decision_point_curriculum,false,train_only
syn_ne_dp_literal_minus_rendering_policy_0536,sft_train,numeric_equation,decision_point_literal_minus_rendering_policy,numeric_equation_decision_point_curriculum,false,train_only
syn_ne_dp_literal_minus_rendering_policy_0537,sft_train,numeric_equation,decision_point_literal_minus_rendering_policy,numeric_equation_decision_point_curriculum,false,train_only
syn_ne_dp_literal_minus_rendering_policy_0538,sft_train,numeric_equation,decision_point_literal_minus_rendering_policy,numeric_equation_decision_point_curriculum,false,train_only
syn_ne_dp_literal_minus_rendering_policy_0539,sft_train,numeric_equation,decision_point_literal_minus_rendering_policy,numeric_equation_decision_point_curriculum,false,train_only
syn_ne_dp_literal_minus_rendering_policy_0540,sft_train,numeric_equation,decision_point_literal_minus_rendering_policy,numeric_equation_decision_point_curriculum,false,train_only
syn_ne_dp_literal_minus_rendering_policy_0541,sft_train,numeric_equation,decision_point_literal_minus_rendering_policy,numeric_equation_decision_point_curriculum,false,train_only
syn_ne_dp_literal_minus_rendering_policy_0542,sft_train,numeric_equation,decision_point_literal_minus_rendering_policy,numeric_equation_decision_point_curriculum,false,train_only
syn_ne_dp_literal_minus_rendering_policy_0543,sft_train,numeric_equation,decision_point_literal_minus_rendering_policy,numeric_equation_decision_point_curriculum,false,train_only
syn_ne_dp_literal_minus_rendering_policy_0544,sft_train,numeric_equation,decision_point_literal_minus_rendering_policy,numeric_equation_decision_point_curriculum,false,train_only
syn_ne_dp_literal_minus_rendering_policy_0545,sft_train,numeric_equation,decision_point_literal_minus_rendering_policy,numeric_equation_decision_point_curriculum,false,train_only
syn_ne_dp_literal_minus_rendering_policy_0546,sft_train,numeric_equation,decision_point_literal_minus_rendering_policy,numeric_equation_decision_point_curriculum,false,train_only
syn_ne_dp_literal_minus_rendering_policy_0547,sft_train,numeric_equation,decision_point_literal_minus_rendering_policy,numeric_equation_decision_point_curriculum,false,train_only
syn_ne_dp_literal_minus_rendering_policy_0548,sft_train,numeric_equation,decision_point_literal_minus_rendering_policy,numeric_equation_decision_point_curriculum,false,train_only
syn_ne_dp_literal_minus_rendering_policy_0549,sft_train,numeric_equation,decision_point_literal_minus_rendering_policy,numeric_equation_decision_point_curriculum,false,train_only
syn_ne_dp_literal_minus_rendering_policy_0550,sft_train,numeric_equation,decision_point_literal_minus_rendering_policy,numeric_equation_decision_point_curriculum,false,train_only
syn_ne_dp_literal_minus_rendering_policy_0551,sft_train,numeric_equation,decision_point_literal_minus_rendering_policy,numeric_equation_decision_point_curriculum,false,train_only
syn_ne_dp_literal_minus_rendering_policy_0552,sft_train,numeric_equation,decision_point_literal_minus_rendering_policy,numeric_equation_decision_point_curriculum,false,train_only
syn_ne_dp_literal_minus_rendering_policy_0553,sft_train,numeric_equation,decision_point_literal_minus_rendering_policy,numeric_equation_decision_point_curriculum,false,train_only
syn_ne_dp_literal_minus_rendering_policy_0554,sft_train,numeric_equation,decision_point_literal_minus_rendering_policy,numeric_equation_decision_point_curriculum,false,train_only
syn_ne_dp_literal_minus_rendering_policy_0555,sft_train,numeric_equation,decision_point_literal_minus_rendering_policy,numeric_equation_decision_point_curriculum,false,train_only
syn_ne_dp_literal_minus_rendering_policy_0556,sft_train,numeric_equation,decision_point_literal_minus_rendering_policy,numeric_equation_decision_point_curriculum,false,train_only
syn_ne_dp_literal_minus_rendering_policy_0557,sft_train,numeric_equation,decision_point_literal_minus_rendering_policy,numeric_equation_decision_point_curriculum,false,train_only
syn_ne_dp_literal_minus_rendering_policy_0558,sft_train,numeric_equation,decision_point_literal_minus_rendering_policy,numeric_equation_decision_point_curriculum,false,train_only
syn_ne_dp_literal_minus_rendering_policy_0559,sft_train,numeric_equation,decision_point_literal_minus_rendering_policy,numeric_equation_decision_point_curriculum,false,train_only
syn_ne_dp_literal_minus_rendering_policy_0560,sft_train,numeric_equation,decision_point_literal_minus_rendering_policy,numeric_equation_decision_point_curriculum,false,train_only
syn_ne_dp_literal_minus_rendering_policy_0561,sft_train,numeric_equation,decision_point_literal_minus_rendering_policy,numeric_equation_decision_point_curriculum,false,train_only
syn_ne_dp_literal_minus_rendering_policy_0562,sft_train,numeric_equation,decision_point_literal_minus_rendering_policy,numeric_equation_decision_point_curriculum,false,train_only
syn_ne_dp_literal_minus_rendering_policy_0563,sft_train,numeric_equation,decision_point_literal_minus_rendering_policy,numeric_equation_decision_point_curriculum,false,train_only
syn_ne_dp_literal_minus_rendering_policy_0564,sft_train,numeric_equation,decision_point_literal_minus_rendering_policy,numeric_equation_decision_point_curriculum,false,train_only
syn_ne_dp_literal_minus_rendering_policy_0565,sft_train,numeric_equation,decision_point_literal_minus_rendering_policy,numeric_equation_decision_point_curriculum,false,train_only
syn_ne_dp_literal_minus_rendering_policy_0566,sft_train,numeric_equation,decision_point_literal_minus_rendering_policy,numeric_equation_decision_point_curriculum,false,train_only
syn_ne_dp_literal_minus_rendering_policy_0567,sft_train,numeric_equation,decision_point_literal_minus_rendering_policy,numeric_equation_decision_point_curriculum,false,train_only
syn_ne_dp_literal_minus_rendering_policy_0568,sft_train,numeric_equation,decision_point_literal_minus_rendering_policy,numeric_equation_decision_point_curriculum,false,train_only
syn_ne_dp_literal_minus_rendering_policy_0569,sft_train,numeric_equation,decision_point_literal_minus_rendering_policy,numeric_equation_decision_point_curriculum,false,train_only
syn_ne_dp_literal_minus_rendering_policy_0570,sft_train,numeric_equation,decision_point_literal_minus_rendering_policy,numeric_equation_decision_point_curriculum,false,train_only
syn_ne_dp_literal_minus_rendering_policy_0571,sft_train,numeric_equation,decision_point_literal_minus_rendering_policy,numeric_equation_decision_point_curriculum,false,train_only
syn_ne_dp_literal_minus_rendering_policy_0572,sft_train,numeric_equation,decision_point_literal_minus_rendering_policy,numeric_equation_decision_point_curriculum,false,train_only
syn_ne_dp_literal_minus_rendering_policy_0573,sft_train,numeric_equation,decision_point_literal_minus_rendering_policy,numeric_equation_decision_point_curriculum,false,train_only
syn_ne_dp_literal_minus_rendering_policy_0574,sft_train,numeric_equation,decision_point_literal_minus_rendering_policy,numeric_equation_decision_point_curriculum,false,train_only
syn_ne_dp_literal_minus_rendering_policy_0575,sft_train,numeric_equation,decision_point_literal_minus_rendering_policy,numeric_equation_decision_point_curriculum,false,train_only
syn_ne_dp_literal_minus_rendering_policy_0576,sft_train,numeric_equation,decision_point_literal_minus_rendering_policy,numeric_equation_decision_point_curriculum,false,train_only
syn_ne_dp_literal_minus_rendering_policy_0577,sft_train,numeric_equation,decision_point_literal_minus_rendering_policy,numeric_equation_decision_point_curriculum,false,train_only
syn_ne_dp_literal_minus_rendering_policy_0578,sft_train,numeric_equation,decision_point_literal_minus_rendering_policy,numeric_equation_decision_point_curriculum,false,train_only
syn_ne_dp_literal_minus_rendering_policy_0579,sft_train,numeric_equation,decision_point_literal_minus_rendering_policy,numeric_equation_decision_point_curriculum,false,train_only
syn_ne_dp_literal_minus_rendering_policy_0580,sft_train,numeric_equation,decision_point_literal_minus_rendering_policy,numeric_equation_decision_point_curriculum,false,train_only
syn_ne_dp_literal_minus_rendering_policy_0581,sft_train,numeric_equation,decision_point_literal_minus_rendering_policy,numeric_equation_decision_point_curriculum,false,train_only
syn_ne_dp_literal_minus_rendering_policy_0582,sft_train,numeric_equation,decision_point_literal_minus_rendering_policy,numeric_equation_decision_point_curriculum,false,train_only
syn_ne_dp_literal_minus_rendering_policy_0583,sft_train,numeric_equation,decision_point_literal_minus_rendering_policy,numeric_equation_decision_point_curriculum,false,train_only
syn_ne_dp_literal_minus_rendering_policy_0584,sft_train,numeric_equation,decision_point_literal_minus_rendering_policy,numeric_equation_decision_point_curriculum,false,train_only
syn_ne_dp_literal_minus_rendering_policy_0585,sft_train,numeric_equation,decision_point_literal_minus_rendering_policy,numeric_equation_decision_point_curriculum,false,train_only
syn_ne_dp_literal_minus_rendering_policy_0586,sft_train,numeric_equation,decision_point_literal_minus_rendering_policy,numeric_equation_decision_point_curriculum,false,train_only
syn_ne_dp_literal_minus_rendering_policy_0587,sft_train,numeric_equation,decision_point_literal_minus_rendering_policy,numeric_equation_decision_point_curriculum,false,train_only
syn_ne_dp_literal_minus_rendering_policy_0588,sft_train,numeric_equation,decision_point_literal_minus_rendering_policy,numeric_equation_decision_point_curriculum,false,train_only
syn_ne_dp_literal_minus_rendering_policy_0589,sft_train,numeric_equation,decision_point_literal_minus_rendering_policy,numeric_equation_decision_point_curriculum,false,train_only
syn_ne_dp_literal_minus_rendering_policy_0590,sft_train,numeric_equation,decision_point_literal_minus_rendering_policy,numeric_equation_decision_point_curriculum,false,train_only
syn_ne_dp_literal_minus_rendering_policy_0591,sft_train,numeric_equation,decision_point_literal_minus_rendering_policy,numeric_equation_decision_point_curriculum,false,train_only
syn_ne_dp_literal_minus_rendering_policy_0592,sft_train,numeric_equation,decision_point_literal_minus_rendering_policy,numeric_equation_decision_point_curriculum,false,train_only
syn_ne_dp_literal_minus_rendering_policy_0593,sft_train,numeric_equation,decision_point_literal_minus_rendering_policy,numeric_equation_decision_point_curriculum,false,train_only
syn_ne_dp_literal_minus_rendering_policy_0594,sft_train,numeric_equation,decision_point_literal_minus_rendering_policy,numeric_equation_decision_point_curriculum,false,train_only
syn_ne_dp_literal_minus_rendering_policy_0595,sft_train,numeric_equation,decision_point_literal_minus_rendering_policy,numeric_equation_decision_point_curriculum,false,train_only
syn_ne_dp_literal_minus_rendering_policy_0596,sft_train,numeric_equation,decision_point_literal_minus_rendering_policy,numeric_equation_decision_point_curriculum,false,train_only
syn_ne_dp_literal_minus_rendering_policy_0597,sft_train,numeric_equation,decision_point_literal_minus_rendering_policy,numeric_equation_decision_point_curriculum,false,train_only
syn_ne_dp_literal_minus_rendering_policy_0598,sft_train,numeric_equation,decision_point_literal_minus_rendering_policy,numeric_equation_decision_point_curriculum,false,train_only
syn_ne_dp_literal_minus_rendering_policy_0599,sft_train,numeric_equation,decision_point_literal_minus_rendering_policy,numeric_equation_decision_point_curriculum,false,train_only
syn_ne_dp_literal_minus_rendering_policy_0600,sft_train,numeric_equation,decision_point_literal_minus_rendering_policy,numeric_equation_decision_point_curriculum,false,train_only
syn_ne_dp_literal_minus_rendering_policy_0601,sft_train,numeric_equation,decision_point_literal_minus_rendering_policy,numeric_equation_decision_point_curriculum,false,train_only
syn_ne_dp_literal_minus_rendering_policy_0602,sft_train,numeric_equation,decision_point_literal_minus_rendering_policy,numeric_equation_decision_point_curriculum,false,train_only
syn_ne_dp_literal_minus_rendering_policy_0603,sft_train,numeric_equation,decision_point_literal_minus_rendering_policy,numeric_equation_decision_point_curriculum,false,train_only
syn_ne_dp_literal_minus_rendering_policy_0604,sft_train,numeric_equation,decision_point_literal_minus_rendering_policy,numeric_equation_decision_point_curriculum,false,train_only
syn_ne_dp_literal_minus_rendering_policy_0605,sft_train,numeric_equation,decision_point_literal_minus_rendering_policy,numeric_equation_decision_point_curriculum,false,train_only
syn_ne_dp_literal_minus_rendering_policy_0606,sft_train,numeric_equation,decision_point_literal_minus_rendering_policy,numeric_equation_decision_point_curriculum,false,train_only
syn_ne_dp_literal_minus_rendering_policy_0607,sft_train,numeric_equation,decision_point_literal_minus_rendering_policy,numeric_equation_decision_point_curriculum,false,train_only
syn_ne_dp_literal_minus_rendering_policy_0608,sft_train,numeric_equation,decision_point_literal_minus_rendering_policy,numeric_equation_decision_point_curriculum,false,train_only
syn_ne_dp_literal_minus_rendering_policy_0609,sft_train,numeric_equation,decision_point_literal_minus_rendering_policy,numeric_equation_decision_point_curriculum,false,train_only
syn_ne_dp_literal_minus_rendering_policy_0610,sft_train,numeric_equation,decision_point_literal_minus_rendering_policy,numeric_equation_decision_point_curriculum,false,train_only
syn_ne_dp_literal_minus_rendering_policy_0611,sft_train,numeric_equation,decision_point_literal_minus_rendering_policy,numeric_equation_decision_point_curriculum,false,train_only
syn_ne_dp_literal_minus_rendering_policy_0612,sft_train,numeric_equation,decision_point_literal_minus_rendering_policy,numeric_equation_decision_point_curriculum,false,train_only
syn_ne_dp_literal_minus_rendering_policy_0613,sft_train,numeric_equation,decision_point_literal_minus_rendering_policy,numeric_equation_decision_point_curriculum,false,train_only
syn_ne_dp_literal_minus_rendering_policy_0614,sft_train,numeric_equation,decision_point_literal_minus_rendering_policy,numeric_equation_decision_point_curriculum,false,train_only
syn_ne_dp_literal_minus_rendering_policy_0615,sft_train,numeric_equation,decision_point_literal_minus_rendering_policy,numeric_equation_decision_point_curriculum,false,train_only
syn_ne_dp_literal_minus_rendering_policy_0616,sft_train,numeric_equation,decision_point_literal_minus_rendering_policy,numeric_equation_decision_point_curriculum,false,train_only
syn_ne_dp_literal_minus_rendering_policy_0617,sft_train,numeric_equation,decision_point_literal_minus_rendering_policy,numeric_equation_decision_point_curriculum,false,train_only
syn_ne_dp_literal_minus_rendering_policy_0618,sft_train,numeric_equation,decision_point_literal_minus_rendering_policy,numeric_equation_decision_point_curriculum,false,train_only
syn_ne_dp_literal_minus_rendering_policy_0619,sft_train,numeric_equation,decision_point_literal_minus_rendering_policy,numeric_equation_decision_point_curriculum,false,train_only
syn_ne_dp_literal_minus_rendering_policy_0620,sft_train,numeric_equation,decision_point_literal_minus_rendering_policy,numeric_equation_decision_point_curriculum,false,train_only
syn_ne_dp_literal_minus_rendering_policy_0621,sft_train,numeric_equation,decision_point_literal_minus_rendering_policy,numeric_equation_decision_point_curriculum,false,train_only
syn_ne_dp_literal_minus_rendering_policy_0622,sft_train,numeric_equation,decision_point_literal_minus_rendering_policy,numeric_equation_decision_point_curriculum,false,train_only
syn_ne_dp_literal_minus_rendering_policy_0623,sft_train,numeric_equation,decision_point_literal_minus_rendering_policy,numeric_equation_decision_point_curriculum,false,train_only
syn_ne_dp_literal_minus_rendering_policy_0624,sft_train,numeric_equation,decision_point_literal_minus_rendering_policy,numeric_equation_decision_point_curriculum,false,train_only
syn_ne_dp_literal_minus_rendering_policy_0625,sft_train,numeric_equation,decision_point_literal_minus_rendering_policy,numeric_equation_decision_point_curriculum,false,train_only
syn_ne_dp_literal_minus_rendering_policy_0626,sft_train,numeric_equation,decision_point_literal_minus_rendering_policy,numeric_equation_decision_point_curriculum,false,train_only
syn_ne_dp_literal_minus_rendering_policy_0627,sft_train,numeric_equation,decision_point_literal_minus_rendering_policy,numeric_equation_decision_point_curriculum,false,train_only
syn_ne_dp_literal_minus_rendering_policy_0628,sft_train,numeric_equation,decision_point_literal_minus_rendering_policy,numeric_equation_decision_point_curriculum,false,train_only
syn_ne_dp_literal_minus_rendering_policy_0629,sft_train,numeric_equation,decision_point_literal_minus_rendering_policy,numeric_equation_decision_point_curriculum,false,train_only
syn_ne_dp_literal_minus_opposite_sign_continuation_0630,sft_train,numeric_equation,decision_point_literal_minus_opposite_sign_continuation,numeric_equation_decision_point_curriculum,false,train_only
syn_ne_dp_literal_minus_opposite_sign_continuation_0631,sft_train,numeric_equation,decision_point_literal_minus_opposite_sign_continuation,numeric_equation_decision_point_curriculum,false,train_only
syn_ne_dp_literal_minus_opposite_sign_continuation_0632,sft_train,numeric_equation,decision_point_literal_minus_opposite_sign_continuation,numeric_equation_decision_point_curriculum,false,train_only
syn_ne_dp_literal_minus_opposite_sign_continuation_0633,sft_train,numeric_equation,decision_point_literal_minus_opposite_sign_continuation,numeric_equation_decision_point_curriculum,false,train_only
syn_ne_dp_literal_minus_opposite_sign_continuation_0634,sft_train,numeric_equation,decision_point_literal_minus_opposite_sign_continuation,numeric_equation_decision_point_curriculum,false,train_only
syn_ne_dp_literal_minus_opposite_sign_continuation_0635,sft_train,numeric_equation,decision_point_literal_minus_opposite_sign_continuation,numeric_equation_decision_point_curriculum,false,train_only
syn_ne_dp_literal_minus_opposite_sign_continuation_0636,sft_train,numeric_equation,decision_point_literal_minus_opposite_sign_continuation,numeric_equation_decision_point_curriculum,false,train_only
syn_ne_dp_literal_minus_opposite_sign_continuation_0637,sft_train,numeric_equation,decision_point_literal_minus_opposite_sign_continuation,numeric_equation_decision_point_curriculum,false,train_only
syn_ne_dp_literal_minus_opposite_sign_continuation_0638,sft_train,numeric_equation,decision_point_literal_minus_opposite_sign_continuation,numeric_equation_decision_point_curriculum,false,train_only
syn_ne_dp_literal_minus_opposite_sign_continuation_0639,sft_train,numeric_equation,decision_point_literal_minus_opposite_sign_continuation,numeric_equation_decision_point_curriculum,false,train_only
syn_ne_dp_literal_minus_opposite_sign_continuation_0640,sft_train,numeric_equation,decision_point_literal_minus_opposite_sign_continuation,numeric_equation_decision_point_curriculum,false,train_only
syn_ne_dp_literal_minus_opposite_sign_continuation_0641,sft_train,numeric_equation,decision_point_literal_minus_opposite_sign_continuation,numeric_equation_decision_point_curriculum,false,train_only
syn_ne_dp_literal_minus_opposite_sign_continuation_0642,sft_train,numeric_equation,decision_point_literal_minus_opposite_sign_continuation,numeric_equation_decision_point_curriculum,false,train_only
syn_ne_dp_literal_minus_opposite_sign_continuation_0643,sft_train,numeric_equation,decision_point_literal_minus_opposite_sign_continuation,numeric_equation_decision_point_curriculum,false,train_only
syn_ne_dp_literal_minus_opposite_sign_continuation_0644,sft_train,numeric_equation,decision_point_literal_minus_opposite_sign_continuation,numeric_equation_decision_point_curriculum,false,train_only
syn_ne_dp_literal_minus_opposite_sign_continuation_0645,sft_train,numeric_equation,decision_point_literal_minus_opposite_sign_continuation,numeric_equation_decision_point_curriculum,false,train_only
syn_ne_dp_literal_minus_opposite_sign_continuation_0646,sft_train,numeric_equation,decision_point_literal_minus_opposite_sign_continuation,numeric_equation_decision_point_curriculum,false,train_only
syn_ne_dp_literal_minus_opposite_sign_continuation_0647,sft_train,numeric_equation,decision_point_literal_minus_opposite_sign_continuation,numeric_equation_decision_point_curriculum,false,train_only
syn_ne_dp_literal_minus_opposite_sign_continuation_0648,sft_train,numeric_equation,decision_point_literal_minus_opposite_sign_continuation,numeric_equation_decision_point_curriculum,false,train_only
syn_ne_dp_literal_minus_opposite_sign_continuation_0649,sft_train,numeric_equation,decision_point_literal_minus_opposite_sign_continuation,numeric_equation_decision_point_curriculum,false,train_only
syn_ne_dp_literal_minus_opposite_sign_continuation_0650,sft_train,numeric_equation,decision_point_literal_minus_opposite_sign_continuation,numeric_equation_decision_point_curriculum,false,train_only
syn_ne_dp_literal_minus_opposite_sign_continuation_0651,sft_train,numeric_equation,decision_point_literal_minus_opposite_sign_continuation,numeric_equation_decision_point_curriculum,false,train_only
syn_ne_dp_literal_minus_opposite_sign_continuation_0652,sft_train,numeric_equation,decision_point_literal_minus_opposite_sign_continuation,numeric_equation_decision_point_curriculum,false,train_only
syn_ne_dp_literal_minus_opposite_sign_continuation_0653,sft_train,numeric_equation,decision_point_literal_minus_opposite_sign_continuation,numeric_equation_decision_point_curriculum,false,train_only
syn_ne_dp_literal_minus_opposite_sign_continuation_0654,sft_train,numeric_equation,decision_point_literal_minus_opposite_sign_continuation,numeric_equation_decision_point_curriculum,false,train_only
syn_ne_dp_literal_minus_opposite_sign_continuation_0655,sft_train,numeric_equation,decision_point_literal_minus_opposite_sign_continuation,numeric_equation_decision_point_curriculum,false,train_only
syn_ne_dp_literal_minus_opposite_sign_continuation_0656,sft_train,numeric_equation,decision_point_literal_minus_opposite_sign_continuation,numeric_equation_decision_point_curriculum,false,train_only
syn_ne_dp_literal_minus_opposite_sign_continuation_0657,sft_train,numeric_equation,decision_point_literal_minus_opposite_sign_continuation,numeric_equation_decision_point_curriculum,false,train_only
syn_ne_dp_literal_minus_opposite_sign_continuation_0658,sft_train,numeric_equation,decision_point_literal_minus_opposite_sign_continuation,numeric_equation_decision_point_curriculum,false,train_only
syn_ne_dp_literal_minus_opposite_sign_continuation_0659,sft_train,numeric_equation,decision_point_literal_minus_opposite_sign_continuation,numeric_equation_decision_point_curriculum,false,train_only
syn_ne_dp_literal_minus_opposite_sign_continuation_0660,sft_train,numeric_equation,decision_point_literal_minus_opposite_sign_continuation,numeric_equation_decision_point_curriculum,false,train_only
syn_ne_dp_literal_minus_opposite_sign_continuation_0661,sft_train,numeric_equation,decision_point_literal_minus_opposite_sign_continuation,numeric_equation_decision_point_curriculum,false,train_only
syn_ne_dp_literal_minus_opposite_sign_continuation_0662,sft_train,numeric_equation,decision_point_literal_minus_opposite_sign_continuation,numeric_equation_decision_point_curriculum,false,train_only
syn_ne_dp_literal_minus_opposite_sign_continuation_0663,sft_train,numeric_equation,decision_point_literal_minus_opposite_sign_continuation,numeric_equation_decision_point_curriculum,false,train_only
syn_ne_dp_literal_minus_opposite_sign_continuation_0664,sft_train,numeric_equation,decision_point_literal_minus_opposite_sign_continuation,numeric_equation_decision_point_curriculum,false,train_only
syn_ne_dp_literal_minus_opposite_sign_continuation_0665,sft_train,numeric_equation,decision_point_literal_minus_opposite_sign_continuation,numeric_equation_decision_point_curriculum,false,train_only
syn_ne_dp_literal_minus_opposite_sign_continuation_0666,sft_train,numeric_equation,decision_point_literal_minus_opposite_sign_continuation,numeric_equation_decision_point_curriculum,false,train_only
syn_ne_dp_literal_minus_opposite_sign_continuation_0667,sft_train,numeric_equation,decision_point_literal_minus_opposite_sign_continuation,numeric_equation_decision_point_curriculum,false,train_only
syn_ne_dp_literal_minus_opposite_sign_continuation_0668,sft_train,numeric_equation,decision_point_literal_minus_opposite_sign_continuation,numeric_equation_decision_point_curriculum,false,train_only
syn_ne_dp_literal_minus_opposite_sign_continuation_0669,sft_train,numeric_equation,decision_point_literal_minus_opposite_sign_continuation,numeric_equation_decision_point_curriculum,false,train_only
syn_ne_dp_literal_minus_opposite_sign_continuation_0670,sft_train,numeric_equation,decision_point_literal_minus_opposite_sign_continuation,numeric_equation_decision_point_curriculum,false,train_only
syn_ne_dp_literal_minus_opposite_sign_continuation_0671,sft_train,numeric_equation,decision_point_literal_minus_opposite_sign_continuation,numeric_equation_decision_point_curriculum,false,train_only
syn_ne_dp_literal_minus_opposite_sign_continuation_0672,sft_train,numeric_equation,decision_point_literal_minus_opposite_sign_continuation,numeric_equation_decision_point_curriculum,false,train_only
syn_ne_dp_literal_minus_opposite_sign_continuation_0673,sft_train,numeric_equation,decision_point_literal_minus_opposite_sign_continuation,numeric_equation_decision_point_curriculum,false,train_only
syn_ne_dp_literal_minus_opposite_sign_continuation_0674,sft_train,numeric_equation,decision_point_literal_minus_opposite_sign_continuation,numeric_equation_decision_point_curriculum,false,train_only
syn_ne_dp_literal_minus_opposite_sign_continuation_0675,sft_train,numeric_equation,decision_point_literal_minus_opposite_sign_continuation,numeric_equation_decision_point_curriculum,false,train_only
syn_ne_dp_literal_minus_opposite_sign_continuation_0676,sft_train,numeric_equation,decision_point_literal_minus_opposite_sign_continuation,numeric_equation_decision_point_curriculum,false,train_only
syn_ne_dp_literal_minus_opposite_sign_continuation_0677,sft_train,numeric_equation,decision_point_literal_minus_opposite_sign_continuation,numeric_equation_decision_point_curriculum,false,train_only
syn_ne_dp_literal_minus_opposite_sign_continuation_0678,sft_train,numeric_equation,decision_point_literal_minus_opposite_sign_continuation,numeric_equation_decision_point_curriculum,false,train_only
syn_ne_dp_literal_minus_opposite_sign_continuation_0679,sft_train,numeric_equation,decision_point_literal_minus_opposite_sign_continuation,numeric_equation_decision_point_curriculum,false,train_only
syn_ne_dp_literal_minus_opposite_sign_continuation_0680,sft_train,numeric_equation,decision_point_literal_minus_opposite_sign_continuation,numeric_equation_decision_point_curriculum,false,train_only
syn_ne_dp_literal_minus_opposite_sign_continuation_0681,sft_train,numeric_equation,decision_point_literal_minus_opposite_sign_continuation,numeric_equation_decision_point_curriculum,false,train_only
syn_ne_dp_literal_minus_opposite_sign_continuation_0682,sft_train,numeric_equation,decision_point_literal_minus_opposite_sign_continuation,numeric_equation_decision_point_curriculum,false,train_only
syn_ne_dp_literal_minus_opposite_sign_continuation_0683,sft_train,numeric_equation,decision_point_literal_minus_opposite_sign_continuation,numeric_equation_decision_point_curriculum,false,train_only
syn_ne_dp_literal_minus_opposite_sign_continuation_0684,sft_train,numeric_equation,decision_point_literal_minus_opposite_sign_continuation,numeric_equation_decision_point_curriculum,false,train_only
syn_ne_dp_literal_minus_opposite_sign_continuation_0685,sft_train,numeric_equation,decision_point_literal_minus_opposite_sign_continuation,numeric_equation_decision_point_curriculum,false,train_only
syn_ne_dp_literal_minus_opposite_sign_continuation_0686,sft_train,numeric_equation,decision_point_literal_minus_opposite_sign_continuation,numeric_equation_decision_point_curriculum,false,train_only
syn_ne_dp_literal_minus_opposite_sign_continuation_0687,sft_train,numeric_equation,decision_point_literal_minus_opposite_sign_continuation,numeric_equation_decision_point_curriculum,false,train_only
syn_ne_dp_literal_minus_opposite_sign_continuation_0688,sft_train,numeric_equation,decision_point_literal_minus_opposite_sign_continuation,numeric_equation_decision_point_curriculum,false,train_only
syn_ne_dp_literal_minus_opposite_sign_continuation_0689,sft_train,numeric_equation,decision_point_literal_minus_opposite_sign_continuation,numeric_equation_decision_point_curriculum,false,train_only
syn_ne_dp_low_confidence_branch_discipline_0690,sft_train,numeric_equation,decision_point_low_confidence_branch_discipline,numeric_equation_decision_point_curriculum,false,train_only
syn_ne_dp_low_confidence_branch_discipline_0691,sft_train,numeric_equation,decision_point_low_confidence_branch_discipline,numeric_equation_decision_point_curriculum,false,train_only
syn_ne_dp_low_confidence_branch_discipline_0692,sft_train,numeric_equation,decision_point_low_confidence_branch_discipline,numeric_equation_decision_point_curriculum,false,train_only
syn_ne_dp_low_confidence_branch_discipline_0693,sft_train,numeric_equation,decision_point_low_confidence_branch_discipline,numeric_equation_decision_point_curriculum,false,train_only
syn_ne_dp_low_confidence_branch_discipline_0694,sft_train,numeric_equation,decision_point_low_confidence_branch_discipline,numeric_equation_decision_point_curriculum,false,train_only
syn_ne_dp_low_confidence_branch_discipline_0695,sft_train,numeric_equation,decision_point_low_confidence_branch_discipline,numeric_equation_decision_point_curriculum,false,train_only
syn_ne_dp_low_confidence_branch_discipline_0696,sft_train,numeric_equation,decision_point_low_confidence_branch_discipline,numeric_equation_decision_point_curriculum,false,train_only
syn_ne_dp_low_confidence_branch_discipline_0697,sft_train,numeric_equation,decision_point_low_confidence_branch_discipline,numeric_equation_decision_point_curriculum,false,train_only
syn_ne_dp_low_confidence_branch_discipline_0698,sft_train,numeric_equation,decision_point_low_confidence_branch_discipline,numeric_equation_decision_point_curriculum,false,train_only
syn_ne_dp_low_confidence_branch_discipline_0699,sft_train,numeric_equation,decision_point_low_confidence_branch_discipline,numeric_equation_decision_point_curriculum,false,train_only
syn_ne_dp_low_confidence_branch_discipline_0700,sft_train,numeric_equation,decision_point_low_confidence_branch_discipline,numeric_equation_decision_point_curriculum,false,train_only
syn_ne_dp_low_confidence_branch_discipline_0701,sft_train,numeric_equation,decision_point_low_confidence_branch_discipline,numeric_equation_decision_point_curriculum,false,train_only
syn_ne_dp_low_confidence_branch_discipline_0702,sft_train,numeric_equation,decision_point_low_confidence_branch_discipline,numeric_equation_decision_point_curriculum,false,train_only
syn_ne_dp_low_confidence_branch_discipline_0703,sft_train,numeric_equation,decision_point_low_confidence_branch_discipline,numeric_equation_decision_point_curriculum,false,train_only
syn_ne_dp_low_confidence_branch_discipline_0704,sft_train,numeric_equation,decision_point_low_confidence_branch_discipline,numeric_equation_decision_point_curriculum,false,train_only
syn_ne_dp_low_confidence_branch_discipline_0705,sft_train,numeric_equation,decision_point_low_confidence_branch_discipline,numeric_equation_decision_point_curriculum,false,train_only
syn_ne_dp_low_confidence_branch_discipline_0706,sft_train,numeric_equation,decision_point_low_confidence_branch_discipline,numeric_equation_decision_point_curriculum,false,train_only
syn_ne_dp_low_confidence_branch_discipline_0707,sft_train,numeric_equation,decision_point_low_confidence_branch_discipline,numeric_equation_decision_point_curriculum,false,train_only
syn_ne_dp_low_confidence_branch_discipline_0708,sft_train,numeric_equation,decision_point_low_confidence_branch_discipline,numeric_equation_decision_point_curriculum,false,train_only
syn_ne_dp_low_confidence_branch_discipline_0709,sft_train,numeric_equation,decision_point_low_confidence_branch_discipline,numeric_equation_decision_point_curriculum,false,train_only
syn_ne_dp_low_confidence_branch_discipline_0710,sft_train,numeric_equation,decision_point_low_confidence_branch_discipline,numeric_equation_decision_point_curriculum,false,train_only
syn_ne_dp_low_confidence_branch_discipline_0711,sft_train,numeric_equation,decision_point_low_confidence_branch_discipline,numeric_equation_decision_point_curriculum,false,train_only
syn_ne_dp_low_confidence_branch_discipline_0712,sft_train,numeric_equation,decision_point_low_confidence_branch_discipline,numeric_equation_decision_point_curriculum,false,train_only
syn_ne_dp_low_confidence_branch_discipline_0713,sft_train,numeric_equation,decision_point_low_confidence_branch_discipline,numeric_equation_decision_point_curriculum,false,train_only
syn_ne_dp_low_confidence_branch_discipline_0714,sft_train,numeric_equation,decision_point_low_confidence_branch_discipline,numeric_equation_decision_point_curriculum,false,train_only
syn_ne_dp_low_confidence_branch_discipline_0715,sft_train,numeric_equation,decision_point_low_confidence_branch_discipline,numeric_equation_decision_point_curriculum,false,train_only
syn_ne_dp_low_confidence_branch_discipline_0716,sft_train,numeric_equation,decision_point_low_confidence_branch_discipline,numeric_equation_decision_point_curriculum,false,train_only
syn_ne_dp_low_confidence_branch_discipline_0717,sft_train,numeric_equation,decision_point_low_confidence_branch_discipline,numeric_equation_decision_point_curriculum,false,train_only
syn_ne_dp_low_confidence_branch_discipline_0718,sft_train,numeric_equation,decision_point_low_confidence_branch_discipline,numeric_equation_decision_point_curriculum,false,train_only
syn_ne_dp_low_confidence_branch_discipline_0719,sft_train,numeric_equation,decision_point_low_confidence_branch_discipline,numeric_equation_decision_point_curriculum,false,train_only
syn_ne_dp_low_confidence_branch_discipline_0720,sft_train,numeric_equation,decision_point_low_confidence_branch_discipline,numeric_equation_decision_point_curriculum,false,train_only
syn_ne_dp_low_confidence_branch_discipline_0721,sft_train,numeric_equation,decision_point_low_confidence_branch_discipline,numeric_equation_decision_point_curriculum,false,train_only
syn_ne_dp_low_confidence_branch_discipline_0722,sft_train,numeric_equation,decision_point_low_confidence_branch_discipline,numeric_equation_decision_point_curriculum,false,train_only
syn_ne_dp_low_confidence_branch_discipline_0723,sft_train,numeric_equation,decision_point_low_confidence_branch_discipline,numeric_equation_decision_point_curriculum,false,train_only
syn_ne_dp_low_confidence_branch_discipline_0724,sft_train,numeric_equation,decision_point_low_confidence_branch_discipline,numeric_equation_decision_point_curriculum,false,train_only
syn_ne_dp_low_confidence_branch_discipline_0725,sft_train,numeric_equation,decision_point_low_confidence_branch_discipline,numeric_equation_decision_point_curriculum,false,train_only
syn_ne_dp_low_confidence_branch_discipline_0726,sft_train,numeric_equation,decision_point_low_confidence_branch_discipline,numeric_equation_decision_point_curriculum,false,train_only
syn_ne_dp_low_confidence_branch_discipline_0727,sft_train,numeric_equation,decision_point_low_confidence_branch_discipline,numeric_equation_decision_point_curriculum,false,train_only
syn_ne_dp_low_confidence_branch_discipline_0728,sft_train,numeric_equation,decision_point_low_confidence_branch_discipline,numeric_equation_decision_point_curriculum,false,train_only
syn_ne_dp_low_confidence_branch_discipline_0729,sft_train,numeric_equation,decision_point_low_confidence_branch_discipline,numeric_equation_decision_point_curriculum,false,train_only
syn_ne_dp_low_confidence_branch_discipline_0730,sft_train,numeric_equation,decision_point_low_confidence_branch_discipline,numeric_equation_decision_point_curriculum,false,train_only
syn_ne_dp_low_confidence_branch_discipline_0731,sft_train,numeric_equation,decision_point_low_confidence_branch_discipline,numeric_equation_decision_point_curriculum,false,train_only
syn_ne_dp_low_confidence_branch_discipline_0732,sft_train,numeric_equation,decision_point_low_confidence_branch_discipline,numeric_equation_decision_point_curriculum,false,train_only
syn_ne_dp_low_confidence_branch_discipline_0733,sft_train,numeric_equation,decision_point_low_confidence_branch_discipline,numeric_equation_decision_point_curriculum,false,train_only
syn_ne_dp_low_confidence_branch_discipline_0734,sft_train,numeric_equation,decision_point_low_confidence_branch_discipline,numeric_equation_decision_point_curriculum,false,train_only
syn_ne_dp_low_confidence_branch_discipline_0735,sft_train,numeric_equation,decision_point_low_confidence_branch_discipline,numeric_equation_decision_point_curriculum,false,train_only
syn_ne_dp_low_confidence_branch_discipline_0736,sft_train,numeric_equation,decision_point_low_confidence_branch_discipline,numeric_equation_decision_point_curriculum,false,train_only
syn_ne_dp_low_confidence_branch_discipline_0737,sft_train,numeric_equation,decision_point_low_confidence_branch_discipline,numeric_equation_decision_point_curriculum,false,train_only
syn_ne_dp_low_confidence_branch_discipline_0738,sft_train,numeric_equation,decision_point_low_confidence_branch_discipline,numeric_equation_decision_point_curriculum,false,train_only
syn_ne_dp_low_confidence_branch_discipline_0739,sft_train,numeric_equation,decision_point_low_confidence_branch_discipline,numeric_equation_decision_point_curriculum,false,train_only
syn_ne_dp_low_confidence_branch_discipline_0740,sft_train,numeric_equation,decision_point_low_confidence_branch_discipline,numeric_equation_decision_point_curriculum,false,train_only
syn_ne_dp_low_confidence_branch_discipline_0741,sft_train,numeric_equation,decision_point_low_confidence_branch_discipline,numeric_equation_decision_point_curriculum,false,train_only
syn_ne_dp_low_confidence_branch_discipline_0742,sft_train,numeric_equation,decision_point_low_confidence_branch_discipline,numeric_equation_decision_point_curriculum,false,train_only
syn_ne_dp_low_confidence_branch_discipline_0743,sft_train,numeric_equation,decision_point_low_confidence_branch_discipline,numeric_equation_decision_point_curriculum,false,train_only
syn_ne_dp_low_confidence_branch_discipline_0744,sft_train,numeric_equation,decision_point_low_confidence_branch_discipline,numeric_equation_decision_point_curriculum,false,train_only
syn_ne_dp_low_confidence_branch_discipline_0745,sft_train,numeric_equation,decision_point_low_confidence_branch_discipline,numeric_equation_decision_point_curriculum,false,train_only
syn_ne_dp_low_confidence_branch_discipline_0746,sft_train,numeric_equation,decision_point_low_confidence_branch_discipline,numeric_equation_decision_point_curriculum,false,train_only
syn_ne_dp_low_confidence_branch_discipline_0747,sft_train,numeric_equation,decision_point_low_confidence_branch_discipline,numeric_equation_decision_point_curriculum,false,train_only
syn_ne_dp_low_confidence_branch_discipline_0748,sft_train,numeric_equation,decision_point_low_confidence_branch_discipline,numeric_equation_decision_point_curriculum,false,train_only
syn_ne_dp_low_confidence_branch_discipline_0749,sft_train,numeric_equation,decision_point_low_confidence_branch_discipline,numeric_equation_decision_point_curriculum,false,train_only
syn_ne_dp_low_confidence_branch_discipline_0750,sft_train,numeric_equation,decision_point_low_confidence_branch_discipline,numeric_equation_decision_point_curriculum,false,train_only
syn_ne_dp_low_confidence_branch_discipline_0751,sft_train,numeric_equation,decision_point_low_confidence_branch_discipline,numeric_equation_decision_point_curriculum,false,train_only
syn_ne_dp_low_confidence_branch_discipline_0752,sft_train,numeric_equation,decision_point_low_confidence_branch_discipline,numeric_equation_decision_point_curriculum,false,train_only
syn_ne_dp_low_confidence_branch_discipline_0753,sft_train,numeric_equation,decision_point_low_confidence_branch_discipline,numeric_equation_decision_point_curriculum,false,train_only
syn_ne_dp_low_confidence_branch_discipline_0754,sft_train,numeric_equation,decision_point_low_confidence_branch_discipline,numeric_equation_decision_point_curriculum,false,train_only
syn_ne_dp_low_confidence_branch_discipline_0755,sft_train,numeric_equation,decision_point_low_confidence_branch_discipline,numeric_equation_decision_point_curriculum,false,train_only
syn_ne_dp_low_confidence_branch_discipline_0756,sft_train,numeric_equation,decision_point_low_confidence_branch_discipline,numeric_equation_decision_point_curriculum,false,train_only
syn_ne_dp_low_confidence_branch_discipline_0757,sft_train,numeric_equation,decision_point_low_confidence_branch_discipline,numeric_equation_decision_point_curriculum,false,train_only
syn_ne_dp_low_confidence_branch_discipline_0758,sft_train,numeric_equation,decision_point_low_confidence_branch_discipline,numeric_equation_decision_point_curriculum,false,train_only
syn_ne_dp_low_confidence_branch_discipline_0759,sft_train,numeric_equation,decision_point_low_confidence_branch_discipline,numeric_equation_decision_point_curriculum,false,train_only
syn_ne_dp_low_confidence_branch_discipline_0760,sft_train,numeric_equation,decision_point_low_confidence_branch_discipline,numeric_equation_decision_point_curriculum,false,train_only
syn_ne_dp_low_confidence_branch_discipline_0761,sft_train,numeric_equation,decision_point_low_confidence_branch_discipline,numeric_equation_decision_point_curriculum,false,train_only
syn_ne_dp_low_confidence_branch_discipline_0762,sft_train,numeric_equation,decision_point_low_confidence_branch_discipline,numeric_equation_decision_point_curriculum,false,train_only
syn_ne_dp_low_confidence_branch_discipline_0763,sft_train,numeric_equation,decision_point_low_confidence_branch_discipline,numeric_equation_decision_point_curriculum,false,train_only
syn_ne_dp_low_confidence_branch_discipline_0764,sft_train,numeric_equation,decision_point_low_confidence_branch_discipline,numeric_equation_decision_point_curriculum,false,train_only
syn_ne_dp_low_confidence_branch_discipline_0765,sft_train,numeric_equation,decision_point_low_confidence_branch_discipline,numeric_equation_decision_point_curriculum,false,train_only
syn_ne_dp_low_confidence_branch_discipline_0766,sft_train,numeric_equation,decision_point_low_confidence_branch_discipline,numeric_equation_decision_point_curriculum,false,train_only
syn_ne_dp_low_confidence_branch_discipline_0767,sft_train,numeric_equation,decision_point_low_confidence_branch_discipline,numeric_equation_decision_point_curriculum,false,train_only
syn_ne_dp_low_confidence_branch_discipline_0768,sft_train,numeric_equation,decision_point_low_confidence_branch_discipline,numeric_equation_decision_point_curriculum,false,train_only
syn_ne_dp_low_confidence_branch_discipline_0769,sft_train,numeric_equation,decision_point_low_confidence_branch_discipline,numeric_equation_decision_point_curriculum,false,train_only
syn_ne_dp_low_confidence_branch_discipline_0770,sft_train,numeric_equation,decision_point_low_confidence_branch_discipline,numeric_equation_decision_point_curriculum,false,train_only
syn_ne_dp_low_confidence_branch_discipline_0771,sft_train,numeric_equation,decision_point_low_confidence_branch_discipline,numeric_equation_decision_point_curriculum,false,train_only
syn_ne_dp_low_confidence_branch_discipline_0772,sft_train,numeric_equation,decision_point_low_confidence_branch_discipline,numeric_equation_decision_point_curriculum,false,train_only
syn_ne_dp_low_confidence_branch_discipline_0773,sft_train,numeric_equation,decision_point_low_confidence_branch_discipline,numeric_equation_decision_point_curriculum,false,train_only
syn_ne_dp_low_confidence_branch_discipline_0774,sft_train,numeric_equation,decision_point_low_confidence_branch_discipline,numeric_equation_decision_point_curriculum,false,train_only
syn_ne_dp_low_confidence_branch_discipline_0775,sft_train,numeric_equation,decision_point_low_confidence_branch_discipline,numeric_equation_decision_point_curriculum,false,train_only
syn_ne_dp_low_confidence_branch_discipline_0776,sft_train,numeric_equation,decision_point_low_confidence_branch_discipline,numeric_equation_decision_point_curriculum,false,train_only
syn_ne_dp_low_confidence_branch_discipline_0777,sft_train,numeric_equation,decision_point_low_confidence_branch_discipline,numeric_equation_decision_point_curriculum,false,train_only
syn_ne_dp_low_confidence_branch_discipline_0778,sft_train,numeric_equation,decision_point_low_confidence_branch_discipline,numeric_equation_decision_point_curriculum,false,train_only
syn_ne_dp_low_confidence_branch_discipline_0779,sft_train,numeric_equation,decision_point_low_confidence_branch_discipline,numeric_equation_decision_point_curriculum,false,train_only
syn_ne_dp_low_confidence_branch_discipline_0780,sft_train,numeric_equation,decision_point_low_confidence_branch_discipline,numeric_equation_decision_point_curriculum,false,train_only
syn_ne_dp_low_confidence_branch_discipline_0781,sft_train,numeric_equation,decision_point_low_confidence_branch_discipline,numeric_equation_decision_point_curriculum,false,train_only
syn_ne_dp_low_confidence_branch_discipline_0782,sft_train,numeric_equation,decision_point_low_confidence_branch_discipline,numeric_equation_decision_point_curriculum,false,train_only
syn_ne_dp_low_confidence_branch_discipline_0783,sft_train,numeric_equation,decision_point_low_confidence_branch_discipline,numeric_equation_decision_point_curriculum,false,train_only
syn_ne_dp_low_confidence_branch_discipline_0784,sft_train,numeric_equation,decision_point_low_confidence_branch_discipline,numeric_equation_decision_point_curriculum,false,train_only
syn_ne_dp_low_confidence_branch_discipline_0785,sft_train,numeric_equation,decision_point_low_confidence_branch_discipline,numeric_equation_decision_point_curriculum,false,train_only
syn_ne_dp_low_confidence_branch_discipline_0786,sft_train,numeric_equation,decision_point_low_confidence_branch_discipline,numeric_equation_decision_point_curriculum,false,train_only
syn_ne_dp_low_confidence_branch_discipline_0787,sft_train,numeric_equation,decision_point_low_confidence_branch_discipline,numeric_equation_decision_point_curriculum,false,train_only
syn_ne_dp_low_confidence_branch_discipline_0788,sft_train,numeric_equation,decision_point_low_confidence_branch_discipline,numeric_equation_decision_point_curriculum,false,train_only
syn_ne_dp_low_confidence_branch_discipline_0789,sft_train,numeric_equation,decision_point_low_confidence_branch_discipline,numeric_equation_decision_point_curriculum,false,train_only
syn_ne_dp_low_confidence_branch_discipline_0790,sft_train,numeric_equation,decision_point_low_confidence_branch_discipline,numeric_equation_decision_point_curriculum,false,train_only
syn_ne_dp_low_confidence_branch_discipline_0791,sft_train,numeric_equation,decision_point_low_confidence_branch_discipline,numeric_equation_decision_point_curriculum,false,train_only
syn_ne_dp_low_confidence_branch_discipline_0792,sft_train,numeric_equation,decision_point_low_confidence_branch_discipline,numeric_equation_decision_point_curriculum,false,train_only
syn_ne_dp_low_confidence_branch_discipline_0793,sft_train,numeric_equation,decision_point_low_confidence_branch_discipline,numeric_equation_decision_point_curriculum,false,train_only
syn_ne_dp_low_confidence_branch_discipline_0794,sft_train,numeric_equation,decision_point_low_confidence_branch_discipline,numeric_equation_decision_point_curriculum,false,train_only
syn_ne_dp_low_confidence_branch_discipline_0795,sft_train,numeric_equation,decision_point_low_confidence_branch_discipline,numeric_equation_decision_point_curriculum,false,train_only
syn_ne_dp_low_confidence_branch_discipline_0796,sft_train,numeric_equation,decision_point_low_confidence_branch_discipline,numeric_equation_decision_point_curriculum,false,train_only
syn_ne_dp_low_confidence_branch_discipline_0797,sft_train,numeric_equation,decision_point_low_confidence_branch_discipline,numeric_equation_decision_point_curriculum,false,train_only
syn_ne_dp_low_confidence_branch_discipline_0798,sft_train,numeric_equation,decision_point_low_confidence_branch_discipline,numeric_equation_decision_point_curriculum,false,train_only
syn_ne_dp_low_confidence_branch_discipline_0799,sft_train,numeric_equation,decision_point_low_confidence_branch_discipline,numeric_equation_decision_point_curriculum,false,train_only
syn_ne_dp_low_confidence_branch_discipline_0800,sft_train,numeric_equation,decision_point_low_confidence_branch_discipline,numeric_equation_decision_point_curriculum,false,train_only
syn_ne_dp_low_confidence_branch_discipline_0801,sft_train,numeric_equation,decision_point_low_confidence_branch_discipline,numeric_equation_decision_point_curriculum,false,train_only
syn_ne_dp_low_confidence_branch_discipline_0802,sft_train,numeric_equation,decision_point_low_confidence_branch_discipline,numeric_equation_decision_point_curriculum,false,train_only
syn_ne_dp_low_confidence_branch_discipline_0803,sft_train,numeric_equation,decision_point_low_confidence_branch_discipline,numeric_equation_decision_point_curriculum,false,train_only
syn_ne_dp_low_confidence_branch_discipline_0804,sft_train,numeric_equation,decision_point_low_confidence_branch_discipline,numeric_equation_decision_point_curriculum,false,train_only
syn_ne_dp_low_confidence_branch_discipline_0805,sft_train,numeric_equation,decision_point_low_confidence_branch_discipline,numeric_equation_decision_point_curriculum,false,train_only
syn_ne_dp_low_confidence_branch_discipline_0806,sft_train,numeric_equation,decision_point_low_confidence_branch_discipline,numeric_equation_decision_point_curriculum,false,train_only
syn_ne_dp_low_confidence_branch_discipline_0807,sft_train,numeric_equation,decision_point_low_confidence_branch_discipline,numeric_equation_decision_point_curriculum,false,train_only
syn_ne_dp_low_confidence_branch_discipline_0808,sft_train,numeric_equation,decision_point_low_confidence_branch_discipline,numeric_equation_decision_point_curriculum,false,train_only
syn_ne_dp_low_confidence_branch_discipline_0809,sft_train,numeric_equation,decision_point_low_confidence_branch_discipline,numeric_equation_decision_point_curriculum,false,train_only
syn_ne_dp_low_confidence_branch_discipline_0810,sft_train,numeric_equation,decision_point_low_confidence_branch_discipline,numeric_equation_decision_point_curriculum,false,train_only
syn_ne_dp_low_confidence_branch_discipline_0811,sft_train,numeric_equation,decision_point_low_confidence_branch_discipline,numeric_equation_decision_point_curriculum,false,train_only
syn_ne_dp_low_confidence_branch_discipline_0812,sft_train,numeric_equation,decision_point_low_confidence_branch_discipline,numeric_equation_decision_point_curriculum,false,train_only
syn_ne_dp_low_confidence_branch_discipline_0813,sft_train,numeric_equation,decision_point_low_confidence_branch_discipline,numeric_equation_decision_point_curriculum,false,train_only
syn_ne_dp_low_confidence_branch_discipline_0814,sft_train,numeric_equation,decision_point_low_confidence_branch_discipline,numeric_equation_decision_point_curriculum,false,train_only
syn_ne_dp_low_confidence_branch_discipline_0815,sft_train,numeric_equation,decision_point_low_confidence_branch_discipline,numeric_equation_decision_point_curriculum,false,train_only
syn_ne_dp_low_confidence_branch_discipline_0816,sft_train,numeric_equation,decision_point_low_confidence_branch_discipline,numeric_equation_decision_point_curriculum,false,train_only
syn_ne_dp_low_confidence_branch_discipline_0817,sft_train,numeric_equation,decision_point_low_confidence_branch_discipline,numeric_equation_decision_point_curriculum,false,train_only
syn_ne_dp_low_confidence_branch_discipline_0818,sft_train,numeric_equation,decision_point_low_confidence_branch_discipline,numeric_equation_decision_point_curriculum,false,train_only
syn_ne_dp_low_confidence_branch_discipline_0819,sft_train,numeric_equation,decision_point_low_confidence_branch_discipline,numeric_equation_decision_point_curriculum,false,train_only
syn_ne_dp_low_confidence_branch_discipline_0820,sft_train,numeric_equation,decision_point_low_confidence_branch_discipline,numeric_equation_decision_point_curriculum,false,train_only
syn_ne_dp_low_confidence_branch_discipline_0821,sft_train,numeric_equation,decision_point_low_confidence_branch_discipline,numeric_equation_decision_point_curriculum,false,train_only
syn_ne_dp_low_confidence_branch_discipline_0822,sft_train,numeric_equation,decision_point_low_confidence_branch_discipline,numeric_equation_decision_point_curriculum,false,train_only
syn_ne_dp_low_confidence_branch_discipline_0823,sft_train,numeric_equation,decision_point_low_confidence_branch_discipline,numeric_equation_decision_point_curriculum,false,train_only
syn_ne_dp_low_confidence_branch_discipline_0824,sft_train,numeric_equation,decision_point_low_confidence_branch_discipline,numeric_equation_decision_point_curriculum,false,train_only
syn_ne_dp_low_confidence_branch_discipline_0825,sft_train,numeric_equation,decision_point_low_confidence_branch_discipline,numeric_equation_decision_point_curriculum,false,train_only
syn_ne_dp_low_confidence_branch_discipline_0826,sft_train,numeric_equation,decision_point_low_confidence_branch_discipline,numeric_equation_decision_point_curriculum,false,train_only
syn_ne_dp_low_confidence_branch_discipline_0827,sft_train,numeric_equation,decision_point_low_confidence_branch_discipline,numeric_equation_decision_point_curriculum,false,train_only
syn_ne_dp_low_confidence_branch_discipline_0828,sft_train,numeric_equation,decision_point_low_confidence_branch_discipline,numeric_equation_decision_point_curriculum,false,train_only
syn_ne_dp_low_confidence_branch_discipline_0829,sft_train,numeric_equation,decision_point_low_confidence_branch_discipline,numeric_equation_decision_point_curriculum,false,train_only
syn_ne_dp_low_confidence_branch_discipline_0830,sft_train,numeric_equation,decision_point_low_confidence_branch_discipline,numeric_equation_decision_point_curriculum,false,train_only
syn_ne_dp_low_confidence_branch_discipline_0831,sft_train,numeric_equation,decision_point_low_confidence_branch_discipline,numeric_equation_decision_point_curriculum,false,train_only
syn_ne_dp_low_confidence_branch_discipline_0832,sft_train,numeric_equation,decision_point_low_confidence_branch_discipline,numeric_equation_decision_point_curriculum,false,train_only
syn_ne_dp_low_confidence_branch_discipline_0833,sft_train,numeric_equation,decision_point_low_confidence_branch_discipline,numeric_equation_decision_point_curriculum,false,train_only
syn_ne_dp_low_confidence_branch_discipline_0834,sft_train,numeric_equation,decision_point_low_confidence_branch_discipline,numeric_equation_decision_point_curriculum,false,train_only
syn_ne_dp_low_confidence_branch_discipline_0835,sft_train,numeric_equation,decision_point_low_confidence_branch_discipline,numeric_equation_decision_point_curriculum,false,train_only
syn_ne_dp_low_confidence_branch_discipline_0836,sft_train,numeric_equation,decision_point_low_confidence_branch_discipline,numeric_equation_decision_point_curriculum,false,train_only
syn_ne_dp_low_confidence_branch_discipline_0837,sft_train,numeric_equation,decision_point_low_confidence_branch_discipline,numeric_equation_decision_point_curriculum,false,train_only
syn_ne_dp_low_confidence_branch_discipline_0838,sft_train,numeric_equation,decision_point_low_confidence_branch_discipline,numeric_equation_decision_point_curriculum,false,train_only
syn_ne_dp_low_confidence_branch_discipline_0839,sft_train,numeric_equation,decision_point_low_confidence_branch_discipline,numeric_equation_decision_point_curriculum,false,train_only
syn_ne_dp_low_confidence_branch_discipline_0840,sft_train,numeric_equation,decision_point_low_confidence_branch_discipline,numeric_equation_decision_point_curriculum,false,train_only
syn_ne_dp_low_confidence_branch_discipline_0841,sft_train,numeric_equation,decision_point_low_confidence_branch_discipline,numeric_equation_decision_point_curriculum,false,train_only
syn_ne_dp_low_confidence_branch_discipline_0842,sft_train,numeric_equation,decision_point_low_confidence_branch_discipline,numeric_equation_decision_point_curriculum,false,train_only
syn_ne_dp_low_confidence_branch_discipline_0843,sft_train,numeric_equation,decision_point_low_confidence_branch_discipline,numeric_equation_decision_point_curriculum,false,train_only
syn_ne_dp_low_confidence_branch_discipline_0844,sft_train,numeric_equation,decision_point_low_confidence_branch_discipline,numeric_equation_decision_point_curriculum,false,train_only
syn_ne_dp_low_confidence_branch_discipline_0845,sft_train,numeric_equation,decision_point_low_confidence_branch_discipline,numeric_equation_decision_point_curriculum,false,train_only
syn_ne_dp_low_confidence_branch_discipline_0846,sft_train,numeric_equation,decision_point_low_confidence_branch_discipline,numeric_equation_decision_point_curriculum,false,train_only
syn_ne_dp_low_confidence_branch_discipline_0847,sft_train,numeric_equation,decision_point_low_confidence_branch_discipline,numeric_equation_decision_point_curriculum,false,train_only
syn_ne_dp_low_confidence_branch_discipline_0848,sft_train,numeric_equation,decision_point_low_confidence_branch_discipline,numeric_equation_decision_point_curriculum,false,train_only
syn_ne_dp_low_confidence_branch_discipline_0849,sft_train,numeric_equation,decision_point_low_confidence_branch_discipline,numeric_equation_decision_point_curriculum,false,train_only
syn_ne_dp_low_confidence_branch_discipline_0850,sft_train,numeric_equation,decision_point_low_confidence_branch_discipline,numeric_equation_decision_point_curriculum,false,train_only
syn_ne_dp_low_confidence_branch_discipline_0851,sft_train,numeric_equation,decision_point_low_confidence_branch_discipline,numeric_equation_decision_point_curriculum,false,train_only
syn_ne_dp_low_confidence_branch_discipline_0852,sft_train,numeric_equation,decision_point_low_confidence_branch_discipline,numeric_equation_decision_point_curriculum,false,train_only
syn_ne_dp_low_confidence_branch_discipline_0853,sft_train,numeric_equation,decision_point_low_confidence_branch_discipline,numeric_equation_decision_point_curriculum,false,train_only
syn_ne_dp_low_confidence_branch_discipline_0854,sft_train,numeric_equation,decision_point_low_confidence_branch_discipline,numeric_equation_decision_point_curriculum,false,train_only
syn_ne_dp_low_confidence_branch_discipline_0855,sft_train,numeric_equation,decision_point_low_confidence_branch_discipline,numeric_equation_decision_point_curriculum,false,train_only
syn_ne_dp_low_confidence_branch_discipline_0856,sft_train,numeric_equation,decision_point_low_confidence_branch_discipline,numeric_equation_decision_point_curriculum,false,train_only
syn_ne_dp_low_confidence_branch_discipline_0857,sft_train,numeric_equation,decision_point_low_confidence_branch_discipline,numeric_equation_decision_point_curriculum,false,train_only
syn_ne_dp_low_confidence_branch_discipline_0858,sft_train,numeric_equation,decision_point_low_confidence_branch_discipline,numeric_equation_decision_point_curriculum,false,train_only
syn_ne_dp_low_confidence_branch_discipline_0859,sft_train,numeric_equation,decision_point_low_confidence_branch_discipline,numeric_equation_decision_point_curriculum,false,train_only
syn_ne_dp_operator_absence_fallback_choice_0860,sft_train,numeric_equation,decision_point_operator_absence_fallback_choice,numeric_equation_decision_point_curriculum,false,train_only
syn_ne_dp_operator_absence_fallback_choice_0861,sft_train,numeric_equation,decision_point_operator_absence_fallback_choice,numeric_equation_decision_point_curriculum,false,train_only
syn_ne_dp_operator_absence_fallback_choice_0862,sft_train,numeric_equation,decision_point_operator_absence_fallback_choice,numeric_equation_decision_point_curriculum,false,train_only
syn_ne_dp_operator_absence_fallback_choice_0863,sft_train,numeric_equation,decision_point_operator_absence_fallback_choice,numeric_equation_decision_point_curriculum,false,train_only
syn_ne_dp_operator_absence_fallback_choice_0864,sft_train,numeric_equation,decision_point_operator_absence_fallback_choice,numeric_equation_decision_point_curriculum,false,train_only
syn_ne_dp_operator_absence_fallback_choice_0865,sft_train,numeric_equation,decision_point_operator_absence_fallback_choice,numeric_equation_decision_point_curriculum,false,train_only
syn_ne_dp_operator_absence_fallback_choice_0866,sft_train,numeric_equation,decision_point_operator_absence_fallback_choice,numeric_equation_decision_point_curriculum,false,train_only
syn_ne_dp_operator_absence_fallback_choice_0867,sft_train,numeric_equation,decision_point_operator_absence_fallback_choice,numeric_equation_decision_point_curriculum,false,train_only
syn_ne_dp_operator_absence_fallback_choice_0868,sft_train,numeric_equation,decision_point_operator_absence_fallback_choice,numeric_equation_decision_point_curriculum,false,train_only
syn_ne_dp_operator_absence_fallback_choice_0869,sft_train,numeric_equation,decision_point_operator_absence_fallback_choice,numeric_equation_decision_point_curriculum,false,train_only
syn_ne_dp_operator_absence_fallback_choice_0870,sft_train,numeric_equation,decision_point_operator_absence_fallback_choice,numeric_equation_decision_point_curriculum,false,train_only
syn_ne_dp_operator_absence_fallback_choice_0871,sft_train,numeric_equation,decision_point_operator_absence_fallback_choice,numeric_equation_decision_point_curriculum,false,train_only
syn_ne_dp_operator_absence_fallback_choice_0872,sft_train,numeric_equation,decision_point_operator_absence_fallback_choice,numeric_equation_decision_point_curriculum,false,train_only
syn_ne_dp_operator_absence_fallback_choice_0873,sft_train,numeric_equation,decision_point_operator_absence_fallback_choice,numeric_equation_decision_point_curriculum,false,train_only
syn_ne_dp_operator_absence_fallback_choice_0874,sft_train,numeric_equation,decision_point_operator_absence_fallback_choice,numeric_equation_decision_point_curriculum,false,train_only
syn_ne_dp_operator_absence_fallback_choice_0875,sft_train,numeric_equation,decision_point_operator_absence_fallback_choice,numeric_equation_decision_point_curriculum,false,train_only
syn_ne_dp_operator_absence_fallback_choice_0876,sft_train,numeric_equation,decision_point_operator_absence_fallback_choice,numeric_equation_decision_point_curriculum,false,train_only
syn_ne_dp_operator_absence_fallback_choice_0877,sft_train,numeric_equation,decision_point_operator_absence_fallback_choice,numeric_equation_decision_point_curriculum,false,train_only
syn_ne_dp_operator_absence_fallback_choice_0878,sft_train,numeric_equation,decision_point_operator_absence_fallback_choice,numeric_equation_decision_point_curriculum,false,train_only
syn_ne_dp_operator_absence_fallback_choice_0879,sft_train,numeric_equation,decision_point_operator_absence_fallback_choice,numeric_equation_decision_point_curriculum,false,train_only
syn_ne_dp_operator_absence_fallback_choice_0880,sft_train,numeric_equation,decision_point_operator_absence_fallback_choice,numeric_equation_decision_point_curriculum,false,train_only
syn_ne_dp_operator_absence_fallback_choice_0881,sft_train,numeric_equation,decision_point_operator_absence_fallback_choice,numeric_equation_decision_point_curriculum,false,train_only
syn_ne_dp_operator_absence_fallback_choice_0882,sft_train,numeric_equation,decision_point_operator_absence_fallback_choice,numeric_equation_decision_point_curriculum,false,train_only
syn_ne_dp_operator_absence_fallback_choice_0883,sft_train,numeric_equation,decision_point_operator_absence_fallback_choice,numeric_equation_decision_point_curriculum,false,train_only
syn_ne_dp_operator_absence_fallback_choice_0884,sft_train,numeric_equation,decision_point_operator_absence_fallback_choice,numeric_equation_decision_point_curriculum,false,train_only
syn_ne_dp_operator_absence_fallback_choice_0885,sft_train,numeric_equation,decision_point_operator_absence_fallback_choice,numeric_equation_decision_point_curriculum,false,train_only
syn_ne_dp_operator_absence_fallback_choice_0886,sft_train,numeric_equation,decision_point_operator_absence_fallback_choice,numeric_equation_decision_point_curriculum,false,train_only
syn_ne_dp_operator_absence_fallback_choice_0887,sft_train,numeric_equation,decision_point_operator_absence_fallback_choice,numeric_equation_decision_point_curriculum,false,train_only
syn_ne_dp_operator_absence_fallback_choice_0888,sft_train,numeric_equation,decision_point_operator_absence_fallback_choice,numeric_equation_decision_point_curriculum,false,train_only
syn_ne_dp_operator_absence_fallback_choice_0889,sft_train,numeric_equation,decision_point_operator_absence_fallback_choice,numeric_equation_decision_point_curriculum,false,train_only
syn_ne_dp_operator_absence_fallback_choice_0890,sft_train,numeric_equation,decision_point_operator_absence_fallback_choice,numeric_equation_decision_point_curriculum,false,train_only
syn_ne_dp_operator_absence_fallback_choice_0891,sft_train,numeric_equation,decision_point_operator_absence_fallback_choice,numeric_equation_decision_point_curriculum,false,train_only
syn_ne_dp_operator_absence_fallback_choice_0892,sft_train,numeric_equation,decision_point_operator_absence_fallback_choice,numeric_equation_decision_point_curriculum,false,train_only
syn_ne_dp_operator_absence_fallback_choice_0893,sft_train,numeric_equation,decision_point_operator_absence_fallback_choice,numeric_equation_decision_point_curriculum,false,train_only
syn_ne_dp_operator_absence_fallback_choice_0894,sft_train,numeric_equation,decision_point_operator_absence_fallback_choice,numeric_equation_decision_point_curriculum,false,train_only
syn_ne_dp_operator_absence_fallback_choice_0895,sft_train,numeric_equation,decision_point_operator_absence_fallback_choice,numeric_equation_decision_point_curriculum,false,train_only
syn_ne_dp_operator_absence_fallback_choice_0896,sft_train,numeric_equation,decision_point_operator_absence_fallback_choice,numeric_equation_decision_point_curriculum,false,train_only
syn_ne_dp_operator_absence_fallback_choice_0897,sft_train,numeric_equation,decision_point_operator_absence_fallback_choice,numeric_equation_decision_point_curriculum,false,train_only
syn_ne_dp_operator_absence_fallback_choice_0898,sft_train,numeric_equation,decision_point_operator_absence_fallback_choice,numeric_equation_decision_point_curriculum,false,train_only
syn_ne_dp_operator_absence_fallback_choice_0899,sft_train,numeric_equation,decision_point_operator_absence_fallback_choice,numeric_equation_decision_point_curriculum,false,train_only
syn_ne_dp_operator_absence_fallback_choice_0900,sft_train,numeric_equation,decision_point_operator_absence_fallback_choice,numeric_equation_decision_point_curriculum,false,train_only
0bcffccd,sft_train,numeric_equation,untrained_eval_only,numeric_equation_untrained_eval_only,true,eval_only
1b019515,sft_train,numeric_equation,untrained_eval_only,numeric_equation_untrained_eval_only,true,eval_only
1b6366af,sft_train,numeric_equation,untrained_eval_only,numeric_equation_untrained_eval_only,true,eval_only
1da822f1,sft_train,numeric_equation,untrained_eval_only,numeric_equation_untrained_eval_only,true,eval_only
20f0fac9,sft_train,numeric_equation,untrained_eval_only,numeric_equation_untrained_eval_only,true,eval_only
21dff465,eval_holdout,numeric_equation,untrained_eval_only,numeric_equation_untrained_eval_only,true,eval_only
58fed63a,sft_train,numeric_equation,untrained_eval_only,numeric_equation_untrained_eval_only,true,eval_only
5a0d5d2a,sft_train,numeric_equation,untrained_eval_only,numeric_equation_untrained_eval_only,true,eval_only
662fd21c,sft_train,numeric_equation,untrained_eval_only,numeric_equation_untrained_eval_only,true,eval_only
68903918,sft_train,numeric_equation,untrained_eval_only,numeric_equation_untrained_eval_only,true,eval_only
6cdc3a9f,sft_train,numeric_equation,untrained_eval_only,numeric_equation_untrained_eval_only,true,eval_only
7d9f6c40,sft_train,numeric_equation,untrained_eval_only,numeric_equation_untrained_eval_only,true,eval_only
87711597,sft_train,numeric_equation,untrained_eval_only,numeric_equation_untrained_eval_only,true,eval_only
92e320c9,sft_train,numeric_equation,untrained_eval_only,numeric_equation_untrained_eval_only,true,eval_only
9b458fbc,grpo_holdout,numeric_equation,untrained_eval_only,numeric_equation_untrained_eval_only,true,eval_only
aca5c614,eval_holdout,numeric_equation,untrained_eval_only,numeric_equation_untrained_eval_only,true,eval_only
b2e5c467,sft_train,numeric_equation,untrained_eval_only,numeric_equation_untrained_eval_only,true,eval_only
b451be8a,grpo_holdout,numeric_equation,untrained_eval_only,numeric_equation_untrained_eval_only,true,eval_only
c885e697,sft_train,numeric_equation,untrained_eval_only,numeric_equation_untrained_eval_only,true,eval_only
d096a492,sft_train,numeric_equation,untrained_eval_only,numeric_equation_untrained_eval_only,true,eval_only
d22f2d08,sft_train,numeric_equation,untrained_eval_only,numeric_equation_untrained_eval_only,true,eval_only
e8de8b47,sft_train,numeric_equation,untrained_eval_only,numeric_equation_untrained_eval_only,true,eval_only
