id,bucket,subbucket,source_id,source_mode,source_path,answer,pairing,operator,split_pos,path,prompt_sha1,target_sha1
syn_ne_dp_common_intersection_0001,common_intersection,none,syn_ne_ba_dc_sub_xminusy_0179,synthetic,docs/train_ready/numeric_equation_transformation_rules/work_on/synthetic/ba_dc_subtraction/x_y/syn_ne_ba_dc_sub_xminusy_0179.txt,91,BA_DC,~,1616,docs/numeric_equation_decision_point_curriculum/common_intersection/syn_ne_dp_common_intersection_0001.txt,e49887c71532328198e39c273efe4b72daaac337,fa114601eb37134e093ad23cce84dd89e1c3f19e
syn_ne_dp_common_intersection_0002,common_intersection,none,syn_ne_ab_cd_mul_len3_0034,synthetic,docs/train_ready/numeric_equation_transformation_rules/work_on/synthetic/ab_cd_multiplication/ab_cd_mul/syn_ne_ab_cd_mul_len3_0034.txt,840,BA_DC,^,3524,docs/numeric_equation_decision_point_curriculum/common_intersection/syn_ne_dp_common_intersection_0002.txt,95050e3f2f9e85fba9bd565dbfca724c32b762d8,b300bbe96ed1af28036e1af3a1eed60e7729d6c1
syn_ne_dp_common_intersection_0003,common_intersection,none,syn_ne_ab_cd_add_minus1_len3_0004,synthetic,docs/train_ready/numeric_equation_transformation_rules/work_on/synthetic/ab_cd_addition/ab_cd_len3/syn_ne_ab_cd_add_minus1_len3_0004.txt,!118,BA_DC,!,774,docs/numeric_equation_decision_point_curriculum/common_intersection/syn_ne_dp_common_intersection_0003.txt,570959684c7763d8a4099460b0d330385196afda,402bb562545c05301250a3bd356392fceaa5a78e
syn_ne_dp_common_intersection_0004,common_intersection,none,syn_ne_ab_cd_mul_plus1_len4_0022,synthetic,docs/train_ready/numeric_equation_transformation_rules/work_on/synthetic/ab_cd_multiplication/ab_cd_mul_plus1/syn_ne_ab_cd_mul_plus1_len4_0022.txt,2554,BA_DC,^,3456,docs/numeric_equation_decision_point_curriculum/common_intersection/syn_ne_dp_common_intersection_0004.txt,4f5125f107e36b37658fa435fbea2e7ab024d5c9,57120a4346718a6d07a9de06aa85b20d2b8f7266
syn_ne_dp_common_intersection_0005,common_intersection,none,syn_ne_mod_ab_cd_xmody_0121,synthetic,docs/train_ready/numeric_equation_transformation_rules/work_on/synthetic/modular/syn_ne_mod_ab_cd_xmody_0121.txt,19,BA_DC,%,1053,docs/numeric_equation_decision_point_curriculum/common_intersection/syn_ne_dp_common_intersection_0005.txt,4038bde8ecdff9a424925c6fe4557d654d7b208a,cdfaf7b20efe6f334e29d3271c052f84ea88c951
syn_ne_dp_common_intersection_0006,common_intersection,none,syn_ne_ab_cd_add_minus1_len3_0003,synthetic,docs/train_ready/numeric_equation_transformation_rules/work_on/synthetic/ab_cd_addition/ab_cd_len3/syn_ne_ab_cd_add_minus1_len3_0003.txt,14,BA_DC,-,5486,docs/numeric_equation_decision_point_curriculum/common_intersection/syn_ne_dp_common_intersection_0006.txt,2b1c286ef9577c02d655457f172dc7310e568118,96ff7ab0a4725c0aa6f5cd20fdc4afd3b5c34c38
syn_ne_dp_common_intersection_0007,common_intersection,none,syn_ne_ab_cd_sub_xminusy_mix_0014,synthetic,docs/train_ready/numeric_equation_transformation_rules/work_on/synthetic/ab_cd_subtraction/ab_cd_mix/syn_ne_ab_cd_sub_xminusy_mix_0014.txt,17,BA_DC,&,3527,docs/numeric_equation_decision_point_curriculum/common_intersection/syn_ne_dp_common_intersection_0007.txt,e8eafa7df6d25b455443eced745068ee4f8034bc,f134f4d3afc652bf0ef248cfd8c7be1ecb26d515
syn_ne_dp_common_intersection_0008,common_intersection,none,syn_ne_ab_cd_sub_xminusy_len2_0030,synthetic,docs/train_ready/numeric_equation_transformation_rules/work_on/synthetic/ab_cd_subtraction/ab_cd_len2/syn_ne_ab_cd_sub_xminusy_len2_0030.txt,21,BA_DC,(,2800,docs/numeric_equation_decision_point_curriculum/common_intersection/syn_ne_dp_common_intersection_0008.txt,c651c488c2a0edc00036052a8ce1b26e7201488a,1729b5f9b97be37e29cac8668ce87fba6c6f5ab5
syn_ne_dp_common_intersection_0009,common_intersection,none,syn_ne_ab_cd_sub_minmax_len2_0006,synthetic,docs/train_ready/numeric_equation_transformation_rules/work_on/synthetic/ab_cd_subtraction/ab_cd_len2/syn_ne_ab_cd_sub_minmax_len2_0006.txt,-35,BA_DC,`,4737,docs/numeric_equation_decision_point_curriculum/common_intersection/syn_ne_dp_common_intersection_0009.txt,e6c3bdf10b246b9a35d72244a698c6abeee3879b,90ffbc85ac51687fb2c52447d3366046e4a2748f
syn_ne_dp_common_intersection_0010,common_intersection,none,syn_ne_ab_cd_mul_len4_0011,synthetic,docs/train_ready/numeric_equation_transformation_rules/work_on/synthetic/ab_cd_multiplication/ab_cd_mul/syn_ne_ab_cd_mul_len4_0011.txt,3172,BA_DC,},2225,docs/numeric_equation_decision_point_curriculum/common_intersection/syn_ne_dp_common_intersection_0010.txt,7b4840a372a442f0a0201b6b6f8e5b3ea0e23e7a,4602791fc102daccf6c9ed980eecbe8c2317491c
syn_ne_dp_common_intersection_0011,common_intersection,none,syn_ne_mod_ab_cd_xmody_0124,synthetic,docs/train_ready/numeric_equation_transformation_rules/work_on/synthetic/modular/syn_ne_mod_ab_cd_xmody_0124.txt,19,BA_DC,%,4086,docs/numeric_equation_decision_point_curriculum/common_intersection/syn_ne_dp_common_intersection_0011.txt,fc8a928a05189fedafc54f0c593fa5f8d1892a47,7b1fc544eecab99a51a760e348cf4ba33d9edaf1
syn_ne_dp_common_intersection_0012,common_intersection,none,syn_ne_ba_dc_add_len2_xplusyminus1_0101,synthetic,docs/train_ready/numeric_equation_transformation_rules/work_on/synthetic/ba_dc_addition/ba_dc_len2/syn_ne_ba_dc_add_len2_xplusyminus1_0101.txt,94,BA_DC,$,1076,docs/numeric_equation_decision_point_curriculum/common_intersection/syn_ne_dp_common_intersection_0012.txt,99f0379e659a45460ea07e9388faf2af8dd380f0,3dcfd4a7f254a919d7edbdb611c2b3f6ae97063a
syn_ne_dp_common_intersection_0013,common_intersection,none,syn_ne_ab_cd_sub_yminusx_len2_0005,synthetic,docs/train_ready/numeric_equation_transformation_rules/work_on/synthetic/ab_cd_subtraction/ab_cd_len2/syn_ne_ab_cd_sub_yminusx_len2_0005.txt,34,BA_DC,~,5562,docs/numeric_equation_decision_point_curriculum/common_intersection/syn_ne_dp_common_intersection_0013.txt,1f753f0a6e159e3f73006ca3c742f314399658c9,3947856c6750d7c79efc4afe2b76a957de248813
syn_ne_dp_common_intersection_0014,common_intersection,none,syn_ne_ba_dc_sub_abs_0036,synthetic,docs/train_ready/numeric_equation_transformation_rules/work_on/synthetic/ba_dc_subtraction/abs_x_y/syn_ne_ba_dc_sub_abs_0036.txt,#68,BA_DC,#,2153,docs/numeric_equation_decision_point_curriculum/common_intersection/syn_ne_dp_common_intersection_0014.txt,79e26cb76c1c5fed4cb51f4a7c2b0189c5f21287,0c8a70404b2247e4f46eab0d442289a53c501ffd
syn_ne_dp_common_intersection_0015,common_intersection,none,syn_ne_mod_ba_dc_ymodx_0058,synthetic,docs/train_ready/numeric_equation_transformation_rules/work_on/synthetic/modular/syn_ne_mod_ba_dc_ymodx_0058.txt,6,BA_DC,%,4116,docs/numeric_equation_decision_point_curriculum/common_intersection/syn_ne_dp_common_intersection_0015.txt,7c54412f573ed5882e7e22c5aefe39c7921d82c6,f4319901d3a187c7617612aa141e158aa95b6600
syn_ne_dp_common_intersection_0016,common_intersection,none,syn_ne_ab_cd_sub_abs_len2_0007,synthetic,docs/train_ready/numeric_equation_transformation_rules/work_on/synthetic/ab_cd_subtraction/ab_cd_len2/syn_ne_ab_cd_sub_abs_len2_0007.txt,!49,BA_DC,!,2120,docs/numeric_equation_decision_point_curriculum/common_intersection/syn_ne_dp_common_intersection_0016.txt,2897b9487f1258ad008bf2fb4512dd9f0f36f02c,28298847855dfc49460932165e5791b6a2197562
syn_ne_dp_common_intersection_0017,common_intersection,none,syn_ne_opa_ba_dc_visible_plus_0021,synthetic,docs/train_ready/numeric_equation_transformation_rules/work_on/synthetic/operator_absence/syn_ne_opa_ba_dc_visible_plus_0021.txt,41,BA_DC,+,2180,docs/numeric_equation_decision_point_curriculum/common_intersection/syn_ne_dp_common_intersection_0017.txt,053839cff42c6f43442356b526af92e35f8b7d1e,e0c826478c576923a2531d68b695f0efb9c35ff8
syn_ne_dp_common_intersection_0018,common_intersection,none,syn_ne_ba_dc_mul_xmulyminus1_0010,synthetic,docs/train_ready/numeric_equation_transformation_rules/work_on/synthetic/ba_dc_multiplication/ba_dc_mul_minus_1/syn_ne_ba_dc_mul_xmulyminus1_0010.txt,9893,BA_DC,:,2191,docs/numeric_equation_decision_point_curriculum/common_intersection/syn_ne_dp_common_intersection_0018.txt,3d8ca06749c304e335e60d6ca380d3fd1c238d9f,1236a6e8a675ef06efa842351922b5f7e8a68f0a
syn_ne_dp_common_intersection_0019,common_intersection,none,syn_ne_ab_cd_sub_xminusy_len1_0001,synthetic,docs/train_ready/numeric_equation_transformation_rules/work_on/synthetic/ab_cd_subtraction/ab_cd_len1/syn_ne_ab_cd_sub_xminusy_len1_0001.txt,1,BA_DC,-,3459,docs/numeric_equation_decision_point_curriculum/common_intersection/syn_ne_dp_common_intersection_0019.txt,3cfc571a8fe0b8541a3a4fdb545375db38f53c63,74de75ed8655792a4e6957d9832ad38a74087a7a
syn_ne_dp_common_intersection_0020,common_intersection,none,syn_ne_opa_ab_cd_visible_mod_0011,synthetic,docs/train_ready/numeric_equation_transformation_rules/work_on/synthetic/operator_absence/syn_ne_opa_ab_cd_visible_mod_0011.txt,10,BA_DC,%,2265,docs/numeric_equation_decision_point_curriculum/common_intersection/syn_ne_dp_common_intersection_0020.txt,cc42d2384a0cae80513a39a0d25073101e6c4fa7,887ee03062ec74ace2c0f94f8098ee66a873832f
syn_ne_dp_common_intersection_0021,common_intersection,none,syn_ne_prefix_ab_cd_xminusy_0017,synthetic,docs/train_ready/numeric_equation_transformation_rules/work_on/synthetic/prefix_postfix/syn_ne_prefix_ab_cd_xminusy_0017.txt,$15,BA_DC,$,1500,docs/numeric_equation_decision_point_curriculum/common_intersection/syn_ne_dp_common_intersection_0021.txt,0b32643a4e99522ab7d56ea9c8fcbd60e268f3a0,000d69eec146f6ea9bf718c526ecf63353e6a037
syn_ne_dp_common_intersection_0022,common_intersection,none,syn_ne_ab_cd_add_minus1_mix_0009,synthetic,docs/train_ready/numeric_equation_transformation_rules/work_on/synthetic/ab_cd_addition/ab_cd_mix/syn_ne_ab_cd_add_minus1_mix_0009.txt,^78,BA_DC,^,1547,docs/numeric_equation_decision_point_curriculum/common_intersection/syn_ne_dp_common_intersection_0022.txt,aa3438e439456ce2b271d52166c3d6c29148414e,f064e532bf0b83d192b51d7588a200de86b7ee51
syn_ne_dp_common_intersection_0023,common_intersection,none,syn_ne_ab_cd_sub_abs_len2_0026,synthetic,docs/train_ready/numeric_equation_transformation_rules/work_on/synthetic/ab_cd_subtraction/ab_cd_len2/syn_ne_ab_cd_sub_abs_len2_0026.txt,`96,BA_DC,`,2636,docs/numeric_equation_decision_point_curriculum/common_intersection/syn_ne_dp_common_intersection_0023.txt,a9b5a579aa083cbb33da20ddde5d72f47768995b,1286d72758971bf8adde0a095a4c8cb6737a3684
syn_ne_dp_common_intersection_0024,common_intersection,none,syn_ne_ab_cd_add_minus1_len3_0013,synthetic,docs/train_ready/numeric_equation_transformation_rules/work_on/synthetic/ab_cd_addition/ab_cd_len3/syn_ne_ab_cd_add_minus1_len3_0013.txt,58,BA_DC,',3713,docs/numeric_equation_decision_point_curriculum/common_intersection/syn_ne_dp_common_intersection_0024.txt,66dbde0d5f7a70db5d572088f728905d375efc59,82d03e5bdc423330c4acff8e1ad9f0d675210f17
syn_ne_dp_common_intersection_0025,common_intersection,none,syn_ne_ab_cd_mul_plus1_len4_0024,synthetic,docs/train_ready/numeric_equation_transformation_rules/work_on/synthetic/ab_cd_multiplication/ab_cd_mul_plus1/syn_ne_ab_cd_mul_plus1_len4_0024.txt,6567,BA_DC,:,2157,docs/numeric_equation_decision_point_curriculum/common_intersection/syn_ne_dp_common_intersection_0025.txt,8f1a121dbc14b6a180a229013f010cb1f46ec47e,a034eae6f3e5c00eb03653171e61cd7086ec663a
syn_ne_dp_common_intersection_0026,common_intersection,none,syn_ne_mod_ab_cd_maxxymodminxy_0084,synthetic,docs/train_ready/numeric_equation_transformation_rules/work_on/synthetic/modular/syn_ne_mod_ab_cd_maxxymodminxy_0084.txt,0,AB_CD,%,7200,docs/numeric_equation_decision_point_curriculum/common_intersection/syn_ne_dp_common_intersection_0026.txt,534e9de718e788bff7716b539540ef68e731419a,7e2e83f455250f598ba074a066527b44829ba3a0
syn_ne_dp_common_intersection_0027,common_intersection,none,syn_ne_mod_ab_cd_ymodx_0148,synthetic,docs/train_ready/numeric_equation_transformation_rules/work_on/synthetic/modular/syn_ne_mod_ab_cd_ymodx_0148.txt,4,AB_CD,%,5980,docs/numeric_equation_decision_point_curriculum/common_intersection/syn_ne_dp_common_intersection_0027.txt,a9c697aee8df811cf1415fbfb4e6bf24c8da99bf,d5a49601cdf0378b34ac3c0942e9c83159f445a4
syn_ne_dp_common_intersection_0028,common_intersection,none,syn_ne_ab_cd_add_plus1_len3_0022,synthetic,docs/train_ready/numeric_equation_transformation_rules/work_on/synthetic/ab_cd_addition/ab_cd_len3/syn_ne_ab_cd_add_plus1_len3_0022.txt,511,AB_CD,#,6779,docs/numeric_equation_decision_point_curriculum/common_intersection/syn_ne_dp_common_intersection_0028.txt,4a92f950b5bcaef7f7757a0f12debb45880421fc,0fb63e435b52107ad781e83d916d51f6eefddd46
syn_ne_dp_common_intersection_0029,common_intersection,none,syn_ne_ab_cd_mul_len3_0029,synthetic,docs/train_ready/numeric_equation_transformation_rules/work_on/synthetic/ab_cd_multiplication/ab_cd_mul/syn_ne_ab_cd_mul_len3_0029.txt,864,AB_CD,{,8425,docs/numeric_equation_decision_point_curriculum/common_intersection/syn_ne_dp_common_intersection_0029.txt,f29fbf5a7ad33bd58791f1e4ae56585ad38f43d6,c9ee9887c1ba1240b6dd80f59f822ffe0e2b635b
syn_ne_dp_common_intersection_0030,common_intersection,none,syn_ne_ab_cd_mul_len3_0022,synthetic,docs/train_ready/numeric_equation_transformation_rules/work_on/synthetic/ab_cd_multiplication/ab_cd_mul/syn_ne_ab_cd_mul_len3_0022.txt,969,AB_CD,-,7481,docs/numeric_equation_decision_point_curriculum/common_intersection/syn_ne_dp_common_intersection_0030.txt,a968eb2884967ebf1e9aed5ec0f6e00c0eb29b37,c88677149a3f583b0437516528794d5e08853963
syn_ne_dp_common_intersection_0031,common_intersection,none,syn_ne_ab_cd_mul_minus1_len3_0017,synthetic,docs/train_ready/numeric_equation_transformation_rules/work_on/synthetic/ab_cd_multiplication/ab_cd_mul_minus1/syn_ne_ab_cd_mul_minus1_len3_0017.txt,923,AB_CD,:,10493,docs/numeric_equation_decision_point_curriculum/common_intersection/syn_ne_dp_common_intersection_0031.txt,5b3f5ccbade839f0e23ea835f575f330f72a7e33,8dfea0dee0f417985d69581600e4cdab27ee2bc0
syn_ne_dp_common_intersection_0032,common_intersection,none,syn_ne_ab_cd_add_minus1_len3_0010,synthetic,docs/train_ready/numeric_equation_transformation_rules/work_on/synthetic/ab_cd_addition/ab_cd_len3/syn_ne_ab_cd_add_minus1_len3_0010.txt,128',AB_CD,',6042,docs/numeric_equation_decision_point_curriculum/common_intersection/syn_ne_dp_common_intersection_0032.txt,2026105247fe3da2d6e09e48148322964c85f2af,d1b0eadd9dcaff653319f62daf2e775a9c3b5302
syn_ne_dp_common_intersection_0033,common_intersection,none,syn_ne_mod_ab_cd_xmody_0122,synthetic,docs/train_ready/numeric_equation_transformation_rules/work_on/synthetic/modular/syn_ne_mod_ab_cd_xmody_0122.txt,19,AB_CD,%,6553,docs/numeric_equation_decision_point_curriculum/common_intersection/syn_ne_dp_common_intersection_0033.txt,ab8eabb5b165adef87758249756664da66f550bd,eb613fd59ade28a3ff1497ea9fe56092a77daf11
syn_ne_dp_common_intersection_0034,common_intersection,none,syn_ne_ab_cd_sub_abs_len2_0021,synthetic,docs/train_ready/numeric_equation_transformation_rules/work_on/synthetic/ab_cd_subtraction/ab_cd_len2/syn_ne_ab_cd_sub_abs_len2_0021.txt,18:,AB_CD,:,7465,docs/numeric_equation_decision_point_curriculum/common_intersection/syn_ne_dp_common_intersection_0034.txt,81af830e11ed9dd1eeb58075efcaed3e8644d9e6,35425a8a8f50ed18ca8b3025030960a65746c563
syn_ne_dp_common_intersection_0035,common_intersection,none,syn_ne_ab_cd_mul_plus1_len3_0003,synthetic,docs/train_ready/numeric_equation_transformation_rules/work_on/synthetic/ab_cd_multiplication/ab_cd_mul_plus1/syn_ne_ab_cd_mul_plus1_len3_0003.txt,778,AB_CD,-,4836,docs/numeric_equation_decision_point_curriculum/common_intersection/syn_ne_dp_common_intersection_0035.txt,55ece9f512656e41c57929b51f304614e2580cfa,ce31e77cda3d1c3123a082a47e5f97a28d064b35
syn_ne_dp_common_intersection_0036,common_intersection,none,syn_ne_ab_cd_sub_abs_len2_0010,synthetic,docs/train_ready/numeric_equation_transformation_rules/work_on/synthetic/ab_cd_subtraction/ab_cd_len2/syn_ne_ab_cd_sub_abs_len2_0010.txt,(61,AB_CD,(,8007,docs/numeric_equation_decision_point_curriculum/common_intersection/syn_ne_dp_common_intersection_0036.txt,bd3eaf409ecbf7a18ae9a10299b4ade59e74d825,a1b4b7ddb64ecaffd52d2606a5aad2630e9c2781
syn_ne_dp_common_intersection_0037,common_intersection,none,syn_ne_ab_cd_mul_plus1_len3_0030,synthetic,docs/train_ready/numeric_equation_transformation_rules/work_on/synthetic/ab_cd_multiplication/ab_cd_mul_plus1/syn_ne_ab_cd_mul_plus1_len3_0030.txt,981,AB_CD,>,5255,docs/numeric_equation_decision_point_curriculum/common_intersection/syn_ne_dp_common_intersection_0037.txt,e5821fd84b081f4d423feb4412556766d26b2ec5,005aa74f02d5b4eb7b04df2338597b3192942963
syn_ne_dp_common_intersection_0038,common_intersection,none,syn_ne_ab_cd_sub_yminusx_len2_0009,synthetic,docs/train_ready/numeric_equation_transformation_rules/work_on/synthetic/ab_cd_subtraction/ab_cd_len2/syn_ne_ab_cd_sub_yminusx_len2_0009.txt,-22,AB_CD,"""",8144,docs/numeric_equation_decision_point_curriculum/common_intersection/syn_ne_dp_common_intersection_0038.txt,caa02d5441830a9c50fb281b661bf12887faf52a,8a11a2f3bf750ffa3782c1e60cbe014b2ec97e2c
syn_ne_dp_common_intersection_0039,common_intersection,none,syn_ne_ab_cd_add_minus1_len2_0009,synthetic,docs/train_ready/numeric_equation_transformation_rules/work_on/synthetic/ab_cd_addition/ab_cd_len2/syn_ne_ab_cd_add_minus1_len2_0009.txt,129,AB_CD,~,6422,docs/numeric_equation_decision_point_curriculum/common_intersection/syn_ne_dp_common_intersection_0039.txt,b2ef8ba114761445b45fa942883abda01a0cd07b,a377cf5149bac30987ea44363f7644da9d596bca
syn_ne_dp_common_intersection_0040,common_intersection,none,syn_ne_ab_cd_mul_plus1_len3_0016,synthetic,docs/train_ready/numeric_equation_transformation_rules/work_on/synthetic/ab_cd_multiplication/ab_cd_mul_plus1/syn_ne_ab_cd_mul_plus1_len3_0016.txt,672,AB_CD,&,8073,docs/numeric_equation_decision_point_curriculum/common_intersection/syn_ne_dp_common_intersection_0040.txt,21fd919b29fee34bea1f80511a62b7c2a66c0fa2,67fd6a176b81406fc50dbd6f86840b11ebda8109
syn_ne_dp_common_intersection_0041,common_intersection,none,syn_ne_ab_cd_mul_plus1_len3_0015,synthetic,docs/train_ready/numeric_equation_transformation_rules/work_on/synthetic/ab_cd_multiplication/ab_cd_mul_plus1/syn_ne_ab_cd_mul_plus1_len3_0015.txt,757,AB_CD,^,5252,docs/numeric_equation_decision_point_curriculum/common_intersection/syn_ne_dp_common_intersection_0041.txt,4edbf128e26527decf35420a7dc73f0854d9c4d8,e6b4fb2fa4ed4e2007acc987dcecb23ac13aab6f
syn_ne_dp_common_intersection_0042,common_intersection,none,syn_ne_ab_cd_sub_minmax_mix_0004,synthetic,docs/train_ready/numeric_equation_transformation_rules/work_on/synthetic/ab_cd_subtraction/ab_cd_mix/syn_ne_ab_cd_sub_minmax_mix_0004.txt,-30,AB_CD,(,4801,docs/numeric_equation_decision_point_curriculum/common_intersection/syn_ne_dp_common_intersection_0042.txt,d388b42744a711a426a54d06b227551e9923620b,3a2904011531c49c1ea90162ae9ac9d5bf87c92b
syn_ne_dp_common_intersection_0043,common_intersection,none,syn_ne_ab_cd_mul_plus1_len3_0006,synthetic,docs/train_ready/numeric_equation_transformation_rules/work_on/synthetic/ab_cd_multiplication/ab_cd_mul_plus1/syn_ne_ab_cd_mul_plus1_len3_0006.txt,514,AB_CD,!,4315,docs/numeric_equation_decision_point_curriculum/common_intersection/syn_ne_dp_common_intersection_0043.txt,7ea7fe04748b0efd2acaad36d8fa38dbd13a760a,56d1da121cb61fc47b3d3825f806752f2d2e0b86
syn_ne_dp_common_intersection_0044,common_intersection,none,syn_ne_ab_cd_sub_minmax_len2_0008,synthetic,docs/train_ready/numeric_equation_transformation_rules/work_on/synthetic/ab_cd_subtraction/ab_cd_len2/syn_ne_ab_cd_sub_minmax_len2_0008.txt,-32,AB_CD,?,8480,docs/numeric_equation_decision_point_curriculum/common_intersection/syn_ne_dp_common_intersection_0044.txt,3fc5cb177d112ad6e77e5447ceb1a903e603084a,9c7d5b10dd2d888fffd0f5f5e85b4907b61a64fd
syn_ne_dp_common_intersection_0045,common_intersection,none,syn_ne_mod_ab_cd_ymodx_0135,synthetic,docs/train_ready/numeric_equation_transformation_rules/work_on/synthetic/modular/syn_ne_mod_ab_cd_ymodx_0135.txt,5,AB_CD,%,8385,docs/numeric_equation_decision_point_curriculum/common_intersection/syn_ne_dp_common_intersection_0045.txt,cb8183ff8955f5c277ec6d8690f69d5fbb1670f5,1b31301fdd7cf7cea9476288b334cd9badd91279
syn_ne_dp_common_intersection_0046,common_intersection,none,syn_ne_mod_ab_cd_xmody_0108,synthetic,docs/train_ready/numeric_equation_transformation_rules/work_on/synthetic/modular/syn_ne_mod_ab_cd_xmody_0108.txt,18,AB_CD,%,5350,docs/numeric_equation_decision_point_curriculum/common_intersection/syn_ne_dp_common_intersection_0046.txt,4fe2f1b94a13b0dfa75318e7e517798cba80b393,30406b401379e32e17d43dcefbca3910cb0fbee3
syn_ne_dp_common_intersection_0047,common_intersection,none,syn_ne_ab_cd_mul_plus1_len3_0007,synthetic,docs/train_ready/numeric_equation_transformation_rules/work_on/synthetic/ab_cd_multiplication/ab_cd_mul_plus1/syn_ne_ab_cd_mul_plus1_len3_0007.txt,721,AB_CD,?,8170,docs/numeric_equation_decision_point_curriculum/common_intersection/syn_ne_dp_common_intersection_0047.txt,21ef7cc511833f3c5236315438ddab4c24734622,ff7a7885ca39cd0e75659c5bce9f8f881e000130
syn_ne_dp_common_intersection_0048,common_intersection,none,syn_ne_ab_cd_add_plus1_len3_0002,synthetic,docs/train_ready/numeric_equation_transformation_rules/work_on/synthetic/ab_cd_addition/ab_cd_len3/syn_ne_ab_cd_add_plus1_len3_0002.txt,411,AB_CD,~,6780,docs/numeric_equation_decision_point_curriculum/common_intersection/syn_ne_dp_common_intersection_0048.txt,87990ad2da57ff5c832d26d034f3cf8636ec4c08,53153ae09838ac24bb02ff59da246aa4e7239504
syn_ne_dp_common_intersection_0049,common_intersection,none,syn_ne_ab_cd_sub_minmax_len2_0001,synthetic,docs/train_ready/numeric_equation_transformation_rules/work_on/synthetic/ab_cd_subtraction/ab_cd_len2/syn_ne_ab_cd_sub_minmax_len2_0001.txt,-13,AB_CD,:,6968,docs/numeric_equation_decision_point_curriculum/common_intersection/syn_ne_dp_common_intersection_0049.txt,0c0e9139b70965f2447eb3a3b465a1b4d6757e49,6990ac201178f3ff21f816e2441390e1a9f4f5c8
syn_ne_dp_common_intersection_0050,common_intersection,none,syn_ne_mod_ab_cd_ymodx_0140,synthetic,docs/train_ready/numeric_equation_transformation_rules/work_on/synthetic/modular/syn_ne_mod_ab_cd_ymodx_0140.txt,11,AB_CD,%,5892,docs/numeric_equation_decision_point_curriculum/common_intersection/syn_ne_dp_common_intersection_0050.txt,2847638106c55c086414b620aa52637fe088a13b,73146da6b90eaecee63bc07c3c543b226796f9ee
syn_ne_dp_common_intersection_0051,common_intersection,single,syn_ne_ba_dc_sub_abs_0070,synthetic,docs/train_ready/numeric_equation_transformation_rules/work_on/synthetic/ba_dc_subtraction/abs_x_y/syn_ne_ba_dc_sub_abs_0070.txt,13-,BA_DC,-,5029,docs/numeric_equation_decision_point_curriculum/common_intersection/syn_ne_dp_common_intersection_0051.txt,686f61b70599474d300d343b7fc8c33ee7ecf948,bb8dbdc3ebdaa995c6ec06ee5a41334ec6e0c421
syn_ne_dp_common_intersection_0052,common_intersection,single,syn_ne_policy_literal_minus_opposite_sign_0001,synthetic,docs/train_ready/numeric_equation_transformation_rules/work_on/synthetic/non_unanimous_policy/literal_minus_opposite_sign/syn_ne_policy_literal_minus_opposite_sign_0001.txt,-11,BA_DC,-,1412,docs/numeric_equation_decision_point_curriculum/common_intersection/syn_ne_dp_common_intersection_0052.txt,68d568540b92a014f8c26ad62fc71d6744576230,5fc3513f32d27e11a458d18aeee510e2075bb9ea
syn_ne_dp_common_intersection_0053,common_intersection,single,syn_ne_policy_literal_minus_opposite_sign_0005,synthetic,docs/train_ready/numeric_equation_transformation_rules/work_on/synthetic/non_unanimous_policy/literal_minus_opposite_sign/syn_ne_policy_literal_minus_opposite_sign_0005.txt,-52,BA_DC,-,1412,docs/numeric_equation_decision_point_curriculum/common_intersection/syn_ne_dp_common_intersection_0053.txt,e077a14a1cb9e70677f139489da49da1f926d660,f596d4a274b3e140213c238f87dc20b8bbc68204
syn_ne_dp_common_intersection_0054,common_intersection,single,syn_ne_ba_dc_sub_abs_0051,synthetic,docs/train_ready/numeric_equation_transformation_rules/work_on/synthetic/ba_dc_subtraction/abs_x_y/syn_ne_ba_dc_sub_abs_0051.txt,<15,BA_DC,<,3797,docs/numeric_equation_decision_point_curriculum/common_intersection/syn_ne_dp_common_intersection_0054.txt,65f6b91f0a27c2636e5a4061a1cfc64faccb8c2a,11b957c15ee11621d6e54e80a3a347b2fad341a8
syn_ne_dp_common_intersection_0055,common_intersection,single,syn_ne_policy_literal_minus_opposite_sign_0023,synthetic,docs/train_ready/numeric_equation_transformation_rules/work_on/synthetic/non_unanimous_policy/literal_minus_opposite_sign/syn_ne_policy_literal_minus_opposite_sign_0023.txt,-5,BA_DC,-,1406,docs/numeric_equation_decision_point_curriculum/common_intersection/syn_ne_dp_common_intersection_0055.txt,3606dd5eac77dc39b82f01589cc5494e4e4e3396,675889d215527356f4c18d336d26d493ab1befe4
syn_ne_dp_common_intersection_0056,common_intersection,single,syn_ne_policy_literal_minus_opposite_sign_0021,synthetic,docs/train_ready/numeric_equation_transformation_rules/work_on/synthetic/non_unanimous_policy/literal_minus_opposite_sign/syn_ne_policy_literal_minus_opposite_sign_0021.txt,-01,BA_DC,-,1412,docs/numeric_equation_decision_point_curriculum/common_intersection/syn_ne_dp_common_intersection_0056.txt,9b90dfa7157dab4bce1d3e43a164b581a6644bdb,b4291082ced010bf1bef7e5cb05b3243a9f660c7
syn_ne_dp_common_intersection_0057,common_intersection,single,syn_ne_ba_dc_sub_abs_0016,synthetic,docs/train_ready/numeric_equation_transformation_rules/work_on/synthetic/ba_dc_subtraction/abs_x_y/syn_ne_ba_dc_sub_abs_0016.txt,22#,BA_DC,#,5074,docs/numeric_equation_decision_point_curriculum/common_intersection/syn_ne_dp_common_intersection_0057.txt,df9d59cfa76afb1c108d6b1390750ad008063b86,6dd1fbcec7ababcd3a9320ba5c2fe6a1542e7c3b
syn_ne_dp_common_intersection_0058,common_intersection,single,syn_ne_policy_literal_minus_opposite_sign_0012,synthetic,docs/train_ready/numeric_equation_transformation_rules/work_on/synthetic/non_unanimous_policy/literal_minus_opposite_sign/syn_ne_policy_literal_minus_opposite_sign_0012.txt,-04,BA_DC,-,606,docs/numeric_equation_decision_point_curriculum/common_intersection/syn_ne_dp_common_intersection_0058.txt,95f8b51aeafc0891eaeb8e5e1269800b130add8a,41c36f2443398d71dc5b83839bf849a918a64685
syn_ne_dp_common_intersection_0059,common_intersection,single,syn_ne_postfix_ba_dc_yminusx_0021,synthetic,docs/train_ready/numeric_equation_transformation_rules/work_on/synthetic/prefix_postfix/syn_ne_postfix_ba_dc_yminusx_0021.txt,50#,BA_DC,#,3136,docs/numeric_equation_decision_point_curriculum/common_intersection/syn_ne_dp_common_intersection_0059.txt,2587569e16457284a7bfdbda44760ace20ae562d,6a3cfc0e50f8e0345784be3f51c886d804028ff1
syn_ne_dp_common_intersection_0060,common_intersection,single,syn_ne_policy_literal_minus_opposite_sign_0002,synthetic,docs/train_ready/numeric_equation_transformation_rules/work_on/synthetic/non_unanimous_policy/literal_minus_opposite_sign/syn_ne_policy_literal_minus_opposite_sign_0002.txt,-93,BA_DC,-,1412,docs/numeric_equation_decision_point_curriculum/common_intersection/syn_ne_dp_common_intersection_0060.txt,1975ff15fac8f83f9b96edd707e8fb629292d3a0,d05c5e315e979ac2d2e523bcc6a026c200ca51ed
syn_ne_dp_common_intersection_0061,common_intersection,single,syn_ne_policy_literal_minus_opposite_sign_0001,synthetic,docs/train_ready/numeric_equation_transformation_rules/work_on/synthetic/non_unanimous_policy/literal_minus_opposite_sign/syn_ne_policy_literal_minus_opposite_sign_0001.txt,-11,BA_DC,-,606,docs/numeric_equation_decision_point_curriculum/common_intersection/syn_ne_dp_common_intersection_0061.txt,70c235891aafc2a992e4ba7f00991b5541f255b1,763cf424cb94f7d5bd02396375b40d7bd94e294f
syn_ne_dp_common_intersection_0062,common_intersection,single,syn_ne_ba_dc_sub_yminusx_0022,synthetic,docs/train_ready/numeric_equation_transformation_rules/work_on/synthetic/ba_dc_subtraction/y_x/syn_ne_ba_dc_sub_yminusx_0022.txt,57@,BA_DC,@,4318,docs/numeric_equation_decision_point_curriculum/common_intersection/syn_ne_dp_common_intersection_0062.txt,b319240a24db33f07a0e1657af24da956f9e3c2d,732fb816a37adc5d1e8fef7dd6d8b982c1152c8f
syn_ne_dp_common_intersection_0063,common_intersection,single,syn_ne_ba_dc_sub_yminusx_0038,synthetic,docs/train_ready/numeric_equation_transformation_rules/work_on/synthetic/ba_dc_subtraction/y_x/syn_ne_ba_dc_sub_yminusx_0038.txt,25/,BA_DC,/,5533,docs/numeric_equation_decision_point_curriculum/common_intersection/syn_ne_dp_common_intersection_0063.txt,d18c266b4b972087681a5052115536a8f4cc06b4,ba20c6eb53bee372b76c95f68eb4ccc6e00e462c
syn_ne_dp_common_intersection_0064,common_intersection,single,syn_ne_policy_literal_minus_opposite_sign_0021,synthetic,docs/train_ready/numeric_equation_transformation_rules/work_on/synthetic/non_unanimous_policy/literal_minus_opposite_sign/syn_ne_policy_literal_minus_opposite_sign_0021.txt,-01,BA_DC,-,606,docs/numeric_equation_decision_point_curriculum/common_intersection/syn_ne_dp_common_intersection_0064.txt,74245dddf7003ecf5eb4a04ee21a34976c9f65a8,1ce78a49aedf85628f11d9946be1f575bc02b90b
syn_ne_dp_common_intersection_0065,common_intersection,single,syn_ne_postfix_ba_dc_yminusx_0025,synthetic,docs/train_ready/numeric_equation_transformation_rules/work_on/synthetic/prefix_postfix/syn_ne_postfix_ba_dc_yminusx_0025.txt,20;,BA_DC,;,3136,docs/numeric_equation_decision_point_curriculum/common_intersection/syn_ne_dp_common_intersection_0065.txt,87cab816b85f05fd5f9d9a052be42e21957f4401,3552e0455d3401038f8541ace3c6787860691d6f
syn_ne_dp_common_intersection_0066,common_intersection,single,syn_ne_ba_dc_sub_yminusx_0005,synthetic,docs/train_ready/numeric_equation_transformation_rules/work_on/synthetic/ba_dc_subtraction/y_x/syn_ne_ba_dc_sub_yminusx_0005.txt,23:,BA_DC,:,5656,docs/numeric_equation_decision_point_curriculum/common_intersection/syn_ne_dp_common_intersection_0066.txt,84e8dd1b9a29ed4a441efd5e550a0e9ad2849702,f27dc260642c8fb40e6f13c05fb94dee0959da72
syn_ne_dp_common_intersection_0067,common_intersection,single,syn_ne_ba_dc_sub_abs_0041,synthetic,docs/train_ready/numeric_equation_transformation_rules/work_on/synthetic/ba_dc_subtraction/abs_x_y/syn_ne_ba_dc_sub_abs_0041.txt,<63,BA_DC,<,6689,docs/numeric_equation_decision_point_curriculum/common_intersection/syn_ne_dp_common_intersection_0067.txt,c210cdb4b40984934558297e029125350dfb63d5,a65c94e96d9735f671bceaab08b52ce200db27e5
syn_ne_dp_common_intersection_0068,common_intersection,single,syn_ne_policy_literal_minus_opposite_sign_0018,synthetic,docs/train_ready/numeric_equation_transformation_rules/work_on/synthetic/non_unanimous_policy/literal_minus_opposite_sign/syn_ne_policy_literal_minus_opposite_sign_0018.txt,-44,BA_DC,-,606,docs/numeric_equation_decision_point_curriculum/common_intersection/syn_ne_dp_common_intersection_0068.txt,63da318ddf21033b7989960cb4661720e63905cc,a1e0f7e539e7fb914fa8a12fa79487ed07afdbe2
syn_ne_dp_common_intersection_0069,common_intersection,single,syn_ne_ba_dc_sub_yminusx_0004,synthetic,docs/train_ready/numeric_equation_transformation_rules/work_on/synthetic/ba_dc_subtraction/y_x/syn_ne_ba_dc_sub_yminusx_0004.txt,&10,BA_DC,&,4408,docs/numeric_equation_decision_point_curriculum/common_intersection/syn_ne_dp_common_intersection_0069.txt,33de32551d9da879a7b3484bd692fceb0029c6b0,af71cd7435e44d7e35d8cfa0545b4a54f95ea33a
syn_ne_dp_common_intersection_0070,common_intersection,single,syn_ne_policy_literal_minus_opposite_sign_0027,synthetic,docs/train_ready/numeric_equation_transformation_rules/work_on/synthetic/non_unanimous_policy/literal_minus_opposite_sign/syn_ne_policy_literal_minus_opposite_sign_0027.txt,-97,BA_DC,-,1001,docs/numeric_equation_decision_point_curriculum/common_intersection/syn_ne_dp_common_intersection_0070.txt,64866382f70b2cc1da034220c31f4f3b04d82f5f,99f2da3be0cb8ebc2314c852745f73553b884a3c
syn_ne_dp_common_intersection_0071,common_intersection,single,syn_ne_postfix_ba_dc_yminusx_0006,synthetic,docs/train_ready/numeric_equation_transformation_rules/work_on/synthetic/prefix_postfix/syn_ne_postfix_ba_dc_yminusx_0006.txt,12$,BA_DC,$,3118,docs/numeric_equation_decision_point_curriculum/common_intersection/syn_ne_dp_common_intersection_0071.txt,0dfc28f19ef4ce4ffe6415a104aa76d5ed08d9cd,e02f49e3ac37f967990af51bb494037505df3110
syn_ne_dp_common_intersection_0072,common_intersection,single,syn_ne_ba_dc_sub_abs_0026,synthetic,docs/train_ready/numeric_equation_transformation_rules/work_on/synthetic/ba_dc_subtraction/abs_x_y/syn_ne_ba_dc_sub_abs_0026.txt,#04,BA_DC,#,6631,docs/numeric_equation_decision_point_curriculum/common_intersection/syn_ne_dp_common_intersection_0072.txt,0610e060e671dccdc9c0e7124c3292fe28306595,1d2f8ee99eaea369a8ddadfec297e43735200d44
syn_ne_dp_common_intersection_0073,common_intersection,single,syn_ne_ba_dc_sub_abs_0045,synthetic,docs/train_ready/numeric_equation_transformation_rules/work_on/synthetic/ba_dc_subtraction/abs_x_y/syn_ne_ba_dc_sub_abs_0045.txt,:22,BA_DC,:,3821,docs/numeric_equation_decision_point_curriculum/common_intersection/syn_ne_dp_common_intersection_0073.txt,f727ba3cab5b7f55d304946b92df6ae83be78f91,43b3cb9e5cfa5000d54f2acc5962b3f67faa072a
syn_ne_dp_common_intersection_0074,common_intersection,single,syn_ne_policy_literal_minus_opposite_sign_0006,synthetic,docs/train_ready/numeric_equation_transformation_rules/work_on/synthetic/non_unanimous_policy/literal_minus_opposite_sign/syn_ne_policy_literal_minus_opposite_sign_0006.txt,-31,BA_DC,-,1001,docs/numeric_equation_decision_point_curriculum/common_intersection/syn_ne_dp_common_intersection_0074.txt,59cbd13d9ed0cbf2dbb5f8aaf136edfff98af852,990894f72c465cf7112b1cb5d6e15548246a3fbc
syn_ne_dp_common_intersection_0075,common_intersection,single,syn_ne_ba_dc_sub_abs_0009,synthetic,docs/train_ready/numeric_equation_transformation_rules/work_on/synthetic/ba_dc_subtraction/abs_x_y/syn_ne_ba_dc_sub_abs_0009.txt,~57,BA_DC,~,3765,docs/numeric_equation_decision_point_curriculum/common_intersection/syn_ne_dp_common_intersection_0075.txt,fe3f29a4d2952732cc84938164093ed190ad8ae9,64cfa662f381365dcbae96242403715a9df9ba3e
syn_ne_dp_common_intersection_0076,common_intersection,single,syn_ne_ba_dc_sub_yminusx_0024,synthetic,docs/train_ready/numeric_equation_transformation_rules/work_on/synthetic/ba_dc_subtraction/y_x/syn_ne_ba_dc_sub_yminusx_0024.txt,42,BA_DC,&,3144,docs/numeric_equation_decision_point_curriculum/common_intersection/syn_ne_dp_common_intersection_0076.txt,b8badcf9d71d9043b7c7ac1982b51976cfff8514,f6c51d5d81facf9a1b1f50646becad213798178b
syn_ne_dp_common_intersection_0077,common_intersection,single,syn_ne_ba_dc_sub_yminusx_0018,synthetic,docs/train_ready/numeric_equation_transformation_rules/work_on/synthetic/ba_dc_subtraction/y_x/syn_ne_ba_dc_sub_yminusx_0018.txt,36,BA_DC,/,3188,docs/numeric_equation_decision_point_curriculum/common_intersection/syn_ne_dp_common_intersection_0077.txt,82bf6417d2f1b976f105c363c0143d82447aa7eb,61b487b43d84095e0a0edb403330a3bd8aa38e2e
syn_ne_dp_common_intersection_0078,common_intersection,single,syn_ne_ba_dc_sub_abs_0004,synthetic,docs/train_ready/numeric_equation_transformation_rules/work_on/synthetic/ba_dc_subtraction/abs_x_y/syn_ne_ba_dc_sub_abs_0004.txt,57&,BA_DC,&,5074,docs/numeric_equation_decision_point_curriculum/common_intersection/syn_ne_dp_common_intersection_0078.txt,92505fb39daa17518bb860ebf63890f8a77d7614,5a422b78526e2ce299de52a364fb5e36cac59456
syn_ne_dp_common_intersection_0079,common_intersection,single,syn_ne_ba_dc_sub_yminusx_0034,synthetic,docs/train_ready/numeric_equation_transformation_rules/work_on/synthetic/ba_dc_subtraction/y_x/syn_ne_ba_dc_sub_yminusx_0034.txt,47,BA_DC,&,4338,docs/numeric_equation_decision_point_curriculum/common_intersection/syn_ne_dp_common_intersection_0079.txt,3f3fee089d15ec6e545d1b855773549039204c06,7bde199725a46cc349b09b92c4d20df95507cd98
syn_ne_dp_common_intersection_0080,common_intersection,single,syn_ne_policy_literal_minus_opposite_sign_0028,synthetic,docs/train_ready/numeric_equation_transformation_rules/work_on/synthetic/non_unanimous_policy/literal_minus_opposite_sign/syn_ne_policy_literal_minus_opposite_sign_0028.txt,-92,BA_DC,-,606,docs/numeric_equation_decision_point_curriculum/common_intersection/syn_ne_dp_common_intersection_0080.txt,1432bbef167bab8835826b8d994e030a12a54d57,345d4a9113ac196e9fc140aead21f01f55400d76
syn_ne_dp_common_intersection_0081,common_intersection,single,syn_ne_ba_dc_sub_yminusx_0030,synthetic,docs/train_ready/numeric_equation_transformation_rules/work_on/synthetic/ba_dc_subtraction/y_x/syn_ne_ba_dc_sub_yminusx_0030.txt,95,BA_DC,-,3246,docs/numeric_equation_decision_point_curriculum/common_intersection/syn_ne_dp_common_intersection_0081.txt,28fab103f2e9493585d527e686a22d4f634d9809,9d06d7dafab6be32b97f71860dd5f68bfadbdeec
syn_ne_dp_common_intersection_0082,common_intersection,single,syn_ne_policy_literal_minus_opposite_sign_0026,synthetic,docs/train_ready/numeric_equation_transformation_rules/work_on/synthetic/non_unanimous_policy/literal_minus_opposite_sign/syn_ne_policy_literal_minus_opposite_sign_0026.txt,-25,BA_DC,-,992,docs/numeric_equation_decision_point_curriculum/common_intersection/syn_ne_dp_common_intersection_0082.txt,6269a4b8bbf21061958816700622ab95c96a7c00,b67a56b8047fa61921a201ccf9d19e70dfa8d29d
syn_ne_dp_common_intersection_0083,common_intersection,single,syn_ne_ba_dc_sub_abs_0024,synthetic,docs/train_ready/numeric_equation_transformation_rules/work_on/synthetic/ba_dc_subtraction/abs_x_y/syn_ne_ba_dc_sub_abs_0024.txt,&36,BA_DC,&,3765,docs/numeric_equation_decision_point_curriculum/common_intersection/syn_ne_dp_common_intersection_0083.txt,87935a0050ba7df27791d1027cbf5f48f1d02150,9fb371232cef755337c4ff2a48a5d4af52b8ee72
syn_ne_dp_common_intersection_0084,common_intersection,single,syn_ne_ba_dc_sub_yminusx_0025,synthetic,docs/train_ready/numeric_equation_transformation_rules/work_on/synthetic/ba_dc_subtraction/y_x/syn_ne_ba_dc_sub_yminusx_0025.txt,-52,BA_DC,:,4439,docs/numeric_equation_decision_point_curriculum/common_intersection/syn_ne_dp_common_intersection_0084.txt,3a46f6e1bd29df212af72548fe121f368b391ccd,de2b625283aa28663663ef3056f8978804ce56f8
syn_ne_dp_common_intersection_0085,common_intersection,single,syn_ne_ba_dc_sub_minmax_0001,synthetic,docs/train_ready/numeric_equation_transformation_rules/work_on/synthetic/ba_dc_subtraction/min_minus_max/syn_ne_ba_dc_sub_minmax_0001.txt,-52,BA_DC,@,5943,docs/numeric_equation_decision_point_curriculum/common_intersection/syn_ne_dp_common_intersection_0085.txt,531a86e360b46759ec5f448ef755f38e48d3ced6,ed662d6cd5a4567352db4c3275b6ccd2342856df
syn_ne_dp_common_intersection_0086,common_intersection,single,syn_ne_policy_literal_minus_opposite_sign_0007,synthetic,docs/train_ready/numeric_equation_transformation_rules/work_on/synthetic/non_unanimous_policy/literal_minus_opposite_sign/syn_ne_policy_literal_minus_opposite_sign_0007.txt,-1,BA_DC,-,1394,docs/numeric_equation_decision_point_curriculum/common_intersection/syn_ne_dp_common_intersection_0086.txt,ec2738ae54a6f640ab95988cbf324c9e1cd6b843,44f02cc12f7239ae239a3f87f41d3f69a669ea77
syn_ne_dp_common_intersection_0087,common_intersection,single,syn_ne_postfix_ba_dc_yminusx_0005,synthetic,docs/train_ready/numeric_equation_transformation_rules/work_on/synthetic/prefix_postfix/syn_ne_postfix_ba_dc_yminusx_0005.txt,51/,BA_DC,/,3151,docs/numeric_equation_decision_point_curriculum/common_intersection/syn_ne_dp_common_intersection_0087.txt,aa02a18c277becb0dcc92462bcc47e012df1e381,65b28f514f2d9ebad4a1ea5188aaa841ca6de1ab
syn_ne_dp_common_intersection_0088,common_intersection,single,syn_ne_policy_literal_minus_opposite_sign_0027,synthetic,docs/train_ready/numeric_equation_transformation_rules/work_on/synthetic/non_unanimous_policy/literal_minus_opposite_sign/syn_ne_policy_literal_minus_opposite_sign_0027.txt,-97,BA_DC,-,606,docs/numeric_equation_decision_point_curriculum/common_intersection/syn_ne_dp_common_intersection_0088.txt,5b111a194b7390ef57174db7a047b4e380702f6c,ada2218bffe42d2db8081037fb214c11d6f5ab54
syn_ne_dp_common_intersection_0089,common_intersection,single,syn_ne_ba_dc_sub_abs_0030,synthetic,docs/train_ready/numeric_equation_transformation_rules/work_on/synthetic/ba_dc_subtraction/abs_x_y/syn_ne_ba_dc_sub_abs_0030.txt,-28,BA_DC,-,3769,docs/numeric_equation_decision_point_curriculum/common_intersection/syn_ne_dp_common_intersection_0089.txt,b14def3df0c6a1b46877c289904d5d4b771d3744,8fed41276650da6854bd90c465de6f764fb47a74
syn_ne_dp_common_intersection_0090,common_intersection,single,syn_ne_ba_dc_sub_abs_0047,synthetic,docs/train_ready/numeric_equation_transformation_rules/work_on/synthetic/ba_dc_subtraction/abs_x_y/syn_ne_ba_dc_sub_abs_0047.txt,]51,BA_DC,],6696,docs/numeric_equation_decision_point_curriculum/common_intersection/syn_ne_dp_common_intersection_0090.txt,00e807610ef522c442dc9f0c18509ef162e38d56,e693b77c901332dec47171e01f6a7194174e97d3
syn_ne_dp_common_intersection_0091,common_intersection,single,syn_ne_ba_dc_sub_abs_0065,synthetic,docs/train_ready/numeric_equation_transformation_rules/work_on/synthetic/ba_dc_subtraction/abs_x_y/syn_ne_ba_dc_sub_abs_0065.txt,:32,BA_DC,:,6634,docs/numeric_equation_decision_point_curriculum/common_intersection/syn_ne_dp_common_intersection_0091.txt,57c1e9531284231cca05a554d43e4500e3511da5,a989df4c4ea00e2ea3743a32dbaa5a63714f545a
syn_ne_dp_common_intersection_0092,common_intersection,single,syn_ne_policy_literal_minus_opposite_sign_0008,synthetic,docs/train_ready/numeric_equation_transformation_rules/work_on/synthetic/non_unanimous_policy/literal_minus_opposite_sign/syn_ne_policy_literal_minus_opposite_sign_0008.txt,-05,BA_DC,-,1412,docs/numeric_equation_decision_point_curriculum/common_intersection/syn_ne_dp_common_intersection_0092.txt,cfadef28cf25760f1b03fd342883e67e675c7530,7e367d5b53855f86971d94f7848cd24d6e3d3ba4
syn_ne_dp_common_intersection_0093,common_intersection,single,syn_ne_ba_dc_sub_abs_0029,synthetic,docs/train_ready/numeric_equation_transformation_rules/work_on/synthetic/ba_dc_subtraction/abs_x_y/syn_ne_ba_dc_sub_abs_0029.txt,~42,BA_DC,~,6699,docs/numeric_equation_decision_point_curriculum/common_intersection/syn_ne_dp_common_intersection_0093.txt,0adabd380ae6ae70056f0721eafafbbdea373120,c855d4778a330c48c07d562af2e609eccf7c4273
syn_ne_dp_common_intersection_0094,common_intersection,single,syn_ne_ba_dc_sub_abs_0038,synthetic,docs/train_ready/numeric_equation_transformation_rules/work_on/synthetic/ba_dc_subtraction/abs_x_y/syn_ne_ba_dc_sub_abs_0038.txt,/04,BA_DC,/,6602,docs/numeric_equation_decision_point_curriculum/common_intersection/syn_ne_dp_common_intersection_0094.txt,0daeb073532e7986de31c991206a2494ba972191,5055a6000f75487d54f2e7047d1f17546c214e9e
syn_ne_dp_common_intersection_0095,common_intersection,single,syn_ne_ba_dc_sub_yminusx_0015,synthetic,docs/train_ready/numeric_equation_transformation_rules/work_on/synthetic/ba_dc_subtraction/y_x/syn_ne_ba_dc_sub_yminusx_0015.txt,:-24,BA_DC,:,3274,docs/numeric_equation_decision_point_curriculum/common_intersection/syn_ne_dp_common_intersection_0095.txt,a3ddea6be63dd79c20cdd28801f6743a35eecdc4,006e8d6abb75c048b31474481284714de3f88e55
syn_ne_dp_common_intersection_0096,common_intersection,single,syn_ne_ba_dc_sub_abs_0036,synthetic,docs/train_ready/numeric_equation_transformation_rules/work_on/synthetic/ba_dc_subtraction/abs_x_y/syn_ne_ba_dc_sub_abs_0036.txt,#68,BA_DC,#,3765,docs/numeric_equation_decision_point_curriculum/common_intersection/syn_ne_dp_common_intersection_0096.txt,c69b21507d09bbccbf203e152abe4424da38471e,24a6d8bc030c758929b9128fe4c62822575c35a6
syn_ne_dp_common_intersection_0097,common_intersection,single,syn_ne_policy_literal_minus_opposite_sign_0025,synthetic,docs/train_ready/numeric_equation_transformation_rules/work_on/synthetic/non_unanimous_policy/literal_minus_opposite_sign/syn_ne_policy_literal_minus_opposite_sign_0025.txt,-85,BA_DC,-,1001,docs/numeric_equation_decision_point_curriculum/common_intersection/syn_ne_dp_common_intersection_0097.txt,cb502747e51de85277c8c805959e4d00859e1c60,97b2a6d52c62a4bf920ed2cf21ea9659be7398f0
syn_ne_dp_common_intersection_0098,common_intersection,single,syn_ne_ba_dc_sub_abs_0044,synthetic,docs/train_ready/numeric_equation_transformation_rules/work_on/synthetic/ba_dc_subtraction/abs_x_y/syn_ne_ba_dc_sub_abs_0044.txt,&51,BA_DC,&,6663,docs/numeric_equation_decision_point_curriculum/common_intersection/syn_ne_dp_common_intersection_0098.txt,6587502657b03f6394d338a52acb3626861ddeb1,d0fad86df2607d41963f1a148f214b087dcc07ff
syn_ne_dp_common_intersection_0099,common_intersection,single,syn_ne_ba_dc_sub_yminusx_0020,synthetic,docs/train_ready/numeric_equation_transformation_rules/work_on/synthetic/ba_dc_subtraction/y_x/syn_ne_ba_dc_sub_yminusx_0020.txt,91,BA_DC,-,5588,docs/numeric_equation_decision_point_curriculum/common_intersection/syn_ne_dp_common_intersection_0099.txt,0432c31ccf818436f94d3169826c464913702942,98a33e9e73b070cc8327fd9a07b8918f4d3a881b
syn_ne_dp_common_intersection_0100,common_intersection,single,syn_ne_ba_dc_sub_yminusx_0019,synthetic,docs/train_ready/numeric_equation_transformation_rules/work_on/synthetic/ba_dc_subtraction/y_x/syn_ne_ba_dc_sub_yminusx_0019.txt,~02,BA_DC,~,4539,docs/numeric_equation_decision_point_curriculum/common_intersection/syn_ne_dp_common_intersection_0100.txt,d20e8a3bd606f8036cb59945c4c381362a633ea9,c7f29117060fca7684857ace858a6120a730f6e0
syn_ne_dp_common_intersection_0101,common_intersection,single,syn_ne_policy_literal_minus_opposite_sign_0015,synthetic,docs/train_ready/numeric_equation_transformation_rules/work_on/synthetic/non_unanimous_policy/literal_minus_opposite_sign/syn_ne_policy_literal_minus_opposite_sign_0015.txt,-1,BA_DC,-,1406,docs/numeric_equation_decision_point_curriculum/common_intersection/syn_ne_dp_common_intersection_0101.txt,89f536c7b15eea33dc4c95bce7b8f40d47931e05,bc83cdb120d2210e460b5172214ee6e4c2619eb9
syn_ne_dp_common_intersection_0102,common_intersection,single,syn_ne_ba_dc_sub_abs_0021,synthetic,docs/train_ready/numeric_equation_transformation_rules/work_on/synthetic/ba_dc_subtraction/abs_x_y/syn_ne_ba_dc_sub_abs_0021.txt,<47,BA_DC,<,3765,docs/numeric_equation_decision_point_curriculum/common_intersection/syn_ne_dp_common_intersection_0102.txt,2d2169445ec9f28093ae0ac5cc122a0e2f1577cf,eefa241234d1793e97f68b38235e053c4641b1e0
syn_ne_dp_common_intersection_0103,common_intersection,single,syn_ne_ba_dc_sub_yminusx_0054,synthetic,docs/train_ready/numeric_equation_transformation_rules/work_on/synthetic/ba_dc_subtraction/y_x/syn_ne_ba_dc_sub_yminusx_0054.txt,80&,BA_DC,&,3209,docs/numeric_equation_decision_point_curriculum/common_intersection/syn_ne_dp_common_intersection_0103.txt,e473d20acf0b78e44db092b64a7ecbb768419737,447554c4ff649da07e4ac2ddec72adb0b7e005b5
syn_ne_dp_common_intersection_0104,common_intersection,single,syn_ne_policy_literal_minus_opposite_sign_0014,synthetic,docs/train_ready/numeric_equation_transformation_rules/work_on/synthetic/non_unanimous_policy/literal_minus_opposite_sign/syn_ne_policy_literal_minus_opposite_sign_0014.txt,-01,BA_DC,-,606,docs/numeric_equation_decision_point_curriculum/common_intersection/syn_ne_dp_common_intersection_0104.txt,8fa464756981816572db6ff252b578f333141740,fe0794e79acec84f799b1a542d62a71fd451158a
syn_ne_dp_common_intersection_0105,common_intersection,single,syn_ne_policy_literal_minus_opposite_sign_0023,synthetic,docs/train_ready/numeric_equation_transformation_rules/work_on/synthetic/non_unanimous_policy/literal_minus_opposite_sign/syn_ne_policy_literal_minus_opposite_sign_0023.txt,-5,BA_DC,-,606,docs/numeric_equation_decision_point_curriculum/common_intersection/syn_ne_dp_common_intersection_0105.txt,904528bb97578bbd712617c4a3de78f6d299f271,ee9d2a99cf0e25b96470d3be955843ce9123c9c7
syn_ne_dp_common_intersection_0106,common_intersection,single,syn_ne_ab_cd_add_minus1_len2_0016,synthetic,docs/train_ready/numeric_equation_transformation_rules/work_on/synthetic/ab_cd_addition/ab_cd_len2/syn_ne_ab_cd_add_minus1_len2_0016.txt,%30,AB_CD,%,4239,docs/numeric_equation_decision_point_curriculum/common_intersection/syn_ne_dp_common_intersection_0106.txt,b69f6a15b0c0e056f2f7535e86ce6a3ee736d55d,dfbc655382c071e1b70da8833bcc423197fd4512
syn_ne_dp_common_intersection_0107,common_intersection,single,syn_ne_ab_cd_add_minus1_mix_0004,synthetic,docs/train_ready/numeric_equation_transformation_rules/work_on/synthetic/ab_cd_addition/ab_cd_mix/syn_ne_ab_cd_add_minus1_mix_0004.txt,+211,AB_CD,+,4392,docs/numeric_equation_decision_point_curriculum/common_intersection/syn_ne_dp_common_intersection_0107.txt,15d41f59cbba500d1317abe10676451800edd539,1ac20720f62fbb326a1d936fe692ce7d5840a0a8
syn_ne_dp_common_intersection_0108,common_intersection,single,syn_ne_ab_cd_sub_abs_mix_0006,synthetic,docs/train_ready/numeric_equation_transformation_rules/work_on/synthetic/ab_cd_subtraction/ab_cd_mix/syn_ne_ab_cd_sub_abs_mix_0006.txt,>57,AB_CD,>,5847,docs/numeric_equation_decision_point_curriculum/common_intersection/syn_ne_dp_common_intersection_0108.txt,91ff16195022f5829ce79d0bdf860727c48cb5c4,ff40b0ed46a7747c597942b5af425d2e59ad9d9b
syn_ne_dp_common_intersection_0109,common_intersection,single,syn_ne_ab_cd_add_minus1_mix_0003,synthetic,docs/train_ready/numeric_equation_transformation_rules/work_on/synthetic/ab_cd_addition/ab_cd_mix/syn_ne_ab_cd_add_minus1_mix_0003.txt,83',AB_CD,',3246,docs/numeric_equation_decision_point_curriculum/common_intersection/syn_ne_dp_common_intersection_0109.txt,4261cbdb61a3f6efed2724dcd1b581a3a523c5b2,fbc4d1f7d1cc757af0db759e285a3ee22855cfca
syn_ne_dp_common_intersection_0110,common_intersection,single,syn_ne_ab_cd_add_len3_0006,synthetic,docs/train_ready/numeric_equation_transformation_rules/work_on/synthetic/ab_cd_addition/ab_cd_len3/syn_ne_ab_cd_add_len3_0006.txt,"178""",AB_CD,"""",6094,docs/numeric_equation_decision_point_curriculum/common_intersection/syn_ne_dp_common_intersection_0110.txt,a2d52e989aa684a46d53bb84f851c9a3eac25ddb,fb7a00a30b4011e89cc5ce1c6352457ce3632c75
syn_ne_dp_common_intersection_0111,common_intersection,single,syn_ne_postfix_ab_cd_yminusx_0023,synthetic,docs/train_ready/numeric_equation_transformation_rules/work_on/synthetic/prefix_postfix/syn_ne_postfix_ab_cd_yminusx_0023.txt,38!,AB_CD,!,5331,docs/numeric_equation_decision_point_curriculum/common_intersection/syn_ne_dp_common_intersection_0111.txt,c8119f4adbcec186f03e2926428ec7fed1a7d9a3,2344c5d986f57087827a7ac9ae636866d46992c9
syn_ne_dp_common_intersection_0112,common_intersection,single,syn_ne_ab_cd_add_len2_0013,synthetic,docs/train_ready/numeric_equation_transformation_rules/work_on/synthetic/ab_cd_addition/ab_cd_len2/syn_ne_ab_cd_add_len2_0013.txt,"113""",AB_CD,"""",6394,docs/numeric_equation_decision_point_curriculum/common_intersection/syn_ne_dp_common_intersection_0112.txt,cc9fd2c733594a8bb5e9c0d73654d1853fcfde95,507a10e4983cdd57be793da8cd272d13cf0fe4f8
syn_ne_dp_common_intersection_0113,common_intersection,single,syn_ne_ab_cd_add_len2_0008,synthetic,docs/train_ready/numeric_equation_transformation_rules/work_on/synthetic/ab_cd_addition/ab_cd_len2/syn_ne_ab_cd_add_len2_0008.txt,62/,AB_CD,/,3949,docs/numeric_equation_decision_point_curriculum/common_intersection/syn_ne_dp_common_intersection_0113.txt,db2dbc9b2d30cb547734460e025b9cbb3dfd7372,c66ef55b93818f3dd13f4233a771c2f6828510e5
syn_ne_dp_common_intersection_0114,common_intersection,single,syn_ne_ab_cd_sub_minmax_mix_0001,synthetic,docs/train_ready/numeric_equation_transformation_rules/work_on/synthetic/ab_cd_subtraction/ab_cd_mix/syn_ne_ab_cd_sub_minmax_mix_0001.txt,-53,AB_CD,!,6412,docs/numeric_equation_decision_point_curriculum/common_intersection/syn_ne_dp_common_intersection_0114.txt,9d7169366afaddcfb60498bc9f218d03856657b7,00f62f7ff0efe2ebb1bc35b2ae2b2f88355d9220
syn_ne_dp_common_intersection_0115,common_intersection,single,syn_ne_ab_cd_sub_xminusy_len2_0010,synthetic,docs/train_ready/numeric_equation_transformation_rules/work_on/synthetic/ab_cd_subtraction/ab_cd_len2/syn_ne_ab_cd_sub_xminusy_len2_0010.txt,33,AB_CD,(,11432,docs/numeric_equation_decision_point_curriculum/common_intersection/syn_ne_dp_common_intersection_0115.txt,0371f9d613d99416c0d10de0eae0ee2e27097cbf,3b68132838cde809a6035020f83045a94eafbd35
syn_ne_dp_common_intersection_0116,common_intersection,single,syn_ne_ab_cd_sub_xminusy_mix_0008,synthetic,docs/train_ready/numeric_equation_transformation_rules/work_on/synthetic/ab_cd_subtraction/ab_cd_mix/syn_ne_ab_cd_sub_xminusy_mix_0008.txt,56,AB_CD,+,8890,docs/numeric_equation_decision_point_curriculum/common_intersection/syn_ne_dp_common_intersection_0116.txt,2dc2e2bf4c80f051b36d1deb5348e05ad2841cd4,d1dabdd9504ece808710790671a85159af69aa97
syn_ne_dp_common_intersection_0117,common_intersection,single,syn_ne_ab_cd_sub_xminusy_len2_0006,synthetic,docs/train_ready/numeric_equation_transformation_rules/work_on/synthetic/ab_cd_subtraction/ab_cd_len2/syn_ne_ab_cd_sub_xminusy_len2_0006.txt,-32,AB_CD,`,11155,docs/numeric_equation_decision_point_curriculum/common_intersection/syn_ne_dp_common_intersection_0117.txt,94d2a43a6ee0d5ee3699487ee901ea7c35c5fb18,3fa6ebbe51b91052047f5c6b7eddbee84695fc75
syn_ne_dp_common_intersection_0118,common_intersection,single,syn_ne_ab_cd_add_len2_0009,synthetic,docs/train_ready/numeric_equation_transformation_rules/work_on/synthetic/ab_cd_addition/ab_cd_len2/syn_ne_ab_cd_add_len2_0009.txt,~041,AB_CD,~,6428,docs/numeric_equation_decision_point_curriculum/common_intersection/syn_ne_dp_common_intersection_0118.txt,8b81c30778e2a95ee409748889f988b7e088d272,36012c9882c26df675076c690fa1d87f82a034f6
syn_ne_dp_common_intersection_0119,common_intersection,single,syn_ne_ab_cd_sub_abs_len2_0018,synthetic,docs/train_ready/numeric_equation_transformation_rules/work_on/synthetic/ab_cd_subtraction/ab_cd_len2/syn_ne_ab_cd_sub_abs_len2_0018.txt,21@,AB_CD,@,9042,docs/numeric_equation_decision_point_curriculum/common_intersection/syn_ne_dp_common_intersection_0119.txt,4034c8e1949b1196028772ac90452d3d8fa439ad,e63f1022f889f239a135ebce43ef70c214d1f5f3
syn_ne_dp_common_intersection_0120,common_intersection,single,syn_ne_ab_cd_add_plus1_mix_0027,synthetic,docs/train_ready/numeric_equation_transformation_rules/work_on/synthetic/ab_cd_addition/ab_cd_mix/syn_ne_ab_cd_add_plus1_mix_0027.txt,71<,AB_CD,<,3749,docs/numeric_equation_decision_point_curriculum/common_intersection/syn_ne_dp_common_intersection_0120.txt,77cd78db25ce07e50a0a4a3e66d15bb234305ffb,b2da43f58c06af5e3e71bb8ee8d53db98e755171
syn_ne_dp_common_intersection_0121,common_intersection,single,syn_ne_ab_cd_sub_xminusy_len2_0015,synthetic,docs/train_ready/numeric_equation_transformation_rules/work_on/synthetic/ab_cd_subtraction/ab_cd_len2/syn_ne_ab_cd_sub_xminusy_len2_0015.txt,24,AB_CD,-,14116,docs/numeric_equation_decision_point_curriculum/common_intersection/syn_ne_dp_common_intersection_0121.txt,96e087c4f6cb92ba377252e4be89fd54a5528607,5a1309aeda2ade54c712e3a550dcbdb46c612e83
syn_ne_dp_common_intersection_0122,common_intersection,single,syn_ne_postfix_ab_cd_yminusx_0014,synthetic,docs/train_ready/numeric_equation_transformation_rules/work_on/synthetic/prefix_postfix/syn_ne_postfix_ab_cd_yminusx_0014.txt,5[,AB_CD,[,5331,docs/numeric_equation_decision_point_curriculum/common_intersection/syn_ne_dp_common_intersection_0122.txt,7f856e557900e6acfa353653cc29c1c2df7a232e,e23bcef54f8ad7de50f9e3aa533e9f72eee89c49
syn_ne_dp_common_intersection_0123,common_intersection,single,syn_ne_ab_cd_add_minus1_mix_0024,synthetic,docs/train_ready/numeric_equation_transformation_rules/work_on/synthetic/ab_cd_addition/ab_cd_mix/syn_ne_ab_cd_add_minus1_mix_0024.txt,+751,AB_CD,+,3221,docs/numeric_equation_decision_point_curriculum/common_intersection/syn_ne_dp_common_intersection_0123.txt,f662c88b9c1927faf34ce5b3e09c7338d73d9e26,d02de7b9af1fb54f1334a7691aa1a9777922b08e
syn_ne_dp_common_intersection_0124,common_intersection,single,syn_ne_ab_cd_add_minus1_len3_0005,synthetic,docs/train_ready/numeric_equation_transformation_rules/work_on/synthetic/ab_cd_addition/ab_cd_len3/syn_ne_ab_cd_add_minus1_len3_0005.txt,72?,AB_CD,?,4912,docs/numeric_equation_decision_point_curriculum/common_intersection/syn_ne_dp_common_intersection_0124.txt,d8d0ee13aa1ca5c5c41c20ebbda98f55fdf0c76b,87f24ba57f5a02063f8e06a3f7aba304a308e889
syn_ne_dp_common_intersection_0125,common_intersection,single,syn_ne_ab_cd_sub_yminusx_len2_0002,synthetic,docs/train_ready/numeric_equation_transformation_rules/work_on/synthetic/ab_cd_subtraction/ab_cd_len2/syn_ne_ab_cd_sub_yminusx_len2_0002.txt,-78,AB_CD,#,8658,docs/numeric_equation_decision_point_curriculum/common_intersection/syn_ne_dp_common_intersection_0125.txt,9e7ab6e1ea20b8c5af26053a5a94fa3781571a55,aa9c4e02fccbc3733befbd91cfd516d991950480
syn_ne_dp_common_intersection_0126,common_intersection,single,syn_ne_ab_cd_sub_abs_len2_0004,synthetic,docs/train_ready/numeric_equation_transformation_rules/work_on/synthetic/ab_cd_subtraction/ab_cd_len2/syn_ne_ab_cd_sub_abs_len2_0004.txt,/22,AB_CD,/,9085,docs/numeric_equation_decision_point_curriculum/common_intersection/syn_ne_dp_common_intersection_0126.txt,5ae08c14fc530c80ff3e8d3687e9036ce61251a6,d687915b3d122ba265f50b5329098f36b6c8472b
syn_ne_dp_common_intersection_0127,common_intersection,single,syn_ne_ab_cd_add_mix_0025,synthetic,docs/train_ready/numeric_equation_transformation_rules/work_on/synthetic/ab_cd_addition/ab_cd_mix/syn_ne_ab_cd_add_mix_0025.txt,*09,AB_CD,*,3646,docs/numeric_equation_decision_point_curriculum/common_intersection/syn_ne_dp_common_intersection_0127.txt,d137f6c55a8b740c7c9f5a420b747cd9080de18c,832471baeff0c90fc2e64ccb8f12f8f78c7f35b4
syn_ne_dp_common_intersection_0128,common_intersection,single,syn_ne_ab_cd_add_len3_0021,synthetic,docs/train_ready/numeric_equation_transformation_rules/work_on/synthetic/ab_cd_addition/ab_cd_len3/syn_ne_ab_cd_add_len3_0021.txt,88/,AB_CD,/,4370,docs/numeric_equation_decision_point_curriculum/common_intersection/syn_ne_dp_common_intersection_0128.txt,9d6f85363f00f8cb83760c4e59fe908bab61c540,ebd82a75144edec8ca9c270264f91070412da861
syn_ne_dp_common_intersection_0129,common_intersection,single,syn_ne_ab_cd_add_len3_0010,synthetic,docs/train_ready/numeric_equation_transformation_rules/work_on/synthetic/ab_cd_addition/ab_cd_len3/syn_ne_ab_cd_add_len3_0010.txt,'161,AB_CD,',6122,docs/numeric_equation_decision_point_curriculum/common_intersection/syn_ne_dp_common_intersection_0129.txt,3a166ea0460109a97b44fbf964e2533364d1edd3,9b1dc599dd136e36e6ed8241bd4477b30a145871
syn_ne_dp_common_intersection_0130,common_intersection,single,syn_ne_ab_cd_add_len2_0004,synthetic,docs/train_ready/numeric_equation_transformation_rules/work_on/synthetic/ab_cd_addition/ab_cd_len2/syn_ne_ab_cd_add_len2_0004.txt,&17,AB_CD,&,3942,docs/numeric_equation_decision_point_curriculum/common_intersection/syn_ne_dp_common_intersection_0130.txt,d16666695a51a38eb7fa43228cde4032aae95185,57cd69fe5fd8aa57cf64a014104f872d7ac1debd
syn_ne_dp_common_intersection_0131,common_intersection,single,syn_ne_ab_cd_add_mix_0024,synthetic,docs/train_ready/numeric_equation_transformation_rules/work_on/synthetic/ab_cd_addition/ab_cd_mix/syn_ne_ab_cd_add_mix_0024.txt,148+,AB_CD,+,2684,docs/numeric_equation_decision_point_curriculum/common_intersection/syn_ne_dp_common_intersection_0131.txt,0a91b56bf8dc8313163f55f426c9b598e7794ac8,1035a957e01f3f80adbdf39a12066c104cca07bf
syn_ne_dp_common_intersection_0132,common_intersection,single,syn_ne_postfix_ab_cd_yminusx_0004,synthetic,docs/train_ready/numeric_equation_transformation_rules/work_on/synthetic/prefix_postfix/syn_ne_postfix_ab_cd_yminusx_0004.txt,33?,AB_CD,?,8458,docs/numeric_equation_decision_point_curriculum/common_intersection/syn_ne_dp_common_intersection_0132.txt,838519f3a6fdc917d5a083139fd413a805c30c31,7543851bb1f34b67eb624a71bee23532a85908a5
syn_ne_dp_common_intersection_0133,common_intersection,single,syn_ne_postfix_ab_cd_yminusx_0015,synthetic,docs/train_ready/numeric_equation_transformation_rules/work_on/synthetic/prefix_postfix/syn_ne_postfix_ab_cd_yminusx_0015.txt,36],AB_CD,],5219,docs/numeric_equation_decision_point_curriculum/common_intersection/syn_ne_dp_common_intersection_0133.txt,b98fb70069f57afd5cff7c74b3abd05d050f2075,b27f021073c8f78c10eb57ffbdd4838f923a11e6
syn_ne_dp_common_intersection_0134,common_intersection,single,syn_ne_postfix_ab_cd_yminusx_0022,synthetic,docs/train_ready/numeric_equation_transformation_rules/work_on/synthetic/prefix_postfix/syn_ne_postfix_ab_cd_yminusx_0022.txt,7%,AB_CD,%,5331,docs/numeric_equation_decision_point_curriculum/common_intersection/syn_ne_dp_common_intersection_0134.txt,15862daaacd39f0fb32722b340866e760057c245,4b8e426024c896ecf3a53a751559843c0167f6fa
syn_ne_dp_common_intersection_0135,common_intersection,single,syn_ne_ab_cd_add_minus1_len3_0011,synthetic,docs/train_ready/numeric_equation_transformation_rules/work_on/synthetic/ab_cd_addition/ab_cd_len3/syn_ne_ab_cd_add_minus1_len3_0011.txt,+46,AB_CD,+,8691,docs/numeric_equation_decision_point_curriculum/common_intersection/syn_ne_dp_common_intersection_0135.txt,451fd79a1ce020831a4112bf6be54b4910413fcc,11d9422b802dceeb305b058c7f6c620b3538f195
syn_ne_dp_common_intersection_0136,common_intersection,single,syn_ne_ab_cd_sub_xminusy_mix_0016,synthetic,docs/train_ready/numeric_equation_transformation_rules/work_on/synthetic/ab_cd_subtraction/ab_cd_mix/syn_ne_ab_cd_sub_xminusy_mix_0016.txt,32,AB_CD,#,6660,docs/numeric_equation_decision_point_curriculum/common_intersection/syn_ne_dp_common_intersection_0136.txt,900dc416c3b8805472d229018f05106b1df4ca24,054d9cfaa2841f9655a09834553cd00778ffbb9f
syn_ne_dp_common_intersection_0137,common_intersection,single,syn_ne_ab_cd_sub_abs_mix_0009,synthetic,docs/train_ready/numeric_equation_transformation_rules/work_on/synthetic/ab_cd_subtraction/ab_cd_mix/syn_ne_ab_cd_sub_abs_mix_0009.txt,-03,AB_CD,-,5971,docs/numeric_equation_decision_point_curriculum/common_intersection/syn_ne_dp_common_intersection_0137.txt,1e4d93bd3021459e616e0598d750642bf889827f,8a2ab4d2558c4cbec53218f3368f23837f0cb97c
syn_ne_dp_common_intersection_0138,common_intersection,single,syn_ne_ab_cd_add_minus1_mix_0009,synthetic,docs/train_ready/numeric_equation_transformation_rules/work_on/synthetic/ab_cd_addition/ab_cd_mix/syn_ne_ab_cd_add_minus1_mix_0009.txt,^78,AB_CD,^,3197,docs/numeric_equation_decision_point_curriculum/common_intersection/syn_ne_dp_common_intersection_0138.txt,431df317ea60488d6772708e5f3e4d8398cba0d5,a6ae49a9ff5e686be9bb552ae19131afcb9e0e3e
syn_ne_dp_common_intersection_0139,common_intersection,single,syn_ne_ab_cd_add_plus1_len3_0014,synthetic,docs/train_ready/numeric_equation_transformation_rules/work_on/synthetic/ab_cd_addition/ab_cd_len3/syn_ne_ab_cd_add_plus1_len3_0014.txt,137<,AB_CD,<,7665,docs/numeric_equation_decision_point_curriculum/common_intersection/syn_ne_dp_common_intersection_0139.txt,77d4a7e848ec5d8ca62744ac1f5b9d90618dc314,00dac58192a97da094ad19cf7d060f70422e0e40
syn_ne_dp_common_intersection_0140,common_intersection,single,syn_ne_ab_cd_add_minus1_len2_0002,synthetic,docs/train_ready/numeric_equation_transformation_rules/work_on/synthetic/ab_cd_addition/ab_cd_len2/syn_ne_ab_cd_add_minus1_len2_0002.txt,96@,AB_CD,@,9639,docs/numeric_equation_decision_point_curriculum/common_intersection/syn_ne_dp_common_intersection_0140.txt,969d078a35a20fc1ec678d669ccc1a17afbe0047,4be2492d5d7bd284f5c20afd4c61d9dbc0b6b04e
syn_ne_dp_common_intersection_0141,common_intersection,single,syn_ne_ab_cd_sub_xminusy_len2_0018,synthetic,docs/train_ready/numeric_equation_transformation_rules/work_on/synthetic/ab_cd_subtraction/ab_cd_len2/syn_ne_ab_cd_sub_xminusy_len2_0018.txt,-14,AB_CD,@,11354,docs/numeric_equation_decision_point_curriculum/common_intersection/syn_ne_dp_common_intersection_0141.txt,d311fbadd65ac501778cf93fe544346bc5324877,ab98a93d1aab4419120f81ace7a80380ed772246
syn_ne_dp_common_intersection_0142,common_intersection,single,syn_ne_ab_cd_sub_xminusy_mix_0003,synthetic,docs/train_ready/numeric_equation_transformation_rules/work_on/synthetic/ab_cd_subtraction/ab_cd_mix/syn_ne_ab_cd_sub_xminusy_mix_0003.txt,11,AB_CD,-,4908,docs/numeric_equation_decision_point_curriculum/common_intersection/syn_ne_dp_common_intersection_0142.txt,6531ea2687fa414d2ec740d5e795c7a653c94ad9,af8d003801f46e80078eb1d49e128070ceed4d77
syn_ne_dp_common_intersection_0143,common_intersection,single,syn_ne_postfix_ab_cd_yminusx_0012,synthetic,docs/train_ready/numeric_equation_transformation_rules/work_on/synthetic/prefix_postfix/syn_ne_postfix_ab_cd_yminusx_0012.txt,27>,AB_CD,>,5219,docs/numeric_equation_decision_point_curriculum/common_intersection/syn_ne_dp_common_intersection_0143.txt,2b31b42b74d3333efc211772f4387aee05ab5208,a1691b3f6047fe917c1fb6aa77560c7f0cf0507a
syn_ne_dp_common_intersection_0144,common_intersection,single,syn_ne_ab_cd_sub_abs_mix_0003,synthetic,docs/train_ready/numeric_equation_transformation_rules/work_on/synthetic/ab_cd_subtraction/ab_cd_mix/syn_ne_ab_cd_sub_abs_mix_0003.txt,"""53",AB_CD,"""",5979,docs/numeric_equation_decision_point_curriculum/common_intersection/syn_ne_dp_common_intersection_0144.txt,d3bbd980bb99c0ce8fe70a2d7af292c6dea5a911,d2db8f7c507b81ce7dfa0d5cabc00ad63a7b555c
syn_ne_dp_common_intersection_0145,common_intersection,single,syn_ne_ab_cd_sub_abs_len1_0011,synthetic,docs/train_ready/numeric_equation_transformation_rules/work_on/synthetic/ab_cd_subtraction/ab_cd_len1/syn_ne_ab_cd_sub_abs_len1_0011.txt,8`,AB_CD,`,8106,docs/numeric_equation_decision_point_curriculum/common_intersection/syn_ne_dp_common_intersection_0145.txt,17be9df4df4fb9a9fbdc12733e60e780f640bc38,be16be59884c631b7491aaa209989a26bbecc51d
syn_ne_dp_common_intersection_0146,common_intersection,single,syn_ne_ab_cd_add_plus1_mix_0021,synthetic,docs/train_ready/numeric_equation_transformation_rules/work_on/synthetic/ab_cd_addition/ab_cd_mix/syn_ne_ab_cd_add_plus1_mix_0021.txt,>64,AB_CD,>,3747,docs/numeric_equation_decision_point_curriculum/common_intersection/syn_ne_dp_common_intersection_0146.txt,b770dbbcc70051693219bf7e399203c7c8f37a58,519398e3b627ee3c474026743577a45663bc1fc2
syn_ne_dp_common_intersection_0147,common_intersection,single,syn_ne_ab_cd_sub_abs_len2_0023,synthetic,docs/train_ready/numeric_equation_transformation_rules/work_on/synthetic/ab_cd_subtraction/ab_cd_len2/syn_ne_ab_cd_sub_abs_len2_0023.txt,]16,AB_CD,],9111,docs/numeric_equation_decision_point_curriculum/common_intersection/syn_ne_dp_common_intersection_0147.txt,1e5005428f6b1d048570b8b2854fcfd6b19cb4fd,2c0e46e0fd755a4da19d0c934bdcdea44b83fc3c
syn_ne_dp_common_intersection_0148,common_intersection,single,syn_ne_ab_cd_sub_xminusy_len2_0028,synthetic,docs/train_ready/numeric_equation_transformation_rules/work_on/synthetic/ab_cd_subtraction/ab_cd_len2/syn_ne_ab_cd_sub_xminusy_len2_0028.txt,28,AB_CD,?,4851,docs/numeric_equation_decision_point_curriculum/common_intersection/syn_ne_dp_common_intersection_0148.txt,d512de0bf3e3496366358f3d978bd02ab4d6fe75,6493abb0904ca6fd676176ebebd99746de609a2a
syn_ne_dp_common_intersection_0149,common_intersection,single,syn_ne_ab_cd_sub_yminusx_mix_0003,synthetic,docs/train_ready/numeric_equation_transformation_rules/work_on/synthetic/ab_cd_subtraction/ab_cd_mix/syn_ne_ab_cd_sub_yminusx_mix_0003.txt,-71,AB_CD,"""",5290,docs/numeric_equation_decision_point_curriculum/common_intersection/syn_ne_dp_common_intersection_0149.txt,83cb50f03877888d1cc59e9f32806cc87b2d3ba2,aab746352a499a768f936cbf0d1ed2a9cdf0369e
syn_ne_dp_common_intersection_0150,common_intersection,single,syn_ne_ab_cd_add_len3_0017,synthetic,docs/train_ready/numeric_equation_transformation_rules/work_on/synthetic/ab_cd_addition/ab_cd_len3/syn_ne_ab_cd_add_len3_0017.txt,&87,AB_CD,&,4411,docs/numeric_equation_decision_point_curriculum/common_intersection/syn_ne_dp_common_intersection_0150.txt,8ca00300af04fb363c38fb8b83e8845eb68a1009,1cda1dcf18fdd36ad4942f0171e3b2328dd257bf
syn_ne_dp_common_intersection_0151,common_intersection,single,syn_ne_ab_cd_sub_minmax_len2_0002,synthetic,docs/train_ready/numeric_equation_transformation_rules/work_on/synthetic/ab_cd_subtraction/ab_cd_len2/syn_ne_ab_cd_sub_minmax_len2_0002.txt,-20,AB_CD,#,9635,docs/numeric_equation_decision_point_curriculum/common_intersection/syn_ne_dp_common_intersection_0151.txt,2225c8e5ad4ab48c9c070ba1d661c5405423229d,279c19991286bb09ff6c9bcc3e4880eee258a02e
syn_ne_dp_common_intersection_0152,common_intersection,single,syn_ne_ab_cd_sub_abs_len2_0008,synthetic,docs/train_ready/numeric_equation_transformation_rules/work_on/synthetic/ab_cd_subtraction/ab_cd_len2/syn_ne_ab_cd_sub_abs_len2_0008.txt,?81,AB_CD,?,9227,docs/numeric_equation_decision_point_curriculum/common_intersection/syn_ne_dp_common_intersection_0152.txt,b33c6b283da9da7c79a205d64eddc2c9c3c5e8eb,62d20d46e8dfbc8e420a503ab23091b1c60a150c
syn_ne_dp_common_intersection_0153,common_intersection,single,syn_ne_ab_cd_add_minus1_mix_0023,synthetic,docs/train_ready/numeric_equation_transformation_rules/work_on/synthetic/ab_cd_addition/ab_cd_mix/syn_ne_ab_cd_add_minus1_mix_0023.txt,66',AB_CD,',5549,docs/numeric_equation_decision_point_curriculum/common_intersection/syn_ne_dp_common_intersection_0153.txt,4936164dff0fd496b791211725f94bf2ec65e46a,5a07573918c8135ffdcf088273cbc311b30b3335
syn_ne_dp_common_intersection_0154,common_intersection,single,syn_ne_ab_cd_add_mix_0004,synthetic,docs/train_ready/numeric_equation_transformation_rules/work_on/synthetic/ab_cd_addition/ab_cd_mix/syn_ne_ab_cd_add_mix_0004.txt,142+,AB_CD,+,3601,docs/numeric_equation_decision_point_curriculum/common_intersection/syn_ne_dp_common_intersection_0154.txt,e31f5d76108d3005df45cdf65638bef6c7b2dc2e,7324c1a253a2f94e5b29c570fac155eba6d12136
syn_ne_dp_common_intersection_0155,common_intersection,single,syn_ne_ab_cd_sub_minmax_len2_0001,synthetic,docs/train_ready/numeric_equation_transformation_rules/work_on/synthetic/ab_cd_subtraction/ab_cd_len2/syn_ne_ab_cd_sub_minmax_len2_0001.txt,-13,AB_CD,:,9672,docs/numeric_equation_decision_point_curriculum/common_intersection/syn_ne_dp_common_intersection_0155.txt,cb7a2f6cf5005797d678e17ef3e2a4464d0168d7,3694b7b820fae6d3c2be24107f7be92bc6f175c6
syn_ne_dp_common_intersection_0156,common_intersection,single,syn_ne_ab_cd_add_minus1_len2_0012,synthetic,docs/train_ready/numeric_equation_transformation_rules/work_on/synthetic/ab_cd_addition/ab_cd_len2/syn_ne_ab_cd_add_minus1_len2_0012.txt,73?,AB_CD,?,4240,docs/numeric_equation_decision_point_curriculum/common_intersection/syn_ne_dp_common_intersection_0156.txt,440d776d2d326ea6d31b00816ff3917ada4eb1a9,9d94ea2a82e8ce068ff52d5d0e8277e9bd419ff9
syn_ne_dp_common_intersection_0157,common_intersection,single,syn_ne_ab_cd_add_len2_0007,synthetic,docs/train_ready/numeric_equation_transformation_rules/work_on/synthetic/ab_cd_addition/ab_cd_len2/syn_ne_ab_cd_add_len2_0007.txt,]106,AB_CD,],11400,docs/numeric_equation_decision_point_curriculum/common_intersection/syn_ne_dp_common_intersection_0157.txt,302324da71b35f8092a1ed425c8b0ff57105b8ee,eaf195bd47032048f571a5592d06a73cdaacef0b
syn_ne_dp_common_intersection_0158,common_intersection,single,syn_ne_ab_cd_add_plus1_len3_0005,synthetic,docs/train_ready/numeric_equation_transformation_rules/work_on/synthetic/ab_cd_addition/ab_cd_len3/syn_ne_ab_cd_add_plus1_len3_0005.txt,?37,AB_CD,?,5529,docs/numeric_equation_decision_point_curriculum/common_intersection/syn_ne_dp_common_intersection_0158.txt,dde62e22788ae5186f28f326a9282f1f8bcd5051,f05a6b7f3b707c3bf6c173076819306dddcbb943
syn_ne_dp_common_intersection_0159,common_intersection,single,syn_ne_ab_cd_sub_minmax_mix_0005,synthetic,docs/train_ready/numeric_equation_transformation_rules/work_on/synthetic/ab_cd_subtraction/ab_cd_mix/syn_ne_ab_cd_sub_minmax_mix_0005.txt,-67,AB_CD,{,6447,docs/numeric_equation_decision_point_curriculum/common_intersection/syn_ne_dp_common_intersection_0159.txt,72551c8db835502138e35372bd2932df53c554f3,ef8303d109aed132edd3319ee433d6c86f8dbb81
syn_ne_dp_common_intersection_0160,common_intersection,single,syn_ne_ab_cd_add_len2_0017,synthetic,docs/train_ready/numeric_equation_transformation_rules/work_on/synthetic/ab_cd_addition/ab_cd_len2/syn_ne_ab_cd_add_len2_0017.txt,'131,AB_CD,',6515,docs/numeric_equation_decision_point_curriculum/common_intersection/syn_ne_dp_common_intersection_0160.txt,7846d4f5f42b65981ff47f1fdc2baa22164d36e7,55016533d920bc671df8a6117219347a7cbeb32e
syn_ne_dp_common_intersection_0161,common_intersection,double,syn_ne_low_ba_dc_sub_vote_0084,synthetic,docs/train_ready/numeric_equation_transformation_rules/work_on/synthetic/low_confidence/ba_dc_subtraction/syn_ne_low_ba_dc_sub_vote_0084.txt,-15,BA_DC,-,1036,docs/numeric_equation_decision_point_curriculum/common_intersection/syn_ne_dp_common_intersection_0161.txt,367548530885b7d4deab0f018651c936a371362e,a492b90e7d83f94020a5c764bfb83fea1526bc3e
syn_ne_dp_common_intersection_0162,common_intersection,double,syn_ne_opa_ba_dc_fallback_0015,synthetic,docs/train_ready/numeric_equation_transformation_rules/work_on/synthetic/operator_absence/syn_ne_opa_ba_dc_fallback_0015.txt,37,BA_DC,"""",2736,docs/numeric_equation_decision_point_curriculum/common_intersection/syn_ne_dp_common_intersection_0162.txt,e22f4ee31d2e0d757d4c8e31835a1b90ffc93f16,12d4cf7bb4078ece693a3d1bf8cf97ff169e2cff
syn_ne_dp_common_intersection_0163,common_intersection,double,syn_ne_policy_ba_dc_x_y_negative_prefix_0076,synthetic,docs/train_ready/numeric_equation_transformation_rules/work_on/synthetic/non_unanimous_policy/ba_dc_x_y_negative_prefix/syn_ne_policy_ba_dc_x_y_negative_prefix_0076.txt,!34,BA_DC,!,988,docs/numeric_equation_decision_point_curriculum/common_intersection/syn_ne_dp_common_intersection_0163.txt,2613f9cf95b59be0325315734a78e98901ed8446,3638b3e1a3034bc8eb516d3d809ec1442051d198
syn_ne_dp_common_intersection_0164,common_intersection,double,syn_ne_opa_ba_dc_visible_mod_0014,synthetic,docs/train_ready/numeric_equation_transformation_rules/work_on/synthetic/operator_absence/syn_ne_opa_ba_dc_visible_mod_0014.txt,1,BA_DC,%,1261,docs/numeric_equation_decision_point_curriculum/common_intersection/syn_ne_dp_common_intersection_0164.txt,858cdb739ff4071a6bd604cf18cab34ee0f37f41,edbf7cb3fb5718bf1cb32fde666a876b54bc38c0
syn_ne_dp_common_intersection_0165,common_intersection,double,syn_ne_low_ba_dc_sub_vote_0090,synthetic,docs/train_ready/numeric_equation_transformation_rules/work_on/synthetic/low_confidence/ba_dc_subtraction/syn_ne_low_ba_dc_sub_vote_0090.txt,-26,BA_DC,-,1036,docs/numeric_equation_decision_point_curriculum/common_intersection/syn_ne_dp_common_intersection_0165.txt,6d2e7d5f4ecf05dd01e42f738dd6f7e7b9ff86c9,09c94747cc6196496e10f64de4944bdaa0f6bf63
syn_ne_dp_common_intersection_0166,common_intersection,double,syn_ne_opa_ba_dc_fallback_0013,synthetic,docs/train_ready/numeric_equation_transformation_rules/work_on/synthetic/operator_absence/syn_ne_opa_ba_dc_fallback_0013.txt,23,BA_DC,`,2736,docs/numeric_equation_decision_point_curriculum/common_intersection/syn_ne_dp_common_intersection_0166.txt,bd24333425a33d50fdd8dbf5e7e46584a95fefe6,0d818d26c69de30a18c004fdc5d0f2f45d0a1356
syn_ne_dp_common_intersection_0167,common_intersection,double,syn_ne_opa_ba_dc_visible_plus_0007,synthetic,docs/train_ready/numeric_equation_transformation_rules/work_on/synthetic/operator_absence/syn_ne_opa_ba_dc_visible_plus_0007.txt,27,BA_DC,+,2736,docs/numeric_equation_decision_point_curriculum/common_intersection/syn_ne_dp_common_intersection_0167.txt,23787e606c3b2f52eebbab2d130bb1a4ab00ed0c,d9cd1d232eca67ac4685eeaecf0528ca36283923
syn_ne_dp_common_intersection_0168,common_intersection,double,syn_ne_policy_ba_dc_x_y_negative_prefix_0002,synthetic,docs/train_ready/numeric_equation_transformation_rules/work_on/synthetic/non_unanimous_policy/ba_dc_x_y_negative_prefix/syn_ne_policy_ba_dc_x_y_negative_prefix_0002.txt,!24,BA_DC,!,1081,docs/numeric_equation_decision_point_curriculum/common_intersection/syn_ne_dp_common_intersection_0168.txt,6d28450dde7e74e91a0f32cd391b6ccb600e0e7a,d3fb28e1a2f0d46ea2c35e5d2fda20c960fc597b
syn_ne_dp_common_intersection_0169,common_intersection,double,syn_ne_policy_ba_dc_x_y_negative_prefix_0125,synthetic,docs/train_ready/numeric_equation_transformation_rules/work_on/synthetic/non_unanimous_policy/ba_dc_x_y_negative_prefix/syn_ne_policy_ba_dc_x_y_negative_prefix_0125.txt,$52,BA_DC,$,1061,docs/numeric_equation_decision_point_curriculum/common_intersection/syn_ne_dp_common_intersection_0169.txt,be6e6f2a2daa5b923e9b6ae8ec2690f06171ab98,9674bb5c6f4e4c86abd2da8f69c327d37f52e5bc
syn_ne_dp_common_intersection_0170,common_intersection,double,syn_ne_opa_ba_dc_fallback_0017,synthetic,docs/train_ready/numeric_equation_transformation_rules/work_on/synthetic/operator_absence/syn_ne_opa_ba_dc_fallback_0017.txt,51,BA_DC,>,2759,docs/numeric_equation_decision_point_curriculum/common_intersection/syn_ne_dp_common_intersection_0170.txt,6d644d6f4bc6ee1e9ff0b8b9197177ef05f96cd3,2fa83f7c6de82a8a0e43d269de26206f25ea7841
syn_ne_dp_common_intersection_0171,common_intersection,double,syn_ne_opa_ba_dc_visible_mod_0008,synthetic,docs/train_ready/numeric_equation_transformation_rules/work_on/synthetic/operator_absence/syn_ne_opa_ba_dc_visible_mod_0008.txt,1,BA_DC,%,2740,docs/numeric_equation_decision_point_curriculum/common_intersection/syn_ne_dp_common_intersection_0171.txt,696e9fd20fcc61805eed7fcabbf0d532b6b2bb4b,9b30162d9c3179bba0686827cc7958db8c73a7ff
syn_ne_dp_common_intersection_0172,common_intersection,double,syn_ne_opa_ba_dc_visible_mod_0033,synthetic,docs/train_ready/numeric_equation_transformation_rules/work_on/synthetic/operator_absence/syn_ne_opa_ba_dc_visible_mod_0033.txt,1,BA_DC,%,2773,docs/numeric_equation_decision_point_curriculum/common_intersection/syn_ne_dp_common_intersection_0172.txt,1aa3c234f0532deacf22f3d89f88d192395a6b9f,bd7a5e383b70f86405d063911246f1b107ab333b
syn_ne_dp_common_intersection_0173,common_intersection,double,syn_ne_low_ba_dc_sub_vote_0083,synthetic,docs/train_ready/numeric_equation_transformation_rules/work_on/synthetic/low_confidence/ba_dc_subtraction/syn_ne_low_ba_dc_sub_vote_0083.txt,-14,BA_DC,-,2184,docs/numeric_equation_decision_point_curriculum/common_intersection/syn_ne_dp_common_intersection_0173.txt,9bfe62a2d126df2e7b76e9bc94dfe07febc1b2a9,178e8f5c4e34e5a54c184c7be301b048a2ad9f34
syn_ne_dp_common_intersection_0174,common_intersection,double,syn_ne_low_ba_dc_sub_vote_0090,synthetic,docs/train_ready/numeric_equation_transformation_rules/work_on/synthetic/low_confidence/ba_dc_subtraction/syn_ne_low_ba_dc_sub_vote_0090.txt,-26,BA_DC,-,2184,docs/numeric_equation_decision_point_curriculum/common_intersection/syn_ne_dp_common_intersection_0174.txt,1f72fa143fe67f583dc0fcd1d409afec806063d1,6695fc12aee4aa4032840d10e001fb93ad4b15a3
syn_ne_dp_common_intersection_0175,common_intersection,double,syn_ne_opa_ba_dc_fallback_0021,synthetic,docs/train_ready/numeric_equation_transformation_rules/work_on/synthetic/operator_absence/syn_ne_opa_ba_dc_fallback_0021.txt,79,BA_DC,$,1261,docs/numeric_equation_decision_point_curriculum/common_intersection/syn_ne_dp_common_intersection_0175.txt,11c6e76f1e10cfc86db0b2fcb6f4ceba88443388,ec5f61566ac4a6743c2b41ec0a1a12304ad4452b
syn_ne_dp_common_intersection_0176,common_intersection,double,syn_ne_low_ba_dc_sub_vote_0087,synthetic,docs/train_ready/numeric_equation_transformation_rules/work_on/synthetic/low_confidence/ba_dc_subtraction/syn_ne_low_ba_dc_sub_vote_0087.txt,-23,BA_DC,-,1618,docs/numeric_equation_decision_point_curriculum/common_intersection/syn_ne_dp_common_intersection_0176.txt,8fa3ccc3be523936a1730f957d89d64c9b08bfcb,2abbcafcefb08a765ee8ceda9d31523e14ef337d
syn_ne_dp_common_intersection_0177,common_intersection,double,syn_ne_low_ba_dc_sub_vote_0085,synthetic,docs/train_ready/numeric_equation_transformation_rules/work_on/synthetic/low_confidence/ba_dc_subtraction/syn_ne_low_ba_dc_sub_vote_0085.txt,-16,BA_DC,-,1036,docs/numeric_equation_decision_point_curriculum/common_intersection/syn_ne_dp_common_intersection_0177.txt,a2c3931dba1ec924b798c22275c7bd3346ce5dbf,c5e36765c7f0629230b730283ef30ed38a2dec41
syn_ne_dp_common_intersection_0178,common_intersection,double,syn_ne_policy_ba_dc_x_y_negative_prefix_0114,synthetic,docs/train_ready/numeric_equation_transformation_rules/work_on/synthetic/non_unanimous_policy/ba_dc_x_y_negative_prefix/syn_ne_policy_ba_dc_x_y_negative_prefix_0114.txt,?75,BA_DC,?,1081,docs/numeric_equation_decision_point_curriculum/common_intersection/syn_ne_dp_common_intersection_0178.txt,d6927545109f3f36ebd18143254637b02c9341f8,89c042d896774ffa1619db30da8bbc7c132575da
syn_ne_dp_common_intersection_0179,common_intersection,double,syn_ne_opa_ba_dc_fallback_0025,synthetic,docs/train_ready/numeric_equation_transformation_rules/work_on/synthetic/operator_absence/syn_ne_opa_ba_dc_fallback_0025.txt,08,BA_DC,],1261,docs/numeric_equation_decision_point_curriculum/common_intersection/syn_ne_dp_common_intersection_0179.txt,4f9bf7424a3eb80a188e4e6de9e8e3886139db8e,d2e1eca2dd76cf95f0d0cc8ac00617530c428ad6
syn_ne_dp_common_intersection_0180,common_intersection,double,syn_ne_policy_ba_dc_x_y_negative_prefix_0115,synthetic,docs/train_ready/numeric_equation_transformation_rules/work_on/synthetic/non_unanimous_policy/ba_dc_x_y_negative_prefix/syn_ne_policy_ba_dc_x_y_negative_prefix_0115.txt,?12,BA_DC,?,1061,docs/numeric_equation_decision_point_curriculum/common_intersection/syn_ne_dp_common_intersection_0180.txt,8591cf1883606c658eb51a7e12d7e1c4a324f8aa,a19654000c9e7f382a1351e113bccb3ea477cc83
syn_ne_dp_common_intersection_0181,common_intersection,double,syn_ne_policy_ba_dc_x_y_negative_prefix_0041,synthetic,docs/train_ready/numeric_equation_transformation_rules/work_on/synthetic/non_unanimous_policy/ba_dc_x_y_negative_prefix/syn_ne_policy_ba_dc_x_y_negative_prefix_0041.txt,&04,BA_DC,&,988,docs/numeric_equation_decision_point_curriculum/common_intersection/syn_ne_dp_common_intersection_0181.txt,2f5a734c59a9b672139eaec9d55145c1c47a546d,41a3bb0018cc882f71601cc141b95206c5df31aa
syn_ne_dp_common_intersection_0182,common_intersection,double,syn_ne_opa_ba_dc_visible_plus_0019,synthetic,docs/train_ready/numeric_equation_transformation_rules/work_on/synthetic/operator_absence/syn_ne_opa_ba_dc_visible_plus_0019.txt,39,BA_DC,+,2736,docs/numeric_equation_decision_point_curriculum/common_intersection/syn_ne_dp_common_intersection_0182.txt,7a972eb5db3b5f59ccbf1d8458de7417fb07d87d,a97a29864d3a4139e9032111a498356f182aa878
syn_ne_dp_common_intersection_0183,common_intersection,double,syn_ne_opa_ba_dc_visible_mod_0017,synthetic,docs/train_ready/numeric_equation_transformation_rules/work_on/synthetic/operator_absence/syn_ne_opa_ba_dc_visible_mod_0017.txt,1,BA_DC,%,2740,docs/numeric_equation_decision_point_curriculum/common_intersection/syn_ne_dp_common_intersection_0183.txt,4a318485c679c088d1c71d8bef24bf4a9bd328d8,ecc74e0bcab233efb729dc0c945c846c0995e763
syn_ne_dp_common_intersection_0184,common_intersection,double,syn_ne_policy_ba_dc_x_y_negative_prefix_0025,synthetic,docs/train_ready/numeric_equation_transformation_rules/work_on/synthetic/non_unanimous_policy/ba_dc_x_y_negative_prefix/syn_ne_policy_ba_dc_x_y_negative_prefix_0025.txt,&26,BA_DC,&,1061,docs/numeric_equation_decision_point_curriculum/common_intersection/syn_ne_dp_common_intersection_0184.txt,17113b317bc9acbbcc9ea565a43ae0d653defb93,4baaa4a732799994533f897b5eb390f1bf1ca5e2
syn_ne_dp_common_intersection_0185,common_intersection,double,syn_ne_low_ba_dc_sub_vote_0089,synthetic,docs/train_ready/numeric_equation_transformation_rules/work_on/synthetic/low_confidence/ba_dc_subtraction/syn_ne_low_ba_dc_sub_vote_0089.txt,-25,BA_DC,-,2184,docs/numeric_equation_decision_point_curriculum/common_intersection/syn_ne_dp_common_intersection_0185.txt,0a798e03c5bab59cb737ae5b82b60242303e76bf,1abf484d6e14387626b6a5a8e363539d7606e5eb
syn_ne_dp_common_intersection_0186,common_intersection,double,syn_ne_opa_ba_dc_visible_mod_0025,synthetic,docs/train_ready/numeric_equation_transformation_rules/work_on/synthetic/operator_absence/syn_ne_opa_ba_dc_visible_mod_0025.txt,1,BA_DC,%,2740,docs/numeric_equation_decision_point_curriculum/common_intersection/syn_ne_dp_common_intersection_0186.txt,e07cd45286ef5dbb4272cce42dd330d902439b6f,ac700beca9f16257381fbcd0a778b4b60bbb1395
syn_ne_dp_common_intersection_0187,common_intersection,double,syn_ne_low_ba_dc_sub_vote_0094,synthetic,docs/train_ready/numeric_equation_transformation_rules/work_on/synthetic/low_confidence/ba_dc_subtraction/syn_ne_low_ba_dc_sub_vote_0094.txt,-35,BA_DC,-,2184,docs/numeric_equation_decision_point_curriculum/common_intersection/syn_ne_dp_common_intersection_0187.txt,26eb308894b7a8ba6c8541da81f094f63dd83c02,2087d5e9dfbe7267d3bff5c1f1e3db08323568c7
syn_ne_dp_common_intersection_0188,common_intersection,double,syn_ne_low_ba_dc_sub_vote_0093,synthetic,docs/train_ready/numeric_equation_transformation_rules/work_on/synthetic/low_confidence/ba_dc_subtraction/syn_ne_low_ba_dc_sub_vote_0093.txt,-34,BA_DC,-,1618,docs/numeric_equation_decision_point_curriculum/common_intersection/syn_ne_dp_common_intersection_0188.txt,e9bc2e89de427d78992c8734786a3becb08882c9,01cec31302382023f202a63de55730c403b02287
syn_ne_dp_common_intersection_0189,common_intersection,double,syn_ne_opa_ba_dc_fallback_0006,synthetic,docs/train_ready/numeric_equation_transformation_rules/work_on/synthetic/operator_absence/syn_ne_opa_ba_dc_fallback_0006.txt,62,BA_DC,[,2736,docs/numeric_equation_decision_point_curriculum/common_intersection/syn_ne_dp_common_intersection_0189.txt,5ec0a358d6baa6e8584fe23919a51a81c5ea3322,84dcd9c99c45768df2b40bfa604188e31e3ee15c
syn_ne_dp_common_intersection_0190,common_intersection,double,syn_ne_low_ba_dc_sub_vote_0098,synthetic,docs/train_ready/numeric_equation_transformation_rules/work_on/synthetic/low_confidence/ba_dc_subtraction/syn_ne_low_ba_dc_sub_vote_0098.txt,-43,BA_DC,-,1036,docs/numeric_equation_decision_point_curriculum/common_intersection/syn_ne_dp_common_intersection_0190.txt,41af2d34004648e8c34325a4c5e0e1a37f3e4ec9,8e5ae231bc001be443c5805dae8630a546cd7122
syn_ne_dp_common_intersection_0191,common_intersection,double,syn_ne_low_ba_dc_sub_vote_0088,synthetic,docs/train_ready/numeric_equation_transformation_rules/work_on/synthetic/low_confidence/ba_dc_subtraction/syn_ne_low_ba_dc_sub_vote_0088.txt,-24,BA_DC,-,1036,docs/numeric_equation_decision_point_curriculum/common_intersection/syn_ne_dp_common_intersection_0191.txt,ec862d6c4212294813e866eddd3ac252c890008d,ed5249889ece6aedaa9e9d1264b961be8e493fbc
syn_ne_dp_common_intersection_0192,common_intersection,double,syn_ne_opa_ba_dc_visible_mod_0032,synthetic,docs/train_ready/numeric_equation_transformation_rules/work_on/synthetic/operator_absence/syn_ne_opa_ba_dc_visible_mod_0032.txt,1,BA_DC,%,2773,docs/numeric_equation_decision_point_curriculum/common_intersection/syn_ne_dp_common_intersection_0192.txt,b93db8ad410992dbc2129b6a7ed813ba305a121b,e872e430d41eca4830c0b272fd58111a517ae811
syn_ne_dp_common_intersection_0193,common_intersection,double,syn_ne_opa_ba_dc_fallback_0019,synthetic,docs/train_ready/numeric_equation_transformation_rules/work_on/synthetic/operator_absence/syn_ne_opa_ba_dc_fallback_0019.txt,65,BA_DC,@,1261,docs/numeric_equation_decision_point_curriculum/common_intersection/syn_ne_dp_common_intersection_0193.txt,56c798ea044e5bb66b578409ff2e6b86cf27a5f2,a892f928ad87bd390cea5e9c8d432623c684de1c
syn_ne_dp_common_intersection_0194,common_intersection,double,syn_ne_low_ba_dc_sub_vote_0084,synthetic,docs/train_ready/numeric_equation_transformation_rules/work_on/synthetic/low_confidence/ba_dc_subtraction/syn_ne_low_ba_dc_sub_vote_0084.txt,-15,BA_DC,-,2184,docs/numeric_equation_decision_point_curriculum/common_intersection/syn_ne_dp_common_intersection_0194.txt,00c60bf990431b0013f63590518d21e0281d8ecb,377cd7500880363c771856d3202be83a537d0d4b
syn_ne_dp_common_intersection_0195,common_intersection,double,syn_ne_low_ba_dc_sub_vote_0083,synthetic,docs/train_ready/numeric_equation_transformation_rules/work_on/synthetic/low_confidence/ba_dc_subtraction/syn_ne_low_ba_dc_sub_vote_0083.txt,-14,BA_DC,-,1036,docs/numeric_equation_decision_point_curriculum/common_intersection/syn_ne_dp_common_intersection_0195.txt,11e522bd83a188858086624d7f37ecc08a3c0711,5ccc89d9e84826bd7fd421802903271fbf51bd21
syn_ne_dp_common_intersection_0196,common_intersection,double,syn_ne_opa_ba_dc_visible_plus_0010,synthetic,docs/train_ready/numeric_equation_transformation_rules/work_on/synthetic/operator_absence/syn_ne_opa_ba_dc_visible_plus_0010.txt,3,BA_DC,+,2736,docs/numeric_equation_decision_point_curriculum/common_intersection/syn_ne_dp_common_intersection_0196.txt,be954ad8cae7cb69960b8fa330b1078d5265a02b,2dd9e4a62e2e63c405623b24309e4468c8d292de
syn_ne_dp_common_intersection_0197,common_intersection,double,syn_ne_opa_ba_dc_visible_plus_0030,synthetic,docs/train_ready/numeric_equation_transformation_rules/work_on/synthetic/operator_absence/syn_ne_opa_ba_dc_visible_plus_0030.txt,5,BA_DC,+,2736,docs/numeric_equation_decision_point_curriculum/common_intersection/syn_ne_dp_common_intersection_0197.txt,8e70dfcbe703e1f20cf8fd7cbfe44e6ca7065ca8,b9923f8f127e809ad73595e5adc94154b95ace35
syn_ne_dp_common_intersection_0198,common_intersection,double,syn_ne_low_ba_dc_sub_vote_0096,synthetic,docs/train_ready/numeric_equation_transformation_rules/work_on/synthetic/low_confidence/ba_dc_subtraction/syn_ne_low_ba_dc_sub_vote_0096.txt,-41,BA_DC,-,2184,docs/numeric_equation_decision_point_curriculum/common_intersection/syn_ne_dp_common_intersection_0198.txt,60b6befb551a1b35bda374b8b905994cba03363e,ca5481d10b3b47d180ea50194817562ad36ec346
syn_ne_dp_common_intersection_0199,common_intersection,double,syn_ne_low_ba_dc_sub_vote_0091,synthetic,docs/train_ready/numeric_equation_transformation_rules/work_on/synthetic/low_confidence/ba_dc_subtraction/syn_ne_low_ba_dc_sub_vote_0091.txt,-31,BA_DC,-,2184,docs/numeric_equation_decision_point_curriculum/common_intersection/syn_ne_dp_common_intersection_0199.txt,10495b98179c033270fd7015e0ed6a5636a7eb78,a4c155410bd74bf3e5413ab91435b3d59836a279
syn_ne_dp_common_intersection_0200,common_intersection,double,syn_ne_opa_ba_dc_fallback_0008,synthetic,docs/train_ready/numeric_equation_transformation_rules/work_on/synthetic/operator_absence/syn_ne_opa_ba_dc_fallback_0008.txt,76,BA_DC,{,2736,docs/numeric_equation_decision_point_curriculum/common_intersection/syn_ne_dp_common_intersection_0200.txt,c44b757831bca5dbb07024cca3da869e01115c29,39e2e8376414820d856ebf17c927fe973f64a72b
syn_ne_dp_common_intersection_0201,common_intersection,double,syn_ne_ab_cd_sub_abs_len1_0001,synthetic,docs/train_ready/numeric_equation_transformation_rules/work_on/synthetic/ab_cd_subtraction/ab_cd_len1/syn_ne_ab_cd_sub_abs_len1_0001.txt,$1,AB_CD,$,5932,docs/numeric_equation_decision_point_curriculum/common_intersection/syn_ne_dp_common_intersection_0201.txt,5543224275c3e9fca77c24decdeb5d5ecf34dc30,00daa78b9e48e43b02f42b1f0cf9b1e41176a9c0
syn_ne_dp_common_intersection_0202,common_intersection,double,syn_ne_ab_cd_sub_xminusy_len2_0007,synthetic,docs/train_ready/numeric_equation_transformation_rules/work_on/synthetic/ab_cd_subtraction/ab_cd_len2/syn_ne_ab_cd_sub_xminusy_len2_0007.txt,-56,AB_CD,-,14515,docs/numeric_equation_decision_point_curriculum/common_intersection/syn_ne_dp_common_intersection_0202.txt,38c81ba8d68188d9ebe3bc2a0d770efe63418e07,8b70e6dad456db7dcbd7c299fa0d71fdce272ebf
syn_ne_dp_common_intersection_0203,common_intersection,double,syn_ne_ab_cd_sub_yminusx_len1_0012,synthetic,docs/train_ready/numeric_equation_transformation_rules/work_on/synthetic/ab_cd_subtraction/ab_cd_len1/syn_ne_ab_cd_sub_yminusx_len1_0012.txt,44,AB_CD,!,5349,docs/numeric_equation_decision_point_curriculum/common_intersection/syn_ne_dp_common_intersection_0203.txt,6029237f8cb46e7e3b802f6d58090e6de5bdbbbf,0d148e14cfb50cc17747ee1dabb37562177ecfd3
syn_ne_dp_common_intersection_0204,common_intersection,double,syn_ne_policy_ab_cd_x_y_positive_priority_0012,synthetic,docs/train_ready/numeric_equation_transformation_rules/work_on/synthetic/non_unanimous_policy/ab_cd_x_y_positive_priority/syn_ne_policy_ab_cd_x_y_positive_priority_0012.txt,20,AB_CD,?,1063,docs/numeric_equation_decision_point_curriculum/common_intersection/syn_ne_dp_common_intersection_0204.txt,d385ba64e0d1ccc5178311af5a5fa6f482376b78,961a04690d827324b48d2460d766dff08b68be9f
syn_ne_dp_common_intersection_0205,common_intersection,double,syn_ne_ab_cd_sub_abs_len1_0003,synthetic,docs/train_ready/numeric_equation_transformation_rules/work_on/synthetic/ab_cd_subtraction/ab_cd_len1/syn_ne_ab_cd_sub_abs_len1_0003.txt,@7,AB_CD,@,6011,docs/numeric_equation_decision_point_curriculum/common_intersection/syn_ne_dp_common_intersection_0205.txt,43359b9f698a21d76d4ba1bbbe917c7b019a0aaa,d03cb510e8f308122be502a06042eddf9a916de8
syn_ne_dp_common_intersection_0206,common_intersection,double,syn_ne_policy_ab_cd_x_y_positive_priority_0019,synthetic,docs/train_ready/numeric_equation_transformation_rules/work_on/synthetic/non_unanimous_policy/ab_cd_x_y_positive_priority/syn_ne_policy_ab_cd_x_y_positive_priority_0019.txt,50,AB_CD,?,1083,docs/numeric_equation_decision_point_curriculum/common_intersection/syn_ne_dp_common_intersection_0206.txt,6efe61c396be1bef51f5a4423cdb535605c26cd8,32be2da5ce413df54c0fc8114501b2bb5a365d16
syn_ne_dp_common_intersection_0207,common_intersection,double,syn_ne_policy_ab_cd_x_y_positive_priority_0014,synthetic,docs/train_ready/numeric_equation_transformation_rules/work_on/synthetic/non_unanimous_policy/ab_cd_x_y_positive_priority/syn_ne_policy_ab_cd_x_y_positive_priority_0014.txt,15,AB_CD,"""",1156,docs/numeric_equation_decision_point_curriculum/common_intersection/syn_ne_dp_common_intersection_0207.txt,20cfa47732f6d782225e5429edf0cab655a871bc,2444f3fc1e1cbb55a65a4b593cc3f03bc75ccd13
syn_ne_dp_common_intersection_0208,common_intersection,double,syn_ne_policy_ab_cd_x_y_positive_priority_0035,synthetic,docs/train_ready/numeric_equation_transformation_rules/work_on/synthetic/non_unanimous_policy/ab_cd_x_y_positive_priority/syn_ne_policy_ab_cd_x_y_positive_priority_0035.txt,57,AB_CD,^,1136,docs/numeric_equation_decision_point_curriculum/common_intersection/syn_ne_dp_common_intersection_0208.txt,62d7cac45a53cb615ce6a14181004de3c70ba56e,febaf9880a5cbf9f2da0449cf6b2de6e3037c3de
syn_ne_dp_common_intersection_0209,common_intersection,double,syn_ne_policy_ab_cd_x_y_negative_nonliteral_prefix_0008,synthetic,docs/train_ready/numeric_equation_transformation_rules/work_on/synthetic/non_unanimous_policy/ab_cd_x_y_negative_nonliteral_prefix/syn_ne_policy_ab_cd_x_y_negative_nonliteral_prefix_0008.txt,?41,AB_CD,?,1156,docs/numeric_equation_decision_point_curriculum/common_intersection/syn_ne_dp_common_intersection_0209.txt,a2c1a0448a58129defcc6c71810cbdf3a2ffe66a,02b6a9889f61417805d5051916207f93c226e477
syn_ne_dp_common_intersection_0210,common_intersection,double,syn_ne_ab_cd_sub_xminusy_len2_0029,synthetic,docs/train_ready/numeric_equation_transformation_rules/work_on/synthetic/ab_cd_subtraction/ab_cd_len2/syn_ne_ab_cd_sub_xminusy_len2_0029.txt,-71,AB_CD,-,8167,docs/numeric_equation_decision_point_curriculum/common_intersection/syn_ne_dp_common_intersection_0210.txt,8ae8a3218bde2bde6d79ba9b64c9d0d69105fe42,9decf72f00b0438a8370fd39441a95d7e391a01b
syn_ne_dp_common_intersection_0211,common_intersection,double,syn_ne_policy_ab_cd_x_y_positive_priority_0002,synthetic,docs/train_ready/numeric_equation_transformation_rules/work_on/synthetic/non_unanimous_policy/ab_cd_x_y_positive_priority/syn_ne_policy_ab_cd_x_y_positive_priority_0002.txt,54,AB_CD,"""",1063,docs/numeric_equation_decision_point_curriculum/common_intersection/syn_ne_dp_common_intersection_0211.txt,75e2ed825f343874e603062f58e977150fa43427,fa3d4e3ec286afe148ed2025ddad6a9400ae669e
syn_ne_dp_common_intersection_0212,common_intersection,double,syn_ne_ab_cd_sub_yminusx_len1_0003,synthetic,docs/train_ready/numeric_equation_transformation_rules/work_on/synthetic/ab_cd_subtraction/ab_cd_len1/syn_ne_ab_cd_sub_yminusx_len1_0003.txt,-6,AB_CD,@,5349,docs/numeric_equation_decision_point_curriculum/common_intersection/syn_ne_dp_common_intersection_0212.txt,b6af9c4e24a8fd9c9decec33aaf4083bcb492462,eed8b35ff669779992a627e18c22c285add3c37d
syn_ne_dp_common_intersection_0213,common_intersection,double,syn_ne_ab_cd_sub_xminusy_len2_0013,synthetic,docs/train_ready/numeric_equation_transformation_rules/work_on/synthetic/ab_cd_subtraction/ab_cd_len2/syn_ne_ab_cd_sub_xminusy_len2_0013.txt,46,AB_CD,-,8063,docs/numeric_equation_decision_point_curriculum/common_intersection/syn_ne_dp_common_intersection_0213.txt,69e04be2b4a06740bad362abfc1a33523d3192f8,d38ca267dd91d10b306642d44c2553dd2b672930
syn_ne_dp_common_intersection_0214,common_intersection,double,syn_ne_policy_ab_cd_x_y_positive_priority_0038,synthetic,docs/train_ready/numeric_equation_transformation_rules/work_on/synthetic/non_unanimous_policy/ab_cd_x_y_positive_priority/syn_ne_policy_ab_cd_x_y_positive_priority_0038.txt,16,AB_CD,?,1156,docs/numeric_equation_decision_point_curriculum/common_intersection/syn_ne_dp_common_intersection_0214.txt,9bf66c02e181d5e5649d812a75ef9e9bf5403f42,f7c2d0a6fb3e61caa64b8fa03ea370db69ea1bb4
syn_ne_dp_common_intersection_0215,common_intersection,double,syn_ne_ab_cd_sub_xminusy_len2_0021,synthetic,docs/train_ready/numeric_equation_transformation_rules/work_on/synthetic/ab_cd_subtraction/ab_cd_len2/syn_ne_ab_cd_sub_xminusy_len2_0021.txt,95,AB_CD,-,8135,docs/numeric_equation_decision_point_curriculum/common_intersection/syn_ne_dp_common_intersection_0215.txt,a3342105803bc75065637ced33639ef75a9dbba7,0fa5f549e556f32806023c22b2a6987dbd21c89a
syn_ne_dp_common_intersection_0216,common_intersection,double,syn_ne_policy_ab_cd_x_y_positive_priority_0046,synthetic,docs/train_ready/numeric_equation_transformation_rules/work_on/synthetic/non_unanimous_policy/ab_cd_x_y_positive_priority/syn_ne_policy_ab_cd_x_y_positive_priority_0046.txt,63,AB_CD,&,1156,docs/numeric_equation_decision_point_curriculum/common_intersection/syn_ne_dp_common_intersection_0216.txt,15c0115ce22e52d37fe98c23597d866aa0e2d90f,b28a7412e8f40597e171e15d322dbbc56d92e209
syn_ne_dp_common_intersection_0217,common_intersection,double,syn_ne_policy_ab_cd_x_y_positive_priority_0003,synthetic,docs/train_ready/numeric_equation_transformation_rules/work_on/synthetic/non_unanimous_policy/ab_cd_x_y_positive_priority/syn_ne_policy_ab_cd_x_y_positive_priority_0003.txt,29,AB_CD,^,1083,docs/numeric_equation_decision_point_curriculum/common_intersection/syn_ne_dp_common_intersection_0217.txt,d0674c7cbaacebc8443b355138f60aef8655cd6b,50882b4b6eb60f15e17fbc053aff5e18042cd2ad
syn_ne_dp_common_intersection_0218,common_intersection,double,syn_ne_ab_cd_sub_xminusy_len1_0010,synthetic,docs/train_ready/numeric_equation_transformation_rules/work_on/synthetic/ab_cd_subtraction/ab_cd_len1/syn_ne_ab_cd_sub_xminusy_len1_0010.txt,11,AB_CD,~,4824,docs/numeric_equation_decision_point_curriculum/common_intersection/syn_ne_dp_common_intersection_0218.txt,eeee6a25fd292a93f57a8d8987683f128ff84f74,204fdc58417c4fadc39e4a7031146c7b590ce81e
syn_ne_dp_common_intersection_0219,common_intersection,double,syn_ne_ab_cd_sub_xminusy_len2_0033,synthetic,docs/train_ready/numeric_equation_transformation_rules/work_on/synthetic/ab_cd_subtraction/ab_cd_len2/syn_ne_ab_cd_sub_xminusy_len2_0033.txt,39,AB_CD,-,8219,docs/numeric_equation_decision_point_curriculum/common_intersection/syn_ne_dp_common_intersection_0219.txt,0006479c16b75b250a0be4bb6c13f3fcad940d82,fcafa898af34c902f300d26afdfb7d464b85de24
syn_ne_dp_common_intersection_0220,common_intersection,double,syn_ne_ab_cd_sub_xminusy_len2_0031,synthetic,docs/train_ready/numeric_equation_transformation_rules/work_on/synthetic/ab_cd_subtraction/ab_cd_len2/syn_ne_ab_cd_sub_xminusy_len2_0031.txt,51,AB_CD,-,14601,docs/numeric_equation_decision_point_curriculum/common_intersection/syn_ne_dp_common_intersection_0220.txt,2c472a8f5f26ed9cd8dafd65053c45c4a5839a0c,00f9104be758771575e44a6ce424d0a20e2a19d7
syn_ne_dp_common_intersection_0221,common_intersection,double,syn_ne_ab_cd_sub_abs_len1_0013,synthetic,docs/train_ready/numeric_equation_transformation_rules/work_on/synthetic/ab_cd_subtraction/ab_cd_len1/syn_ne_ab_cd_sub_abs_len1_0013.txt,?2,AB_CD,?,5932,docs/numeric_equation_decision_point_curriculum/common_intersection/syn_ne_dp_common_intersection_0221.txt,e03549d4b9d34c86663b067b1c765908d62a45b4,0b96a031fe5da54f286d1d3c724eb28e541e99f2
syn_ne_dp_common_intersection_0222,common_intersection,double,syn_ne_policy_ab_cd_x_y_positive_priority_0001,synthetic,docs/train_ready/numeric_equation_transformation_rules/work_on/synthetic/non_unanimous_policy/ab_cd_x_y_positive_priority/syn_ne_policy_ab_cd_x_y_positive_priority_0001.txt,43,AB_CD,&,1063,docs/numeric_equation_decision_point_curriculum/common_intersection/syn_ne_dp_common_intersection_0222.txt,552e852af4255387b862090402c4c2c227de161b,12d810228ddee467c58820aeed6211d0f951460a
syn_ne_dp_common_intersection_0223,common_intersection,double,syn_ne_policy_ab_cd_x_y_positive_priority_0027,synthetic,docs/train_ready/numeric_equation_transformation_rules/work_on/synthetic/non_unanimous_policy/ab_cd_x_y_positive_priority/syn_ne_policy_ab_cd_x_y_positive_priority_0027.txt,40,AB_CD,"""",1083,docs/numeric_equation_decision_point_curriculum/common_intersection/syn_ne_dp_common_intersection_0223.txt,ac04a9ee215f40fdd62a0056c0efc4d000b4d272,b1654047b5a7f3257416ab5b355d20892dc35b04
syn_ne_dp_common_intersection_0224,common_intersection,double,syn_ne_ab_cd_sub_yminusx_len1_0007,synthetic,docs/train_ready/numeric_equation_transformation_rules/work_on/synthetic/ab_cd_subtraction/ab_cd_len1/syn_ne_ab_cd_sub_yminusx_len1_0007.txt,5,AB_CD,#,5540,docs/numeric_equation_decision_point_curriculum/common_intersection/syn_ne_dp_common_intersection_0224.txt,33498bd1d552eea027df191a8ed141410b542621,adf3c6202c0a641fe8e58e7ad7b69d2e50096c5c
syn_ne_dp_common_intersection_0225,common_intersection,double,syn_ne_ab_cd_sub_xminusy_mix_0011,synthetic,docs/train_ready/numeric_equation_transformation_rules/work_on/synthetic/ab_cd_subtraction/ab_cd_mix/syn_ne_ab_cd_sub_xminusy_mix_0011.txt,-50,AB_CD,-,8703,docs/numeric_equation_decision_point_curriculum/common_intersection/syn_ne_dp_common_intersection_0225.txt,1e302c872559e3a7a85731308ec7d160f7045937,019e81d6cca8d913963732d5fc3883aa8472b378
syn_ne_dp_common_intersection_0226,common_intersection,double,syn_ne_policy_ab_cd_x_y_positive_priority_0009,synthetic,docs/train_ready/numeric_equation_transformation_rules/work_on/synthetic/non_unanimous_policy/ab_cd_x_y_positive_priority/syn_ne_policy_ab_cd_x_y_positive_priority_0009.txt,12,AB_CD,&,1136,docs/numeric_equation_decision_point_curriculum/common_intersection/syn_ne_dp_common_intersection_0226.txt,4e5ff27fa92044c8bc33b650063b1b3d7fe491ef,08212d3b40d069c267e24aef7156fa1be9a8b366
syn_ne_dp_common_intersection_0227,common_intersection,double,syn_ne_policy_ab_cd_x_y_positive_priority_0013,synthetic,docs/train_ready/numeric_equation_transformation_rules/work_on/synthetic/non_unanimous_policy/ab_cd_x_y_positive_priority/syn_ne_policy_ab_cd_x_y_positive_priority_0013.txt,14,AB_CD,@,1136,docs/numeric_equation_decision_point_curriculum/common_intersection/syn_ne_dp_common_intersection_0227.txt,a54db208cbf40055408262eef8bbf630912d2a03,837c3204aa7fa553eef3b5d55ceb9af7fc715e39
syn_ne_dp_common_intersection_0228,common_intersection,double,syn_ne_ab_cd_sub_abs_len1_0007,synthetic,docs/train_ready/numeric_equation_transformation_rules/work_on/synthetic/ab_cd_subtraction/ab_cd_len1/syn_ne_ab_cd_sub_abs_len1_0007.txt,#4,AB_CD,#,5921,docs/numeric_equation_decision_point_curriculum/common_intersection/syn_ne_dp_common_intersection_0228.txt,e3a28661a6c32f9d2233edfdf42af4290717d718,2cb46001f1da5c0f0622cf6e3a6b786ac49cb90f
syn_ne_dp_common_intersection_0229,common_intersection,double,syn_ne_policy_ab_cd_x_y_positive_priority_0039,synthetic,docs/train_ready/numeric_equation_transformation_rules/work_on/synthetic/non_unanimous_policy/ab_cd_x_y_positive_priority/syn_ne_policy_ab_cd_x_y_positive_priority_0039.txt,24,AB_CD,?,1136,docs/numeric_equation_decision_point_curriculum/common_intersection/syn_ne_dp_common_intersection_0229.txt,adc99bc295a7cf696633030a4491476d1593a0f0,a0cb3d97af3646ab8164c8f8ad2f36794aecbd22
syn_ne_dp_common_intersection_0230,common_intersection,double,syn_ne_policy_ab_cd_x_y_negative_nonliteral_prefix_0001,synthetic,docs/train_ready/numeric_equation_transformation_rules/work_on/synthetic/non_unanimous_policy/ab_cd_x_y_negative_nonliteral_prefix/syn_ne_policy_ab_cd_x_y_negative_nonliteral_prefix_0001.txt,}52,AB_CD,},1156,docs/numeric_equation_decision_point_curriculum/common_intersection/syn_ne_dp_common_intersection_0230.txt,ba907a971a93ade4b3ce96dcbe04a64335630b64,9042b554f08dcab6a844640cb901f8874bd95e21
syn_ne_dp_common_intersection_0231,common_intersection,double,syn_ne_policy_ab_cd_x_y_positive_priority_0032,synthetic,docs/train_ready/numeric_equation_transformation_rules/work_on/synthetic/non_unanimous_policy/ab_cd_x_y_positive_priority/syn_ne_policy_ab_cd_x_y_positive_priority_0032.txt,52,AB_CD,^,1156,docs/numeric_equation_decision_point_curriculum/common_intersection/syn_ne_dp_common_intersection_0231.txt,22a64a17aad1045d367b8dbb10fa49284bbf3881,d8fe690cb6081f9d0ec8b80fafaeba97b1a8faff
syn_ne_dp_common_intersection_0232,common_intersection,double,syn_ne_policy_ab_cd_x_y_positive_priority_0025,synthetic,docs/train_ready/numeric_equation_transformation_rules/work_on/synthetic/non_unanimous_policy/ab_cd_x_y_positive_priority/syn_ne_policy_ab_cd_x_y_positive_priority_0025.txt,42,AB_CD,?,1063,docs/numeric_equation_decision_point_curriculum/common_intersection/syn_ne_dp_common_intersection_0232.txt,af4e1514a709b9ba334643ac6e416099cde8aed8,5f4b4b2276abb2ba64e86662fa1024bafabd6621
syn_ne_dp_common_intersection_0233,common_intersection,double,syn_ne_ab_cd_sub_xminusy_len1_0002,synthetic,docs/train_ready/numeric_equation_transformation_rules/work_on/synthetic/ab_cd_subtraction/ab_cd_len1/syn_ne_ab_cd_sub_xminusy_len1_0002.txt,11,AB_CD,<,7459,docs/numeric_equation_decision_point_curriculum/common_intersection/syn_ne_dp_common_intersection_0233.txt,7bd0801df0187ee3cb8ca2d17e31f369d230d189,8bc40591cb5783fec9429a8c81f342442f1bc6f2
syn_ne_dp_common_intersection_0234,common_intersection,double,syn_ne_ab_cd_sub_xminusy_len2_0011,synthetic,docs/train_ready/numeric_equation_transformation_rules/work_on/synthetic/ab_cd_subtraction/ab_cd_len2/syn_ne_ab_cd_sub_xminusy_len2_0011.txt,96,AB_CD,-,14686,docs/numeric_equation_decision_point_curriculum/common_intersection/syn_ne_dp_common_intersection_0234.txt,b9f61cc1cf6ae6320c2a9d6900f2185f6a0af3a4,01cdd6b450801442da1f39c7f5d70adf05d486ba
syn_ne_dp_common_intersection_0235,common_intersection,double,syn_ne_ab_cd_sub_xminusy_len2_0037,synthetic,docs/train_ready/numeric_equation_transformation_rules/work_on/synthetic/ab_cd_subtraction/ab_cd_len2/syn_ne_ab_cd_sub_xminusy_len2_0037.txt,84,AB_CD,-,8528,docs/numeric_equation_decision_point_curriculum/common_intersection/syn_ne_dp_common_intersection_0235.txt,92a0b7adf3daeceadd7fec2142678ee2cb2a7da8,c70ac63544a9d3048e966ee4d6333e0d50eb5510
syn_ne_dp_common_intersection_0236,common_intersection,double,syn_ne_ab_cd_sub_xminusy_len1_0008,synthetic,docs/train_ready/numeric_equation_transformation_rules/work_on/synthetic/ab_cd_subtraction/ab_cd_len1/syn_ne_ab_cd_sub_xminusy_len1_0008.txt,11,AB_CD,],6773,docs/numeric_equation_decision_point_curriculum/common_intersection/syn_ne_dp_common_intersection_0236.txt,cdefb58c2e2b66e7ecf92c66b11813dfd91fa22f,7034c952150d52557de31a80b52cc87e8871c60b
syn_ne_dp_common_intersection_0237,common_intersection,double,syn_ne_ab_cd_sub_xminusy_len1_0007,synthetic,docs/train_ready/numeric_equation_transformation_rules/work_on/synthetic/ab_cd_subtraction/ab_cd_len1/syn_ne_ab_cd_sub_xminusy_len1_0007.txt,5,AB_CD,-,4843,docs/numeric_equation_decision_point_curriculum/common_intersection/syn_ne_dp_common_intersection_0237.txt,99828f346ced521c5e4a1d993fa81cd3b96f091a,3cb6d3e2ecbe58cc4ca50ab8d3c38a4b8df2a0a2
syn_ne_dp_common_intersection_0238,common_intersection,double,syn_ne_policy_ab_cd_x_y_positive_priority_0018,synthetic,docs/train_ready/numeric_equation_transformation_rules/work_on/synthetic/non_unanimous_policy/ab_cd_x_y_positive_priority/syn_ne_policy_ab_cd_x_y_positive_priority_0018.txt,56,AB_CD,@,1136,docs/numeric_equation_decision_point_curriculum/common_intersection/syn_ne_dp_common_intersection_0238.txt,024a995f13cfd2809ac0ebcc7438eb035f3a4f6c,02ca142c14ea597911ff555f3f71ea0e7873f4a3
syn_ne_dp_common_intersection_0239,common_intersection,double,syn_ne_ab_cd_sub_xminusy_len2_0023,synthetic,docs/train_ready/numeric_equation_transformation_rules/work_on/synthetic/ab_cd_subtraction/ab_cd_len2/syn_ne_ab_cd_sub_xminusy_len2_0023.txt,-63,AB_CD,-,14394,docs/numeric_equation_decision_point_curriculum/common_intersection/syn_ne_dp_common_intersection_0239.txt,9d6d889b596c2a55c662754026ae11a1c4524595,6ea7b4fdff9a2288661eabdaa47a585ab2302bb9
syn_ne_dp_common_intersection_0240,common_intersection,double,syn_ne_ab_cd_sub_yminusx_len1_0005,synthetic,docs/train_ready/numeric_equation_transformation_rules/work_on/synthetic/ab_cd_subtraction/ab_cd_len1/syn_ne_ab_cd_sub_yminusx_len1_0005.txt,7,AB_CD,&,7389,docs/numeric_equation_decision_point_curriculum/common_intersection/syn_ne_dp_common_intersection_0240.txt,f10b02ee2c59edb31830e1caa5eb01fcca87ef58,0bbc40569eb7471aada4240f8e0e0ee93ed4d8e1
syn_ne_dp_common_intersection_0241,common_intersection,triple_plus,syn_ne_policy_ba_dc_x_y_negative_prefix_0007,synthetic,docs/train_ready/numeric_equation_transformation_rules/work_on/synthetic/non_unanimous_policy/ba_dc_x_y_negative_prefix/syn_ne_policy_ba_dc_x_y_negative_prefix_0007.txt,?11,BA_DC,?,1121,docs/numeric_equation_decision_point_curriculum/common_intersection/syn_ne_dp_common_intersection_0241.txt,490ac5eb5d3d6bb6ebaa469f35951473e58c0eb4,0ea0cc38007962ed39c4c1b99c14c9e2e0fb6823
syn_ne_dp_common_intersection_0242,common_intersection,triple_plus,syn_ne_ba_dc_add_mix_xplusy_0112,synthetic,docs/train_ready/numeric_equation_transformation_rules/work_on/synthetic/ba_dc_addition/ba_dc_mix/syn_ne_ba_dc_add_mix_xplusy_0112.txt,82,BA_DC,>,1147,docs/numeric_equation_decision_point_curriculum/common_intersection/syn_ne_dp_common_intersection_0242.txt,f0d58857d279c77670fd17f630005cdb609b06fc,f366c17abb18b311dc8f130edd98adda6b20b920
syn_ne_dp_common_intersection_0243,common_intersection,triple_plus,syn_ne_ba_dc_sub_xminusy_0071,synthetic,docs/train_ready/numeric_equation_transformation_rules/work_on/synthetic/ba_dc_subtraction/x_y/syn_ne_ba_dc_sub_xminusy_0071.txt,45,BA_DC,<,4745,docs/numeric_equation_decision_point_curriculum/common_intersection/syn_ne_dp_common_intersection_0243.txt,8f24d3ccb756c52ea850053d40dc2722e2f25291,83d90605b957c878e570db5bf69acf19a27a2aad
syn_ne_dp_common_intersection_0244,common_intersection,triple_plus,syn_ne_ba_dc_add_mix_xplusy_0108,synthetic,docs/train_ready/numeric_equation_transformation_rules/work_on/synthetic/ba_dc_addition/ba_dc_mix/syn_ne_ba_dc_add_mix_xplusy_0108.txt,79,BA_DC,>,1484,docs/numeric_equation_decision_point_curriculum/common_intersection/syn_ne_dp_common_intersection_0244.txt,9a4c23fe4b5196caf02e3ff01faa1c1173e3a273,4857970b0cb19501f62e36221ed00a090d7a1739
syn_ne_dp_common_intersection_0245,common_intersection,triple_plus,syn_ne_policy_ba_dc_x_y_negative_prefix_0018,synthetic,docs/train_ready/numeric_equation_transformation_rules/work_on/synthetic/non_unanimous_policy/ba_dc_x_y_negative_prefix/syn_ne_policy_ba_dc_x_y_negative_prefix_0018.txt,#02,BA_DC,#,1121,docs/numeric_equation_decision_point_curriculum/common_intersection/syn_ne_dp_common_intersection_0245.txt,ce215ad9b09951548d8ad1ca20c89d8f5aefd541,e508d3ef57ab8794693c04ef9d51cc01a1f5e37a
syn_ne_dp_common_intersection_0246,common_intersection,triple_plus,syn_ne_opa_ba_dc_visible_mod_0029,synthetic,docs/train_ready/numeric_equation_transformation_rules/work_on/synthetic/operator_absence/syn_ne_opa_ba_dc_visible_mod_0029.txt,1,BA_DC,%,2832,docs/numeric_equation_decision_point_curriculum/common_intersection/syn_ne_dp_common_intersection_0246.txt,22c318b5da7839cc77bf4a51bffc3c69eec815d5,e724774a448cab1f1337cea70fb2aacf718dcd1c
syn_ne_dp_common_intersection_0247,common_intersection,triple_plus,syn_ne_ba_dc_mul_xmulyminus1_0069,synthetic,docs/train_ready/numeric_equation_transformation_rules/work_on/synthetic/ba_dc_multiplication/ba_dc_mul_minus_1/syn_ne_ba_dc_mul_xmulyminus1_0069.txt,8603,BA_DC,!,4511,docs/numeric_equation_decision_point_curriculum/common_intersection/syn_ne_dp_common_intersection_0247.txt,64ff2c37552b79b738d244ab004f315859d093a5,0c987241d3d0cc0c44c356a3c48fc40801f6a7b7
syn_ne_dp_common_intersection_0248,common_intersection,triple_plus,syn_ne_ba_dc_add_len3_xplusyplus1_0240,synthetic,docs/train_ready/numeric_equation_transformation_rules/work_on/synthetic/ba_dc_addition/ba_dc_len3/syn_ne_ba_dc_add_len3_xplusyplus1_0240.txt,24,BA_DC,+,1464,docs/numeric_equation_decision_point_curriculum/common_intersection/syn_ne_dp_common_intersection_0248.txt,2408474dac4c8249267c1a91b9e0919146b8f39e,f45860b0c589d999ca96ac587178813b9209b296
syn_ne_dp_common_intersection_0249,common_intersection,triple_plus,syn_ne_ba_dc_add_mix_xplusyplus1_0104,synthetic,docs/train_ready/numeric_equation_transformation_rules/work_on/synthetic/ba_dc_addition/ba_dc_mix/syn_ne_ba_dc_add_mix_xplusyplus1_0104.txt,95,BA_DC,<,2931,docs/numeric_equation_decision_point_curriculum/common_intersection/syn_ne_dp_common_intersection_0249.txt,d6a7a92c765f4b3832219ac822ab688e5b3ca83c,6ed2897174b4e72de6008e57c89f31b6d271e756
syn_ne_dp_common_intersection_0250,common_intersection,triple_plus,syn_ne_ba_dc_mul_xmuly_0119,synthetic,docs/train_ready/numeric_equation_transformation_rules/work_on/synthetic/ba_dc_multiplication/ba_dc_mul/syn_ne_ba_dc_mul_xmuly_0119.txt,6391,BA_DC,~,2071,docs/numeric_equation_decision_point_curriculum/common_intersection/syn_ne_dp_common_intersection_0250.txt,0dd10acf62594c07754ac525cc915e40fc74853b,7e2179dde1eeb5490910d26cab897beb13a6c858
syn_ne_dp_common_intersection_0251,common_intersection,triple_plus,syn_ne_ba_dc_add_len2_xplusyplus1_0018,synthetic,docs/train_ready/numeric_equation_transformation_rules/work_on/synthetic/ba_dc_addition/ba_dc_len2/syn_ne_ba_dc_add_len2_xplusyplus1_0018.txt,65,BA_DC,#,1479,docs/numeric_equation_decision_point_curriculum/common_intersection/syn_ne_dp_common_intersection_0251.txt,549d9ef86bceac87fdfd960db7efd7cd1af21345,4e6d30c1dd30f72720ef82c1d7a62f6f0eb174e9
syn_ne_dp_common_intersection_0252,common_intersection,triple_plus,syn_ne_low_ba_dc_add_vote_0006,synthetic,docs/train_ready/numeric_equation_transformation_rules/work_on/synthetic/low_confidence/syn_ne_low_ba_dc_add_vote_0006.txt,29,BA_DC,+,1191,docs/numeric_equation_decision_point_curriculum/common_intersection/syn_ne_dp_common_intersection_0252.txt,b561032ae0c739000fcbeae2a5d81f8b143d0b19,d5f70482467af95fa7b5c08918505b3274a1144b
syn_ne_dp_common_intersection_0253,common_intersection,triple_plus,syn_ne_ba_dc_mul_xmuly_0104,synthetic,docs/train_ready/numeric_equation_transformation_rules/work_on/synthetic/ba_dc_multiplication/ba_dc_mul/syn_ne_ba_dc_mul_xmuly_0104.txt,0481,BA_DC,?,2105,docs/numeric_equation_decision_point_curriculum/common_intersection/syn_ne_dp_common_intersection_0253.txt,fae38eb8f43d9dd24ba18865ef8a26fff58550c5,42f8acd39c87b8a798007562406dca89547b0a9c
syn_ne_dp_common_intersection_0254,common_intersection,triple_plus,syn_ne_policy_ba_dc_x_y_negative_prefix_0059,synthetic,docs/train_ready/numeric_equation_transformation_rules/work_on/synthetic/non_unanimous_policy/ba_dc_x_y_negative_prefix/syn_ne_policy_ba_dc_x_y_negative_prefix_0059.txt,$3,BA_DC,$,1121,docs/numeric_equation_decision_point_curriculum/common_intersection/syn_ne_dp_common_intersection_0254.txt,17c34bd5c4e5dea6d0823029e7ff4dc36edc766c,cd6062582c59a079df8a73a40427290c812b4177
syn_ne_dp_common_intersection_0255,common_intersection,triple_plus,syn_ne_low_ba_dc_add_vote_0161,synthetic,docs/train_ready/numeric_equation_transformation_rules/work_on/synthetic/low_confidence/syn_ne_low_ba_dc_add_vote_0161.txt,501,BA_DC,+,1191,docs/numeric_equation_decision_point_curriculum/common_intersection/syn_ne_dp_common_intersection_0255.txt,a92ca3238194f8b91a25e1b75ec0cad9e22ba4d4,38254c0974868a1340e6b033d65fbdbd30afca33
syn_ne_dp_common_intersection_0256,common_intersection,triple_plus,syn_ne_policy_ba_dc_y_x_negative_literal_vote_0001,synthetic,docs/train_ready/numeric_equation_transformation_rules/work_on/synthetic/non_unanimous_policy/ba_dc_y_x_negative_literal_vote/syn_ne_policy_ba_dc_y_x_negative_literal_vote_0001.txt,-22,BA_DC,-,1134,docs/numeric_equation_decision_point_curriculum/common_intersection/syn_ne_dp_common_intersection_0256.txt,d8ba8374616540827684ab3ed33886f676176065,e5c33ebbc593fb49b137ce74c04776bdeefedb27
syn_ne_dp_common_intersection_0257,common_intersection,triple_plus,syn_ne_low_ba_dc_add_vote_0032,synthetic,docs/train_ready/numeric_equation_transformation_rules/work_on/synthetic/low_confidence/syn_ne_low_ba_dc_add_vote_0032.txt,421,BA_DC,+,1191,docs/numeric_equation_decision_point_curriculum/common_intersection/syn_ne_dp_common_intersection_0257.txt,015c9aa7f5f5574de5fb43b840edff79eee4761a,081f54e56c591e17b7bc1a911baee43b83462785
syn_ne_dp_common_intersection_0258,common_intersection,triple_plus,syn_ne_policy_ba_dc_x_y_negative_prefix_0108,synthetic,docs/train_ready/numeric_equation_transformation_rules/work_on/synthetic/non_unanimous_policy/ba_dc_x_y_negative_prefix/syn_ne_policy_ba_dc_x_y_negative_prefix_0108.txt,#46,BA_DC,#,1121,docs/numeric_equation_decision_point_curriculum/common_intersection/syn_ne_dp_common_intersection_0258.txt,c7911c847763723db72bbe9d1c9a4635de2ee279,90153477c83ecf5e57b71d7a364ba47c774cb99e
syn_ne_dp_common_intersection_0259,common_intersection,triple_plus,syn_ne_ba_dc_add_len3_xplusyplus1_0049,synthetic,docs/train_ready/numeric_equation_transformation_rules/work_on/synthetic/ba_dc_addition/ba_dc_len3/syn_ne_ba_dc_add_len3_xplusyplus1_0049.txt,64,BA_DC,$,1469,docs/numeric_equation_decision_point_curriculum/common_intersection/syn_ne_dp_common_intersection_0259.txt,216eefcbbefe0339e00d9be532119a555c29ade0,51172893813dddcf82b9757901b8da2151035826
syn_ne_dp_common_intersection_0260,common_intersection,triple_plus,syn_ne_ba_dc_add_len3_xplusyminus1_0018,synthetic,docs/train_ready/numeric_equation_transformation_rules/work_on/synthetic/ba_dc_addition/ba_dc_len3/syn_ne_ba_dc_add_len3_xplusyminus1_0018.txt,09,BA_DC,$,2284,docs/numeric_equation_decision_point_curriculum/common_intersection/syn_ne_dp_common_intersection_0260.txt,650614aa11c9ac0946165f22672bac47fe209367,ae02ad0fdeda3cdc00f854ec31fc15441ff1830a
syn_ne_dp_common_intersection_0261,common_intersection,triple_plus,syn_ne_prefix_ba_dc_xminusy_0008,synthetic,docs/train_ready/numeric_equation_transformation_rules/work_on/synthetic/prefix_postfix/syn_ne_prefix_ba_dc_xminusy_0008.txt,$09,BA_DC,$,2652,docs/numeric_equation_decision_point_curriculum/common_intersection/syn_ne_dp_common_intersection_0261.txt,9736a363e5dfd4cc391fd69bedc252a3a1d0fe37,687def26682f789c42df4ef44a661afeae1cecff
syn_ne_dp_common_intersection_0262,common_intersection,triple_plus,syn_ne_ba_dc_add_mix_xplusy_0010,synthetic,docs/train_ready/numeric_equation_transformation_rules/work_on/synthetic/ba_dc_addition/ba_dc_mix/syn_ne_ba_dc_add_mix_xplusy_0010.txt,221,BA_DC,^,1470,docs/numeric_equation_decision_point_curriculum/common_intersection/syn_ne_dp_common_intersection_0262.txt,ad69740e7a69c109dd02d13cfa059659ddab7016,802bdd6d53c8fa78df85b0aa7765c4bd36209bb1
syn_ne_dp_common_intersection_0263,common_intersection,triple_plus,syn_ne_ba_dc_mul_xmulyplus1_0033,synthetic,docs/train_ready/numeric_equation_transformation_rules/work_on/synthetic/ba_dc_multiplication/ba_dc_mul_add_1/syn_ne_ba_dc_mul_xmulyplus1_0033.txt,8906,BA_DC,!,3467,docs/numeric_equation_decision_point_curriculum/common_intersection/syn_ne_dp_common_intersection_0263.txt,94777c02301a1e9ab2d1946f196109f99d3cb06b,491581600706dc50a75ab9aac77eeb1f8236b410
syn_ne_dp_common_intersection_0264,common_intersection,triple_plus,syn_ne_low_ba_dc_add_vote_0098,synthetic,docs/train_ready/numeric_equation_transformation_rules/work_on/synthetic/low_confidence/syn_ne_low_ba_dc_add_vote_0098.txt,93,BA_DC,+,1191,docs/numeric_equation_decision_point_curriculum/common_intersection/syn_ne_dp_common_intersection_0264.txt,028486fdb4b8b5e41b2ba76c8c1b5d69665b28d6,5b0e09ac63b8760dfb26c988b8931a9e63678ba7
syn_ne_dp_common_intersection_0265,common_intersection,triple_plus,syn_ne_ba_dc_sub_xminusy_0074,synthetic,docs/train_ready/numeric_equation_transformation_rules/work_on/synthetic/ba_dc_subtraction/x_y/syn_ne_ba_dc_sub_xminusy_0074.txt,48,BA_DC,&,4582,docs/numeric_equation_decision_point_curriculum/common_intersection/syn_ne_dp_common_intersection_0265.txt,9147e9e0a4e8f4fe341c65a4b5d95fc375dee6e8,8afe139645a9b84dd9c7f5d8ffdf57e6252d5487
syn_ne_dp_common_intersection_0266,common_intersection,triple_plus,syn_ne_mod_ab_cd_ymodx_0130,synthetic,docs/train_ready/numeric_equation_transformation_rules/work_on/synthetic/modular/syn_ne_mod_ab_cd_ymodx_0130.txt,10,AB_CD,%,9015,docs/numeric_equation_decision_point_curriculum/common_intersection/syn_ne_dp_common_intersection_0266.txt,8412e074affb6d3de5a20315e29a4a6c61c433f3,32134c99b58ad46cbc519bb7a4f753cabd683510
syn_ne_dp_common_intersection_0267,common_intersection,triple_plus,syn_ne_policy_ab_cd_non_x_y_priority_0061,synthetic,docs/train_ready/numeric_equation_transformation_rules/work_on/synthetic/non_unanimous_policy/ab_cd_non_x_y_priority/syn_ne_policy_ab_cd_non_x_y_priority_0061.txt,32,AB_CD,%,1269,docs/numeric_equation_decision_point_curriculum/common_intersection/syn_ne_dp_common_intersection_0267.txt,6febca646976c072bb30efc8b6795f2c8b2f5ded,702f86568eac446eb3af600b9806fad876502109
syn_ne_dp_common_intersection_0268,common_intersection,triple_plus,syn_ne_ab_cd_mul_minus1_len3_0011,synthetic,docs/train_ready/numeric_equation_transformation_rules/work_on/synthetic/ab_cd_multiplication/ab_cd_mul_minus1/syn_ne_ab_cd_mul_minus1_len3_0011.txt,780,AB_CD,>,12507,docs/numeric_equation_decision_point_curriculum/common_intersection/syn_ne_dp_common_intersection_0268.txt,fd66d430c5cac5155e80c7a66ccf99edc2e7a7a7,757eea8a18f72d8b88abbea2260c31ff59c69fac
syn_ne_dp_common_intersection_0269,common_intersection,triple_plus,syn_ne_opa_ab_cd_visible_mul_0029,synthetic,docs/train_ready/numeric_equation_transformation_rules/work_on/synthetic/operator_absence/syn_ne_opa_ab_cd_visible_mul_0029.txt,585,AB_CD,*,5048,docs/numeric_equation_decision_point_curriculum/common_intersection/syn_ne_dp_common_intersection_0269.txt,d64437f064c8254be5e648b950da8cbaa83aff97,4489b134121bb2da7818df58e4600efa36d62acf
syn_ne_dp_common_intersection_0270,common_intersection,triple_plus,syn_ne_ab_cd_mul_plus1_len3_0009,synthetic,docs/train_ready/numeric_equation_transformation_rules/work_on/synthetic/ab_cd_multiplication/ab_cd_mul_plus1/syn_ne_ab_cd_mul_plus1_len3_0009.txt,408,AB_CD,(,6239,docs/numeric_equation_decision_point_curriculum/common_intersection/syn_ne_dp_common_intersection_0270.txt,0f1686e56e1b5c3914f6bef751d5bc264fd45538,20c80c141266a598eae8fb8c9d628d89d9d1ab18
syn_ne_dp_common_intersection_0271,common_intersection,triple_plus,syn_ne_low_ab_cd_sub_vote_0002,synthetic,docs/train_ready/numeric_equation_transformation_rules/work_on/synthetic/low_confidence/syn_ne_low_ab_cd_sub_vote_0002.txt,-12,AB_CD,-,4921,docs/numeric_equation_decision_point_curriculum/common_intersection/syn_ne_dp_common_intersection_0271.txt,05b36f2ee2120c736d6d1dbdcbfe6cc817185539,694db26442d72ec22b76df64d7b8cf613fe14027
syn_ne_dp_common_intersection_0272,common_intersection,triple_plus,syn_ne_opa_ab_cd_visible_mul_0019,synthetic,docs/train_ready/numeric_equation_transformation_rules/work_on/synthetic/operator_absence/syn_ne_opa_ab_cd_visible_mul_0019.txt,858,AB_CD,*,5048,docs/numeric_equation_decision_point_curriculum/common_intersection/syn_ne_dp_common_intersection_0272.txt,6665bc7e133c1ef5a6f5b780159d2ecb1e568e90,78ea96750bb80ae37b0668e328d64036459830cb
syn_ne_dp_common_intersection_0273,common_intersection,triple_plus,syn_ne_ab_cd_mul_minus1_len3_0002,synthetic,docs/train_ready/numeric_equation_transformation_rules/work_on/synthetic/ab_cd_multiplication/ab_cd_mul_minus1/syn_ne_ab_cd_mul_minus1_len3_0002.txt,971,AB_CD,~,12408,docs/numeric_equation_decision_point_curriculum/common_intersection/syn_ne_dp_common_intersection_0273.txt,35446f26ff0415e5196738f34eb62494905642de,68745964e4d200863ef949077f646d70b29826f9
syn_ne_dp_common_intersection_0274,common_intersection,triple_plus,syn_ne_opa_ab_cd_fallback_0027,synthetic,docs/train_ready/numeric_equation_transformation_rules/work_on/synthetic/operator_absence/syn_ne_opa_ab_cd_fallback_0027.txt,1091,AB_CD,},2669,docs/numeric_equation_decision_point_curriculum/common_intersection/syn_ne_dp_common_intersection_0274.txt,ef59173dcc3871157d9bb03c3b7b40b8ff3ae571,220aa806e4ffeb68e1e63b0740e98e034fd7a5c2
syn_ne_dp_common_intersection_0275,common_intersection,triple_plus,syn_ne_policy_ab_cd_non_x_y_priority_0036,synthetic,docs/train_ready/numeric_equation_transformation_rules/work_on/synthetic/non_unanimous_policy/ab_cd_non_x_y_priority/syn_ne_policy_ab_cd_non_x_y_priority_0036.txt,19,AB_CD,~,1269,docs/numeric_equation_decision_point_curriculum/common_intersection/syn_ne_dp_common_intersection_0275.txt,41daca1ccf853393504e4d42b2fd4f498c4b55e2,fd30bbb09be3dd016a46b658a70da8eec7189ee2
syn_ne_dp_common_intersection_0276,common_intersection,triple_plus,syn_ne_ab_cd_add_mix_0002,synthetic,docs/train_ready/numeric_equation_transformation_rules/work_on/synthetic/ab_cd_addition/ab_cd_mix/syn_ne_ab_cd_add_mix_0002.txt,351,AB_CD,(,4878,docs/numeric_equation_decision_point_curriculum/common_intersection/syn_ne_dp_common_intersection_0276.txt,849fb2632246654525c525507b1a7a63b6df4c75,274a09fe8c0324b33ea48f45442d8187a6f9d8c4
syn_ne_dp_common_intersection_0277,common_intersection,triple_plus,syn_ne_ab_cd_mul_len3_0005,synthetic,docs/train_ready/numeric_equation_transformation_rules/work_on/synthetic/ab_cd_multiplication/ab_cd_mul/syn_ne_ab_cd_mul_len3_0005.txt,319,AB_CD,`,10543,docs/numeric_equation_decision_point_curriculum/common_intersection/syn_ne_dp_common_intersection_0277.txt,2251a45c091c3a25810c11809390684b1eefdcad,d80a331542208a3b695181f6daa47f0d8d123cb7
syn_ne_dp_common_intersection_0278,common_intersection,triple_plus,syn_ne_prefix_ab_cd_xminusy_0012,synthetic,docs/train_ready/numeric_equation_transformation_rules/work_on/synthetic/prefix_postfix/syn_ne_prefix_ab_cd_xminusy_0012.txt,&13,AB_CD,&,4954,docs/numeric_equation_decision_point_curriculum/common_intersection/syn_ne_dp_common_intersection_0278.txt,ac92de9670b0932d3aadd5c4ebbb588c9b0e2541,5f6a41335fb27b6845ac54251217a65f18ff53f2
syn_ne_dp_common_intersection_0279,common_intersection,triple_plus,syn_ne_ab_cd_sub_xminusy_mix_0017,synthetic,docs/train_ready/numeric_equation_transformation_rules/work_on/synthetic/ab_cd_subtraction/ab_cd_mix/syn_ne_ab_cd_sub_xminusy_mix_0017.txt,28,AB_CD,-,8615,docs/numeric_equation_decision_point_curriculum/common_intersection/syn_ne_dp_common_intersection_0279.txt,3101bc31b029063f3a9d26bb30ee09b7a1461460,12dbe1611e8f445872aadf89582fdd85de842d17
syn_ne_dp_common_intersection_0280,common_intersection,triple_plus,syn_ne_ab_cd_mul_len3_0010,synthetic,docs/train_ready/numeric_equation_transformation_rules/work_on/synthetic/ab_cd_multiplication/ab_cd_mul/syn_ne_ab_cd_mul_len3_0010.txt,510,AB_CD,{,8205,docs/numeric_equation_decision_point_curriculum/common_intersection/syn_ne_dp_common_intersection_0280.txt,43f4fb4b8a31e3b828db86a7aec7b778e152a4e1,e2e16f5318a8e579c4925a178795574d1bef2f14
syn_ne_dp_common_intersection_0281,common_intersection,triple_plus,syn_ne_policy_ab_cd_x_y_positive_priority_0021,synthetic,docs/train_ready/numeric_equation_transformation_rules/work_on/synthetic/non_unanimous_policy/ab_cd_x_y_positive_priority/syn_ne_policy_ab_cd_x_y_positive_priority_0021.txt,27,AB_CD,&,1209,docs/numeric_equation_decision_point_curriculum/common_intersection/syn_ne_dp_common_intersection_0281.txt,f34b9ca99248a1a87938010092ab2c2dc617ffec,a1653943ce58d477ae9b854d91a94a64de95dff5
syn_ne_dp_common_intersection_0282,common_intersection,triple_plus,syn_ne_ab_cd_add_minus1_len3_0008,synthetic,docs/train_ready/numeric_equation_transformation_rules/work_on/synthetic/ab_cd_addition/ab_cd_len3/syn_ne_ab_cd_add_minus1_len3_0008.txt,051,AB_CD,"""",3110,docs/numeric_equation_decision_point_curriculum/common_intersection/syn_ne_dp_common_intersection_0282.txt,bbe7016783ab89fbf3656a3f9393557f51e8be37,90f782bd323bc80bf46609ec87fcbbed5e36524f
syn_ne_dp_common_intersection_0283,common_intersection,triple_plus,syn_ne_ab_cd_sub_xminusy_len1_0011,synthetic,docs/train_ready/numeric_equation_transformation_rules/work_on/synthetic/ab_cd_subtraction/ab_cd_len1/syn_ne_ab_cd_sub_xminusy_len1_0011.txt,-3,AB_CD,-,6816,docs/numeric_equation_decision_point_curriculum/common_intersection/syn_ne_dp_common_intersection_0283.txt,4ce31ff991f3051161fd6bff76569e8b5b7b2047,a67e2c060d0b00fbba49ec86167f1aa91e3a9139
syn_ne_dp_common_intersection_0284,common_intersection,triple_plus,syn_ne_opa_ab_cd_fallback_0040,synthetic,docs/train_ready/numeric_equation_transformation_rules/work_on/synthetic/operator_absence/syn_ne_opa_ab_cd_fallback_0040.txt,1141,AB_CD,:,2735,docs/numeric_equation_decision_point_curriculum/common_intersection/syn_ne_dp_common_intersection_0284.txt,e2a05b284cf5586915dd88a7fe27a5057f34acc5,e7104094dd6feb09c230146e8d34909e80e78249
syn_ne_dp_common_intersection_0285,common_intersection,triple_plus,syn_ne_mod_ab_cd_xmody_0125,synthetic,docs/train_ready/numeric_equation_transformation_rules/work_on/synthetic/modular/syn_ne_mod_ab_cd_xmody_0125.txt,19,AB_CD,%,8451,docs/numeric_equation_decision_point_curriculum/common_intersection/syn_ne_dp_common_intersection_0285.txt,bb6a07a2b1f86859d91a1519055e909a1c649090,549cb3f59ba32353ed92a799ba6afc8bfa92d954
syn_ne_dp_common_intersection_0286,common_intersection,triple_plus,syn_ne_policy_ab_cd_non_x_y_priority_0087,synthetic,docs/train_ready/numeric_equation_transformation_rules/work_on/synthetic/non_unanimous_policy/ab_cd_non_x_y_priority/syn_ne_policy_ab_cd_non_x_y_priority_0087.txt,132,AB_CD,~,1250,docs/numeric_equation_decision_point_curriculum/common_intersection/syn_ne_dp_common_intersection_0286.txt,bce36a175c5b7fefa3ad09040165be54813b8c58,9fdedeca152cd7d30622a00b6b1afe7de4d5fbc5
syn_ne_dp_common_intersection_0287,common_intersection,triple_plus,syn_ne_ab_cd_add_len3_0009,synthetic,docs/train_ready/numeric_equation_transformation_rules/work_on/synthetic/ab_cd_addition/ab_cd_len3/syn_ne_ab_cd_add_len3_0009.txt,05,AB_CD,(,4532,docs/numeric_equation_decision_point_curriculum/common_intersection/syn_ne_dp_common_intersection_0287.txt,399624bfa2af178aeae3204de763151499bedecd,94dfb6b97840280caf0dd1bfc2838ba225e51a3b
syn_ne_dp_common_intersection_0288,common_intersection,triple_plus,syn_ne_ab_cd_add_minus1_mix_0006,synthetic,docs/train_ready/numeric_equation_transformation_rules/work_on/synthetic/ab_cd_addition/ab_cd_mix/syn_ne_ab_cd_add_minus1_mix_0006.txt,701,AB_CD,',3346,docs/numeric_equation_decision_point_curriculum/common_intersection/syn_ne_dp_common_intersection_0288.txt,f41b197388882215f6fad3d10874cd733dae7d7a,d6541aa4c65a931c23929904c17bbc6545a54994
syn_ne_dp_common_intersection_0289,common_intersection,triple_plus,syn_ne_ab_cd_mul_minus1_len3_0004,synthetic,docs/train_ready/numeric_equation_transformation_rules/work_on/synthetic/ab_cd_multiplication/ab_cd_mul_minus1/syn_ne_ab_cd_mul_minus1_len3_0004.txt,635,AB_CD,},9741,docs/numeric_equation_decision_point_curriculum/common_intersection/syn_ne_dp_common_intersection_0289.txt,4e26a19c552cc8781bd2862426cdf4f754641f83,28c85f4ec5f61700eaf15fb0a6d8d15663ea4a97
syn_ne_dp_common_intersection_0290,common_intersection,triple_plus,syn_ne_opa_ab_cd_visible_mod_0034,synthetic,docs/train_ready/numeric_equation_transformation_rules/work_on/synthetic/operator_absence/syn_ne_opa_ab_cd_visible_mod_0034.txt,10,AB_CD,%,5099,docs/numeric_equation_decision_point_curriculum/common_intersection/syn_ne_dp_common_intersection_0290.txt,575c1a7082a850cc906db87b86bbe8c67457456c,e58a9b08617b5e28bb8b2a37650c63659e4c0bcf
syn_ne_dp_output_format_rendering_0291,output_format_rendering,agree,syn_ne_ba_dc_sub_xminusy_0061,synthetic,docs/train_ready/numeric_equation_transformation_rules/work_on/synthetic/ba_dc_subtraction/x_y/syn_ne_ba_dc_sub_xminusy_0061.txt,32,BA_DC,<,4003,docs/numeric_equation_decision_point_curriculum/output_format_rendering/syn_ne_dp_output_format_rendering_0291.txt,c8ecc3ac17a73a7f650f54f4e3086ca83cc9d68e,dc2e89e6818f5b93d50be1ed5f53da6284564f9e
syn_ne_dp_output_format_rendering_0292,output_format_rendering,agree,syn_ne_ab_cd_add_minus1_len3_0013,synthetic,docs/train_ready/numeric_equation_transformation_rules/work_on/synthetic/ab_cd_addition/ab_cd_len3/syn_ne_ab_cd_add_minus1_len3_0013.txt,58,AB_CD,',5195,docs/numeric_equation_decision_point_curriculum/output_format_rendering/syn_ne_dp_output_format_rendering_0292.txt,bb96cb11cc783a66da55e53b2a5ff44b44c31d72,188550af7d1b40ecdf2a84b5c765397a3f386fc2
syn_ne_dp_output_format_rendering_0293,output_format_rendering,agree,syn_ne_ab_cd_mul_len4_0015,synthetic,docs/train_ready/numeric_equation_transformation_rules/work_on/synthetic/ab_cd_multiplication/ab_cd_mul/syn_ne_ab_cd_mul_len4_0015.txt,2590,AB_CD,"""",3491,docs/numeric_equation_decision_point_curriculum/output_format_rendering/syn_ne_dp_output_format_rendering_0293.txt,0b8d096ee4d6b7330470b13c88aefe130c235f59,357d38d883813bae4f0ce27688a4eac4bdbcd08c
syn_ne_dp_output_format_rendering_0294,output_format_rendering,agree,syn_ne_opa_ba_dc_fallback_0024,synthetic,docs/train_ready/numeric_equation_transformation_rules/work_on/synthetic/operator_absence/syn_ne_opa_ba_dc_fallback_0024.txt,901,BA_DC,[,4608,docs/numeric_equation_decision_point_curriculum/output_format_rendering/syn_ne_dp_output_format_rendering_0294.txt,079bb3df3928c946aaebe8d984993256766dc2f6,9cd81c8d9780148138be6c7bc034fce74f483ea4
syn_ne_dp_output_format_rendering_0295,output_format_rendering,agree,syn_ne_opa_ab_cd_visible_mul_0023,synthetic,docs/train_ready/numeric_equation_transformation_rules/work_on/synthetic/operator_absence/syn_ne_opa_ab_cd_visible_mul_0023.txt,434,AB_CD,*,5855,docs/numeric_equation_decision_point_curriculum/output_format_rendering/syn_ne_dp_output_format_rendering_0295.txt,7947a7a4f0cc7cc5f491560aa43a2666048eaa2a,d3fd088c18e59c0b43fc20b6a322f9b0f2659b6a
syn_ne_dp_output_format_rendering_0296,output_format_rendering,agree,syn_ne_ba_dc_sub_xminusy_0168,synthetic,docs/train_ready/numeric_equation_transformation_rules/work_on/synthetic/ba_dc_subtraction/x_y/syn_ne_ba_dc_sub_xminusy_0168.txt,15,BA_DC,/,2813,docs/numeric_equation_decision_point_curriculum/output_format_rendering/syn_ne_dp_output_format_rendering_0296.txt,e5b75a4d4c73a419b41a25dbc4a8bf5d8d4b1b34,89969ba738da9fd768e398c561195de77ec90143
syn_ne_dp_output_format_rendering_0297,output_format_rendering,agree,syn_ne_ba_dc_mul_xmuly_0010,synthetic,docs/train_ready/numeric_equation_transformation_rules/work_on/synthetic/ba_dc_multiplication/ba_dc_mul/syn_ne_ba_dc_mul_xmuly_0010.txt,0861,BA_DC,:,1989,docs/numeric_equation_decision_point_curriculum/output_format_rendering/syn_ne_dp_output_format_rendering_0297.txt,6f70c7a61034a9b4fd058fd663023b7e8def5d04,5677da2ef727e8513273cb48d8787d06afd1efe9
syn_ne_dp_output_format_rendering_0298,output_format_rendering,agree,syn_ne_opa_ba_dc_fallback_0003,synthetic,docs/train_ready/numeric_equation_transformation_rules/work_on/synthetic/operator_absence/syn_ne_opa_ba_dc_fallback_0003.txt,41,BA_DC,$,4615,docs/numeric_equation_decision_point_curriculum/output_format_rendering/syn_ne_dp_output_format_rendering_0298.txt,2b65c3a4fa92345e578be36e2050047d73bc4ce6,07eb33575d68193f64ba4d6fe0396e55387982c5
syn_ne_dp_output_format_rendering_0299,output_format_rendering,agree,syn_ne_ab_cd_add_plus1_len3_0008,synthetic,docs/train_ready/numeric_equation_transformation_rules/work_on/synthetic/ab_cd_addition/ab_cd_len3/syn_ne_ab_cd_add_plus1_len3_0008.txt,>145,AB_CD,>,3443,docs/numeric_equation_decision_point_curriculum/output_format_rendering/syn_ne_dp_output_format_rendering_0299.txt,3af4aa78a004063e9d1d5b3cee812d8f8f8f90ea,85bd55494a6cada970b4982aa22a183ca853cefd
syn_ne_dp_output_format_rendering_0300,output_format_rendering,agree,syn_ne_ab_cd_sub_xminusy_len2_0033,synthetic,docs/train_ready/numeric_equation_transformation_rules/work_on/synthetic/ab_cd_subtraction/ab_cd_len2/syn_ne_ab_cd_sub_xminusy_len2_0033.txt,39,AB_CD,-,8342,docs/numeric_equation_decision_point_curriculum/output_format_rendering/syn_ne_dp_output_format_rendering_0300.txt,2c377428028075048df9952205388428e75654d7,4486fd84e01954add242a1f976377f4c0b12b66a
syn_ne_dp_output_format_rendering_0301,output_format_rendering,disagree,syn_ne_policy_ba_dc_y_x_negative_literal_vote_0003,synthetic,docs/train_ready/numeric_equation_transformation_rules/work_on/synthetic/non_unanimous_policy/ba_dc_y_x_negative_literal_vote/syn_ne_policy_ba_dc_y_x_negative_literal_vote_0003.txt,-1,BA_DC,-,1353,docs/numeric_equation_decision_point_curriculum/output_format_rendering/syn_ne_dp_output_format_rendering_0301.txt,b9660e831c55c69e9542ffda3a1830338dcec461,7067632e2951eebc91eb4376095ca89bfd740908
syn_ne_dp_output_format_rendering_0302,output_format_rendering,agree,syn_ne_ba_dc_mul_xmulyplus1_0001,synthetic,docs/train_ready/numeric_equation_transformation_rules/work_on/synthetic/ba_dc_multiplication/ba_dc_mul_add_1/syn_ne_ba_dc_mul_xmulyplus1_0001.txt,2141,BA_DC,+,2523,docs/numeric_equation_decision_point_curriculum/output_format_rendering/syn_ne_dp_output_format_rendering_0302.txt,46b7bc8213e06f598ab505d5df6a2aea237bc19f,4a89a7925a60440dd931e7d740c769ccfcdae248
syn_ne_dp_output_format_rendering_0303,output_format_rendering,agree,syn_ne_ab_cd_mul_len3_0039,synthetic,docs/train_ready/numeric_equation_transformation_rules/work_on/synthetic/ab_cd_multiplication/ab_cd_mul/syn_ne_ab_cd_mul_len3_0039.txt,836,AB_CD,/,6068,docs/numeric_equation_decision_point_curriculum/output_format_rendering/syn_ne_dp_output_format_rendering_0303.txt,b43f063e638d9b8e303d63c91f4c88eb09390b85,4d0bff762182c0272ebb8cf9445c2ac5ba387ed3
syn_ne_dp_output_format_rendering_0304,output_format_rendering,agree,syn_ne_ba_dc_mul_xmuly_0185,synthetic,docs/train_ready/numeric_equation_transformation_rules/work_on/synthetic/ba_dc_multiplication/ba_dc_mul/syn_ne_ba_dc_mul_xmuly_0185.txt,9151,BA_DC,#,2307,docs/numeric_equation_decision_point_curriculum/output_format_rendering/syn_ne_dp_output_format_rendering_0304.txt,c632a71b99fa9fd99b9d37fd9396126649dd8a8c,69fff03229a72700705c37b14c4477fe6fdab265
syn_ne_dp_output_format_rendering_0305,output_format_rendering,agree,syn_ne_ab_cd_sub_minmax_mix_0001,synthetic,docs/train_ready/numeric_equation_transformation_rules/work_on/synthetic/ab_cd_subtraction/ab_cd_mix/syn_ne_ab_cd_sub_minmax_mix_0001.txt,-53,AB_CD,!,6526,docs/numeric_equation_decision_point_curriculum/output_format_rendering/syn_ne_dp_output_format_rendering_0305.txt,df6d196837b7f5adecc9953d70e9185da10c7db9,c69de0dc1b7ba7a1defefd6149032d9006bf8995
syn_ne_dp_output_format_rendering_0306,output_format_rendering,agree,syn_ne_mod_ba_dc_maxxymodminxy_0005,synthetic,docs/train_ready/numeric_equation_transformation_rules/work_on/synthetic/modular/syn_ne_mod_ba_dc_maxxymodminxy_0005.txt,0,BA_DC,%,3943,docs/numeric_equation_decision_point_curriculum/output_format_rendering/syn_ne_dp_output_format_rendering_0306.txt,ea27e630a6dce3333af6ff5e09a26ec0deeec706,4c185da88260c80ebcb6aa5ce33f21c78b549d8c
syn_ne_dp_output_format_rendering_0307,output_format_rendering,agree,syn_ne_ba_dc_sub_xminusy_0060,synthetic,docs/train_ready/numeric_equation_transformation_rules/work_on/synthetic/ba_dc_subtraction/x_y/syn_ne_ba_dc_sub_xminusy_0060.txt,32,BA_DC,-,2835,docs/numeric_equation_decision_point_curriculum/output_format_rendering/syn_ne_dp_output_format_rendering_0307.txt,cd6470b6cefa427ba01e29881350c048055714aa,dc2e89e6818f5b93d50be1ed5f53da6284564f9e
syn_ne_dp_output_format_rendering_0308,output_format_rendering,agree,syn_ne_mod_ab_cd_maxxymodminxy_0093,synthetic,docs/train_ready/numeric_equation_transformation_rules/work_on/synthetic/modular/syn_ne_mod_ab_cd_maxxymodminxy_0093.txt,4,AB_CD,%,8235,docs/numeric_equation_decision_point_curriculum/output_format_rendering/syn_ne_dp_output_format_rendering_0308.txt,8170cdc1d6ae45a484b27db9f7d0614e31ce6b96,b634efc627e79266a51ba2b572c4acc59cd004d6
syn_ne_dp_output_format_rendering_0309,output_format_rendering,agree,syn_ne_ba_dc_mul_xmuly_0191,synthetic,docs/train_ready/numeric_equation_transformation_rules/work_on/synthetic/ba_dc_multiplication/ba_dc_mul/syn_ne_ba_dc_mul_xmuly_0191.txt,2574,BA_DC,~,2307,docs/numeric_equation_decision_point_curriculum/output_format_rendering/syn_ne_dp_output_format_rendering_0309.txt,f81d5be4bcd5d7f1417c23c0ee7c92c534cf1157,63dcb1ab72678ae97c70c5af961cccf7e41251ad
syn_ne_dp_output_format_rendering_0310,output_format_rendering,agree,syn_ne_ba_dc_mul_xmuly_0051,synthetic,docs/train_ready/numeric_equation_transformation_rules/work_on/synthetic/ba_dc_multiplication/ba_dc_mul/syn_ne_ba_dc_mul_xmuly_0051.txt,0513,BA_DC,!,2659,docs/numeric_equation_decision_point_curriculum/output_format_rendering/syn_ne_dp_output_format_rendering_0310.txt,1bd403e8d6fadde9a32fa039de8bf32dbec60532,0c5108815e837877c75103c1c2d4ef1781905bf2
syn_ne_dp_output_format_rendering_0311,output_format_rendering,agree,syn_ne_ba_dc_mul_xmuly_0211,synthetic,docs/train_ready/numeric_equation_transformation_rules/work_on/synthetic/ba_dc_multiplication/ba_dc_mul/syn_ne_ba_dc_mul_xmuly_0211.txt,2482,BA_DC,[,1955,docs/numeric_equation_decision_point_curriculum/output_format_rendering/syn_ne_dp_output_format_rendering_0311.txt,0f67b61f5bdd8c9af71c1dbfbf4f2d05a1b51723,c2ba513f250d788c1eb449765d3875a085fd8c4e
syn_ne_dp_output_format_rendering_0312,output_format_rendering,agree,syn_ne_ba_dc_add_len2_xplusy_0073,synthetic,docs/train_ready/numeric_equation_transformation_rules/work_on/synthetic/ba_dc_addition/ba_dc_len2/syn_ne_ba_dc_add_len2_xplusy_0073.txt,86,BA_DC,&,1420,docs/numeric_equation_decision_point_curriculum/output_format_rendering/syn_ne_dp_output_format_rendering_0312.txt,38b79467f920b0e19d320bd35cb9af16d4bc24fa,c5c573f589c204a791513ab134ccd334afce90e9
syn_ne_dp_output_format_rendering_0313,output_format_rendering,agree,syn_ne_ba_dc_add_len3_xplusy_0150,synthetic,docs/train_ready/numeric_equation_transformation_rules/work_on/synthetic/ba_dc_addition/ba_dc_len3/syn_ne_ba_dc_add_len3_xplusy_0150.txt,96,BA_DC,&,1399,docs/numeric_equation_decision_point_curriculum/output_format_rendering/syn_ne_dp_output_format_rendering_0313.txt,745c4683cf2f32a811af413e44f80ccc9d482542,eff73038bb7368921e11c6099c60488dfb76af3f
syn_ne_dp_output_format_rendering_0314,output_format_rendering,disagree,syn_ne_low_ba_dc_sub_vote_0015,synthetic,docs/train_ready/numeric_equation_transformation_rules/work_on/synthetic/low_confidence/ba_dc_subtraction/syn_ne_low_ba_dc_sub_vote_0015.txt,45,BA_DC,@,1456,docs/numeric_equation_decision_point_curriculum/output_format_rendering/syn_ne_dp_output_format_rendering_0314.txt,876da2f744001e8fed84567e22f6e8b15ae591e8,662eddd4c7ef4500fd1bbbd205d47c52b8dc007b
syn_ne_dp_output_format_rendering_0315,output_format_rendering,agree,syn_ne_ab_cd_mul_minus1_len3_0021,synthetic,docs/train_ready/numeric_equation_transformation_rules/work_on/synthetic/ab_cd_multiplication/ab_cd_mul_minus1/syn_ne_ab_cd_mul_minus1_len3_0021.txt,419,AB_CD,~,7053,docs/numeric_equation_decision_point_curriculum/output_format_rendering/syn_ne_dp_output_format_rendering_0315.txt,8817f04fdb3bff47b752b0554234eb53c3219e4f,e64868d71ac0e0f805f9954f04c7c2e131af3b58
syn_ne_dp_output_format_rendering_0316,output_format_rendering,agree,syn_ne_ab_cd_add_mix_0005,synthetic,docs/train_ready/numeric_equation_transformation_rules/work_on/synthetic/ab_cd_addition/ab_cd_mix/syn_ne_ab_cd_add_mix_0005.txt,*28,AB_CD,*,4659,docs/numeric_equation_decision_point_curriculum/output_format_rendering/syn_ne_dp_output_format_rendering_0316.txt,24d23744ee2fc0334f43a85513a40a5ec4dc1843,511418f074d2ecb176076b129510f2eb3f28f3ad
syn_ne_dp_output_format_rendering_0317,output_format_rendering,agree,syn_ne_opabs_tlock_3401_helper_0004,synthetic,synthetic/operator_absence_direct_template_motif_lock/3401_helper,801,BA_DC,+,2743,docs/numeric_equation_decision_point_curriculum/output_format_rendering/syn_ne_dp_output_format_rendering_0317.txt,d5c295eb3064b8eb846deb4f818642c968eaad7f,dbb2843f0d38a375050dcacaad7cb8dc12c98fc4
syn_ne_dp_output_format_rendering_0318,output_format_rendering,agree,syn_ne_ba_dc_mul_xmuly_0239,synthetic,docs/train_ready/numeric_equation_transformation_rules/work_on/synthetic/ba_dc_multiplication/ba_dc_mul/syn_ne_ba_dc_mul_xmuly_0239.txt,4995,BA_DC,#,2307,docs/numeric_equation_decision_point_curriculum/output_format_rendering/syn_ne_dp_output_format_rendering_0318.txt,88ad555af459cf9135cc32108c525ee7e6f7555f,5fdf9388c4670b15eb5d6f5571ece234960207df
syn_ne_dp_output_format_rendering_0319,output_format_rendering,disagree,syn_ne_mod_ba_dc_xmody_0046,synthetic,docs/train_ready/numeric_equation_transformation_rules/work_on/synthetic/modular/syn_ne_mod_ba_dc_xmody_0046.txt,13,BA_DC,%,4495,docs/numeric_equation_decision_point_curriculum/output_format_rendering/syn_ne_dp_output_format_rendering_0319.txt,9949da4f9aefc032f2a7d816dcaaf5c6ea0e0734,25b8e778bb9e4d801a842da7239a3e8f7118ae56
syn_ne_dp_output_format_rendering_0320,output_format_rendering,agree,syn_ne_opa_ba_dc_visible_plus_0018,synthetic,docs/train_ready/numeric_equation_transformation_rules/work_on/synthetic/operator_absence/syn_ne_opa_ba_dc_visible_plus_0018.txt,38,BA_DC,+,2996,docs/numeric_equation_decision_point_curriculum/output_format_rendering/syn_ne_dp_output_format_rendering_0320.txt,03204a02da418ac9a300b2fd4b6dbac0953984b4,ecc73ec74792d1a45a449d9f26e3b53d119779c6
syn_ne_dp_output_format_rendering_0321,output_format_rendering,agree,syn_ne_ab_cd_sub_xminusy_len2_0019,synthetic,docs/train_ready/numeric_equation_transformation_rules/work_on/synthetic/ab_cd_subtraction/ab_cd_len2/syn_ne_ab_cd_sub_xminusy_len2_0019.txt,-10,AB_CD,-,14514,docs/numeric_equation_decision_point_curriculum/output_format_rendering/syn_ne_dp_output_format_rendering_0321.txt,e853541d890e3a9361afd74ec3fea48a80043184,a6a48d024c9aeff39eadd92422f5625a6767f88c
syn_ne_dp_output_format_rendering_0322,output_format_rendering,agree,syn_ne_ba_dc_mul_xmuly_0163,synthetic,docs/train_ready/numeric_equation_transformation_rules/work_on/synthetic/ba_dc_multiplication/ba_dc_mul/syn_ne_ba_dc_mul_xmuly_0163.txt,0691,BA_DC,+,1955,docs/numeric_equation_decision_point_curriculum/output_format_rendering/syn_ne_dp_output_format_rendering_0322.txt,1770b557736eb95282dc440df3287d1ab1133f96,02a1ba95ef6d9139316f958300c12c7b1c6a2612
syn_ne_dp_output_format_rendering_0323,output_format_rendering,agree,syn_ne_mod_ab_cd_xmody_0120,synthetic,docs/train_ready/numeric_equation_transformation_rules/work_on/synthetic/modular/syn_ne_mod_ab_cd_xmody_0120.txt,19,AB_CD,%,8625,docs/numeric_equation_decision_point_curriculum/output_format_rendering/syn_ne_dp_output_format_rendering_0323.txt,2d8dec51237d502189e4e7a8682361fb96f881db,23a435f4e6575768a5425d5e0093abdabefeac13
syn_ne_dp_output_format_rendering_0324,output_format_rendering,agree,syn_ne_ba_dc_add_len3_xplusyminus1_0184,synthetic,docs/train_ready/numeric_equation_transformation_rules/work_on/synthetic/ba_dc_addition/ba_dc_len3/syn_ne_ba_dc_add_len3_xplusyminus1_0184.txt,56,BA_DC,^,1376,docs/numeric_equation_decision_point_curriculum/output_format_rendering/syn_ne_dp_output_format_rendering_0324.txt,dfe785b38e208d1cf4e15fa01d1c37733a11790b,c3dec050152f0f571ae699f534d3eaae652e4e0e
syn_ne_dp_output_format_rendering_0325,output_format_rendering,disagree,syn_ne_prefix_ba_dc_xminusy_0012,synthetic,docs/train_ready/numeric_equation_transformation_rules/work_on/synthetic/prefix_postfix/syn_ne_prefix_ba_dc_xminusy_0012.txt,$13,BA_DC,$,2875,docs/numeric_equation_decision_point_curriculum/output_format_rendering/syn_ne_dp_output_format_rendering_0325.txt,ac2a5ff68e8a2494c6352d4a0e76aa21e4abd4ed,fffd2cedb04295d70b0e47fac7d1eb24ec8dd671
syn_ne_dp_output_format_rendering_0326,output_format_rendering,agree,syn_ne_ba_dc_mul_xmuly_0004,synthetic,docs/train_ready/numeric_equation_transformation_rules/work_on/synthetic/ba_dc_multiplication/ba_dc_mul/syn_ne_ba_dc_mul_xmuly_0004.txt,6941,BA_DC,@,1989,docs/numeric_equation_decision_point_curriculum/output_format_rendering/syn_ne_dp_output_format_rendering_0326.txt,466720a180363dbe8ea64afc801a51ffa65df386,17a3ee4336047a6a1e2434b56b78a107cec25103
syn_ne_dp_output_format_rendering_0327,output_format_rendering,disagree,syn_ne_policy_ba_dc_x_y_negative_prefix_0078,synthetic,docs/train_ready/numeric_equation_transformation_rules/work_on/synthetic/non_unanimous_policy/ba_dc_x_y_negative_prefix/syn_ne_policy_ba_dc_x_y_negative_prefix_0078.txt,!81,BA_DC,!,1352,docs/numeric_equation_decision_point_curriculum/output_format_rendering/syn_ne_dp_output_format_rendering_0327.txt,dc936a400befc7722481c18fb5f50e04b6129bf7,c5bcb64807e6f12ac7fb7e1ba7fa06c6a53e29c3
syn_ne_dp_output_format_rendering_0328,output_format_rendering,agree,syn_ne_ba_dc_add_len3_xplusyminus1_0084,synthetic,docs/train_ready/numeric_equation_transformation_rules/work_on/synthetic/ba_dc_addition/ba_dc_len3/syn_ne_ba_dc_add_len3_xplusyminus1_0084.txt,91,BA_DC,$,1377,docs/numeric_equation_decision_point_curriculum/output_format_rendering/syn_ne_dp_output_format_rendering_0328.txt,ee617cf86d0bb7a03849c77975173f6b60e647b6,f2814e63953f6b5b7670588eb9dba1a642f05728
syn_ne_dp_output_format_rendering_0329,output_format_rendering,agree,syn_ne_ba_dc_mul_xmuly_0170,synthetic,docs/train_ready/numeric_equation_transformation_rules/work_on/synthetic/ba_dc_multiplication/ba_dc_mul/syn_ne_ba_dc_mul_xmuly_0170.txt,5983,BA_DC,&,2341,docs/numeric_equation_decision_point_curriculum/output_format_rendering/syn_ne_dp_output_format_rendering_0329.txt,9ff4623676003b354f1d26e084fd4cfa6d557b19,be74c4e8c97c61ccd2a83592854cb11b806800de
syn_ne_dp_output_format_rendering_0330,output_format_rendering,agree,syn_ne_ba_dc_add_mix_xplusyplus1_0008,synthetic,docs/train_ready/numeric_equation_transformation_rules/work_on/synthetic/ba_dc_addition/ba_dc_mix/syn_ne_ba_dc_add_mix_xplusyplus1_0008.txt,76,BA_DC,+,2426,docs/numeric_equation_decision_point_curriculum/output_format_rendering/syn_ne_dp_output_format_rendering_0330.txt,98774c7620db30124371fd4316b3cc337abaa75b,89f43df635b1c8ecfdfa4d2ffc649169365e2381
syn_ne_dp_output_format_rendering_0331,output_format_rendering,agree,syn_ne_mod_ab_cd_ymodx_0147,synthetic,docs/train_ready/numeric_equation_transformation_rules/work_on/synthetic/modular/syn_ne_mod_ab_cd_ymodx_0147.txt,18,AB_CD,%,9134,docs/numeric_equation_decision_point_curriculum/output_format_rendering/syn_ne_dp_output_format_rendering_0331.txt,c051e0adce60db614709bfb1362710533016487f,1eb85e76f481ac7d1bb9a0e3831c4a1020f78600
syn_ne_dp_output_format_rendering_0332,output_format_rendering,disagree,syn_ne_policy_ba_dc_y_x_negative_literal_vote_0004,synthetic,docs/train_ready/numeric_equation_transformation_rules/work_on/synthetic/non_unanimous_policy/ba_dc_y_x_negative_literal_vote/syn_ne_policy_ba_dc_y_x_negative_literal_vote_0004.txt,-05,BA_DC,-,1358,docs/numeric_equation_decision_point_curriculum/output_format_rendering/syn_ne_dp_output_format_rendering_0332.txt,03189d1f72990d4a48239ab0d9e60bc1a12e20b6,3355317140c317125ae4dec3bd372c99c4390fb5
syn_ne_dp_output_format_rendering_0333,output_format_rendering,agree,syn_ne_ba_dc_mul_xmulyminus1_0039,synthetic,docs/train_ready/numeric_equation_transformation_rules/work_on/synthetic/ba_dc_multiplication/ba_dc_mul_minus_1/syn_ne_ba_dc_mul_xmulyminus1_0039.txt,5882,BA_DC,*,4751,docs/numeric_equation_decision_point_curriculum/output_format_rendering/syn_ne_dp_output_format_rendering_0333.txt,63b6b1934b60625fa9124e1fe1bf34874284e649,ff935463120867bf8462815786c7c05b09f928d2
syn_ne_dp_output_format_rendering_0334,output_format_rendering,agree,syn_ne_ab_cd_sub_abs_len1_0005,synthetic,docs/train_ready/numeric_equation_transformation_rules/work_on/synthetic/ab_cd_subtraction/ab_cd_len1/syn_ne_ab_cd_sub_abs_len1_0005.txt,3&,AB_CD,&,8222,docs/numeric_equation_decision_point_curriculum/output_format_rendering/syn_ne_dp_output_format_rendering_0334.txt,98fdc45161b5213b06728d792839f79956654c7a,5eb35af2eccc5cd32bbdc6ed0c857b2b3d93cc2b
syn_ne_dp_output_format_rendering_0335,output_format_rendering,agree,syn_ne_ba_dc_add_len2_xplusyplus1_0016,synthetic,docs/train_ready/numeric_equation_transformation_rules/work_on/synthetic/ba_dc_addition/ba_dc_len2/syn_ne_ba_dc_add_len2_xplusyplus1_0016.txt,89,BA_DC,&,1699,docs/numeric_equation_decision_point_curriculum/output_format_rendering/syn_ne_dp_output_format_rendering_0335.txt,e9c510ceb983c1ea456260bc37a8a2e2862892b3,cb72cd4fe903b92a6b86769c1af83b5c06ba902f
syn_ne_dp_output_format_rendering_0336,output_format_rendering,agree,syn_ne_ab_cd_sub_abs_len1_0002,synthetic,docs/train_ready/numeric_equation_transformation_rules/work_on/synthetic/ab_cd_subtraction/ab_cd_len1/syn_ne_ab_cd_sub_abs_len1_0002.txt,13<,AB_CD,<,8211,docs/numeric_equation_decision_point_curriculum/output_format_rendering/syn_ne_dp_output_format_rendering_0336.txt,3f08856e482d4ff6ce05cd9182bc9b23b09b5e90,3f0308cf716b41e6056ff02365b18c110d7730e2
syn_ne_dp_output_format_rendering_0337,output_format_rendering,agree,syn_ne_ba_dc_mul_xmulyminus1_0011,synthetic,docs/train_ready/numeric_equation_transformation_rules/work_on/synthetic/ba_dc_multiplication/ba_dc_mul_minus_1/syn_ne_ba_dc_mul_xmulyminus1_0011.txt,5081,BA_DC,~,3919,docs/numeric_equation_decision_point_curriculum/output_format_rendering/syn_ne_dp_output_format_rendering_0337.txt,278265def7773c43adc4d60910083ed0b059853c,30eb6929e8e58226c93fb0d14da639d7a08c105f
syn_ne_dp_output_format_rendering_0338,output_format_rendering,agree,syn_ne_ba_dc_mul_xmulyminus1_0063,synthetic,docs/train_ready/numeric_equation_transformation_rules/work_on/synthetic/ba_dc_multiplication/ba_dc_mul_minus_1/syn_ne_ba_dc_mul_xmulyminus1_0063.txt,1312,BA_DC,^,4751,docs/numeric_equation_decision_point_curriculum/output_format_rendering/syn_ne_dp_output_format_rendering_0338.txt,81aa53ebfa5c34b2b86163067ab84b9ae1468794,eefa0c3cb76dcb516eac25ae6929ebd544ae1cb7
syn_ne_dp_output_format_rendering_0339,output_format_rendering,agree,syn_ne_ba_dc_mul_xmulyminus1_0052,synthetic,docs/train_ready/numeric_equation_transformation_rules/work_on/synthetic/ba_dc_multiplication/ba_dc_mul_minus_1/syn_ne_ba_dc_mul_xmulyminus1_0052.txt,0209,BA_DC,/,3121,docs/numeric_equation_decision_point_curriculum/output_format_rendering/syn_ne_dp_output_format_rendering_0339.txt,9cabbc7c36121bafce6f3cf3df2ba6cf4b290167,e68a3c4b9dbe4104a2ef3298c52dc00321499360
syn_ne_dp_output_format_rendering_0340,output_format_rendering,disagree,syn_ne_low_ba_dc_sub_vote_0057,synthetic,docs/train_ready/numeric_equation_transformation_rules/work_on/synthetic/low_confidence/ba_dc_subtraction/syn_ne_low_ba_dc_sub_vote_0057.txt,32,BA_DC,&,3087,docs/numeric_equation_decision_point_curriculum/output_format_rendering/syn_ne_dp_output_format_rendering_0340.txt,9b2242b48cddafaef3bddb9b507a96c9329e7c0b,9bd2fc6d035c3743543f36742ff0acf56b1bb955
syn_ne_dp_output_format_rendering_0341,output_format_rendering,agree,syn_ne_ba_dc_add_mix_xplusyminus1_0065,synthetic,docs/train_ready/numeric_equation_transformation_rules/work_on/synthetic/ba_dc_addition/ba_dc_mix/syn_ne_ba_dc_add_mix_xplusyminus1_0065.txt,57,BA_DC,&,1897,docs/numeric_equation_decision_point_curriculum/output_format_rendering/syn_ne_dp_output_format_rendering_0341.txt,601e24305f581a1a94593542e1871cf27418033a,70d65882006d9d3b54636e10fd094455ade7afb1
syn_ne_dp_output_format_rendering_0342,output_format_rendering,agree,syn_ne_ab_cd_add_minus1_mix_0001,synthetic,docs/train_ready/numeric_equation_transformation_rules/work_on/synthetic/ab_cd_addition/ab_cd_mix/syn_ne_ab_cd_add_minus1_mix_0001.txt,06,AB_CD,"""",4782,docs/numeric_equation_decision_point_curriculum/output_format_rendering/syn_ne_dp_output_format_rendering_0342.txt,a55d1f689a808744a2131aee040ce4e93b0b1ba9,a4a06b0c8a77dda66fdd175dd34fda9a979abc1a
syn_ne_dp_output_format_rendering_0343,output_format_rendering,agree,syn_ne_ab_cd_add_plus1_len2_0017,synthetic,docs/train_ready/numeric_equation_transformation_rules/work_on/synthetic/ab_cd_addition/ab_cd_len2/syn_ne_ab_cd_add_plus1_len2_0017.txt,'531,AB_CD,',7667,docs/numeric_equation_decision_point_curriculum/output_format_rendering/syn_ne_dp_output_format_rendering_0343.txt,b45368ee66ae3e6b2de5ecdf1eb773723d2908a0,0b6d8fe1d025ab96302a19f2725974d9013f8871
syn_ne_dp_output_format_rendering_0344,output_format_rendering,agree,syn_ne_mod_ab_cd_maxxymodminxy_0081,synthetic,docs/train_ready/numeric_equation_transformation_rules/work_on/synthetic/modular/syn_ne_mod_ab_cd_maxxymodminxy_0081.txt,11,AB_CD,%,8265,docs/numeric_equation_decision_point_curriculum/output_format_rendering/syn_ne_dp_output_format_rendering_0344.txt,f45b727f8437eb9beab977307267164b3befc678,7963195dd4fba721700e2ce8dd04caa9cbb6f8d1
syn_ne_dp_output_format_rendering_0345,output_format_rendering,agree,syn_ne_mod_ba_dc_maxxymodminxy_0020,synthetic,docs/train_ready/numeric_equation_transformation_rules/work_on/synthetic/modular/syn_ne_mod_ba_dc_maxxymodminxy_0020.txt,5,BA_DC,%,3943,docs/numeric_equation_decision_point_curriculum/output_format_rendering/syn_ne_dp_output_format_rendering_0345.txt,37b17d23fdb22c28dcd66d6cc2e9208a67017ddf,dd0d9478b36496e6eabf7e82ccb840f9e9b7abe1
syn_ne_dp_output_format_rendering_0346,output_format_rendering,agree,syn_ne_ba_dc_add_mix_xplusyplus1_0077,synthetic,docs/train_ready/numeric_equation_transformation_rules/work_on/synthetic/ba_dc_addition/ba_dc_mix/syn_ne_ba_dc_add_mix_xplusyplus1_0077.txt,84,BA_DC,$,3155,docs/numeric_equation_decision_point_curriculum/output_format_rendering/syn_ne_dp_output_format_rendering_0346.txt,48a35ea957da460f1ce3e62e12ccbbd9dd788981,737a110de61375fe00c19777a29d4555461224c6
syn_ne_dp_output_format_rendering_0347,output_format_rendering,agree,syn_ne_ba_dc_sub_xminusy_0158,synthetic,docs/train_ready/numeric_equation_transformation_rules/work_on/synthetic/ba_dc_subtraction/x_y/syn_ne_ba_dc_sub_xminusy_0158.txt,35,BA_DC,/,4890,docs/numeric_equation_decision_point_curriculum/output_format_rendering/syn_ne_dp_output_format_rendering_0347.txt,434c85968e77c8ebff03858be91cd6ce548e164e,117afa6f9cd88261611185751b7f7e502c70fd15
syn_ne_dp_output_format_rendering_0348,output_format_rendering,agree,syn_ne_ab_cd_mul_len4_0035,synthetic,docs/train_ready/numeric_equation_transformation_rules/work_on/synthetic/ab_cd_multiplication/ab_cd_mul/syn_ne_ab_cd_mul_len4_0035.txt,1188,AB_CD,(,5581,docs/numeric_equation_decision_point_curriculum/output_format_rendering/syn_ne_dp_output_format_rendering_0348.txt,5c27f9a0abedcb1fbc25045f281d32e4d8a13d8c,4ff9045dcdf6e10f0fb9763d4fd06cbca8545141
syn_ne_dp_output_format_rendering_0349,output_format_rendering,disagree,syn_ne_low_ba_dc_add_vote_0041,synthetic,docs/train_ready/numeric_equation_transformation_rules/work_on/synthetic/low_confidence/syn_ne_low_ba_dc_add_vote_0041.txt,46,BA_DC,+,1480,docs/numeric_equation_decision_point_curriculum/output_format_rendering/syn_ne_dp_output_format_rendering_0349.txt,b93cb3321096ae8b9f36fdd0d6c46ae42951e1f8,c07ee866224172d68ccbb1a6a9990f1587d2c8e9
syn_ne_dp_output_format_rendering_0350,output_format_rendering,agree,syn_ne_mod_ab_cd_ymodx_0132,synthetic,docs/train_ready/numeric_equation_transformation_rules/work_on/synthetic/modular/syn_ne_mod_ab_cd_ymodx_0132.txt,4,AB_CD,%,9152,docs/numeric_equation_decision_point_curriculum/output_format_rendering/syn_ne_dp_output_format_rendering_0350.txt,c9b4d40fd5914c4b6329598ccb13192c0e697583,b634efc627e79266a51ba2b572c4acc59cd004d6
syn_ne_dp_output_format_rendering_0351,output_format_rendering,disagree,syn_ne_policy_ab_cd_non_x_y_priority_0063,synthetic,docs/train_ready/numeric_equation_transformation_rules/work_on/synthetic/non_unanimous_policy/ab_cd_non_x_y_priority/syn_ne_policy_ab_cd_non_x_y_priority_0063.txt,96,AB_CD,?,1540,docs/numeric_equation_decision_point_curriculum/output_format_rendering/syn_ne_dp_output_format_rendering_0351.txt,a2886d39e36fc73a4e2e0173d6d0ee4d53d1013a,e4360e3d3cd192430dbb81030728369d1821ed41
syn_ne_dp_output_format_rendering_0352,output_format_rendering,disagree,syn_ne_low_ba_dc_sub_vote_0008,synthetic,docs/train_ready/numeric_equation_transformation_rules/work_on/synthetic/low_confidence/ba_dc_subtraction/syn_ne_low_ba_dc_sub_vote_0008.txt,23,BA_DC,:,1423,docs/numeric_equation_decision_point_curriculum/output_format_rendering/syn_ne_dp_output_format_rendering_0352.txt,e8c871bff4bca3a21d591f944d9e7736cef0628d,560e5f7c40e592fc4190fc9c115f6bdb214bc3dc
syn_ne_dp_output_format_rendering_0353,output_format_rendering,agree,syn_ne_ba_dc_sub_yminusx_0014,synthetic,docs/train_ready/numeric_equation_transformation_rules/work_on/synthetic/ba_dc_subtraction/y_x/syn_ne_ba_dc_sub_yminusx_0014.txt,85&,BA_DC,&,5658,docs/numeric_equation_decision_point_curriculum/output_format_rendering/syn_ne_dp_output_format_rendering_0353.txt,24f093ada8bbef216c66ae471b811b5069067b4b,5da6a6f914f4254e3d51ac2d06633573c503b85d
syn_ne_dp_output_format_rendering_0354,output_format_rendering,agree,syn_ne_ba_dc_mul_xmuly_0177,synthetic,docs/train_ready/numeric_equation_transformation_rules/work_on/synthetic/ba_dc_multiplication/ba_dc_mul/syn_ne_ba_dc_mul_xmuly_0177.txt,0062,BA_DC,!,2659,docs/numeric_equation_decision_point_curriculum/output_format_rendering/syn_ne_dp_output_format_rendering_0354.txt,d958265c816bd0b1db9c01dde6583a62c50d511a,8e93b8c562f07d0d1918861216798cc6008deb50
syn_ne_dp_output_format_rendering_0355,output_format_rendering,agree,syn_ne_ba_dc_add_len3_xplusyminus1_0249,synthetic,docs/train_ready/numeric_equation_transformation_rules/work_on/synthetic/ba_dc_addition/ba_dc_len3/syn_ne_ba_dc_add_len3_xplusyminus1_0249.txt,95,BA_DC,~,1378,docs/numeric_equation_decision_point_curriculum/output_format_rendering/syn_ne_dp_output_format_rendering_0355.txt,35de3b414832adac3e2967fab9876d6906fb68a3,cc503baaa1561c99f77cd5e14553eb8075e2e9b1
syn_ne_dp_output_format_rendering_0356,output_format_rendering,agree,syn_ne_ab_cd_sub_xminusy_len2_0015,synthetic,docs/train_ready/numeric_equation_transformation_rules/work_on/synthetic/ab_cd_subtraction/ab_cd_len2/syn_ne_ab_cd_sub_xminusy_len2_0015.txt,24,AB_CD,-,14198,docs/numeric_equation_decision_point_curriculum/output_format_rendering/syn_ne_dp_output_format_rendering_0356.txt,48a035a9a1315168a97bb886c9dfae0a6fe0a67f,882f319c27c87c08a06e1c8997bba298ac814097
syn_ne_dp_output_format_rendering_0357,output_format_rendering,disagree,syn_ne_policy_ba_dc_x_y_negative_prefix_0085,synthetic,docs/train_ready/numeric_equation_transformation_rules/work_on/synthetic/non_unanimous_policy/ba_dc_x_y_negative_prefix/syn_ne_policy_ba_dc_x_y_negative_prefix_0085.txt,?93,BA_DC,?,1352,docs/numeric_equation_decision_point_curriculum/output_format_rendering/syn_ne_dp_output_format_rendering_0357.txt,98ba107a5e9ea8d5bb50716a59bc96618f63ad04,bb3c842a6a9986fd3a229cdb5b822715b99d42ac
syn_ne_dp_output_format_rendering_0358,output_format_rendering,agree,syn_ne_ab_cd_add_minus1_len3_0007,synthetic,docs/train_ready/numeric_equation_transformation_rules/work_on/synthetic/ab_cd_addition/ab_cd_len3/syn_ne_ab_cd_add_minus1_len3_0007.txt,94,AB_CD,?,8893,docs/numeric_equation_decision_point_curriculum/output_format_rendering/syn_ne_dp_output_format_rendering_0358.txt,fc6d6ca3b487e9970dc02ce3d850503f4dbf320b,4982c547d6db8f218bca7b33066a020aa516cf83
syn_ne_dp_output_format_rendering_0359,output_format_rendering,agree,syn_ne_ba_dc_add_len3_xplusy_0121,synthetic,docs/train_ready/numeric_equation_transformation_rules/work_on/synthetic/ba_dc_addition/ba_dc_len3/syn_ne_ba_dc_add_len3_xplusy_0121.txt,221,BA_DC,$,1068,docs/numeric_equation_decision_point_curriculum/output_format_rendering/syn_ne_dp_output_format_rendering_0359.txt,b479493e763ba501a2f9678da05fefffed5186d9,614026c7d75e8a28b35de7401a7ff990680b2992
syn_ne_dp_output_format_rendering_0360,output_format_rendering,agree,syn_ne_opa_ba_dc_visible_mod_0008,synthetic,docs/train_ready/numeric_equation_transformation_rules/work_on/synthetic/operator_absence/syn_ne_opa_ba_dc_visible_mod_0008.txt,1,BA_DC,%,4221,docs/numeric_equation_decision_point_curriculum/output_format_rendering/syn_ne_dp_output_format_rendering_0360.txt,08af63547e0ea0138f4db8daa6b53d6173b960f7,00b1141fb9afe1a171c53cdc9fb3471f6eeb2948
syn_ne_dp_output_format_rendering_0361,output_format_rendering,agree,syn_ne_ba_dc_sub_xminusy_0055,synthetic,docs/train_ready/numeric_equation_transformation_rules/work_on/synthetic/ba_dc_subtraction/x_y/syn_ne_ba_dc_sub_xminusy_0055.txt,12,BA_DC,:,4003,docs/numeric_equation_decision_point_curriculum/output_format_rendering/syn_ne_dp_output_format_rendering_0361.txt,5f68ae123a1043c9bbf21646a60eeacd1c1bc5a2,6aa742dcfbf560dbc003ba57b4c0384f2c550110
syn_ne_dp_output_format_rendering_0362,output_format_rendering,agree,syn_ne_ba_dc_add_len2_xplusyminus1_0084,synthetic,docs/train_ready/numeric_equation_transformation_rules/work_on/synthetic/ba_dc_addition/ba_dc_len2/syn_ne_ba_dc_add_len2_xplusyminus1_0084.txt,28,BA_DC,<,1942,docs/numeric_equation_decision_point_curriculum/output_format_rendering/syn_ne_dp_output_format_rendering_0362.txt,017753d745e1905f33a641dea9de585783b1135b,7c309ed7b719fdbb7c7719dc8986e23e5c680731
syn_ne_dp_output_format_rendering_0363,output_format_rendering,agree,syn_ne_ab_cd_mul_minus1_len3_0025,synthetic,docs/train_ready/numeric_equation_transformation_rules/work_on/synthetic/ab_cd_multiplication/ab_cd_mul_minus1/syn_ne_ab_cd_mul_minus1_len3_0025.txt,701,AB_CD,!,9986,docs/numeric_equation_decision_point_curriculum/output_format_rendering/syn_ne_dp_output_format_rendering_0363.txt,860af76815363d33f783462a2c84a32331f76cfb,9a9f8d387545ce12dddb26ad925bb0c914d8fb1c
syn_ne_dp_output_format_rendering_0364,output_format_rendering,agree,syn_ne_ab_cd_sub_yminusx_len2_0007,synthetic,docs/train_ready/numeric_equation_transformation_rules/work_on/synthetic/ab_cd_subtraction/ab_cd_len2/syn_ne_ab_cd_sub_yminusx_len2_0007.txt,-24,AB_CD,!,8865,docs/numeric_equation_decision_point_curriculum/output_format_rendering/syn_ne_dp_output_format_rendering_0364.txt,ff5de23bee2316c4b481f37e9d6e9758e1b74c5a,f07ace8251fbfea5d54e3581d122643fcc1b577c
syn_ne_dp_output_format_rendering_0365,output_format_rendering,agree,syn_ne_ba_dc_add_len2_xplusy_0106,synthetic,docs/train_ready/numeric_equation_transformation_rules/work_on/synthetic/ba_dc_addition/ba_dc_len2/syn_ne_ba_dc_add_len2_xplusy_0106.txt,41,BA_DC,+,1096,docs/numeric_equation_decision_point_curriculum/output_format_rendering/syn_ne_dp_output_format_rendering_0365.txt,fa77d30ed28f3721c754f44cf5f6f384713a6e65,07eb33575d68193f64ba4d6fe0396e55387982c5
syn_ne_dp_output_format_rendering_0366,output_format_rendering,agree,syn_ne_ba_dc_add_len3_xplusy_0243,synthetic,docs/train_ready/numeric_equation_transformation_rules/work_on/synthetic/ba_dc_addition/ba_dc_len3/syn_ne_ba_dc_add_len3_xplusy_0243.txt,68,BA_DC,$,1400,docs/numeric_equation_decision_point_curriculum/output_format_rendering/syn_ne_dp_output_format_rendering_0366.txt,9062c028d3ad319bf02244bb619da1506c7e29e8,f2448827b4a73f3de6a55efa7552c19d2221c750
syn_ne_dp_output_format_rendering_0367,output_format_rendering,agree,syn_ne_ba_dc_mul_xmulyminus1_0108,synthetic,docs/train_ready/numeric_equation_transformation_rules/work_on/synthetic/ba_dc_multiplication/ba_dc_mul_minus_1/syn_ne_ba_dc_mul_xmulyminus1_0108.txt,1362,BA_DC,`,4785,docs/numeric_equation_decision_point_curriculum/output_format_rendering/syn_ne_dp_output_format_rendering_0367.txt,4524a1b84e2b4d46e1e4721e12d2107d4cfe9881,9e76adfc97fcfb35403c2fa127e904567bcf1cc0
syn_ne_dp_output_format_rendering_0368,output_format_rendering,agree,syn_ne_ba_dc_mul_xmulyplus1_0059,synthetic,docs/train_ready/numeric_equation_transformation_rules/work_on/synthetic/ba_dc_multiplication/ba_dc_mul_add_1/syn_ne_ba_dc_mul_xmulyplus1_0059.txt,9691,BA_DC,#,3115,docs/numeric_equation_decision_point_curriculum/output_format_rendering/syn_ne_dp_output_format_rendering_0368.txt,e2f4531f9f52d4d4202b4432d7abf4ecb7a53e5e,194912269a3d0f56c2fe36de5880ff6c13cf398b
syn_ne_dp_output_format_rendering_0369,output_format_rendering,agree,syn_ne_opa_ab_cd_visible_mul_0032,synthetic,docs/train_ready/numeric_equation_transformation_rules/work_on/synthetic/operator_absence/syn_ne_opa_ab_cd_visible_mul_0032.txt,656,AB_CD,*,5855,docs/numeric_equation_decision_point_curriculum/output_format_rendering/syn_ne_dp_output_format_rendering_0369.txt,b2407952c214cdb94f8c11756547122113137363,478461c001a0fb723b0cd3c63c9be1ca65826577
syn_ne_dp_output_format_rendering_0370,output_format_rendering,agree,syn_ne_ab_cd_mul_len3_0018,synthetic,docs/train_ready/numeric_equation_transformation_rules/work_on/synthetic/ab_cd_multiplication/ab_cd_mul/syn_ne_ab_cd_mul_len3_0018.txt,912,AB_CD,#,6024,docs/numeric_equation_decision_point_curriculum/output_format_rendering/syn_ne_dp_output_format_rendering_0370.txt,c292c26657d04ddebaa74f7b471ddfcf457f7101,5c2e99f3e2f854b366786dd0ffbd345c17c534f0
syn_ne_dp_output_format_rendering_0371,output_format_rendering,agree,syn_ne_opa_ab_cd_visible_mod_0002,synthetic,docs/train_ready/numeric_equation_transformation_rules/work_on/synthetic/operator_absence/syn_ne_opa_ab_cd_visible_mod_0002.txt,10,AB_CD,%,5853,docs/numeric_equation_decision_point_curriculum/output_format_rendering/syn_ne_dp_output_format_rendering_0371.txt,061e25f943662f6b5167315a6a78442be022015d,aaa4121486b9e1d6a4e3f134180f8a40e3fe75ff
syn_ne_dp_output_format_rendering_0372,output_format_rendering,agree,syn_ne_ba_dc_add_mix_xplusyminus1_0110,synthetic,docs/train_ready/numeric_equation_transformation_rules/work_on/synthetic/ba_dc_addition/ba_dc_mix/syn_ne_ba_dc_add_mix_xplusyminus1_0110.txt,06,BA_DC,$,2463,docs/numeric_equation_decision_point_curriculum/output_format_rendering/syn_ne_dp_output_format_rendering_0372.txt,6f42cf84fa7b4987b68e3508dc1850c9722132e1,a4a06b0c8a77dda66fdd175dd34fda9a979abc1a
syn_ne_dp_output_format_rendering_0373,output_format_rendering,agree,syn_ne_ba_dc_add_mix_xplusyminus1_0116,synthetic,docs/train_ready/numeric_equation_transformation_rules/work_on/synthetic/ba_dc_addition/ba_dc_mix/syn_ne_ba_dc_add_mix_xplusyminus1_0116.txt,041,BA_DC,^,3005,docs/numeric_equation_decision_point_curriculum/output_format_rendering/syn_ne_dp_output_format_rendering_0373.txt,383eeb9b1edfe02e1c0111fada0176f61cbcc2db,141fab034546a8d15b98eb745dc6fdf7988645e0
syn_ne_dp_output_format_rendering_0374,output_format_rendering,agree,syn_ne_mod_ab_cd_xmody_0112,synthetic,docs/train_ready/numeric_equation_transformation_rules/work_on/synthetic/modular/syn_ne_mod_ab_cd_xmody_0112.txt,18,AB_CD,%,8559,docs/numeric_equation_decision_point_curriculum/output_format_rendering/syn_ne_dp_output_format_rendering_0374.txt,810676a4197bb5e779595a22906ff9622812e883,1eb85e76f481ac7d1bb9a0e3831c4a1020f78600
syn_ne_dp_output_format_rendering_0375,output_format_rendering,disagree,syn_ne_policy_ab_cd_non_x_y_priority_0031,synthetic,docs/train_ready/numeric_equation_transformation_rules/work_on/synthetic/non_unanimous_policy/ab_cd_non_x_y_priority/syn_ne_policy_ab_cd_non_x_y_priority_0031.txt,172,AB_CD,%,1560,docs/numeric_equation_decision_point_curriculum/output_format_rendering/syn_ne_dp_output_format_rendering_0375.txt,25356e56b38c7134dc0f21991ea051f367a6d268,29c4af0841512875e61aa2018ac656d3065694ac
syn_ne_dp_output_format_rendering_0376,output_format_rendering,disagree,syn_ne_policy_ab_cd_non_x_y_priority_0070,synthetic,docs/train_ready/numeric_equation_transformation_rules/work_on/synthetic/non_unanimous_policy/ab_cd_non_x_y_priority/syn_ne_policy_ab_cd_non_x_y_priority_0070.txt,20,AB_CD,~,1529,docs/numeric_equation_decision_point_curriculum/output_format_rendering/syn_ne_dp_output_format_rendering_0376.txt,f229ee050e62434b5d6826877795c1e71b36f546,bc86bbe0dd16525ea203d651f6a44a88cc41a8cf
syn_ne_dp_output_format_rendering_0377,output_format_rendering,agree,syn_ne_ba_dc_mul_xmuly_0018,synthetic,docs/train_ready/numeric_equation_transformation_rules/work_on/synthetic/ba_dc_multiplication/ba_dc_mul/syn_ne_ba_dc_mul_xmuly_0018.txt,0441,BA_DC,`,2693,docs/numeric_equation_decision_point_curriculum/output_format_rendering/syn_ne_dp_output_format_rendering_0377.txt,7a38bcef17ef1600ba3e4f7a5cfa2134958a46aa,e06e4ef452b45d337586cc425076b72297e03c13
syn_ne_dp_output_format_rendering_0378,output_format_rendering,agree,syn_ne_ba_dc_add_len3_xplusyplus1_0145,synthetic,docs/train_ready/numeric_equation_transformation_rules/work_on/synthetic/ba_dc_addition/ba_dc_len3/syn_ne_ba_dc_add_len3_xplusyplus1_0145.txt,75,BA_DC,>,1689,docs/numeric_equation_decision_point_curriculum/output_format_rendering/syn_ne_dp_output_format_rendering_0378.txt,f4f0b473f35ee24dc0d2bae8d2408219066d5b6b,fac6f03e5d3a69ebe73ba65c1c1f66029cc1e5e0
syn_ne_dp_output_format_rendering_0379,output_format_rendering,agree,syn_ne_ab_cd_add_plus1_mix_0013,synthetic,docs/train_ready/numeric_equation_transformation_rules/work_on/synthetic/ab_cd_addition/ab_cd_mix/syn_ne_ab_cd_add_plus1_mix_0013.txt,]47,AB_CD,],5289,docs/numeric_equation_decision_point_curriculum/output_format_rendering/syn_ne_dp_output_format_rendering_0379.txt,0bcb04f2e2680316a56ca6e00a10a079c6bccda5,72873ef3034c8d71b9088c884a8d3da4ff7cdea7
syn_ne_dp_output_format_rendering_0380,output_format_rendering,agree,syn_ne_opa_ab_cd_visible_mul_0025,synthetic,docs/train_ready/numeric_equation_transformation_rules/work_on/synthetic/operator_absence/syn_ne_opa_ab_cd_visible_mul_0025.txt,686,AB_CD,*,5855,docs/numeric_equation_decision_point_curriculum/output_format_rendering/syn_ne_dp_output_format_rendering_0380.txt,5973df5f444e3d10df58d28aec145190333bafa0,ed9b44ae2a751c22bfb4b1e2e6792451feb9c279
syn_ne_dp_output_format_rendering_0381,output_format_rendering,agree,syn_ne_opa_ba_dc_visible_mod_0014,synthetic,docs/train_ready/numeric_equation_transformation_rules/work_on/synthetic/operator_absence/syn_ne_opa_ba_dc_visible_mod_0014.txt,1,BA_DC,%,2733,docs/numeric_equation_decision_point_curriculum/output_format_rendering/syn_ne_dp_output_format_rendering_0381.txt,b40b665bfa3414d34b53477db0612b26442f718b,00b1141fb9afe1a171c53cdc9fb3471f6eeb2948
syn_ne_dp_output_format_rendering_0382,output_format_rendering,agree,syn_ne_ba_dc_add_len3_xplusyminus1_0197,synthetic,docs/train_ready/numeric_equation_transformation_rules/work_on/synthetic/ba_dc_addition/ba_dc_len3/syn_ne_ba_dc_add_len3_xplusyminus1_0197.txt,091,BA_DC,$,2513,docs/numeric_equation_decision_point_curriculum/output_format_rendering/syn_ne_dp_output_format_rendering_0382.txt,fe515c78137547ad24f5f6cc040acf65f63b19e6,f5dd767fb8c07c66f2fdb1eb7dcf2f0feb284460
syn_ne_dp_output_format_rendering_0383,output_format_rendering,agree,syn_ne_ba_dc_sub_xminusy_0178,synthetic,docs/train_ready/numeric_equation_transformation_rules/work_on/synthetic/ba_dc_subtraction/x_y/syn_ne_ba_dc_sub_xminusy_0178.txt,24,BA_DC,/,3761,docs/numeric_equation_decision_point_curriculum/output_format_rendering/syn_ne_dp_output_format_rendering_0383.txt,8967bef3227e728194575a2b4328d3436458fc4a,882f319c27c87c08a06e1c8997bba298ac814097
syn_ne_dp_output_format_rendering_0384,output_format_rendering,agree,syn_ne_mod_ab_cd_xmody_0107,synthetic,docs/train_ready/numeric_equation_transformation_rules/work_on/synthetic/modular/syn_ne_mod_ab_cd_xmody_0107.txt,18,AB_CD,%,8559,docs/numeric_equation_decision_point_curriculum/output_format_rendering/syn_ne_dp_output_format_rendering_0384.txt,7b7d246e86b890c26c40afaec34f8a46f6c66f84,1eb85e76f481ac7d1bb9a0e3831c4a1020f78600
syn_ne_dp_output_format_rendering_0385,output_format_rendering,agree,syn_ne_ba_dc_add_len3_xplusyplus1_0053,synthetic,docs/train_ready/numeric_equation_transformation_rules/work_on/synthetic/ba_dc_addition/ba_dc_len3/syn_ne_ba_dc_add_len3_xplusyplus1_0053.txt,37,BA_DC,^,2483,docs/numeric_equation_decision_point_curriculum/output_format_rendering/syn_ne_dp_output_format_rendering_0385.txt,6283c64dc8986e89079f31b5c60c33e37f62dd80,376b0bc65620d4a2bddae114a08c034def3e99f0
syn_ne_dp_output_format_rendering_0386,output_format_rendering,agree,syn_ne_ba_dc_add_len3_xplusy_0221,synthetic,docs/train_ready/numeric_equation_transformation_rules/work_on/synthetic/ba_dc_addition/ba_dc_len3/syn_ne_ba_dc_add_len3_xplusy_0221.txt,211,BA_DC,<,1403,docs/numeric_equation_decision_point_curriculum/output_format_rendering/syn_ne_dp_output_format_rendering_0386.txt,84938a09c6053dcc1b007cff1be956d913ce8efd,7c21910a1b658caef77ec65bd695625e8e139051
syn_ne_dp_output_format_rendering_0387,output_format_rendering,agree,syn_ne_ab_cd_mul_plus1_len4_0025,synthetic,docs/train_ready/numeric_equation_transformation_rules/work_on/synthetic/ab_cd_multiplication/ab_cd_mul_plus1/syn_ne_ab_cd_mul_plus1_len4_0025.txt,8812,AB_CD,#,5448,docs/numeric_equation_decision_point_curriculum/output_format_rendering/syn_ne_dp_output_format_rendering_0387.txt,dcbc609c2f3e561782a29a514f022d50642d24ba,5262ef3471212ebb1b1ee01644b6032ddfe2d830
syn_ne_dp_output_format_rendering_0388,output_format_rendering,agree,syn_ne_ba_dc_sub_yminusx_0041,synthetic,docs/train_ready/numeric_equation_transformation_rules/work_on/synthetic/ba_dc_subtraction/y_x/syn_ne_ba_dc_sub_yminusx_0041.txt,-67,BA_DC,<,5793,docs/numeric_equation_decision_point_curriculum/output_format_rendering/syn_ne_dp_output_format_rendering_0388.txt,c0821bad3bd3b4b41dd0ccd41f0642fc340d91d3,6d0643bcf7062ae6b5cc096fd573e4947624cbe4
syn_ne_dp_output_format_rendering_0389,output_format_rendering,agree,syn_ne_ba_dc_sub_xminusy_0083,synthetic,docs/train_ready/numeric_equation_transformation_rules/work_on/synthetic/ba_dc_subtraction/x_y/syn_ne_ba_dc_sub_xminusy_0083.txt,31,BA_DC,^,4970,docs/numeric_equation_decision_point_curriculum/output_format_rendering/syn_ne_dp_output_format_rendering_0389.txt,3ed5ca57de178530214f15f435b844dfd9dd11bc,9d6c4b82a453c1c4cd9afd59f20f710b021949c3
syn_ne_dp_output_format_rendering_0390,output_format_rendering,agree,syn_ne_ab_cd_sub_xminusy_len2_0035,synthetic,docs/train_ready/numeric_equation_transformation_rules/work_on/synthetic/ab_cd_subtraction/ab_cd_len2/syn_ne_ab_cd_sub_xminusy_len2_0035.txt,18,AB_CD,-,14595,docs/numeric_equation_decision_point_curriculum/output_format_rendering/syn_ne_dp_output_format_rendering_0390.txt,2a7fffea5b12d2f2b08cbe003d94112393114e36,1eb85e76f481ac7d1bb9a0e3831c4a1020f78600
syn_ne_dp_output_format_rendering_0391,output_format_rendering,disagree,syn_ne_policy_ab_cd_x_y_positive_priority_0011,synthetic,docs/train_ready/numeric_equation_transformation_rules/work_on/synthetic/non_unanimous_policy/ab_cd_x_y_positive_priority/syn_ne_policy_ab_cd_x_y_positive_priority_0011.txt,15,AB_CD,&,1241,docs/numeric_equation_decision_point_curriculum/output_format_rendering/syn_ne_dp_output_format_rendering_0391.txt,dbb626a04f785133e85ac40615cf37ff1609fc71,41410478dadcf7bba05fc9328d29fdd061ea5247
syn_ne_dp_output_format_rendering_0392,output_format_rendering,agree,syn_ne_ab_cd_add_len3_0013,synthetic,docs/train_ready/numeric_equation_transformation_rules/work_on/synthetic/ab_cd_addition/ab_cd_len3/syn_ne_ab_cd_add_len3_0013.txt,74,AB_CD,',4486,docs/numeric_equation_decision_point_curriculum/output_format_rendering/syn_ne_dp_output_format_rendering_0392.txt,21aba20ae35a510c7744f5c39e83252be6b912ad,c2f3afadb75d69c3ff77a4ab814150427c559235
syn_ne_dp_output_format_rendering_0393,output_format_rendering,agree,syn_ne_ab_cd_add_minus1_len2_0016,synthetic,docs/train_ready/numeric_equation_transformation_rules/work_on/synthetic/ab_cd_addition/ab_cd_len2/syn_ne_ab_cd_add_minus1_len2_0016.txt,%30,AB_CD,%,4338,docs/numeric_equation_decision_point_curriculum/output_format_rendering/syn_ne_dp_output_format_rendering_0393.txt,269101221804ea36e18c6002e4d12bea51704fe4,f7db925fd7a16cbaf50179515692b43f9466861a
syn_ne_dp_output_format_rendering_0394,output_format_rendering,agree,syn_ne_ab_cd_mul_minus1_len4_0018,synthetic,docs/train_ready/numeric_equation_transformation_rules/work_on/synthetic/ab_cd_multiplication/ab_cd_mul_minus1/syn_ne_ab_cd_mul_minus1_len4_0018.txt,3541,AB_CD,>,4623,docs/numeric_equation_decision_point_curriculum/output_format_rendering/syn_ne_dp_output_format_rendering_0394.txt,f0efb63adb29afdba1006db803bc5a6c6fd6eab8,3ce426100295b3145b708e93f642bca9e7383132
syn_ne_dp_output_format_rendering_0395,output_format_rendering,agree,syn_ne_ba_dc_sub_xminusy_0181,synthetic,docs/train_ready/numeric_equation_transformation_rules/work_on/synthetic/ba_dc_subtraction/x_y/syn_ne_ba_dc_sub_xminusy_0181.txt,73,BA_DC,<,3969,docs/numeric_equation_decision_point_curriculum/output_format_rendering/syn_ne_dp_output_format_rendering_0395.txt,dbdb98fe7393d32f220402c02de2e24395ef1668,aead2ad20dc1dfcc12652e5ee96ab69d76c0e7ae
syn_ne_dp_output_format_rendering_0396,output_format_rendering,agree,syn_ne_ab_cd_sub_abs_len2_0024,synthetic,docs/train_ready/numeric_equation_transformation_rules/work_on/synthetic/ab_cd_subtraction/ab_cd_len2/syn_ne_ab_cd_sub_abs_len2_0024.txt,58/,AB_CD,/,9112,docs/numeric_equation_decision_point_curriculum/output_format_rendering/syn_ne_dp_output_format_rendering_0396.txt,f648a8e2877bee820a1964417165795c465ef67b,cba927df9908d3fb52f7210fe5f473568934a418
syn_ne_dp_output_format_rendering_0397,output_format_rendering,agree,syn_ne_ba_dc_mul_xmulyplus1_0072,synthetic,docs/train_ready/numeric_equation_transformation_rules/work_on/synthetic/ba_dc_multiplication/ba_dc_mul_add_1/syn_ne_ba_dc_mul_xmulyplus1_0072.txt,7911,BA_DC,`,3741,docs/numeric_equation_decision_point_curriculum/output_format_rendering/syn_ne_dp_output_format_rendering_0397.txt,071fe5f43383dcac945dac52a606e9e14fd6cc02,0eca382b832bcfcd5686c487ba3ee07f9e063efb
syn_ne_dp_output_format_rendering_0398,output_format_rendering,agree,syn_ne_ba_dc_add_len3_xplusyminus1_0193,synthetic,docs/train_ready/numeric_equation_transformation_rules/work_on/synthetic/ba_dc_addition/ba_dc_len3/syn_ne_ba_dc_add_len3_xplusyminus1_0193.txt,24,BA_DC,<,1941,docs/numeric_equation_decision_point_curriculum/output_format_rendering/syn_ne_dp_output_format_rendering_0398.txt,8b7944e98e4093d70bb54279d19157c285f05073,882f319c27c87c08a06e1c8997bba298ac814097
syn_ne_dp_output_format_rendering_0399,output_format_rendering,agree,syn_ne_ab_cd_mul_minus1_len3_0008,synthetic,docs/train_ready/numeric_equation_transformation_rules/work_on/synthetic/ab_cd_multiplication/ab_cd_mul_minus1/syn_ne_ab_cd_mul_minus1_len3_0008.txt,740,AB_CD,"""",12683,docs/numeric_equation_decision_point_curriculum/output_format_rendering/syn_ne_dp_output_format_rendering_0399.txt,5ed7d48306f8064d05c11a5c6d9322b696f04023,d5facd761dda9ba2947e2b9c14be38f7a7e76b35
syn_ne_dp_output_format_rendering_0400,output_format_rendering,disagree,syn_ne_prefix_ba_dc_xminusy_0001,synthetic,docs/train_ready/numeric_equation_transformation_rules/work_on/synthetic/prefix_postfix/syn_ne_prefix_ba_dc_xminusy_0001.txt,$02,BA_DC,$,1326,docs/numeric_equation_decision_point_curriculum/output_format_rendering/syn_ne_dp_output_format_rendering_0400.txt,cb10aaf4e8133c886bdb4f5dd2ddc3a4b4118f27,fcf07bffba01e43013a68cadfc8f63aa758f8cb8
syn_ne_dp_output_format_rendering_0401,output_format_rendering,agree,syn_ne_ab_cd_mul_len3_0034,synthetic,docs/train_ready/numeric_equation_transformation_rules/work_on/synthetic/ab_cd_multiplication/ab_cd_mul/syn_ne_ab_cd_mul_len3_0034.txt,840,AB_CD,^,8278,docs/numeric_equation_decision_point_curriculum/output_format_rendering/syn_ne_dp_output_format_rendering_0401.txt,f4ac02c9a1751aae5b2d4aca14ae4cd4ecd39526,cdb7614217bd04b52a59a018e53dc66f84de7845
syn_ne_dp_output_format_rendering_0402,output_format_rendering,agree,syn_ne_ab_cd_mul_len3_0028,synthetic,docs/train_ready/numeric_equation_transformation_rules/work_on/synthetic/ab_cd_multiplication/ab_cd_mul/syn_ne_ab_cd_mul_len3_0028.txt,442,AB_CD,(,8442,docs/numeric_equation_decision_point_curriculum/output_format_rendering/syn_ne_dp_output_format_rendering_0402.txt,08ee95ff8d8a6404b735b103d84fd022d9ae1d93,3d7b574c397ef226c67143d0ee0ef99b3fce5a4f
syn_ne_dp_output_format_rendering_0403,output_format_rendering,agree,syn_ne_ba_dc_add_mix_xplusyplus1_0074,synthetic,docs/train_ready/numeric_equation_transformation_rules/work_on/synthetic/ba_dc_addition/ba_dc_mix/syn_ne_ba_dc_add_mix_xplusyplus1_0074.txt,03,BA_DC,$,2424,docs/numeric_equation_decision_point_curriculum/output_format_rendering/syn_ne_dp_output_format_rendering_0403.txt,e356fb97eec940dd6de40fddf2fe3de0dc810824,6e76580cefddaf32df8442a825c7fdf4ea5793e1
syn_ne_dp_output_format_rendering_0404,output_format_rendering,disagree,syn_ne_policy_ba_dc_x_y_negative_prefix_0053,synthetic,docs/train_ready/numeric_equation_transformation_rules/work_on/synthetic/non_unanimous_policy/ba_dc_x_y_negative_prefix/syn_ne_policy_ba_dc_x_y_negative_prefix_0053.txt,?3,BA_DC,?,1353,docs/numeric_equation_decision_point_curriculum/output_format_rendering/syn_ne_dp_output_format_rendering_0404.txt,b594be185e55716140198a8c2763f99306366a43,d21248ab01ab114c5a1a85f2c14d7e38f9f6232b
syn_ne_dp_output_format_rendering_0405,output_format_rendering,agree,syn_ne_ba_dc_mul_xmulyminus1_0106,synthetic,docs/train_ready/numeric_equation_transformation_rules/work_on/synthetic/ba_dc_multiplication/ba_dc_mul_minus_1/syn_ne_ba_dc_mul_xmulyminus1_0106.txt,9784,BA_DC,/,3121,docs/numeric_equation_decision_point_curriculum/output_format_rendering/syn_ne_dp_output_format_rendering_0405.txt,b14a9986f1452d3ac32d641e3b0ec5dbe5f2ac52,ff1efdb464748c135ef7921bc04f21e7e280aa2e
syn_ne_dp_output_format_rendering_0406,output_format_rendering,agree,syn_ne_ba_dc_mul_xmuly_0087,synthetic,docs/train_ready/numeric_equation_transformation_rules/work_on/synthetic/ba_dc_multiplication/ba_dc_mul/syn_ne_ba_dc_mul_xmuly_0087.txt,6201,BA_DC,!,2659,docs/numeric_equation_decision_point_curriculum/output_format_rendering/syn_ne_dp_output_format_rendering_0406.txt,46e9090f8fb64714dbc52c78096baa546bda6f05,e7b5ef70cf39ac81f6127153ecc05b5e307a55da
syn_ne_dp_output_format_rendering_0407,output_format_rendering,agree,syn_ne_ab_cd_add_minus1_len2_0002,synthetic,docs/train_ready/numeric_equation_transformation_rules/work_on/synthetic/ab_cd_addition/ab_cd_len2/syn_ne_ab_cd_add_minus1_len2_0002.txt,96@,AB_CD,@,9738,docs/numeric_equation_decision_point_curriculum/output_format_rendering/syn_ne_dp_output_format_rendering_0407.txt,a08537883ea539e1ddf92b5b8f2a91c0263aa994,42210d3fa15de61610f4864b28ba443f25af3526
syn_ne_dp_output_format_rendering_0408,output_format_rendering,agree,syn_ne_ba_dc_add_len3_xplusy_0126,synthetic,docs/train_ready/numeric_equation_transformation_rules/work_on/synthetic/ba_dc_addition/ba_dc_len3/syn_ne_ba_dc_add_len3_xplusy_0126.txt,12,BA_DC,#,1062,docs/numeric_equation_decision_point_curriculum/output_format_rendering/syn_ne_dp_output_format_rendering_0408.txt,38e45cc7c8f0e5dd205f4e42e08de713cd8f9566,6aa742dcfbf560dbc003ba57b4c0384f2c550110
syn_ne_dp_output_format_rendering_0409,output_format_rendering,agree,syn_ne_ba_dc_mul_xmulyminus1_0034,synthetic,docs/train_ready/numeric_equation_transformation_rules/work_on/synthetic/ba_dc_multiplication/ba_dc_mul_minus_1/syn_ne_ba_dc_mul_xmulyminus1_0034.txt,2574,BA_DC,/,3121,docs/numeric_equation_decision_point_curriculum/output_format_rendering/syn_ne_dp_output_format_rendering_0409.txt,0c6b86bb804fb1ca185d44cfa24530e9fd22b897,63dcb1ab72678ae97c70c5af961cccf7e41251ad
syn_ne_dp_output_format_rendering_0410,output_format_rendering,agree,syn_ne_ba_dc_mul_xmulyminus1_0048,synthetic,docs/train_ready/numeric_equation_transformation_rules/work_on/synthetic/ba_dc_multiplication/ba_dc_mul_minus_1/syn_ne_ba_dc_mul_xmulyminus1_0048.txt,9921,BA_DC,],4785,docs/numeric_equation_decision_point_curriculum/output_format_rendering/syn_ne_dp_output_format_rendering_0410.txt,34e1f7c110f2b4ee8afa26279ea85c5ce82c0e1b,071918d9266a4a9e3936383310a5618c163cc29e
syn_ne_dp_output_format_rendering_0411,output_format_rendering,agree,syn_ne_ab_cd_add_plus1_len2_0004,synthetic,docs/train_ready/numeric_equation_transformation_rules/work_on/synthetic/ab_cd_addition/ab_cd_len2/syn_ne_ab_cd_add_plus1_len2_0004.txt,75,AB_CD,&,4773,docs/numeric_equation_decision_point_curriculum/output_format_rendering/syn_ne_dp_output_format_rendering_0411.txt,562bb170d42e92d5101b7e79308b258bcced754a,fac6f03e5d3a69ebe73ba65c1c1f66029cc1e5e0
syn_ne_dp_output_format_rendering_0412,output_format_rendering,agree,syn_ne_ba_dc_mul_xmulyminus1_0013,synthetic,docs/train_ready/numeric_equation_transformation_rules/work_on/synthetic/ba_dc_multiplication/ba_dc_mul_minus_1/syn_ne_ba_dc_mul_xmulyminus1_0013.txt,0882,BA_DC,[,3087,docs/numeric_equation_decision_point_curriculum/output_format_rendering/syn_ne_dp_output_format_rendering_0412.txt,a586b37350abee2e45fbea401361a5c8eafb2d64,c3fdd9c03e05462b42a996df685d4fd06d1dee3f
syn_ne_dp_output_format_rendering_0413,output_format_rendering,agree,syn_ne_ba_dc_add_len3_xplusyminus1_0194,synthetic,docs/train_ready/numeric_equation_transformation_rules/work_on/synthetic/ba_dc_addition/ba_dc_len3/syn_ne_ba_dc_add_len3_xplusyminus1_0194.txt,98,BA_DC,^,1944,docs/numeric_equation_decision_point_curriculum/output_format_rendering/syn_ne_dp_output_format_rendering_0413.txt,b116f2619ce205a3a7031c1f282676d2a7633cb3,b244641d12f8daf2027ab1cfa01a519ba9d2eb49
syn_ne_dp_output_format_rendering_0414,output_format_rendering,agree,syn_ne_ba_dc_mul_xmulyminus1_0083,synthetic,docs/train_ready/numeric_equation_transformation_rules/work_on/synthetic/ba_dc_multiplication/ba_dc_mul_minus_1/syn_ne_ba_dc_mul_xmulyminus1_0083.txt,3833,BA_DC,~,3919,docs/numeric_equation_decision_point_curriculum/output_format_rendering/syn_ne_dp_output_format_rendering_0414.txt,9c80f3f239c8441cfb149774d4b233379fbb6b14,7e7e82c84fad8b98e37e6128a413841bacf9665b
syn_ne_dp_output_format_rendering_0415,output_format_rendering,agree,syn_ne_ab_cd_sub_xminusy_len2_0014,synthetic,docs/train_ready/numeric_equation_transformation_rules/work_on/synthetic/ab_cd_subtraction/ab_cd_len2/syn_ne_ab_cd_sub_xminusy_len2_0014.txt,45,AB_CD,+,11243,docs/numeric_equation_decision_point_curriculum/output_format_rendering/syn_ne_dp_output_format_rendering_0415.txt,82246a847b13bef9a5b225fdeb993b83b9dbd9c8,eacff980a789bfaa72c04bd13ebc06367ea2225a
syn_ne_dp_output_format_rendering_0416,output_format_rendering,agree,syn_ne_ab_cd_add_plus1_len2_0016,synthetic,docs/train_ready/numeric_equation_transformation_rules/work_on/synthetic/ab_cd_addition/ab_cd_len2/syn_ne_ab_cd_add_plus1_len2_0016.txt,64%,AB_CD,%,4606,docs/numeric_equation_decision_point_curriculum/output_format_rendering/syn_ne_dp_output_format_rendering_0416.txt,106fd45f29e654adce1988e438deacbb8d93aeb2,ae84e2044575d21815b22549202c77110d2b149f
syn_ne_dp_output_format_rendering_0417,output_format_rendering,agree,syn_ne_opa_ab_cd_visible_mul_0009,synthetic,docs/train_ready/numeric_equation_transformation_rules/work_on/synthetic/operator_absence/syn_ne_opa_ab_cd_visible_mul_0009.txt,252,AB_CD,*,6107,docs/numeric_equation_decision_point_curriculum/output_format_rendering/syn_ne_dp_output_format_rendering_0417.txt,238ed6f61d0417797c40b2d2a442e9a8601a7e92,835746f4115965fea8d26661ef33c918044c8e69
syn_ne_dp_output_format_rendering_0418,output_format_rendering,agree,syn_ne_ab_cd_sub_xminusy_len2_0027,synthetic,docs/train_ready/numeric_equation_transformation_rules/work_on/synthetic/ab_cd_subtraction/ab_cd_len2/syn_ne_ab_cd_sub_xminusy_len2_0027.txt,-34,AB_CD,-,14626,docs/numeric_equation_decision_point_curriculum/output_format_rendering/syn_ne_dp_output_format_rendering_0418.txt,5a7d11afb9319403b34b19ccd549e99d425d97e8,061780907d64ac4fe3a1c69ebad792f32be3c068
syn_ne_dp_output_format_rendering_0419,output_format_rendering,agree,syn_ne_ba_dc_add_mix_xplusyplus1_0109,synthetic,docs/train_ready/numeric_equation_transformation_rules/work_on/synthetic/ba_dc_addition/ba_dc_mix/syn_ne_ba_dc_add_mix_xplusyplus1_0109.txt,56,BA_DC,>,2425,docs/numeric_equation_decision_point_curriculum/output_format_rendering/syn_ne_dp_output_format_rendering_0419.txt,50b7e2308e40069c93bce8e08a05aaa7418d5eb7,c3dec050152f0f571ae699f534d3eaae652e4e0e
syn_ne_dp_output_format_rendering_0420,output_format_rendering,disagree,syn_ne_low_ba_dc_sub_vote_0040,synthetic,docs/train_ready/numeric_equation_transformation_rules/work_on/synthetic/low_confidence/ba_dc_subtraction/syn_ne_low_ba_dc_sub_vote_0040.txt,35,BA_DC,~,2088,docs/numeric_equation_decision_point_curriculum/output_format_rendering/syn_ne_dp_output_format_rendering_0420.txt,bbd96ddae60dd3f865c5eae36957d9d6fb8619f5,6515dee49977ca14d48c98d8526463cf7152723d
syn_ne_dp_output_format_rendering_0421,output_format_rendering,agree,syn_ne_ba_dc_sub_xminusy_0165,synthetic,docs/train_ready/numeric_equation_transformation_rules/work_on/synthetic/ba_dc_subtraction/x_y/syn_ne_ba_dc_sub_xminusy_0165.txt,51,BA_DC,:,3035,docs/numeric_equation_decision_point_curriculum/output_format_rendering/syn_ne_dp_output_format_rendering_0421.txt,bf77229fdf9eb1b6785f24cae8a74d596f27fa02,a5a71929112bc9bf389e7a0fb24b33cd2988c3d3
syn_ne_dp_output_format_rendering_0422,output_format_rendering,agree,syn_ne_ba_dc_mul_xmulyplus1_0066,synthetic,docs/train_ready/numeric_equation_transformation_rules/work_on/synthetic/ba_dc_multiplication/ba_dc_mul_add_1/syn_ne_ba_dc_mul_xmulyplus1_0066.txt,5221,BA_DC,],3741,docs/numeric_equation_decision_point_curriculum/output_format_rendering/syn_ne_dp_output_format_rendering_0422.txt,f95711dade6b55fb57b8fab9382ea9d23c112c67,9eff9257d242a51767ad8a2374bc2dc0e95aecae
syn_ne_dp_output_format_rendering_0423,output_format_rendering,agree,syn_ne_ba_dc_sub_xminusy_0043,synthetic,docs/train_ready/numeric_equation_transformation_rules/work_on/synthetic/ba_dc_subtraction/x_y/syn_ne_ba_dc_sub_xminusy_0043.txt,46,BA_DC,^,4035,docs/numeric_equation_decision_point_curriculum/output_format_rendering/syn_ne_dp_output_format_rendering_0423.txt,f3a4c52ec4ca5e44b8a0e7eb8c85abf6f14e9df6,c112c4003f8cd7eb79670a5a7958bc11c3f7ec95
syn_ne_dp_output_format_rendering_0424,output_format_rendering,agree,syn_ne_opa_ba_dc_visible_plus_0030,synthetic,docs/train_ready/numeric_equation_transformation_rules/work_on/synthetic/operator_absence/syn_ne_opa_ba_dc_visible_plus_0030.txt,5,BA_DC,+,4214,docs/numeric_equation_decision_point_curriculum/output_format_rendering/syn_ne_dp_output_format_rendering_0424.txt,d6cb43e6e424d784dc0be18e33ae5c8a5ce06194,dd0d9478b36496e6eabf7e82ccb840f9e9b7abe1
syn_ne_dp_output_format_rendering_0425,output_format_rendering,disagree,syn_ne_low_ba_dc_add_vote_0051,synthetic,docs/train_ready/numeric_equation_transformation_rules/work_on/synthetic/low_confidence/syn_ne_low_ba_dc_add_vote_0051.txt,48,BA_DC,+,1458,docs/numeric_equation_decision_point_curriculum/output_format_rendering/syn_ne_dp_output_format_rendering_0425.txt,8ab8a2675fcd887bcef42b88fe4e26c27d519501,9e8ddd4b5b61bb2f7a4a52789739af996725333f
syn_ne_dp_output_format_rendering_0426,output_format_rendering,agree,syn_ne_ba_dc_sub_xminusy_0117,synthetic,docs/train_ready/numeric_equation_transformation_rules/work_on/synthetic/ba_dc_subtraction/x_y/syn_ne_ba_dc_sub_xminusy_0117.txt,22,BA_DC,],2969,docs/numeric_equation_decision_point_curriculum/output_format_rendering/syn_ne_dp_output_format_rendering_0426.txt,cf0b36ea2722c4af7a549e42b061f10f24676477,212ff05980f57ea1dcca8f83559979cf917f5418
syn_ne_dp_output_format_rendering_0427,output_format_rendering,agree,syn_ne_postfix_ab_cd_yminusx_0013,synthetic,docs/train_ready/numeric_equation_transformation_rules/work_on/synthetic/prefix_postfix/syn_ne_postfix_ab_cd_yminusx_0013.txt,58/,AB_CD,/,5433,docs/numeric_equation_decision_point_curriculum/output_format_rendering/syn_ne_dp_output_format_rendering_0427.txt,f2cb146e278dbf19a2934ab6e856bc8d38c062af,cba927df9908d3fb52f7210fe5f473568934a418
syn_ne_dp_output_format_rendering_0428,output_format_rendering,agree,syn_ne_ba_dc_mul_xmuly_0231,synthetic,docs/train_ready/numeric_equation_transformation_rules/work_on/synthetic/ba_dc_multiplication/ba_dc_mul/syn_ne_ba_dc_mul_xmuly_0231.txt,2841,BA_DC,!,2659,docs/numeric_equation_decision_point_curriculum/output_format_rendering/syn_ne_dp_output_format_rendering_0428.txt,781dbcf5487ae7aedaa0086b4d3433422da5a4b9,163397b5c983c3fa122887921e5431959bc38ea8
syn_ne_dp_output_format_rendering_0429,output_format_rendering,agree,syn_ne_opa_ba_dc_visible_mod_0031,synthetic,docs/train_ready/numeric_equation_transformation_rules/work_on/synthetic/operator_absence/syn_ne_opa_ba_dc_visible_mod_0031.txt,1,BA_DC,%,3002,docs/numeric_equation_decision_point_curriculum/output_format_rendering/syn_ne_dp_output_format_rendering_0429.txt,fea311854522bf1837cb106ce55e099d7d69d9c2,00b1141fb9afe1a171c53cdc9fb3471f6eeb2948
syn_ne_dp_output_format_rendering_0430,output_format_rendering,agree,syn_ne_ab_cd_sub_abs_mix_0008,synthetic,docs/train_ready/numeric_equation_transformation_rules/work_on/synthetic/ab_cd_subtraction/ab_cd_mix/syn_ne_ab_cd_sub_abs_mix_0008.txt,+50,AB_CD,+,6152,docs/numeric_equation_decision_point_curriculum/output_format_rendering/syn_ne_dp_output_format_rendering_0430.txt,6561ee4aec6b6eeac2e56b879b80339d7cb7fb81,721045b3ade5136e1b3dee8791a38b297ade7be6
syn_ne_dp_output_format_rendering_0431,output_format_rendering,disagree,syn_ne_policy_ba_dc_x_y_negative_prefix_0110,synthetic,docs/train_ready/numeric_equation_transformation_rules/work_on/synthetic/non_unanimous_policy/ba_dc_x_y_negative_prefix/syn_ne_policy_ba_dc_x_y_negative_prefix_0110.txt,@61,BA_DC,@,1358,docs/numeric_equation_decision_point_curriculum/output_format_rendering/syn_ne_dp_output_format_rendering_0431.txt,082badc40b6bc8e53120111271cb6d894d45e30c,3553ae54d0a3edf726ade9f228f1f33054d3abb6
syn_ne_dp_output_format_rendering_0432,output_format_rendering,agree,syn_ne_ba_dc_sub_abs_0010,synthetic,docs/train_ready/numeric_equation_transformation_rules/work_on/synthetic/ba_dc_subtraction/abs_x_y/syn_ne_ba_dc_sub_abs_0010.txt,67-,BA_DC,-,5175,docs/numeric_equation_decision_point_curriculum/output_format_rendering/syn_ne_dp_output_format_rendering_0432.txt,bb200044d5da113440c33c0ce2787445f3291806,45e8b50a09ba939a16546d1ad86250657cb33497
syn_ne_dp_output_format_rendering_0433,output_format_rendering,agree,syn_ne_ba_dc_mul_xmulyminus1_0061,synthetic,docs/train_ready/numeric_equation_transformation_rules/work_on/synthetic/ba_dc_multiplication/ba_dc_mul_minus_1/syn_ne_ba_dc_mul_xmulyminus1_0061.txt,4145,BA_DC,%,3087,docs/numeric_equation_decision_point_curriculum/output_format_rendering/syn_ne_dp_output_format_rendering_0433.txt,faa59e515829a0f6c9f79fea85d6e1a0ad4986c5,b46f9c76de6615c1402d4ae21cc70ba79fbc6c74
syn_ne_dp_output_format_rendering_0434,output_format_rendering,agree,syn_ne_ba_dc_add_mix_xplusyminus1_0021,synthetic,docs/train_ready/numeric_equation_transformation_rules/work_on/synthetic/ba_dc_addition/ba_dc_mix/syn_ne_ba_dc_add_mix_xplusyminus1_0021.txt,89,BA_DC,#,1900,docs/numeric_equation_decision_point_curriculum/output_format_rendering/syn_ne_dp_output_format_rendering_0434.txt,b12f1779432f7db9166c0f30ec7c860269fb4808,cb72cd4fe903b92a6b86769c1af83b5c06ba902f
syn_ne_dp_output_format_rendering_0435,output_format_rendering,agree,syn_ne_ba_dc_mul_xmuly_0240,synthetic,docs/train_ready/numeric_equation_transformation_rules/work_on/synthetic/ba_dc_multiplication/ba_dc_mul/syn_ne_ba_dc_mul_xmuly_0240.txt,3135,BA_DC,$,2693,docs/numeric_equation_decision_point_curriculum/output_format_rendering/syn_ne_dp_output_format_rendering_0435.txt,bf798306e0f4d21cbde76893f19c97cab27f794b,c99ab44546903a9f46a7c58a1a634314324ac0f6
syn_ne_dp_output_format_rendering_0436,output_format_rendering,agree,syn_ne_ba_dc_add_len3_xplusy_0096,synthetic,docs/train_ready/numeric_equation_transformation_rules/work_on/synthetic/ba_dc_addition/ba_dc_len3/syn_ne_ba_dc_add_len3_xplusy_0096.txt,351,BA_DC,<,1066,docs/numeric_equation_decision_point_curriculum/output_format_rendering/syn_ne_dp_output_format_rendering_0436.txt,7c880f089640c7f64dbe8e190b5bda1c0f89b606,16fa200ec0a211efef4079c386dc4ed71b3ab481
syn_ne_dp_output_format_rendering_0437,output_format_rendering,disagree,syn_ne_policy_ab_cd_non_x_y_priority_0050,synthetic,docs/train_ready/numeric_equation_transformation_rules/work_on/synthetic/non_unanimous_policy/ab_cd_non_x_y_priority/syn_ne_policy_ab_cd_non_x_y_priority_0050.txt,165,AB_CD,~,1548,docs/numeric_equation_decision_point_curriculum/output_format_rendering/syn_ne_dp_output_format_rendering_0437.txt,80f1b62ed518bcd866452e852bae7ee7a795a116,9cddd72ee174343b11c409771040d1fdedbfd3c1
syn_ne_dp_output_format_rendering_0438,output_format_rendering,agree,syn_ne_ba_dc_add_len3_xplusyplus1_0047,synthetic,docs/train_ready/numeric_equation_transformation_rules/work_on/synthetic/ba_dc_addition/ba_dc_len3/syn_ne_ba_dc_add_len3_xplusyplus1_0047.txt,371,BA_DC,<,2486,docs/numeric_equation_decision_point_curriculum/output_format_rendering/syn_ne_dp_output_format_rendering_0438.txt,453d033aad425a4ed29a8e361dc1bbc2f7e26144,aa07e847768f8dee6b88827b32271dbbdd793c90
syn_ne_dp_output_format_rendering_0439,output_format_rendering,agree,syn_ne_ba_dc_mul_xmulyplus1_0083,synthetic,docs/train_ready/numeric_equation_transformation_rules/work_on/synthetic/ba_dc_multiplication/ba_dc_mul_add_1/syn_ne_ba_dc_mul_xmulyplus1_0083.txt,5791,BA_DC,~,3115,docs/numeric_equation_decision_point_curriculum/output_format_rendering/syn_ne_dp_output_format_rendering_0439.txt,d9f1b3475f26d7bf9fdefd6f0295ad289ff310b2,f05c1ca3cb0ef4b88a72ce0c9c7c4a5a290f3010
syn_ne_dp_output_format_rendering_0440,output_format_rendering,disagree,syn_ne_prefix_ba_dc_xminusy_0007,synthetic,docs/train_ready/numeric_equation_transformation_rules/work_on/synthetic/prefix_postfix/syn_ne_prefix_ba_dc_xminusy_0007.txt,$08,BA_DC,$,1326,docs/numeric_equation_decision_point_curriculum/output_format_rendering/syn_ne_dp_output_format_rendering_0440.txt,0484112ac2fa8592e1d54dcfc0eb625367c9d4fd,949c43cd17862ccced79f4f972326e15d5b580d5
syn_ne_dp_output_format_rendering_0441,output_format_rendering,agree,syn_ne_ba_dc_sub_xminusy_0153,synthetic,docs/train_ready/numeric_equation_transformation_rules/work_on/synthetic/ba_dc_subtraction/x_y/syn_ne_ba_dc_sub_xminusy_0153.txt,62,BA_DC,^,3001,docs/numeric_equation_decision_point_curriculum/output_format_rendering/syn_ne_dp_output_format_rendering_0441.txt,667916080dc658189b12a93baf3c75cd8022455d,749a5ba31a6ad5acae596bc3ec947cd2453f1d22
syn_ne_dp_output_format_rendering_0442,output_format_rendering,disagree,syn_ne_policy_ab_cd_non_x_y_priority_0037,synthetic,docs/train_ready/numeric_equation_transformation_rules/work_on/synthetic/non_unanimous_policy/ab_cd_non_x_y_priority/syn_ne_policy_ab_cd_non_x_y_priority_0037.txt,93,AB_CD,~,1552,docs/numeric_equation_decision_point_curriculum/output_format_rendering/syn_ne_dp_output_format_rendering_0442.txt,10662a761a7e7aaa05ad595c61868c405616dca0,2c703ac90223cea50d747143bdbd4b764c779ae3
syn_ne_dp_output_format_rendering_0443,output_format_rendering,agree,syn_ne_ba_dc_sub_xminusy_0132,synthetic,docs/train_ready/numeric_equation_transformation_rules/work_on/synthetic/ba_dc_subtraction/x_y/syn_ne_ba_dc_sub_xminusy_0132.txt,23,BA_DC,@,2801,docs/numeric_equation_decision_point_curriculum/output_format_rendering/syn_ne_dp_output_format_rendering_0443.txt,6260b3316fa049cec6f62e8362024f07637937f8,0dfefc93301bd3caf5fd59113f7e8d3a7a8c95ec
syn_ne_dp_output_format_rendering_0444,output_format_rendering,agree,syn_ne_postfix_ba_dc_yminusx_0003,synthetic,docs/train_ready/numeric_equation_transformation_rules/work_on/synthetic/prefix_postfix/syn_ne_postfix_ba_dc_yminusx_0003.txt,37~,BA_DC,~,3253,docs/numeric_equation_decision_point_curriculum/output_format_rendering/syn_ne_dp_output_format_rendering_0444.txt,961dbf0ba3a598485d8dec4233b91ff51946a537,37849819c1921c14461ca50eb316e6f61b0e1cc4
syn_ne_dp_output_format_rendering_0445,output_format_rendering,agree,syn_ne_ba_dc_sub_yminusx_0050,synthetic,docs/train_ready/numeric_equation_transformation_rules/work_on/synthetic/ba_dc_subtraction/y_x/syn_ne_ba_dc_sub_yminusx_0050.txt,45,BA_DC,-,5782,docs/numeric_equation_decision_point_curriculum/output_format_rendering/syn_ne_dp_output_format_rendering_0445.txt,7480f9a52860249c1f3e6c4c6fcc892ffd50e4dd,eacff980a789bfaa72c04bd13ebc06367ea2225a
syn_ne_dp_output_format_rendering_0446,output_format_rendering,agree,syn_ne_ba_dc_sub_xminusy_0078,synthetic,docs/train_ready/numeric_equation_transformation_rules/work_on/synthetic/ba_dc_subtraction/x_y/syn_ne_ba_dc_sub_xminusy_0078.txt,10,BA_DC,/,2870,docs/numeric_equation_decision_point_curriculum/output_format_rendering/syn_ne_dp_output_format_rendering_0446.txt,9bfba09fe51c26bc2afa8248092685e9c7762300,aaa4121486b9e1d6a4e3f134180f8a40e3fe75ff
syn_ne_dp_output_format_rendering_0447,output_format_rendering,agree,syn_ne_ab_cd_sub_minmax_mix_0002,synthetic,docs/train_ready/numeric_equation_transformation_rules/work_on/synthetic/ab_cd_subtraction/ab_cd_mix/syn_ne_ab_cd_sub_minmax_mix_0002.txt,-23,AB_CD,?,6553,docs/numeric_equation_decision_point_curriculum/output_format_rendering/syn_ne_dp_output_format_rendering_0447.txt,5b63d34f1e1de9a2fcd93b5dbc09ae61b3375f64,975254b83138c50df315c190e6a1a579a1bea8eb
syn_ne_dp_output_format_rendering_0448,output_format_rendering,agree,syn_ne_ba_dc_sub_yminusx_0039,synthetic,docs/train_ready/numeric_equation_transformation_rules/work_on/synthetic/ba_dc_subtraction/y_x/syn_ne_ba_dc_sub_yminusx_0039.txt,~-93,BA_DC,~,3353,docs/numeric_equation_decision_point_curriculum/output_format_rendering/syn_ne_dp_output_format_rendering_0448.txt,fba625f2e311e398a195b585ea390e71d5c77224,55302d08db3c79c1315d058a5229eb264bd1d592
syn_ne_dp_output_format_rendering_0449,output_format_rendering,agree,syn_ne_ba_dc_sub_yminusx_0049,synthetic,docs/train_ready/numeric_equation_transformation_rules/work_on/synthetic/ba_dc_subtraction/y_x/syn_ne_ba_dc_sub_yminusx_0049.txt,-15,BA_DC,~,4630,docs/numeric_equation_decision_point_curriculum/output_format_rendering/syn_ne_dp_output_format_rendering_0449.txt,4566f24827f1f1130985ebc39b660b15334c819a,7fcc10d2a37cecb29d129396cab8bdb40f9039b6
syn_ne_dp_output_format_rendering_0450,output_format_rendering,agree,syn_ne_ab_cd_mul_len4_0039,synthetic,docs/train_ready/numeric_equation_transformation_rules/work_on/synthetic/ab_cd_multiplication/ab_cd_mul/syn_ne_ab_cd_mul_len4_0039.txt,4800,AB_CD,<,3559,docs/numeric_equation_decision_point_curriculum/output_format_rendering/syn_ne_dp_output_format_rendering_0450.txt,08729097d0d8bbb98c830febd61e41b38ee78ab6,6b461faafd27d3fa476afbcf0d9e9f51bb978180
syn_ne_dp_output_format_rendering_0451,output_format_rendering,agree,syn_ne_opa_ab_cd_visible_mul_0015,synthetic,docs/train_ready/numeric_equation_transformation_rules/work_on/synthetic/operator_absence/syn_ne_opa_ab_cd_visible_mul_0015.txt,494,AB_CD,*,5855,docs/numeric_equation_decision_point_curriculum/output_format_rendering/syn_ne_dp_output_format_rendering_0451.txt,c336b31085441497d445c4fa44edef56679ca116,41921decad00de41e868b7fd169200d04d6b9200
syn_ne_dp_output_format_rendering_0452,output_format_rendering,agree,syn_ne_ab_cd_mul_len4_0042,synthetic,docs/train_ready/numeric_equation_transformation_rules/work_on/synthetic/ab_cd_multiplication/ab_cd_mul/syn_ne_ab_cd_mul_len4_0042.txt,5734,AB_CD,&,3524,docs/numeric_equation_decision_point_curriculum/output_format_rendering/syn_ne_dp_output_format_rendering_0452.txt,5e052490ac2b149fc48374770e37f13bb8d758da,ecda63a54bcd36dbc6c3cedf599313f1b44d7501
syn_ne_dp_output_format_rendering_0453,output_format_rendering,agree,syn_ne_ab_cd_mul_len4_0013,synthetic,docs/train_ready/numeric_equation_transformation_rules/work_on/synthetic/ab_cd_multiplication/ab_cd_mul/syn_ne_ab_cd_mul_len4_0013.txt,3432,AB_CD,!,4520,docs/numeric_equation_decision_point_curriculum/output_format_rendering/syn_ne_dp_output_format_rendering_0453.txt,87ad044c2af6403f10ccc9749d2d00e7df714173,8026b9f77e32aa8d79ed77c9bf1878b11c5c5319
syn_ne_dp_output_format_rendering_0454,output_format_rendering,agree,syn_ne_ba_dc_mul_xmulyminus1_0057,synthetic,docs/train_ready/numeric_equation_transformation_rules/work_on/synthetic/ba_dc_multiplication/ba_dc_mul_minus_1/syn_ne_ba_dc_mul_xmulyminus1_0057.txt,9732,BA_DC,*,4751,docs/numeric_equation_decision_point_curriculum/output_format_rendering/syn_ne_dp_output_format_rendering_0454.txt,9323a45f1e5a77dd92a8b6fead3797ec9753cd7e,5cea4b272a2c447d66b462ef386bbab3d605d3aa
syn_ne_dp_output_format_rendering_0455,output_format_rendering,agree,syn_ne_ba_dc_add_len3_xplusyplus1_0042,synthetic,docs/train_ready/numeric_equation_transformation_rules/work_on/synthetic/ba_dc_addition/ba_dc_len3/syn_ne_ba_dc_add_len3_xplusyplus1_0042.txt,79,BA_DC,<,2481,docs/numeric_equation_decision_point_curriculum/output_format_rendering/syn_ne_dp_output_format_rendering_0455.txt,06e8e3782ef36eb228fdf18002e65c7ed9b7339e,bc313bb8b11237b04f60a223b5bd9d00c2a9ead1
syn_ne_dp_output_format_rendering_0456,output_format_rendering,agree,syn_ne_ba_dc_add_len3_xplusy_0234,synthetic,docs/train_ready/numeric_equation_transformation_rules/work_on/synthetic/ba_dc_addition/ba_dc_len3/syn_ne_ba_dc_add_len3_xplusy_0234.txt,75,BA_DC,~,1400,docs/numeric_equation_decision_point_curriculum/output_format_rendering/syn_ne_dp_output_format_rendering_0456.txt,2343c76102a183f70a97dc2b5ce129968448b862,fac6f03e5d3a69ebe73ba65c1c1f66029cc1e5e0
syn_ne_dp_output_format_rendering_0457,output_format_rendering,agree,syn_ne_ba_dc_mul_xmulyplus1_0047,synthetic,docs/train_ready/numeric_equation_transformation_rules/work_on/synthetic/ba_dc_multiplication/ba_dc_mul_add_1/syn_ne_ba_dc_mul_xmulyplus1_0047.txt,4712,BA_DC,~,3115,docs/numeric_equation_decision_point_curriculum/output_format_rendering/syn_ne_dp_output_format_rendering_0457.txt,97997d8666acd2824c44d9ea56960f9a158fde96,d68d49598949b8c5a80390cc83d2f914c4397b73
syn_ne_dp_output_format_rendering_0458,output_format_rendering,agree,syn_ne_ab_cd_add_plus1_len3_0014,synthetic,docs/train_ready/numeric_equation_transformation_rules/work_on/synthetic/ab_cd_addition/ab_cd_len3/syn_ne_ab_cd_add_plus1_len3_0014.txt,137<,AB_CD,<,7766,docs/numeric_equation_decision_point_curriculum/output_format_rendering/syn_ne_dp_output_format_rendering_0458.txt,2c43bb578f31b21482a054301615464fa9710f1d,ec5011be168b5bc5ea97995a0dba4fa64a1b8944
syn_ne_dp_output_format_rendering_0459,output_format_rendering,agree,syn_ne_ab_cd_sub_yminusx_len1_0011,synthetic,docs/train_ready/numeric_equation_transformation_rules/work_on/synthetic/ab_cd_subtraction/ab_cd_len1/syn_ne_ab_cd_sub_yminusx_len1_0011.txt,4,AB_CD,`,7495,docs/numeric_equation_decision_point_curriculum/output_format_rendering/syn_ne_dp_output_format_rendering_0459.txt,0c073bfe88959340be2981775651e40a76671868,b634efc627e79266a51ba2b572c4acc59cd004d6
syn_ne_dp_output_format_rendering_0460,output_format_rendering,disagree,syn_ne_policy_ab_cd_non_x_y_priority_0076,synthetic,docs/train_ready/numeric_equation_transformation_rules/work_on/synthetic/non_unanimous_policy/ab_cd_non_x_y_priority/syn_ne_policy_ab_cd_non_x_y_priority_0076.txt,166,AB_CD,^,1560,docs/numeric_equation_decision_point_curriculum/output_format_rendering/syn_ne_dp_output_format_rendering_0460.txt,3c7ac5a8e1cd54c4fc7c0519d1e13e26f93b08f4,9baa964bf6f4d76fb31296b8bf5c82a57d018345
syn_ne_dp_output_format_rendering_0461,output_format_rendering,disagree,syn_ne_policy_ab_cd_non_x_y_priority_0003,synthetic,docs/train_ready/numeric_equation_transformation_rules/work_on/synthetic/non_unanimous_policy/ab_cd_non_x_y_priority/syn_ne_policy_ab_cd_non_x_y_priority_0003.txt,13,AB_CD,^,1589,docs/numeric_equation_decision_point_curriculum/output_format_rendering/syn_ne_dp_output_format_rendering_0461.txt,2e3f96d1f72b826ace7309ec50b2d28c91d429a8,3f9a7057a0de36248762987e8c49e2b6e174e580
syn_ne_dp_output_format_rendering_0462,output_format_rendering,disagree,syn_ne_policy_ab_cd_x_y_positive_priority_0038,synthetic,docs/train_ready/numeric_equation_transformation_rules/work_on/synthetic/non_unanimous_policy/ab_cd_x_y_positive_priority/syn_ne_policy_ab_cd_x_y_positive_priority_0038.txt,16,AB_CD,?,1261,docs/numeric_equation_decision_point_curriculum/output_format_rendering/syn_ne_dp_output_format_rendering_0462.txt,ee67e003986dabd9b77e99a373be295481056b62,360e2a2b454a30f1c44d02ee3448cddcc90b0e2b
syn_ne_dp_output_format_rendering_0463,output_format_rendering,agree,syn_ne_ba_dc_mul_xmuly_0053,synthetic,docs/train_ready/numeric_equation_transformation_rules/work_on/synthetic/ba_dc_multiplication/ba_dc_mul/syn_ne_ba_dc_mul_xmuly_0053.txt,8327,BA_DC,>,2307,docs/numeric_equation_decision_point_curriculum/output_format_rendering/syn_ne_dp_output_format_rendering_0463.txt,0167ea0e3cf9ad052c00b5bd6a8a3fa08bb2e0d1,f592073ee56e465dcfac74f8c6178e405b62398a
syn_ne_dp_output_format_rendering_0464,output_format_rendering,disagree,syn_ne_low_ba_dc_sub_vote_0082,synthetic,docs/train_ready/numeric_equation_transformation_rules/work_on/synthetic/low_confidence/ba_dc_subtraction/syn_ne_low_ba_dc_sub_vote_0082.txt,-13,BA_DC,-,2328,docs/numeric_equation_decision_point_curriculum/output_format_rendering/syn_ne_dp_output_format_rendering_0464.txt,f8c7a0327bc783abd3a1c5a64dbc293f0cf07f1e,6a73235da29185880b708d7873eaa185ed28eb18
syn_ne_dp_output_format_rendering_0465,output_format_rendering,disagree,syn_ne_low_ab_cd_sub_vote_0008,synthetic,docs/train_ready/numeric_equation_transformation_rules/work_on/synthetic/low_confidence/syn_ne_low_ab_cd_sub_vote_0008.txt,-13,AB_CD,-,5249,docs/numeric_equation_decision_point_curriculum/output_format_rendering/syn_ne_dp_output_format_rendering_0465.txt,db39f40338c3d0c53e16759482fe63e8bf7e1668,e52aab6307aed56a573b20d0541f396bcebb05ca
syn_ne_dp_output_format_rendering_0466,output_format_rendering,agree,syn_ne_ab_cd_add_plus1_len2_0012,synthetic,docs/train_ready/numeric_equation_transformation_rules/work_on/synthetic/ab_cd_addition/ab_cd_len2/syn_ne_ab_cd_add_plus1_len2_0012.txt,?08,AB_CD,?,4695,docs/numeric_equation_decision_point_curriculum/output_format_rendering/syn_ne_dp_output_format_rendering_0466.txt,d97eae16395cc46bf46dce539c7d6a8590494aa6,377eab46838222ee413bfa47d0eb345a5d68a52e
syn_ne_dp_output_format_rendering_0467,output_format_rendering,agree,syn_ne_ba_dc_mul_xmuly_0110,synthetic,docs/train_ready/numeric_equation_transformation_rules/work_on/synthetic/ba_dc_multiplication/ba_dc_mul/syn_ne_ba_dc_mul_xmuly_0110.txt,8371,BA_DC,-,2341,docs/numeric_equation_decision_point_curriculum/output_format_rendering/syn_ne_dp_output_format_rendering_0467.txt,8c84466cbc4eeeb06019ad24fcbd3c84777220f0,0b608580b094ceaaa5da0294744652ae0e9f9330
syn_ne_dp_output_format_rendering_0468,output_format_rendering,disagree,syn_ne_prefix_ba_dc_xminusy_0017,synthetic,docs/train_ready/numeric_equation_transformation_rules/work_on/synthetic/prefix_postfix/syn_ne_prefix_ba_dc_xminusy_0017.txt,$44,BA_DC,$,2940,docs/numeric_equation_decision_point_curriculum/output_format_rendering/syn_ne_dp_output_format_rendering_0468.txt,27c3e4d1d85fbdb5031c180f5437a29c32b7b2e2,12b6baff3ab4d5fbae86a66b6b5ca965a7101b34
syn_ne_dp_output_format_rendering_0469,output_format_rendering,agree,syn_ne_ba_dc_add_len3_xplusyplus1_0079,synthetic,docs/train_ready/numeric_equation_transformation_rules/work_on/synthetic/ba_dc_addition/ba_dc_len3/syn_ne_ba_dc_add_len3_xplusyplus1_0079.txt,72,BA_DC,<,1689,docs/numeric_equation_decision_point_curriculum/output_format_rendering/syn_ne_dp_output_format_rendering_0469.txt,e782389940c95320825d06b46bc9848d695063e8,eb06f19bf234e2ceba01b6feefe9e700ee5b8368
syn_ne_dp_output_format_rendering_0470,output_format_rendering,agree,syn_ne_ba_dc_add_mix_xplusyplus1_0039,synthetic,docs/train_ready/numeric_equation_transformation_rules/work_on/synthetic/ba_dc_addition/ba_dc_mix/syn_ne_ba_dc_add_mix_xplusyplus1_0039.txt,03,BA_DC,!,2424,docs/numeric_equation_decision_point_curriculum/output_format_rendering/syn_ne_dp_output_format_rendering_0470.txt,edfd059ab18a1f47703866f3cbde66d3c1d25001,6e76580cefddaf32df8442a825c7fdf4ea5793e1
syn_ne_dp_output_format_rendering_0471,output_format_rendering,agree,syn_ne_ba_dc_sub_xminusy_0159,synthetic,docs/train_ready/numeric_equation_transformation_rules/work_on/synthetic/ba_dc_subtraction/x_y/syn_ne_ba_dc_sub_xminusy_0159.txt,42,BA_DC,~,3034,docs/numeric_equation_decision_point_curriculum/output_format_rendering/syn_ne_dp_output_format_rendering_0471.txt,54d1708d743d42f9c590763427c61d560491a120,5ff9363bab945eb3d7cab3394f8bb5c1fdface0d
syn_ne_dp_output_format_rendering_0472,output_format_rendering,agree,syn_ne_ab_cd_mul_len4_0023,synthetic,docs/train_ready/numeric_equation_transformation_rules/work_on/synthetic/ab_cd_multiplication/ab_cd_mul/syn_ne_ab_cd_mul_len4_0023.txt,2178,AB_CD,&,5582,docs/numeric_equation_decision_point_curriculum/output_format_rendering/syn_ne_dp_output_format_rendering_0472.txt,fc6e6943603ee8cdae0a110ce8b09c232e747562,7d26f6455d39e46a865711019c292ea56a5cf935
syn_ne_dp_output_format_rendering_0473,output_format_rendering,agree,syn_ne_ab_cd_mul_minus1_len3_0024,synthetic,docs/train_ready/numeric_equation_transformation_rules/work_on/synthetic/ab_cd_multiplication/ab_cd_mul_minus1/syn_ne_ab_cd_mul_minus1_len3_0024.txt,802,AB_CD,`,7154,docs/numeric_equation_decision_point_curriculum/output_format_rendering/syn_ne_dp_output_format_rendering_0473.txt,55b62b7b42d013339662be05b21abd60ce1cb6f1,d5a9c134b848f43dd6b5cc64ca2c27bd4e9edc19
syn_ne_dp_output_format_rendering_0474,output_format_rendering,disagree,syn_ne_low_ba_dc_add_vote_0145,synthetic,docs/train_ready/numeric_equation_transformation_rules/work_on/synthetic/low_confidence/syn_ne_low_ba_dc_add_vote_0145.txt,39,BA_DC,+,1480,docs/numeric_equation_decision_point_curriculum/output_format_rendering/syn_ne_dp_output_format_rendering_0474.txt,3189beed9531d46fe7e4d61530e083977bbfe589,b982b9a5e52356dcbfcef43b843531b4352ba4b2
syn_ne_dp_output_format_rendering_0475,output_format_rendering,agree,syn_ne_postfix_ba_dc_yminusx_0021,synthetic,docs/train_ready/numeric_equation_transformation_rules/work_on/synthetic/prefix_postfix/syn_ne_postfix_ba_dc_yminusx_0021.txt,50#,BA_DC,#,3238,docs/numeric_equation_decision_point_curriculum/output_format_rendering/syn_ne_dp_output_format_rendering_0475.txt,03d4a730756369ec53793c5eabb52de2bb835a1d,35ea9cf842566be09238baf53065ea5cc03bc474
syn_ne_dp_output_format_rendering_0476,output_format_rendering,agree,syn_ne_ba_dc_add_mix_xplusyminus1_0111,synthetic,docs/train_ready/numeric_equation_transformation_rules/work_on/synthetic/ba_dc_addition/ba_dc_mix/syn_ne_ba_dc_add_mix_xplusyminus1_0111.txt,001,BA_DC,<,2468,docs/numeric_equation_decision_point_curriculum/output_format_rendering/syn_ne_dp_output_format_rendering_0476.txt,5620b9668f79ad5cd292d903e2910c0d609e7283,552ceb86615c040adc27902d979d02add2c6c64e
syn_ne_dp_output_format_rendering_0477,output_format_rendering,agree,syn_ne_ab_cd_add_plus1_mix_0027,synthetic,docs/train_ready/numeric_equation_transformation_rules/work_on/synthetic/ab_cd_addition/ab_cd_mix/syn_ne_ab_cd_add_plus1_mix_0027.txt,71<,AB_CD,<,3848,docs/numeric_equation_decision_point_curriculum/output_format_rendering/syn_ne_dp_output_format_rendering_0477.txt,6c10ecd15133056837d971a6bf25824b2cfc85d4,1fb533791898513d2841e0a5810eef4c0eb15348
syn_ne_dp_output_format_rendering_0478,output_format_rendering,agree,syn_ne_opabs_tlock_0134_helper_0013,synthetic,synthetic/operator_absence_direct_template_motif_lock/0134_helper,50,AB_CD,-,2369,docs/numeric_equation_decision_point_curriculum/output_format_rendering/syn_ne_dp_output_format_rendering_0478.txt,0790b5be68563496ede03bfd07c4b9c4f1614fdf,6acb47c4ac87607a0283da2f5b2258d06c2e7b79
syn_ne_dp_output_format_rendering_0479,output_format_rendering,agree,syn_ne_ba_dc_add_len2_xplusyminus1_0004,synthetic,docs/train_ready/numeric_equation_transformation_rules/work_on/synthetic/ba_dc_addition/ba_dc_len2/syn_ne_ba_dc_add_len2_xplusyminus1_0004.txt,56,BA_DC,^,1402,docs/numeric_equation_decision_point_curriculum/output_format_rendering/syn_ne_dp_output_format_rendering_0479.txt,60875e565d8abc95082695dd0bf522ea7beb0d42,c3dec050152f0f571ae699f534d3eaae652e4e0e
syn_ne_dp_output_format_rendering_0480,output_format_rendering,agree,syn_ne_ab_cd_mul_len4_0014,synthetic,docs/train_ready/numeric_equation_transformation_rules/work_on/synthetic/ab_cd_multiplication/ab_cd_mul/syn_ne_ab_cd_mul_len4_0014.txt,3960,AB_CD,?,5603,docs/numeric_equation_decision_point_curriculum/output_format_rendering/syn_ne_dp_output_format_rendering_0480.txt,2223500d16163327cfb8b9a02f3daa44ecd0b655,8fa9730e8253e6c54fb3ffc0b81c057d222396fc
syn_ne_dp_output_format_rendering_0481,output_format_rendering,agree,syn_ne_ab_cd_mul_minus1_len4_0003,synthetic,docs/train_ready/numeric_equation_transformation_rules/work_on/synthetic/ab_cd_multiplication/ab_cd_mul_minus1/syn_ne_ab_cd_mul_minus1_len4_0003.txt,1385,AB_CD,^,4656,docs/numeric_equation_decision_point_curriculum/output_format_rendering/syn_ne_dp_output_format_rendering_0481.txt,ee2d3184dc4f6ad7e9196ed87a54944ebac1ce3d,acf18eb3fd8b754ad7a4a6d725764be2bda053d3
syn_ne_dp_output_format_rendering_0482,output_format_rendering,agree,syn_ne_ba_dc_add_len3_xplusyminus1_0041,synthetic,docs/train_ready/numeric_equation_transformation_rules/work_on/synthetic/ba_dc_addition/ba_dc_len3/syn_ne_ba_dc_add_len3_xplusyminus1_0041.txt,96,BA_DC,~,1379,docs/numeric_equation_decision_point_curriculum/output_format_rendering/syn_ne_dp_output_format_rendering_0482.txt,b1cfb92cecb7b043b73dcce77aaad3d530773e34,eff73038bb7368921e11c6099c60488dfb76af3f
syn_ne_dp_output_format_rendering_0483,output_format_rendering,disagree,syn_ne_policy_ba_dc_x_y_negative_prefix_0092,synthetic,docs/train_ready/numeric_equation_transformation_rules/work_on/synthetic/non_unanimous_policy/ba_dc_x_y_negative_prefix/syn_ne_policy_ba_dc_x_y_negative_prefix_0092.txt,$91,BA_DC,$,1352,docs/numeric_equation_decision_point_curriculum/output_format_rendering/syn_ne_dp_output_format_rendering_0483.txt,7e11ae9dc15b8545cf18ea348945af09d3336e21,d30181d98d42f1273afb24f41cf03c8066c5444b
syn_ne_dp_output_format_rendering_0484,output_format_rendering,agree,syn_ne_opa_ba_dc_visible_plus_0008,synthetic,docs/train_ready/numeric_equation_transformation_rules/work_on/synthetic/operator_absence/syn_ne_opa_ba_dc_visible_plus_0008.txt,28,BA_DC,+,2996,docs/numeric_equation_decision_point_curriculum/output_format_rendering/syn_ne_dp_output_format_rendering_0484.txt,d34b177bd0af6b0bce23a7cfe21f41e489cc1960,7c309ed7b719fdbb7c7719dc8986e23e5c680731
syn_ne_dp_output_format_rendering_0485,output_format_rendering,agree,syn_ne_ba_dc_sub_yminusx_0015,synthetic,docs/train_ready/numeric_equation_transformation_rules/work_on/synthetic/ba_dc_subtraction/y_x/syn_ne_ba_dc_sub_yminusx_0015.txt,:-24,BA_DC,:,3386,docs/numeric_equation_decision_point_curriculum/output_format_rendering/syn_ne_dp_output_format_rendering_0485.txt,72ce4ea07c0df6ce94975667479f4396d759b996,9b97af983d27eef9fba4546b3e5db5d2ca774854
syn_ne_dp_output_format_rendering_0486,output_format_rendering,agree,syn_ne_ab_cd_mul_plus1_len3_0018,synthetic,docs/train_ready/numeric_equation_transformation_rules/work_on/synthetic/ab_cd_multiplication/ab_cd_mul_plus1/syn_ne_ab_cd_mul_plus1_len3_0018.txt,456,AB_CD,#,6579,docs/numeric_equation_decision_point_curriculum/output_format_rendering/syn_ne_dp_output_format_rendering_0486.txt,10c9740514a3ad52f69dc07eb9fe57ec3b57bfa1,e741d55114e74567258be53d7a23ff5dce2c3e8e
syn_ne_dp_output_format_rendering_0487,output_format_rendering,agree,syn_ne_ab_cd_sub_minmax_len2_0003,synthetic,docs/train_ready/numeric_equation_transformation_rules/work_on/synthetic/ab_cd_subtraction/ab_cd_len2/syn_ne_ab_cd_sub_minmax_len2_0003.txt,-32,AB_CD,],9720,docs/numeric_equation_decision_point_curriculum/output_format_rendering/syn_ne_dp_output_format_rendering_0487.txt,837e7d3a6987a87db156a19d90a7670e8b67a0ab,0e20a1773458718c5ee23103e13f4b6c2caea768
syn_ne_dp_output_format_rendering_0488,output_format_rendering,agree,syn_ne_ab_cd_sub_xminusy_len1_0012,synthetic,docs/train_ready/numeric_equation_transformation_rules/work_on/synthetic/ab_cd_subtraction/ab_cd_len1/syn_ne_ab_cd_sub_xminusy_len1_0012.txt,66,AB_CD,!,3060,docs/numeric_equation_decision_point_curriculum/output_format_rendering/syn_ne_dp_output_format_rendering_0488.txt,9e41144ce19595db7d8351054cb932d84966f31a,df5864bad9deb1f845fae5e267a554a1374cf2fb
syn_ne_dp_output_format_rendering_0489,output_format_rendering,agree,syn_ne_opa_ba_dc_fallback_0021,synthetic,docs/train_ready/numeric_equation_transformation_rules/work_on/synthetic/operator_absence/syn_ne_opa_ba_dc_fallback_0021.txt,79,BA_DC,$,2884,docs/numeric_equation_decision_point_curriculum/output_format_rendering/syn_ne_dp_output_format_rendering_0489.txt,cc26c36f24b1099be655f4632631b9dbffc65cd6,bc313bb8b11237b04f60a223b5bd9d00c2a9ead1
syn_ne_dp_output_format_rendering_0490,output_format_rendering,agree,syn_ne_ba_dc_add_len2_xplusyminus1_0032,synthetic,docs/train_ready/numeric_equation_transformation_rules/work_on/synthetic/ba_dc_addition/ba_dc_len2/syn_ne_ba_dc_add_len2_xplusyminus1_0032.txt,511,BA_DC,<,1943,docs/numeric_equation_decision_point_curriculum/output_format_rendering/syn_ne_dp_output_format_rendering_0490.txt,0be37358e52cb91f3bebd8226dc2eccf1964b2e4,d2edcb0df00cc1eb859546363f8d6bfd13cb16ce
syn_ne_dp_output_format_rendering_0491,output_format_rendering,agree,syn_ne_ba_dc_sub_xminusy_0075,synthetic,docs/train_ready/numeric_equation_transformation_rules/work_on/synthetic/ba_dc_subtraction/x_y/syn_ne_ba_dc_sub_xminusy_0075.txt,53,BA_DC,:,3002,docs/numeric_equation_decision_point_curriculum/output_format_rendering/syn_ne_dp_output_format_rendering_0491.txt,387aa8104f901e636aafb62ee0f199fe5f1598bb,3410f203263ec49238f2e856834633ee22a4588f
syn_ne_dp_output_format_rendering_0492,output_format_rendering,disagree,syn_ne_policy_ab_cd_non_x_y_priority_0092,synthetic,docs/train_ready/numeric_equation_transformation_rules/work_on/synthetic/non_unanimous_policy/ab_cd_non_x_y_priority/syn_ne_policy_ab_cd_non_x_y_priority_0092.txt,13,AB_CD,?,1589,docs/numeric_equation_decision_point_curriculum/output_format_rendering/syn_ne_dp_output_format_rendering_0492.txt,269091c6b7fdb0fc4c7172e3f09488fb8cb1a86d,3f9a7057a0de36248762987e8c49e2b6e174e580
syn_ne_dp_output_format_rendering_0493,output_format_rendering,disagree,syn_ne_policy_ba_dc_x_y_negative_prefix_0104,synthetic,docs/train_ready/numeric_equation_transformation_rules/work_on/synthetic/non_unanimous_policy/ba_dc_x_y_negative_prefix/syn_ne_policy_ba_dc_x_y_negative_prefix_0104.txt,@03,BA_DC,@,1379,docs/numeric_equation_decision_point_curriculum/output_format_rendering/syn_ne_dp_output_format_rendering_0493.txt,5cf4c511d2399c79465bf621f36d9450c0701410,e3a0f9b8036391fabcbc9a43195b22005abe7889
syn_ne_dp_output_format_rendering_0494,output_format_rendering,agree,syn_ne_ab_cd_mul_minus1_len3_0017,synthetic,docs/train_ready/numeric_equation_transformation_rules/work_on/synthetic/ab_cd_multiplication/ab_cd_mul_minus1/syn_ne_ab_cd_mul_minus1_len3_0017.txt,923,AB_CD,:,12715,docs/numeric_equation_decision_point_curriculum/output_format_rendering/syn_ne_dp_output_format_rendering_0494.txt,4c37ec3d8a2d1e7ccba793c81ec9a7aec3c2826c,f1aeaaaf9b648d9b08552843475695620798064b
syn_ne_dp_output_format_rendering_0495,output_format_rendering,agree,syn_ne_ba_dc_add_len3_xplusyminus1_0095,synthetic,docs/train_ready/numeric_equation_transformation_rules/work_on/synthetic/ba_dc_addition/ba_dc_len3/syn_ne_ba_dc_add_len3_xplusyminus1_0095.txt,07,BA_DC,!,1379,docs/numeric_equation_decision_point_curriculum/output_format_rendering/syn_ne_dp_output_format_rendering_0495.txt,5c48688c3eb6cb0a1066eacd3e04923f587b9eac,016f8f66daaf24dc6ec33197b00a837eca3bec03
syn_ne_dp_output_format_rendering_0496,output_format_rendering,agree,syn_ne_ba_dc_add_mix_xplusyplus1_0050,synthetic,docs/train_ready/numeric_equation_transformation_rules/work_on/synthetic/ba_dc_addition/ba_dc_mix/syn_ne_ba_dc_add_mix_xplusyplus1_0050.txt,511,BA_DC,$,3221,docs/numeric_equation_decision_point_curriculum/output_format_rendering/syn_ne_dp_output_format_rendering_0496.txt,0860759de5e8758fa52f0248efeedb629ff96cd4,d2edcb0df00cc1eb859546363f8d6bfd13cb16ce
syn_ne_dp_output_format_rendering_0497,output_format_rendering,agree,syn_ne_ab_cd_add_minus1_len2_0014,synthetic,docs/train_ready/numeric_equation_transformation_rules/work_on/synthetic/ab_cd_addition/ab_cd_len2/syn_ne_ab_cd_add_minus1_len2_0014.txt,82,AB_CD,?,9894,docs/numeric_equation_decision_point_curriculum/output_format_rendering/syn_ne_dp_output_format_rendering_0497.txt,d050b7bf3f809a2a64a8c35fe8a22ed01a601213,004b9d053890d8a615c2d7062bfd7bc6fc4ecdd6
syn_ne_dp_output_format_rendering_0498,output_format_rendering,agree,syn_ne_ba_dc_mul_xmuly_0158,synthetic,docs/train_ready/numeric_equation_transformation_rules/work_on/synthetic/ba_dc_multiplication/ba_dc_mul/syn_ne_ba_dc_mul_xmuly_0158.txt,0725,BA_DC,?,2341,docs/numeric_equation_decision_point_curriculum/output_format_rendering/syn_ne_dp_output_format_rendering_0498.txt,e72241bb2a7df63767881631c80dd0e31458b0ad,877aba60db26b03c527817152b1fa28e9ca8ab1d
syn_ne_dp_output_format_rendering_0499,output_format_rendering,agree,syn_ne_ba_dc_sub_abs_0070,synthetic,docs/train_ready/numeric_equation_transformation_rules/work_on/synthetic/ba_dc_subtraction/abs_x_y/syn_ne_ba_dc_sub_abs_0070.txt,13-,BA_DC,-,5141,docs/numeric_equation_decision_point_curriculum/output_format_rendering/syn_ne_dp_output_format_rendering_0499.txt,0941a67f62fcaa48e045611d8cf0ce5031f93b4f,864983b570ddacd93a9d7caabacd09ceab69bc8f
syn_ne_dp_output_format_rendering_0500,output_format_rendering,agree,syn_ne_ab_cd_add_len3_0017,synthetic,docs/train_ready/numeric_equation_transformation_rules/work_on/synthetic/ab_cd_addition/ab_cd_len3/syn_ne_ab_cd_add_len3_0017.txt,&87,AB_CD,&,4514,docs/numeric_equation_decision_point_curriculum/output_format_rendering/syn_ne_dp_output_format_rendering_0500.txt,1c39d036d16c157d85764e84e75c835a77c2d0d4,437a3e3521bfb3f6c148e769434239a386921093
syn_ne_dp_output_format_rendering_0501,output_format_rendering,agree,syn_ne_ba_dc_sub_xminusy_0133,synthetic,docs/train_ready/numeric_equation_transformation_rules/work_on/synthetic/ba_dc_subtraction/x_y/syn_ne_ba_dc_sub_xminusy_0133.txt,25,BA_DC,^,3969,docs/numeric_equation_decision_point_curriculum/output_format_rendering/syn_ne_dp_output_format_rendering_0501.txt,b2595ee60fc585fb39a240e51f7fabd39dbf4dd5,8df462260bd8e9564d7fbc5e565be6303d51fbfc
syn_ne_dp_output_format_rendering_0502,output_format_rendering,agree,syn_ne_ab_cd_sub_minmax_mix_0006,synthetic,docs/train_ready/numeric_equation_transformation_rules/work_on/synthetic/ab_cd_subtraction/ab_cd_mix/syn_ne_ab_cd_sub_minmax_mix_0006.txt,-22,AB_CD,>,6498,docs/numeric_equation_decision_point_curriculum/output_format_rendering/syn_ne_dp_output_format_rendering_0502.txt,db55399ea251e9fb75e0b5d85151ae6d8c555b8e,0aed3c5839bd209e690a385f6ab49069395ae017
syn_ne_dp_output_format_rendering_0503,output_format_rendering,agree,syn_ne_ba_dc_sub_minmax_0008,synthetic,docs/train_ready/numeric_equation_transformation_rules/work_on/synthetic/ba_dc_subtraction/min_minus_max/syn_ne_ba_dc_sub_minmax_0008.txt,-11,BA_DC,~,7668,docs/numeric_equation_decision_point_curriculum/output_format_rendering/syn_ne_dp_output_format_rendering_0503.txt,0c2aebff4daca2bb87224c8a94c8847eccc2871c,96a926c73263d7f6c9c7187993659f4b0e93e182
syn_ne_dp_output_format_rendering_0504,output_format_rendering,agree,syn_ne_ba_dc_add_mix_xplusyplus1_0007,synthetic,docs/train_ready/numeric_equation_transformation_rules/work_on/synthetic/ba_dc_addition/ba_dc_mix/syn_ne_ba_dc_add_mix_xplusyplus1_0007.txt,36,BA_DC,<,3219,docs/numeric_equation_decision_point_curriculum/output_format_rendering/syn_ne_dp_output_format_rendering_0504.txt,7f79d4ef2709906345ad0de32c6c9817c7ebf978,a9e560c8cdf78e3438cb3c267a219d475fbd1800
syn_ne_dp_output_format_rendering_0505,output_format_rendering,agree,syn_ne_ba_dc_add_mix_xplusyplus1_0103,synthetic,docs/train_ready/numeric_equation_transformation_rules/work_on/synthetic/ba_dc_addition/ba_dc_mix/syn_ne_ba_dc_add_mix_xplusyplus1_0103.txt,41,BA_DC,&,3178,docs/numeric_equation_decision_point_curriculum/output_format_rendering/syn_ne_dp_output_format_rendering_0505.txt,341657ccced0737ff0975ce79428fd4cf3822954,07eb33575d68193f64ba4d6fe0396e55387982c5
syn_ne_dp_output_format_rendering_0506,output_format_rendering,agree,syn_ne_ba_dc_mul_xmulyplus1_0042,synthetic,docs/train_ready/numeric_equation_transformation_rules/work_on/synthetic/ba_dc_multiplication/ba_dc_mul_add_1/syn_ne_ba_dc_mul_xmulyplus1_0042.txt,6476,BA_DC,$,3741,docs/numeric_equation_decision_point_curriculum/output_format_rendering/syn_ne_dp_output_format_rendering_0506.txt,4064c6dce5a9cff9fa72a53e1c3db76c9270a3a3,32e052277c11d5f2d5a77d98f49f7e7d1d185de5
syn_ne_dp_output_format_rendering_0507,output_format_rendering,agree,syn_ne_opa_ba_dc_fallback_0022,synthetic,docs/train_ready/numeric_equation_transformation_rules/work_on/synthetic/operator_absence/syn_ne_opa_ba_dc_fallback_0022.txt,86,BA_DC,^,4606,docs/numeric_equation_decision_point_curriculum/output_format_rendering/syn_ne_dp_output_format_rendering_0507.txt,93008dda421710a12e0ee9c3000d79805f1f99de,c5c573f589c204a791513ab134ccd334afce90e9
syn_ne_dp_output_format_rendering_0508,output_format_rendering,agree,syn_ne_ab_cd_add_plus1_len2_0001,synthetic,docs/train_ready/numeric_equation_transformation_rules/work_on/synthetic/ab_cd_addition/ab_cd_len2/syn_ne_ab_cd_add_plus1_len2_0001.txt,140<,AB_CD,<,7487,docs/numeric_equation_decision_point_curriculum/output_format_rendering/syn_ne_dp_output_format_rendering_0508.txt,1bfe220c7a71f19217aaadb115ce2e2eb2f97c14,262df392574cc4612ca3753bd3966424c0602651
syn_ne_dp_output_format_rendering_0509,output_format_rendering,disagree,syn_ne_policy_ab_cd_non_x_y_priority_0041,synthetic,docs/train_ready/numeric_equation_transformation_rules/work_on/synthetic/non_unanimous_policy/ab_cd_non_x_y_priority/syn_ne_policy_ab_cd_non_x_y_priority_0041.txt,65,AB_CD,?,1552,docs/numeric_equation_decision_point_curriculum/output_format_rendering/syn_ne_dp_output_format_rendering_0509.txt,1b32c105a3a77f1f71aa572e4dc01a76c5966d22,c0bfbde82351aa3590f5430253f42c729a5f0bb4
syn_ne_dp_literal_minus_rendering_policy_0510,literal_minus_rendering_policy,AB_CD_unanimous_literal_minus_rendering,syn_ne_ab_cd_sub_xminusy_len2_0007,synthetic,docs/train_ready/numeric_equation_transformation_rules/work_on/synthetic/ab_cd_subtraction/ab_cd_len2/syn_ne_ab_cd_sub_xminusy_len2_0007.txt,-56,AB_CD,-,14659,docs/numeric_equation_decision_point_curriculum/literal_minus_rendering_policy/syn_ne_dp_literal_minus_rendering_policy_0510.txt,77c8ce0bb20626e08676d852d4870a2df8be58e3,06186f2d3604a72274ca41616765d056b74d43f2
syn_ne_dp_literal_minus_rendering_policy_0511,literal_minus_rendering_policy,BA_DC_unanimous_literal_minus_rendering,syn_ne_ba_dc_sub_abs_0040,synthetic,docs/train_ready/numeric_equation_transformation_rules/work_on/synthetic/ba_dc_subtraction/abs_x_y/syn_ne_ba_dc_sub_abs_0040.txt,39-,BA_DC,-,5263,docs/numeric_equation_decision_point_curriculum/literal_minus_rendering_policy/syn_ne_dp_literal_minus_rendering_policy_0511.txt,6b5cc2735dd727ebe4052e4259956a67f684601b,8e3842a2fe11bf42033608beb0bfeac9a76c30be
syn_ne_dp_literal_minus_rendering_policy_0512,literal_minus_rendering_policy,AB_CD_unanimous_literal_minus_rendering,syn_ne_opabs_tlock_0134_helper_0001,synthetic,synthetic/operator_absence_direct_template_motif_lock/0134_helper,50,AB_CD,-,2369,docs/numeric_equation_decision_point_curriculum/literal_minus_rendering_policy/syn_ne_dp_literal_minus_rendering_policy_0512.txt,0f8e770550a51bf726e7feb802cab41066758368,6acb47c4ac87607a0283da2f5b2258d06c2e7b79
syn_ne_dp_literal_minus_rendering_policy_0513,literal_minus_rendering_policy,BA_DC_unanimous_literal_minus_rendering,syn_ne_ba_dc_sub_yminusx_0020,synthetic,docs/train_ready/numeric_equation_transformation_rules/work_on/synthetic/ba_dc_subtraction/y_x/syn_ne_ba_dc_sub_yminusx_0020.txt,91,BA_DC,-,5725,docs/numeric_equation_decision_point_curriculum/literal_minus_rendering_policy/syn_ne_dp_literal_minus_rendering_policy_0513.txt,e00cbe5f59aa3cdb73df3ff1c1bf31435bee2ec8,f2814e63953f6b5b7670588eb9dba1a642f05728
syn_ne_dp_literal_minus_rendering_policy_0514,literal_minus_rendering_policy,AB_CD_x_y_negative_literal_priority,syn_ne_low_ab_cd_sub_vote_0012,synthetic,docs/train_ready/numeric_equation_transformation_rules/work_on/synthetic/low_confidence/syn_ne_low_ab_cd_sub_vote_0012.txt,-14,AB_CD,-,5249,docs/numeric_equation_decision_point_curriculum/literal_minus_rendering_policy/syn_ne_dp_literal_minus_rendering_policy_0514.txt,23012a7659a45dd2b98b52e01b0ca5cfe54bd534,454fe2e964dee9c724b05778054248c40b49f5e0
syn_ne_dp_literal_minus_rendering_policy_0515,literal_minus_rendering_policy,BA_DC_unanimous_literal_minus_rendering,syn_ne_ba_dc_sub_xminusy_0100,synthetic,docs/train_ready/numeric_equation_transformation_rules/work_on/synthetic/ba_dc_subtraction/x_y/syn_ne_ba_dc_sub_xminusy_0100.txt,45,BA_DC,-,3830,docs/numeric_equation_decision_point_curriculum/literal_minus_rendering_policy/syn_ne_dp_literal_minus_rendering_policy_0515.txt,681250be711033d7935b5f7aa2dc54259172125b,eacff980a789bfaa72c04bd13ebc06367ea2225a
syn_ne_dp_literal_minus_rendering_policy_0516,literal_minus_rendering_policy,BA_DC_unanimous_literal_minus_rendering,syn_ne_ba_dc_sub_yminusx_0010,synthetic,docs/train_ready/numeric_equation_transformation_rules/work_on/synthetic/ba_dc_subtraction/y_x/syn_ne_ba_dc_sub_yminusx_0010.txt,11,BA_DC,-,4652,docs/numeric_equation_decision_point_curriculum/literal_minus_rendering_policy/syn_ne_dp_literal_minus_rendering_policy_0516.txt,a41686d0f49864c86e1ca1935719bebea5ec69bd,7963195dd4fba721700e2ce8dd04caa9cbb6f8d1
syn_ne_dp_literal_minus_rendering_policy_0517,literal_minus_rendering_policy,AB_CD_unanimous_literal_minus_rendering,syn_ne_ab_cd_sub_xminusy_mix_0019,synthetic,docs/train_ready/numeric_equation_transformation_rules/work_on/synthetic/ab_cd_subtraction/ab_cd_mix/syn_ne_ab_cd_sub_xminusy_mix_0019.txt,52,AB_CD,-,7239,docs/numeric_equation_decision_point_curriculum/literal_minus_rendering_policy/syn_ne_dp_literal_minus_rendering_policy_0517.txt,241a22e96861c6e03c7c3a26fa5233584fb116db,c0c90f26ce1705d0946bf7d4a3a37e4ab2d3d27b
syn_ne_dp_literal_minus_rendering_policy_0518,literal_minus_rendering_policy,AB_CD_unanimous_literal_minus_rendering,syn_ne_ab_cd_sub_xminusy_len2_0013,synthetic,docs/train_ready/numeric_equation_transformation_rules/work_on/synthetic/ab_cd_subtraction/ab_cd_len2/syn_ne_ab_cd_sub_xminusy_len2_0013.txt,46,AB_CD,-,8186,docs/numeric_equation_decision_point_curriculum/literal_minus_rendering_policy/syn_ne_dp_literal_minus_rendering_policy_0518.txt,6a6fb91b2e25667b8d81ec171e2e82d03941e7ae,c112c4003f8cd7eb79670a5a7958bc11c3f7ec95
syn_ne_dp_literal_minus_rendering_policy_0519,literal_minus_rendering_policy,BA_DC_unanimous_literal_minus_rendering,syn_ne_ba_dc_sub_xminusy_0130,synthetic,docs/train_ready/numeric_equation_transformation_rules/work_on/synthetic/ba_dc_subtraction/x_y/syn_ne_ba_dc_sub_xminusy_0130.txt,49,BA_DC,-,3761,docs/numeric_equation_decision_point_curriculum/literal_minus_rendering_policy/syn_ne_dp_literal_minus_rendering_policy_0519.txt,28407d3d1fb4a3b676d2722246bf26627e0dee05,93d174d2b740513ac305ef996f81b956b02046a0
syn_ne_dp_literal_minus_rendering_policy_0520,literal_minus_rendering_policy,AB_CD_unanimous_literal_minus_rendering,syn_ne_ab_cd_sub_xminusy_len2_0023,synthetic,docs/train_ready/numeric_equation_transformation_rules/work_on/synthetic/ab_cd_subtraction/ab_cd_len2/syn_ne_ab_cd_sub_xminusy_len2_0023.txt,-63,AB_CD,-,14520,docs/numeric_equation_decision_point_curriculum/literal_minus_rendering_policy/syn_ne_dp_literal_minus_rendering_policy_0520.txt,7322edf626c6654acf8424ffce700ec16f16a276,93250bd57a5b00bb8cdbf494fc4916ddcf46a3b1
syn_ne_dp_literal_minus_rendering_policy_0521,literal_minus_rendering_policy,AB_CD_unanimous_literal_minus_rendering,syn_ne_ab_cd_sub_xminusy_mix_0005,synthetic,docs/train_ready/numeric_equation_transformation_rules/work_on/synthetic/ab_cd_subtraction/ab_cd_mix/syn_ne_ab_cd_sub_xminusy_mix_0005.txt,-01,AB_CD,-,8805,docs/numeric_equation_decision_point_curriculum/literal_minus_rendering_policy/syn_ne_dp_literal_minus_rendering_policy_0521.txt,52c266c6f52961ffb28b4d4b3950f67c538eac4a,6999948db4fd449ee921b13a615ecd10c9bb6626
syn_ne_dp_literal_minus_rendering_policy_0522,literal_minus_rendering_policy,AB_CD_unanimous_literal_minus_rendering,syn_ne_ab_cd_sub_xminusy_len2_0025,synthetic,docs/train_ready/numeric_equation_transformation_rules/work_on/synthetic/ab_cd_subtraction/ab_cd_len2/syn_ne_ab_cd_sub_xminusy_len2_0025.txt,10,AB_CD,-,8046,docs/numeric_equation_decision_point_curriculum/literal_minus_rendering_policy/syn_ne_dp_literal_minus_rendering_policy_0522.txt,ab2bc9eb22e20566fb03e94fb5716ded35b70bdd,aaa4121486b9e1d6a4e3f134180f8a40e3fe75ff
syn_ne_dp_literal_minus_rendering_policy_0523,literal_minus_rendering_policy,BA_DC_unanimous_literal_minus_rendering,syn_ne_ba_dc_mul_xmulyplus1_0056,synthetic,docs/train_ready/numeric_equation_transformation_rules/work_on/synthetic/ba_dc_multiplication/ba_dc_mul_add_1/syn_ne_ba_dc_mul_xmulyplus1_0056.txt,1862,BA_DC,-,3149,docs/numeric_equation_decision_point_curriculum/literal_minus_rendering_policy/syn_ne_dp_literal_minus_rendering_policy_0523.txt,880a2230a2d336d235f5d236649ee8734d2d4e2f,ecdffdee0d06b88acdca8c618a015869c8228e2b
syn_ne_dp_literal_minus_rendering_policy_0524,literal_minus_rendering_policy,AB_CD_unanimous_literal_minus_rendering,syn_ne_ab_cd_sub_xminusy_len1_0020,synthetic,docs/train_ready/numeric_equation_transformation_rules/work_on/synthetic/ab_cd_subtraction/ab_cd_len1/syn_ne_ab_cd_sub_xminusy_len1_0020.txt,11,AB_CD,-,7067,docs/numeric_equation_decision_point_curriculum/literal_minus_rendering_policy/syn_ne_dp_literal_minus_rendering_policy_0524.txt,c66c53cbd34558e8a6c6160b1f518d551b2aa006,7963195dd4fba721700e2ce8dd04caa9cbb6f8d1
syn_ne_dp_literal_minus_rendering_policy_0525,literal_minus_rendering_policy,AB_CD_unanimous_literal_minus_rendering,syn_ne_ab_cd_sub_abs_mix_0009,synthetic,docs/train_ready/numeric_equation_transformation_rules/work_on/synthetic/ab_cd_subtraction/ab_cd_mix/syn_ne_ab_cd_sub_abs_mix_0009.txt,-03,AB_CD,-,6084,docs/numeric_equation_decision_point_curriculum/literal_minus_rendering_policy/syn_ne_dp_literal_minus_rendering_policy_0525.txt,00d01b9b97c59c90a106e6aa3b56624ff4b99e42,03930cb5632e44b2baef6ab07526af5edc7b8c38
syn_ne_dp_literal_minus_rendering_policy_0526,literal_minus_rendering_policy,BA_DC_unanimous_literal_minus_rendering,syn_ne_policy_literal_minus_opposite_sign_0025,synthetic,docs/train_ready/numeric_equation_transformation_rules/work_on/synthetic/non_unanimous_policy/literal_minus_opposite_sign/syn_ne_policy_literal_minus_opposite_sign_0025.txt,-85,BA_DC,-,1532,docs/numeric_equation_decision_point_curriculum/literal_minus_rendering_policy/syn_ne_dp_literal_minus_rendering_policy_0526.txt,b5ba8b3b4fca2b83c388ac335bd853228c7a0703,6d5f2e007d8740bba577b6ea8384de24443db41e
syn_ne_dp_literal_minus_rendering_policy_0527,literal_minus_rendering_policy,BA_DC_unanimous_literal_minus_rendering,syn_ne_policy_literal_minus_opposite_sign_0021,synthetic,docs/train_ready/numeric_equation_transformation_rules/work_on/synthetic/non_unanimous_policy/literal_minus_opposite_sign/syn_ne_policy_literal_minus_opposite_sign_0021.txt,-01,BA_DC,-,1532,docs/numeric_equation_decision_point_curriculum/literal_minus_rendering_policy/syn_ne_dp_literal_minus_rendering_policy_0527.txt,54334860472563c1aada39d3d7eda1e386fd6c39,09093d0aac62b1fac3133d26cc0c39feb2d65546
syn_ne_dp_literal_minus_rendering_policy_0528,literal_minus_rendering_policy,AB_CD_unanimous_literal_minus_rendering,syn_ne_ab_cd_sub_xminusy_len1_0003,synthetic,docs/train_ready/numeric_equation_transformation_rules/work_on/synthetic/ab_cd_subtraction/ab_cd_len1/syn_ne_ab_cd_sub_xminusy_len1_0003.txt,-9,AB_CD,-,3194,docs/numeric_equation_decision_point_curriculum/literal_minus_rendering_policy/syn_ne_dp_literal_minus_rendering_policy_0528.txt,8d313410d1fec3508d01537c45e9462c3ef7cec8,40935a99df3b9f54fefbd1337c8d4604ac9d192e
syn_ne_dp_literal_minus_rendering_policy_0529,literal_minus_rendering_policy,BA_DC_unanimous_literal_minus_rendering,syn_ne_policy_literal_minus_opposite_sign_0015,synthetic,docs/train_ready/numeric_equation_transformation_rules/work_on/synthetic/non_unanimous_policy/literal_minus_opposite_sign/syn_ne_policy_literal_minus_opposite_sign_0015.txt,-1,BA_DC,-,1524,docs/numeric_equation_decision_point_curriculum/literal_minus_rendering_policy/syn_ne_dp_literal_minus_rendering_policy_0529.txt,414472fbcf6e4e56ff9b23df42773783328c40a2,9ea3d6af76dda3e6a0d55ebda352f647baa5ff3b
syn_ne_dp_literal_minus_rendering_policy_0530,literal_minus_rendering_policy,AB_CD_x_y_negative_literal_priority,syn_ne_low_ab_cd_sub_vote_0002,synthetic,docs/train_ready/numeric_equation_transformation_rules/work_on/synthetic/low_confidence/syn_ne_low_ab_cd_sub_vote_0002.txt,-12,AB_CD,-,5216,docs/numeric_equation_decision_point_curriculum/literal_minus_rendering_policy/syn_ne_dp_literal_minus_rendering_policy_0530.txt,f2931b9626f5385dccb75a4a835c19e9cdfad880,3f37e6a15b67ce998273fe56cec557f3df24d719
syn_ne_dp_literal_minus_rendering_policy_0531,literal_minus_rendering_policy,AB_CD_unanimous_literal_minus_rendering,syn_ne_ab_cd_mul_len3_0041,synthetic,docs/train_ready/numeric_equation_transformation_rules/work_on/synthetic/ab_cd_multiplication/ab_cd_mul/syn_ne_ab_cd_mul_len3_0041.txt,893,AB_CD,-,10618,docs/numeric_equation_decision_point_curriculum/literal_minus_rendering_policy/syn_ne_dp_literal_minus_rendering_policy_0531.txt,06142d5b4adf551cd08a240504d369918f1c46db,6a87394932d7bdec14327e0640abf7d7894cb2f7
syn_ne_dp_literal_minus_rendering_policy_0532,literal_minus_rendering_policy,AB_CD_x_y_negative_literal_priority,syn_ne_low_ab_cd_sub_vote_0010,synthetic,docs/train_ready/numeric_equation_transformation_rules/work_on/synthetic/low_confidence/syn_ne_low_ab_cd_sub_vote_0010.txt,-10,AB_CD,-,5227,docs/numeric_equation_decision_point_curriculum/literal_minus_rendering_policy/syn_ne_dp_literal_minus_rendering_policy_0532.txt,8f9f98f11415a524971082938d335a29b2a0be66,8d8d673771f497a37a69f76c9cb7c34454b6e107
syn_ne_dp_literal_minus_rendering_policy_0533,literal_minus_rendering_policy,BA_DC_unanimous_literal_minus_rendering,syn_ne_policy_literal_minus_opposite_sign_0027,synthetic,docs/train_ready/numeric_equation_transformation_rules/work_on/synthetic/non_unanimous_policy/literal_minus_opposite_sign/syn_ne_policy_literal_minus_opposite_sign_0027.txt,-97,BA_DC,-,1532,docs/numeric_equation_decision_point_curriculum/literal_minus_rendering_policy/syn_ne_dp_literal_minus_rendering_policy_0533.txt,2fc67140e21f75d91cc82d76f81dfcde6a102eb2,5a13873430f1649575ad529da2f0ecd9ada94a4d
syn_ne_dp_literal_minus_rendering_policy_0534,literal_minus_rendering_policy,BA_DC_unanimous_literal_minus_rendering,syn_ne_policy_literal_minus_opposite_sign_0014,synthetic,docs/train_ready/numeric_equation_transformation_rules/work_on/synthetic/non_unanimous_policy/literal_minus_opposite_sign/syn_ne_policy_literal_minus_opposite_sign_0014.txt,-01,BA_DC,-,1532,docs/numeric_equation_decision_point_curriculum/literal_minus_rendering_policy/syn_ne_dp_literal_minus_rendering_policy_0534.txt,8f460258b1b65cd2a623d795e15f57e11e3e1770,09093d0aac62b1fac3133d26cc0c39feb2d65546
syn_ne_dp_literal_minus_rendering_policy_0535,literal_minus_rendering_policy,BA_DC_unanimous_literal_minus_rendering,syn_ne_ba_dc_sub_xminusy_0070,synthetic,docs/train_ready/numeric_equation_transformation_rules/work_on/synthetic/ba_dc_subtraction/x_y/syn_ne_ba_dc_sub_xminusy_0070.txt,13,BA_DC,-,3795,docs/numeric_equation_decision_point_curriculum/literal_minus_rendering_policy/syn_ne_dp_literal_minus_rendering_policy_0535.txt,2198b7e10fb85900f1368fbd5f24ad57196e8726,ed196b8cfae6f67de7ddc479bc510d2599452030
syn_ne_dp_literal_minus_rendering_policy_0536,literal_minus_rendering_policy,BA_DC_unanimous_literal_minus_rendering,syn_ne_ba_dc_sub_xminusy_0020,synthetic,docs/train_ready/numeric_equation_transformation_rules/work_on/synthetic/ba_dc_subtraction/x_y/syn_ne_ba_dc_sub_xminusy_0020.txt,28,BA_DC,-,4656,docs/numeric_equation_decision_point_curriculum/literal_minus_rendering_policy/syn_ne_dp_literal_minus_rendering_policy_0536.txt,c94cbb0df3b9d143e6cbcf74b9c90a15ba8ce909,7c309ed7b719fdbb7c7719dc8986e23e5c680731
syn_ne_dp_literal_minus_rendering_policy_0537,literal_minus_rendering_policy,BA_DC_unanimous_literal_minus_rendering,syn_ne_policy_literal_minus_opposite_sign_0010,synthetic,docs/train_ready/numeric_equation_transformation_rules/work_on/synthetic/non_unanimous_policy/literal_minus_opposite_sign/syn_ne_policy_literal_minus_opposite_sign_0010.txt,-6,BA_DC,-,1524,docs/numeric_equation_decision_point_curriculum/literal_minus_rendering_policy/syn_ne_dp_literal_minus_rendering_policy_0537.txt,5c6fb4efff47a110f6cd0f55f6c20d94b20bd4ad,998501c848bb615852b65d4d88db8796a2cdcad9
syn_ne_dp_literal_minus_rendering_policy_0538,literal_minus_rendering_policy,BA_DC_unanimous_literal_minus_rendering,syn_ne_policy_literal_minus_opposite_sign_0030,synthetic,docs/train_ready/numeric_equation_transformation_rules/work_on/synthetic/non_unanimous_policy/literal_minus_opposite_sign/syn_ne_policy_literal_minus_opposite_sign_0030.txt,-5,BA_DC,-,1524,docs/numeric_equation_decision_point_curriculum/literal_minus_rendering_policy/syn_ne_dp_literal_minus_rendering_policy_0538.txt,79a3828577aff5b168bebef30f895babfef4a92f,e7abec26fb97ff115f62024cdc057d934813c66b
syn_ne_dp_literal_minus_rendering_policy_0539,literal_minus_rendering_policy,AB_CD_unanimous_literal_minus_rendering,syn_ne_opabs_tlock_0134_helper_0010,synthetic,synthetic/operator_absence_direct_template_motif_lock/0134_helper,50,AB_CD,-,2369,docs/numeric_equation_decision_point_curriculum/literal_minus_rendering_policy/syn_ne_dp_literal_minus_rendering_policy_0539.txt,238fa262a03a630f8a935c69dcdf8291e8cd0653,6acb47c4ac87607a0283da2f5b2258d06c2e7b79
syn_ne_dp_literal_minus_rendering_policy_0540,literal_minus_rendering_policy,AB_CD_unanimous_literal_minus_rendering,syn_ne_ab_cd_mul_len4_0029,synthetic,docs/train_ready/numeric_equation_transformation_rules/work_on/synthetic/ab_cd_multiplication/ab_cd_mul/syn_ne_ab_cd_mul_len4_0029.txt,2860,AB_CD,-,5548,docs/numeric_equation_decision_point_curriculum/literal_minus_rendering_policy/syn_ne_dp_literal_minus_rendering_policy_0540.txt,8f60b3195ea1adf75cdf6f220edeea5c87baf673,b0ae1ab9743cac97207fceb2f9910c2af55ba772
syn_ne_dp_literal_minus_rendering_policy_0541,literal_minus_rendering_policy,BA_DC_unanimous_literal_minus_rendering,syn_ne_policy_literal_minus_opposite_sign_0002,synthetic,docs/train_ready/numeric_equation_transformation_rules/work_on/synthetic/non_unanimous_policy/literal_minus_opposite_sign/syn_ne_policy_literal_minus_opposite_sign_0002.txt,-93,BA_DC,-,1532,docs/numeric_equation_decision_point_curriculum/literal_minus_rendering_policy/syn_ne_dp_literal_minus_rendering_policy_0541.txt,ef81e9e8accea338f00bdc4a673bcd1133894bf4,ea7edf316239ed2a223634fb991dc78b4e67b99e
syn_ne_dp_literal_minus_rendering_policy_0542,literal_minus_rendering_policy,AB_CD_x_y_negative_literal_priority,syn_ne_low_ab_cd_sub_vote_0005,synthetic,docs/train_ready/numeric_equation_transformation_rules/work_on/synthetic/low_confidence/syn_ne_low_ab_cd_sub_vote_0005.txt,-12,AB_CD,-,5216,docs/numeric_equation_decision_point_curriculum/literal_minus_rendering_policy/syn_ne_dp_literal_minus_rendering_policy_0542.txt,50f5320627782b6f976fa43e6f4d1e73c0436303,64ee96481ceda9d669b1d149fca89e3f7ef0287d
syn_ne_dp_literal_minus_rendering_policy_0543,literal_minus_rendering_policy,BA_DC_unanimous_literal_minus_rendering,syn_ne_policy_literal_minus_opposite_sign_0001,synthetic,docs/train_ready/numeric_equation_transformation_rules/work_on/synthetic/non_unanimous_policy/literal_minus_opposite_sign/syn_ne_policy_literal_minus_opposite_sign_0001.txt,-11,BA_DC,-,1532,docs/numeric_equation_decision_point_curriculum/literal_minus_rendering_policy/syn_ne_dp_literal_minus_rendering_policy_0543.txt,5b29ee545348f1fd26b1f51a799cb45c9359c1a1,84965776bcaf7097cb9056cc041183c0b32ca50a
syn_ne_dp_literal_minus_rendering_policy_0544,literal_minus_rendering_policy,BA_DC_unanimous_literal_minus_rendering,syn_ne_ba_dc_sub_xminusy_0150,synthetic,docs/train_ready/numeric_equation_transformation_rules/work_on/synthetic/ba_dc_subtraction/x_y/syn_ne_ba_dc_sub_xminusy_0150.txt,51,BA_DC,-,2864,docs/numeric_equation_decision_point_curriculum/literal_minus_rendering_policy/syn_ne_dp_literal_minus_rendering_policy_0544.txt,f4453454c4ad51d91652e0226cda147ae5a40d8a,a5a71929112bc9bf389e7a0fb24b33cd2988c3d3
syn_ne_dp_literal_minus_rendering_policy_0545,literal_minus_rendering_policy,AB_CD_unanimous_literal_minus_rendering,syn_ne_ab_cd_sub_xminusy_len1_0011,synthetic,docs/train_ready/numeric_equation_transformation_rules/work_on/synthetic/ab_cd_subtraction/ab_cd_len1/syn_ne_ab_cd_sub_xminusy_len1_0011.txt,-3,AB_CD,-,7009,docs/numeric_equation_decision_point_curriculum/literal_minus_rendering_policy/syn_ne_dp_literal_minus_rendering_policy_0545.txt,c7691dd98e3ad0b26b6439168077bc92307a9324,4e09d3a28e8d553d905c08e0b6bfd05ddf31e0c6
syn_ne_dp_literal_minus_rendering_policy_0546,literal_minus_rendering_policy,AB_CD_x_y_negative_literal_priority,syn_ne_low_ab_cd_sub_vote_0014,synthetic,docs/train_ready/numeric_equation_transformation_rules/work_on/synthetic/low_confidence/syn_ne_low_ab_cd_sub_vote_0014.txt,-12,AB_CD,-,5216,docs/numeric_equation_decision_point_curriculum/literal_minus_rendering_policy/syn_ne_dp_literal_minus_rendering_policy_0546.txt,ec176f67f1313592050a630875b0f72b3273a6e8,6c230255716f56f05f0a9da9db82baaa0acf8f25
syn_ne_dp_literal_minus_rendering_policy_0547,literal_minus_rendering_policy,BA_DC_unanimous_literal_minus_rendering,syn_ne_policy_literal_minus_opposite_sign_0011,synthetic,docs/train_ready/numeric_equation_transformation_rules/work_on/synthetic/non_unanimous_policy/literal_minus_opposite_sign/syn_ne_policy_literal_minus_opposite_sign_0011.txt,-62,BA_DC,-,1532,docs/numeric_equation_decision_point_curriculum/literal_minus_rendering_policy/syn_ne_dp_literal_minus_rendering_policy_0547.txt,e26cce045ddd3b6bf41aec2cabf05934fb315cdc,6fb98e23472ab0540b415e7e93aff6c59f5e8655
syn_ne_dp_literal_minus_rendering_policy_0548,literal_minus_rendering_policy,BA_DC_x_y_positive_nonunanimous_policy,syn_ne_low_ba_dc_sub_vote_0042,synthetic,docs/train_ready/numeric_equation_transformation_rules/work_on/synthetic/low_confidence/ba_dc_subtraction/syn_ne_low_ba_dc_sub_vote_0042.txt,16,BA_DC,-,2124,docs/numeric_equation_decision_point_curriculum/literal_minus_rendering_policy/syn_ne_dp_literal_minus_rendering_policy_0548.txt,687c7e68094182f15e1a8d3833a038bf4f728642,ebb5fdfa9fc36c6d0175765312c23daaa26153ec
syn_ne_dp_literal_minus_rendering_policy_0549,literal_minus_rendering_policy,BA_DC_unanimous_literal_minus_rendering,syn_ne_ba_dc_sub_xminusy_0010,synthetic,docs/train_ready/numeric_equation_transformation_rules/work_on/synthetic/ba_dc_subtraction/x_y/syn_ne_ba_dc_sub_xminusy_0010.txt,23,BA_DC,-,3796,docs/numeric_equation_decision_point_curriculum/literal_minus_rendering_policy/syn_ne_dp_literal_minus_rendering_policy_0549.txt,1d02283ea4ecf022b204cdbff08977c46713f25e,0dfefc93301bd3caf5fd59113f7e8d3a7a8c95ec
syn_ne_dp_literal_minus_rendering_policy_0550,literal_minus_rendering_policy,BA_DC_x_y_positive_nonunanimous_policy,syn_ne_low_ba_dc_sub_vote_0032,synthetic,docs/train_ready/numeric_equation_transformation_rules/work_on/synthetic/low_confidence/ba_dc_subtraction/syn_ne_low_ba_dc_sub_vote_0032.txt,42,BA_DC,-,2091,docs/numeric_equation_decision_point_curriculum/literal_minus_rendering_policy/syn_ne_dp_literal_minus_rendering_policy_0550.txt,69d796773732f15a4a36350bb921ee3cd1630652,2b73db4f7e4476c6af0f41f0ea0cd78a05fbc100
syn_ne_dp_literal_minus_rendering_policy_0551,literal_minus_rendering_policy,BA_DC_unanimous_literal_minus_rendering,syn_ne_ba_dc_mul_xmuly_0128,synthetic,docs/train_ready/numeric_equation_transformation_rules/work_on/synthetic/ba_dc_multiplication/ba_dc_mul/syn_ne_ba_dc_mul_xmuly_0128.txt,4686,BA_DC,-,2341,docs/numeric_equation_decision_point_curriculum/literal_minus_rendering_policy/syn_ne_dp_literal_minus_rendering_policy_0551.txt,77f3591afbf093ded97a32eec612126f90fe4167,23d0099bf9b5e3ad0e1ded8ba0f2b4ddfe01e40e
syn_ne_dp_literal_minus_rendering_policy_0552,literal_minus_rendering_policy,BA_DC_literal_minus_nonunanimous_policy,syn_ne_low_ba_dc_sub_vote_0100,synthetic,docs/train_ready/numeric_equation_transformation_rules/work_on/synthetic/low_confidence/ba_dc_subtraction/syn_ne_low_ba_dc_sub_vote_0100.txt,-46,BA_DC,-,2328,docs/numeric_equation_decision_point_curriculum/literal_minus_rendering_policy/syn_ne_dp_literal_minus_rendering_policy_0552.txt,c00fe4c8319e2583944c4262099572a452dcd981,33556b430f6ca58d52d0f5dd4c88e685fbc2e6b8
syn_ne_dp_literal_minus_rendering_policy_0553,literal_minus_rendering_policy,BA_DC_unanimous_literal_minus_rendering,syn_ne_policy_literal_minus_opposite_sign_0013,synthetic,docs/train_ready/numeric_equation_transformation_rules/work_on/synthetic/non_unanimous_policy/literal_minus_opposite_sign/syn_ne_policy_literal_minus_opposite_sign_0013.txt,-31,BA_DC,-,1532,docs/numeric_equation_decision_point_curriculum/literal_minus_rendering_policy/syn_ne_dp_literal_minus_rendering_policy_0553.txt,c802df56accc399e855b25225d5473242944004f,1f55861896555d75ecfa85fb8704916716c969b3
syn_ne_dp_literal_minus_rendering_policy_0554,literal_minus_rendering_policy,BA_DC_unanimous_literal_minus_rendering,syn_ne_ba_dc_mul_xmulyplus1_0002,synthetic,docs/train_ready/numeric_equation_transformation_rules/work_on/synthetic/ba_dc_multiplication/ba_dc_mul_add_1/syn_ne_ba_dc_mul_xmulyplus1_0002.txt,5805,BA_DC,-,3149,docs/numeric_equation_decision_point_curriculum/literal_minus_rendering_policy/syn_ne_dp_literal_minus_rendering_policy_0554.txt,73fb3dba9ee9c541e4a1d14aa659bbec120888cd,c5ac22f742c244a22f121b38cdcf673ea4143692
syn_ne_dp_literal_minus_rendering_policy_0555,literal_minus_rendering_policy,AB_CD_unanimous_literal_minus_rendering,syn_ne_ab_cd_sub_xminusy_len1_0017,synthetic,docs/train_ready/numeric_equation_transformation_rules/work_on/synthetic/ab_cd_subtraction/ab_cd_len1/syn_ne_ab_cd_sub_xminusy_len1_0017.txt,9,AB_CD,-,6879,docs/numeric_equation_decision_point_curriculum/literal_minus_rendering_policy/syn_ne_dp_literal_minus_rendering_policy_0555.txt,f9871234f70e4681ee1965f55b0fb30c748e53e8,e576bf7ea098e1ab5f39dc40f3e44694af4132e2
syn_ne_dp_literal_minus_rendering_policy_0556,literal_minus_rendering_policy,BA_DC_unanimous_literal_minus_rendering,syn_ne_ba_dc_mul_xmuly_0020,synthetic,docs/train_ready/numeric_equation_transformation_rules/work_on/synthetic/ba_dc_multiplication/ba_dc_mul/syn_ne_ba_dc_mul_xmuly_0020.txt,6381,BA_DC,-,2341,docs/numeric_equation_decision_point_curriculum/literal_minus_rendering_policy/syn_ne_dp_literal_minus_rendering_policy_0556.txt,c1e5501eff7ab6b457e142d4720bbbca28dc790b,c2b552a50c40ce01b7a441bf4deb901e4723e0ae
syn_ne_dp_literal_minus_rendering_policy_0557,literal_minus_rendering_policy,AB_CD_unanimous_literal_minus_rendering,syn_ne_ab_cd_sub_xminusy_mix_0003,synthetic,docs/train_ready/numeric_equation_transformation_rules/work_on/synthetic/ab_cd_subtraction/ab_cd_mix/syn_ne_ab_cd_sub_xminusy_mix_0003.txt,11,AB_CD,-,4991,docs/numeric_equation_decision_point_curriculum/literal_minus_rendering_policy/syn_ne_dp_literal_minus_rendering_policy_0557.txt,d7b3d9bea5012a08c33603f26039be4406e5c246,7963195dd4fba721700e2ce8dd04caa9cbb6f8d1
syn_ne_dp_literal_minus_rendering_policy_0558,literal_minus_rendering_policy,BA_DC_unanimous_literal_minus_rendering,syn_ne_ba_dc_mul_xmuly_0164,synthetic,docs/train_ready/numeric_equation_transformation_rules/work_on/synthetic/ba_dc_multiplication/ba_dc_mul/syn_ne_ba_dc_mul_xmuly_0164.txt,9348,BA_DC,-,2341,docs/numeric_equation_decision_point_curriculum/literal_minus_rendering_policy/syn_ne_dp_literal_minus_rendering_policy_0558.txt,f8c8fd9d4d4db9d4ad8a9c1141a37eea171f80d3,19c314a0ed511c99ea9c8877267b27584ac37cbd
syn_ne_dp_literal_minus_rendering_policy_0559,literal_minus_rendering_policy,AB_CD_unanimous_literal_minus_rendering,syn_ne_ab_cd_sub_xminusy_len2_0039,synthetic,docs/train_ready/numeric_equation_transformation_rules/work_on/synthetic/ab_cd_subtraction/ab_cd_len2/syn_ne_ab_cd_sub_xminusy_len2_0039.txt,12,AB_CD,-,14482,docs/numeric_equation_decision_point_curriculum/literal_minus_rendering_policy/syn_ne_dp_literal_minus_rendering_policy_0559.txt,d1f3ed646882f27b28193548a7900f19672ec377,6aa742dcfbf560dbc003ba57b4c0384f2c550110
syn_ne_dp_literal_minus_rendering_policy_0560,literal_minus_rendering_policy,AB_CD_unanimous_literal_minus_rendering,syn_ne_ab_cd_sub_xminusy_len2_0001,synthetic,docs/train_ready/numeric_equation_transformation_rules/work_on/synthetic/ab_cd_subtraction/ab_cd_len2/syn_ne_ab_cd_sub_xminusy_len2_0001.txt,36,AB_CD,-,8246,docs/numeric_equation_decision_point_curriculum/literal_minus_rendering_policy/syn_ne_dp_literal_minus_rendering_policy_0560.txt,66968c98b0cd1a76c33ebb28465471ffae830950,a9e560c8cdf78e3438cb3c267a219d475fbd1800
syn_ne_dp_literal_minus_rendering_policy_0561,literal_minus_rendering_policy,BA_DC_x_y_positive_nonunanimous_policy,syn_ne_low_ba_dc_sub_vote_0002,synthetic,docs/train_ready/numeric_equation_transformation_rules/work_on/synthetic/low_confidence/ba_dc_subtraction/syn_ne_low_ba_dc_sub_vote_0002.txt,31,BA_DC,-,1423,docs/numeric_equation_decision_point_curriculum/literal_minus_rendering_policy/syn_ne_dp_literal_minus_rendering_policy_0561.txt,4f9c76a1620d0ac111875a3d24d6bd5a5473c1fc,37070d3935bf5a07194fc214af5d29541f76b2c5
syn_ne_dp_literal_minus_rendering_policy_0562,literal_minus_rendering_policy,AB_CD_x_y_negative_literal_priority,syn_ne_low_ab_cd_sub_vote_0001,synthetic,docs/train_ready/numeric_equation_transformation_rules/work_on/synthetic/low_confidence/syn_ne_low_ab_cd_sub_vote_0001.txt,-10,AB_CD,-,5249,docs/numeric_equation_decision_point_curriculum/literal_minus_rendering_policy/syn_ne_dp_literal_minus_rendering_policy_0562.txt,fca1fa41c63f4b6507caabf93c6489dbfd12a61d,a6a2c9f30e43c6dc307204547cda985f22a1f6de
syn_ne_dp_literal_minus_rendering_policy_0563,literal_minus_rendering_policy,AB_CD_unanimous_literal_minus_rendering,syn_ne_ab_cd_sub_xminusy_len2_0009,synthetic,docs/train_ready/numeric_equation_transformation_rules/work_on/synthetic/ab_cd_subtraction/ab_cd_len2/syn_ne_ab_cd_sub_xminusy_len2_0009.txt,13,AB_CD,-,8079,docs/numeric_equation_decision_point_curriculum/literal_minus_rendering_policy/syn_ne_dp_literal_minus_rendering_policy_0563.txt,0474ed0bd66d826148ae35ebb50253876eb569dd,ed196b8cfae6f67de7ddc479bc510d2599452030
syn_ne_dp_literal_minus_rendering_policy_0564,literal_minus_rendering_policy,BA_DC_unanimous_literal_minus_rendering,syn_ne_ba_dc_sub_abs_0060,synthetic,docs/train_ready/numeric_equation_transformation_rules/work_on/synthetic/ba_dc_subtraction/abs_x_y/syn_ne_ba_dc_sub_abs_0060.txt,-37,BA_DC,-,3849,docs/numeric_equation_decision_point_curriculum/literal_minus_rendering_policy/syn_ne_dp_literal_minus_rendering_policy_0564.txt,06f9ccd750fa3ea35ad355d74619158842f2b831,a3f7cb72dd63eee99eacf444f30592f0e7506198
syn_ne_dp_literal_minus_rendering_policy_0565,literal_minus_rendering_policy,BA_DC_unanimous_literal_minus_rendering,syn_ne_ba_dc_mul_xmuly_0182,synthetic,docs/train_ready/numeric_equation_transformation_rules/work_on/synthetic/ba_dc_multiplication/ba_dc_mul/syn_ne_ba_dc_mul_xmuly_0182.txt,1804,BA_DC,-,2341,docs/numeric_equation_decision_point_curriculum/literal_minus_rendering_policy/syn_ne_dp_literal_minus_rendering_policy_0565.txt,6da7ef22ced596245434ef0ed5955ed2a7d2830f,d19a730671572285341ae5d0f58355ed75d1e014
syn_ne_dp_literal_minus_rendering_policy_0566,literal_minus_rendering_policy,BA_DC_unanimous_literal_minus_rendering,syn_ne_ba_dc_sub_xminusy_0090,synthetic,docs/train_ready/numeric_equation_transformation_rules/work_on/synthetic/ba_dc_subtraction/x_y/syn_ne_ba_dc_sub_xminusy_0090.txt,15,BA_DC,-,2801,docs/numeric_equation_decision_point_curriculum/literal_minus_rendering_policy/syn_ne_dp_literal_minus_rendering_policy_0566.txt,0f40f684fb4f48355fb7e644da143948ad02adac,89969ba738da9fd768e398c561195de77ec90143
syn_ne_dp_literal_minus_rendering_policy_0567,literal_minus_rendering_policy,AB_CD_unanimous_literal_minus_rendering,syn_ne_ab_cd_sub_xminusy_len2_0005,synthetic,docs/train_ready/numeric_equation_transformation_rules/work_on/synthetic/ab_cd_subtraction/ab_cd_len2/syn_ne_ab_cd_sub_xminusy_len2_0005.txt,16,AB_CD,-,8400,docs/numeric_equation_decision_point_curriculum/literal_minus_rendering_policy/syn_ne_dp_literal_minus_rendering_policy_0567.txt,088bd59fddd377f1ccf4a4a94a4520844b97c365,a963e1947523dbaae9d9f33899ac87b6c4715eb0
syn_ne_dp_literal_minus_rendering_policy_0568,literal_minus_rendering_policy,BA_DC_unanimous_literal_minus_rendering,syn_ne_ba_dc_sub_xminusy_0110,synthetic,docs/train_ready/numeric_equation_transformation_rules/work_on/synthetic/ba_dc_subtraction/x_y/syn_ne_ba_dc_sub_xminusy_0110.txt,10,BA_DC,-,4732,docs/numeric_equation_decision_point_curriculum/literal_minus_rendering_policy/syn_ne_dp_literal_minus_rendering_policy_0568.txt,37d9545189ce4bf089a1e9b4dbe3a65e6ee5649c,aaa4121486b9e1d6a4e3f134180f8a40e3fe75ff
syn_ne_dp_literal_minus_rendering_policy_0569,literal_minus_rendering_policy,BA_DC_literal_minus_nonunanimous_policy,syn_ne_low_ba_dc_sub_vote_0086,synthetic,docs/train_ready/numeric_equation_transformation_rules/work_on/synthetic/low_confidence/ba_dc_subtraction/syn_ne_low_ba_dc_sub_vote_0086.txt,-21,BA_DC,-,2328,docs/numeric_equation_decision_point_curriculum/literal_minus_rendering_policy/syn_ne_dp_literal_minus_rendering_policy_0569.txt,2a38be71acedd0171af92f043d0d5400fd1caecd,17fa0f67b29e91ed6fa556dc7468d56ada4dea2e
syn_ne_dp_literal_minus_rendering_policy_0570,literal_minus_rendering_policy,BA_DC_unanimous_literal_minus_rendering,syn_ne_policy_literal_minus_opposite_sign_0016,synthetic,docs/train_ready/numeric_equation_transformation_rules/work_on/synthetic/non_unanimous_policy/literal_minus_opposite_sign/syn_ne_policy_literal_minus_opposite_sign_0016.txt,-24,BA_DC,-,1532,docs/numeric_equation_decision_point_curriculum/literal_minus_rendering_policy/syn_ne_dp_literal_minus_rendering_policy_0570.txt,763c7c0452bc7c3c127573bf61461a1c49f94386,139080802d58c4ddd599bc001138e9f03e85c7d3
syn_ne_dp_literal_minus_rendering_policy_0571,literal_minus_rendering_policy,BA_DC_literal_minus_nonunanimous_policy,syn_ne_low_ba_dc_sub_vote_0088,synthetic,docs/train_ready/numeric_equation_transformation_rules/work_on/synthetic/low_confidence/ba_dc_subtraction/syn_ne_low_ba_dc_sub_vote_0088.txt,-24,BA_DC,-,2328,docs/numeric_equation_decision_point_curriculum/literal_minus_rendering_policy/syn_ne_dp_literal_minus_rendering_policy_0571.txt,1c3482ffa41233e583287796717660fa2945a117,70475cbcb1a5995952320532cb7a6e76c9ae6ba1
syn_ne_dp_literal_minus_rendering_policy_0572,literal_minus_rendering_policy,AB_CD_unanimous_literal_minus_rendering,syn_ne_ab_cd_sub_xminusy_len2_0017,synthetic,docs/train_ready/numeric_equation_transformation_rules/work_on/synthetic/ab_cd_subtraction/ab_cd_len2/syn_ne_ab_cd_sub_xminusy_len2_0017.txt,96,AB_CD,-,8220,docs/numeric_equation_decision_point_curriculum/literal_minus_rendering_policy/syn_ne_dp_literal_minus_rendering_policy_0572.txt,256f8ceb98924410f1482d7f32e9a1a50bfb124f,eff73038bb7368921e11c6099c60488dfb76af3f
syn_ne_dp_literal_minus_rendering_policy_0573,literal_minus_rendering_policy,AB_CD_unanimous_literal_minus_rendering,syn_ne_ab_cd_add_len2_0010,synthetic,docs/train_ready/numeric_equation_transformation_rules/work_on/synthetic/ab_cd_addition/ab_cd_len2/syn_ne_ab_cd_add_len2_0010.txt,44,AB_CD,-,9126,docs/numeric_equation_decision_point_curriculum/literal_minus_rendering_policy/syn_ne_dp_literal_minus_rendering_policy_0573.txt,b94216ab111a265168889da13de8cf6ca47cb812,b4b585f4dba016701dfdb8c53cf8aef89209dfae
syn_ne_dp_literal_minus_rendering_policy_0574,literal_minus_rendering_policy,BA_DC_literal_minus_nonunanimous_policy,syn_ne_policy_ba_dc_y_x_negative_literal_vote_0001,synthetic,docs/train_ready/numeric_equation_transformation_rules/work_on/synthetic/non_unanimous_policy/ba_dc_y_x_negative_literal_vote/syn_ne_policy_ba_dc_y_x_negative_literal_vote_0001.txt,-22,BA_DC,-,1430,docs/numeric_equation_decision_point_curriculum/literal_minus_rendering_policy/syn_ne_dp_literal_minus_rendering_policy_0574.txt,4cbfcab62a9fb7d98ff6a399a077ad66f10c07b6,3b1651f78438f6be1a04d665ed4a9ad4c6cd3a61
syn_ne_dp_literal_minus_rendering_policy_0575,literal_minus_rendering_policy,AB_CD_unanimous_literal_minus_rendering,syn_ne_ab_cd_sub_xminusy_len1_0001,synthetic,docs/train_ready/numeric_equation_transformation_rules/work_on/synthetic/ab_cd_subtraction/ab_cd_len1/syn_ne_ab_cd_sub_xminusy_len1_0001.txt,1,AB_CD,-,5527,docs/numeric_equation_decision_point_curriculum/literal_minus_rendering_policy/syn_ne_dp_literal_minus_rendering_policy_0575.txt,22c0ace5d1cadc9bc5c22676856e21e38f6695ba,00b1141fb9afe1a171c53cdc9fb3471f6eeb2948
syn_ne_dp_literal_minus_rendering_policy_0576,literal_minus_rendering_policy,BA_DC_unanimous_literal_minus_rendering,syn_ne_policy_literal_minus_opposite_sign_0029,synthetic,docs/train_ready/numeric_equation_transformation_rules/work_on/synthetic/non_unanimous_policy/literal_minus_opposite_sign/syn_ne_policy_literal_minus_opposite_sign_0029.txt,-44,BA_DC,-,1520,docs/numeric_equation_decision_point_curriculum/literal_minus_rendering_policy/syn_ne_dp_literal_minus_rendering_policy_0576.txt,9621350823bff68e9e687537bbbee1912e03d4b6,6c88eefa4fac78e5b85957661110ee568af9da09
syn_ne_dp_literal_minus_rendering_policy_0577,literal_minus_rendering_policy,BA_DC_literal_minus_nonunanimous_policy,syn_ne_low_ba_dc_sub_vote_0091,synthetic,docs/train_ready/numeric_equation_transformation_rules/work_on/synthetic/low_confidence/ba_dc_subtraction/syn_ne_low_ba_dc_sub_vote_0091.txt,-31,BA_DC,-,2328,docs/numeric_equation_decision_point_curriculum/literal_minus_rendering_policy/syn_ne_dp_literal_minus_rendering_policy_0577.txt,12cd783c705bfdaa65a6899b6b53259eaeb2ffae,f4b27588878cbf1d10368251fc36d785e3d1b57b
syn_ne_dp_literal_minus_rendering_policy_0578,literal_minus_rendering_policy,BA_DC_literal_minus_nonunanimous_policy,syn_ne_low_ba_dc_sub_vote_0092,synthetic,docs/train_ready/numeric_equation_transformation_rules/work_on/synthetic/low_confidence/ba_dc_subtraction/syn_ne_low_ba_dc_sub_vote_0092.txt,-32,BA_DC,-,2328,docs/numeric_equation_decision_point_curriculum/literal_minus_rendering_policy/syn_ne_dp_literal_minus_rendering_policy_0578.txt,28585c5485ce3db70169b6281b46025cf74aeadc,416680932740d82dd2436a8f2b5f65e95ba07ac2
syn_ne_dp_literal_minus_rendering_policy_0579,literal_minus_rendering_policy,AB_CD_unanimous_literal_minus_rendering,syn_ne_ab_cd_mul_plus1_len3_0022,synthetic,docs/train_ready/numeric_equation_transformation_rules/work_on/synthetic/ab_cd_multiplication/ab_cd_mul_plus1/syn_ne_ab_cd_mul_plus1_len3_0022.txt,871,AB_CD,-,9148,docs/numeric_equation_decision_point_curriculum/literal_minus_rendering_policy/syn_ne_dp_literal_minus_rendering_policy_0579.txt,48fc4df4794f21b4c651d49cb157c06a27725b60,79dbf2c4a6be3a7f9cfc2fc29115a723347977e8
syn_ne_dp_literal_minus_rendering_policy_0580,literal_minus_rendering_policy,AB_CD_unanimous_literal_minus_rendering,syn_ne_ab_cd_sub_xminusy_len1_0007,synthetic,docs/train_ready/numeric_equation_transformation_rules/work_on/synthetic/ab_cd_subtraction/ab_cd_len1/syn_ne_ab_cd_sub_xminusy_len1_0007.txt,5,AB_CD,-,4941,docs/numeric_equation_decision_point_curriculum/literal_minus_rendering_policy/syn_ne_dp_literal_minus_rendering_policy_0580.txt,a7c7bc59ad79fb42fdadf0ecbb19688094c5fa17,dd0d9478b36496e6eabf7e82ccb840f9e9b7abe1
syn_ne_dp_literal_minus_rendering_policy_0581,literal_minus_rendering_policy,BA_DC_unanimous_literal_minus_rendering,syn_ne_ba_dc_mul_xmulyminus1_0056,synthetic,docs/train_ready/numeric_equation_transformation_rules/work_on/synthetic/ba_dc_multiplication/ba_dc_mul_minus_1/syn_ne_ba_dc_mul_xmulyminus1_0056.txt,7001,BA_DC,-,3953,docs/numeric_equation_decision_point_curriculum/literal_minus_rendering_policy/syn_ne_dp_literal_minus_rendering_policy_0581.txt,78707ec97e62d3b6ff0c92df1531dbdb31474d06,6c1ca36e1068f192005db0b2c0865882e72cc230
syn_ne_dp_literal_minus_rendering_policy_0582,literal_minus_rendering_policy,AB_CD_unanimous_literal_minus_rendering,syn_ne_ab_cd_sub_xminusy_mix_0009,synthetic,docs/train_ready/numeric_equation_transformation_rules/work_on/synthetic/ab_cd_subtraction/ab_cd_mix/syn_ne_ab_cd_sub_xminusy_mix_0009.txt,93,AB_CD,-,5009,docs/numeric_equation_decision_point_curriculum/literal_minus_rendering_policy/syn_ne_dp_literal_minus_rendering_policy_0582.txt,8259147490120752759993e0416ec342fe348f41,d6ab2e70372de0b2499cb50f49be1391eea0bdbc
syn_ne_dp_literal_minus_rendering_policy_0583,literal_minus_rendering_policy,BA_DC_unanimous_literal_minus_rendering,syn_ne_ba_dc_mul_xmulyminus1_0092,synthetic,docs/train_ready/numeric_equation_transformation_rules/work_on/synthetic/ba_dc_multiplication/ba_dc_mul_minus_1/syn_ne_ba_dc_mul_xmulyminus1_0092.txt,7214,BA_DC,-,3953,docs/numeric_equation_decision_point_curriculum/literal_minus_rendering_policy/syn_ne_dp_literal_minus_rendering_policy_0583.txt,f39a67c1fd92f85b7b254b69ae1adb522d8f3b28,117890ecffa56576e9d0fc412f7b9abe716997ed
syn_ne_dp_literal_minus_rendering_policy_0584,literal_minus_rendering_policy,AB_CD_unanimous_literal_minus_rendering,syn_ne_ab_cd_mul_len3_0022,synthetic,docs/train_ready/numeric_equation_transformation_rules/work_on/synthetic/ab_cd_multiplication/ab_cd_mul/syn_ne_ab_cd_mul_len3_0022.txt,969,AB_CD,-,8443,docs/numeric_equation_decision_point_curriculum/literal_minus_rendering_policy/syn_ne_dp_literal_minus_rendering_policy_0584.txt,db3a9097f462f09dff0a2068397d0df1658582f0,2c22c4d7b64900a1860cfc8f55b56570ad9ee806
syn_ne_dp_literal_minus_rendering_policy_0585,literal_minus_rendering_policy,BA_DC_unanimous_literal_minus_rendering,syn_ne_ba_dc_sub_xminusy_0180,synthetic,docs/train_ready/numeric_equation_transformation_rules/work_on/synthetic/ba_dc_subtraction/x_y/syn_ne_ba_dc_sub_xminusy_0180.txt,43,BA_DC,-,2802,docs/numeric_equation_decision_point_curriculum/literal_minus_rendering_policy/syn_ne_dp_literal_minus_rendering_policy_0585.txt,73a7c2097544a54a92c4948beb71741c9ddea54c,7b77685ff0e306e296b608ea73cfe2927e142ac0
syn_ne_dp_literal_minus_rendering_policy_0586,literal_minus_rendering_policy,BA_DC_x_y_positive_nonunanimous_policy,syn_ne_low_ba_dc_sub_vote_0012,synthetic,docs/train_ready/numeric_equation_transformation_rules/work_on/synthetic/low_confidence/ba_dc_subtraction/syn_ne_low_ba_dc_sub_vote_0012.txt,34,BA_DC,-,1457,docs/numeric_equation_decision_point_curriculum/literal_minus_rendering_policy/syn_ne_dp_literal_minus_rendering_policy_0586.txt,fbd6142bf32f3e9c1db7209c3e2a99d638da6151,c4c8c154e5e90b9eeb7a3335529c5cc870316eac
syn_ne_dp_literal_minus_rendering_policy_0587,literal_minus_rendering_policy,BA_DC_unanimous_literal_minus_rendering,syn_ne_ba_dc_sub_xminusy_0080,synthetic,docs/train_ready/numeric_equation_transformation_rules/work_on/synthetic/ba_dc_subtraction/x_y/syn_ne_ba_dc_sub_xminusy_0080.txt,16,BA_DC,-,4721,docs/numeric_equation_decision_point_curriculum/literal_minus_rendering_policy/syn_ne_dp_literal_minus_rendering_policy_0587.txt,8a638958ff121128a7f0687e178eaeefb07db78d,a963e1947523dbaae9d9f33899ac87b6c4715eb0
syn_ne_dp_literal_minus_rendering_policy_0588,literal_minus_rendering_policy,BA_DC_literal_minus_nonunanimous_policy,syn_ne_policy_ba_dc_y_x_negative_literal_vote_0002,synthetic,docs/train_ready/numeric_equation_transformation_rules/work_on/synthetic/non_unanimous_policy/ba_dc_y_x_negative_literal_vote/syn_ne_policy_ba_dc_y_x_negative_literal_vote_0002.txt,-92,BA_DC,-,1352,docs/numeric_equation_decision_point_curriculum/literal_minus_rendering_policy/syn_ne_dp_literal_minus_rendering_policy_0588.txt,8e61acb5659b961652805f20a1337f6656ab5455,7463177b2a0e32c4992e4d8e9dc918d3d436a060
syn_ne_dp_literal_minus_rendering_policy_0589,literal_minus_rendering_policy,AB_CD_x_y_negative_literal_priority,syn_ne_low_ab_cd_sub_vote_0013,synthetic,docs/train_ready/numeric_equation_transformation_rules/work_on/synthetic/low_confidence/syn_ne_low_ab_cd_sub_vote_0013.txt,-13,AB_CD,-,5249,docs/numeric_equation_decision_point_curriculum/literal_minus_rendering_policy/syn_ne_dp_literal_minus_rendering_policy_0589.txt,c3b0287b119f7f0c809f602cdac8d9379b44774a,229f3794562e589134cbe534cbb103c59e327d05
syn_ne_dp_literal_minus_rendering_policy_0590,literal_minus_rendering_policy,AB_CD_unanimous_literal_minus_rendering,syn_ne_ab_cd_sub_xminusy_mix_0011,synthetic,docs/train_ready/numeric_equation_transformation_rules/work_on/synthetic/ab_cd_subtraction/ab_cd_mix/syn_ne_ab_cd_sub_xminusy_mix_0011.txt,-50,AB_CD,-,8829,docs/numeric_equation_decision_point_curriculum/literal_minus_rendering_policy/syn_ne_dp_literal_minus_rendering_policy_0590.txt,abeec85d351cb51de9266fdc160311cc39e36815,0af6f7c49f79ad019a6bb863aafc4eba092a8118
syn_ne_dp_literal_minus_rendering_policy_0591,literal_minus_rendering_policy,AB_CD_unanimous_literal_minus_rendering,syn_ne_ab_cd_sub_xminusy_len1_0009,synthetic,docs/train_ready/numeric_equation_transformation_rules/work_on/synthetic/ab_cd_subtraction/ab_cd_len1/syn_ne_ab_cd_sub_xminusy_len1_0009.txt,1,AB_CD,-,3299,docs/numeric_equation_decision_point_curriculum/literal_minus_rendering_policy/syn_ne_dp_literal_minus_rendering_policy_0591.txt,8de9469acdb890febf8f1c24dbbdc20465c668cc,00b1141fb9afe1a171c53cdc9fb3471f6eeb2948
syn_ne_dp_literal_minus_rendering_policy_0592,literal_minus_rendering_policy,BA_DC_literal_minus_nonunanimous_policy,syn_ne_low_ba_dc_sub_vote_0098,synthetic,docs/train_ready/numeric_equation_transformation_rules/work_on/synthetic/low_confidence/ba_dc_subtraction/syn_ne_low_ba_dc_sub_vote_0098.txt,-43,BA_DC,-,2328,docs/numeric_equation_decision_point_curriculum/literal_minus_rendering_policy/syn_ne_dp_literal_minus_rendering_policy_0592.txt,4b24cfc53742ea9bfdc68a642d6c86f4afb84b8b,8e27aab5cd07c4e3648bb077a77262e71c23d1d9
syn_ne_dp_literal_minus_rendering_policy_0593,literal_minus_rendering_policy,BA_DC_literal_minus_nonunanimous_policy,syn_ne_low_ba_dc_sub_vote_0089,synthetic,docs/train_ready/numeric_equation_transformation_rules/work_on/synthetic/low_confidence/ba_dc_subtraction/syn_ne_low_ba_dc_sub_vote_0089.txt,-25,BA_DC,-,2328,docs/numeric_equation_decision_point_curriculum/literal_minus_rendering_policy/syn_ne_dp_literal_minus_rendering_policy_0593.txt,c896b8ed094f498717556254e0cd19e2c07f5b9a,458cbe3518a86830a3283fd4f6c85a9cdb7b1f66
syn_ne_dp_literal_minus_rendering_policy_0594,literal_minus_rendering_policy,BA_DC_unanimous_literal_minus_rendering,syn_ne_policy_literal_minus_opposite_sign_0024,synthetic,docs/train_ready/numeric_equation_transformation_rules/work_on/synthetic/non_unanimous_policy/literal_minus_opposite_sign/syn_ne_policy_literal_minus_opposite_sign_0024.txt,-7,BA_DC,-,1512,docs/numeric_equation_decision_point_curriculum/literal_minus_rendering_policy/syn_ne_dp_literal_minus_rendering_policy_0594.txt,e5f87cff86bd936443e13b75db3f3d50cb53e45d,0ab542300a68486adb1a83cb1a8209a5d616cfd2
syn_ne_dp_literal_minus_rendering_policy_0595,literal_minus_rendering_policy,BA_DC_unanimous_literal_minus_rendering,syn_ne_policy_literal_minus_opposite_sign_0006,synthetic,docs/train_ready/numeric_equation_transformation_rules/work_on/synthetic/non_unanimous_policy/literal_minus_opposite_sign/syn_ne_policy_literal_minus_opposite_sign_0006.txt,-31,BA_DC,-,1532,docs/numeric_equation_decision_point_curriculum/literal_minus_rendering_policy/syn_ne_dp_literal_minus_rendering_policy_0595.txt,67516d1f46f20cbaf4425e71713a5eb00b9b7b55,1f55861896555d75ecfa85fb8704916716c969b3
syn_ne_dp_literal_minus_rendering_policy_0596,literal_minus_rendering_policy,AB_CD_unanimous_literal_minus_rendering,syn_ne_ab_cd_mul_len3_0003,synthetic,docs/train_ready/numeric_equation_transformation_rules/work_on/synthetic/ab_cd_multiplication/ab_cd_mul/syn_ne_ab_cd_mul_len3_0003.txt,660,AB_CD,-,5969,docs/numeric_equation_decision_point_curriculum/literal_minus_rendering_policy/syn_ne_dp_literal_minus_rendering_policy_0596.txt,64f6b92739a445591a0da973760d48c758d4d4cb,f885b229df594b5f7252d28c38cd62815e9ec0cb
syn_ne_dp_literal_minus_rendering_policy_0597,literal_minus_rendering_policy,BA_DC_unanimous_literal_minus_rendering,syn_ne_ba_dc_mul_xmuly_0074,synthetic,docs/train_ready/numeric_equation_transformation_rules/work_on/synthetic/ba_dc_multiplication/ba_dc_mul/syn_ne_ba_dc_mul_xmuly_0074.txt,8483,BA_DC,-,2341,docs/numeric_equation_decision_point_curriculum/literal_minus_rendering_policy/syn_ne_dp_literal_minus_rendering_policy_0597.txt,ebf635848e5d5d4a96f56f41c2c7fd51bff757d6,e2ac7bbea29c90f80eef3113faa254ebe5b29381
syn_ne_dp_literal_minus_rendering_policy_0598,literal_minus_rendering_policy,BA_DC_unanimous_literal_minus_rendering,syn_ne_ba_dc_mul_xmuly_0236,synthetic,docs/train_ready/numeric_equation_transformation_rules/work_on/synthetic/ba_dc_multiplication/ba_dc_mul/syn_ne_ba_dc_mul_xmuly_0236.txt,0503,BA_DC,-,2341,docs/numeric_equation_decision_point_curriculum/literal_minus_rendering_policy/syn_ne_dp_literal_minus_rendering_policy_0598.txt,804dc2fc4e080f99eb1bf46963d399dbaf4e8eb1,dbf8de404866ef340db3897ae5f25aacb0e3f6d3
syn_ne_dp_literal_minus_rendering_policy_0599,literal_minus_rendering_policy,BA_DC_unanimous_literal_minus_rendering,syn_ne_ba_dc_sub_abs_0030,synthetic,docs/train_ready/numeric_equation_transformation_rules/work_on/synthetic/ba_dc_subtraction/abs_x_y/syn_ne_ba_dc_sub_abs_0030.txt,-28,BA_DC,-,3881,docs/numeric_equation_decision_point_curriculum/literal_minus_rendering_policy/syn_ne_dp_literal_minus_rendering_policy_0599.txt,399b65b061bd345cc0d582249866b140f8d8cb53,808a212f927a08353b41841292892591b57d4d29
syn_ne_dp_literal_minus_rendering_policy_0600,literal_minus_rendering_policy,BA_DC_unanimous_literal_minus_rendering,syn_ne_policy_literal_minus_opposite_sign_0023,synthetic,docs/train_ready/numeric_equation_transformation_rules/work_on/synthetic/non_unanimous_policy/literal_minus_opposite_sign/syn_ne_policy_literal_minus_opposite_sign_0023.txt,-5,BA_DC,-,1524,docs/numeric_equation_decision_point_curriculum/literal_minus_rendering_policy/syn_ne_dp_literal_minus_rendering_policy_0600.txt,4139437a965d7a8e77a8b8f7e345ba2451fc9235,e7abec26fb97ff115f62024cdc057d934813c66b
syn_ne_dp_literal_minus_rendering_policy_0601,literal_minus_rendering_policy,BA_DC_unanimous_literal_minus_rendering,syn_ne_policy_literal_minus_opposite_sign_0026,synthetic,docs/train_ready/numeric_equation_transformation_rules/work_on/synthetic/non_unanimous_policy/literal_minus_opposite_sign/syn_ne_policy_literal_minus_opposite_sign_0026.txt,-25,BA_DC,-,1520,docs/numeric_equation_decision_point_curriculum/literal_minus_rendering_policy/syn_ne_dp_literal_minus_rendering_policy_0601.txt,8fc54d6dd65c41abd44c5d6bf15dedbfd6514403,dcc8d7aaaccece2aab466800fee3ef356aa03507
syn_ne_dp_literal_minus_rendering_policy_0602,literal_minus_rendering_policy,BA_DC_literal_minus_nonunanimous_policy,syn_ne_low_ba_dc_sub_vote_0083,synthetic,docs/train_ready/numeric_equation_transformation_rules/work_on/synthetic/low_confidence/ba_dc_subtraction/syn_ne_low_ba_dc_sub_vote_0083.txt,-14,BA_DC,-,2328,docs/numeric_equation_decision_point_curriculum/literal_minus_rendering_policy/syn_ne_dp_literal_minus_rendering_policy_0602.txt,376204d5f9d634d9bd196a4ce225dcb0fefa7aad,52ddde9dddc3f8972cc5c4c1f3d65e32e634d6fb
syn_ne_dp_literal_minus_rendering_policy_0603,literal_minus_rendering_policy,BA_DC_unanimous_literal_minus_rendering,syn_ne_ba_dc_mul_xmulyminus1_0074,synthetic,docs/train_ready/numeric_equation_transformation_rules/work_on/synthetic/ba_dc_multiplication/ba_dc_mul_minus_1/syn_ne_ba_dc_mul_xmulyminus1_0074.txt,7235,BA_DC,-,3953,docs/numeric_equation_decision_point_curriculum/literal_minus_rendering_policy/syn_ne_dp_literal_minus_rendering_policy_0603.txt,388d5d0a2dc8afc6628a6e118b9c7294394d4a3b,8e238323b768c0ab11654ef99076d6f51263e901
syn_ne_dp_literal_minus_rendering_policy_0604,literal_minus_rendering_policy,BA_DC_unanimous_literal_minus_rendering,syn_ne_ba_dc_sub_xminusy_0040,synthetic,docs/train_ready/numeric_equation_transformation_rules/work_on/synthetic/ba_dc_subtraction/x_y/syn_ne_ba_dc_sub_xminusy_0040.txt,18,BA_DC,-,3761,docs/numeric_equation_decision_point_curriculum/literal_minus_rendering_policy/syn_ne_dp_literal_minus_rendering_policy_0604.txt,70f0411abb35cbfc2ed0f6ab82dfa634f23bde59,1eb85e76f481ac7d1bb9a0e3831c4a1020f78600
syn_ne_dp_literal_minus_rendering_policy_0605,literal_minus_rendering_policy,AB_CD_unanimous_literal_minus_rendering,syn_ne_ab_cd_mul_plus1_len4_0029,synthetic,docs/train_ready/numeric_equation_transformation_rules/work_on/synthetic/ab_cd_multiplication/ab_cd_mul_plus1/syn_ne_ab_cd_mul_plus1_len4_0029.txt,1359,AB_CD,-,6717,docs/numeric_equation_decision_point_curriculum/literal_minus_rendering_policy/syn_ne_dp_literal_minus_rendering_policy_0605.txt,50f1832003a365a332ab5b1c1752da584c18ad1f,62f0d87833308423b221c6f7645b560ab2dff131
syn_ne_dp_literal_minus_rendering_policy_0606,literal_minus_rendering_policy,BA_DC_unanimous_literal_minus_rendering,syn_ne_ba_dc_sub_abs_0020,synthetic,docs/train_ready/numeric_equation_transformation_rules/work_on/synthetic/ba_dc_subtraction/abs_x_y/syn_ne_ba_dc_sub_abs_0020.txt,-84,BA_DC,-,6728,docs/numeric_equation_decision_point_curriculum/literal_minus_rendering_policy/syn_ne_dp_literal_minus_rendering_policy_0606.txt,981ed582726038a1ba0525d6a49a4de4866b5ebf,4716b6ad216a8e810509d3ba8e79606da9ecef83
syn_ne_dp_literal_minus_rendering_policy_0607,literal_minus_rendering_policy,BA_DC_unanimous_literal_minus_rendering,syn_ne_ba_dc_mul_xmuly_0254,synthetic,docs/train_ready/numeric_equation_transformation_rules/work_on/synthetic/ba_dc_multiplication/ba_dc_mul/syn_ne_ba_dc_mul_xmuly_0254.txt,6656,BA_DC,-,2341,docs/numeric_equation_decision_point_curriculum/literal_minus_rendering_policy/syn_ne_dp_literal_minus_rendering_policy_0607.txt,48ea6e4593ba9e74e7d61552201eeac93554440c,57ab8b3e901d83dacfaa7c9267269e7bcacf542b
syn_ne_dp_literal_minus_rendering_policy_0608,literal_minus_rendering_policy,AB_CD_unanimous_literal_minus_rendering,syn_ne_ab_cd_add_plus1_mix_0019,synthetic,docs/train_ready/numeric_equation_transformation_rules/work_on/synthetic/ab_cd_addition/ab_cd_mix/syn_ne_ab_cd_add_plus1_mix_0019.txt,88,AB_CD,-,5332,docs/numeric_equation_decision_point_curriculum/literal_minus_rendering_policy/syn_ne_dp_literal_minus_rendering_policy_0608.txt,7b7b995d1d602094b0e1d90b4c49bc06f431ac49,1e07153111ad2992b386a8d331893f922dcb4346
syn_ne_dp_literal_minus_rendering_policy_0609,literal_minus_rendering_policy,AB_CD_unanimous_literal_minus_rendering,syn_ne_opabs_tlock_0134_helper_0007,synthetic,synthetic/operator_absence_direct_template_motif_lock/0134_helper,50,AB_CD,-,2437,docs/numeric_equation_decision_point_curriculum/literal_minus_rendering_policy/syn_ne_dp_literal_minus_rendering_policy_0609.txt,30977d63c08e8f0db7db00f0b00c41795bcc28db,6acb47c4ac87607a0283da2f5b2258d06c2e7b79
syn_ne_dp_literal_minus_rendering_policy_0610,literal_minus_rendering_policy,AB_CD_unanimous_literal_minus_rendering,syn_ne_opabs_tlock_0134_helper_0004,synthetic,synthetic/operator_absence_direct_template_motif_lock/0134_helper,50,AB_CD,-,2369,docs/numeric_equation_decision_point_curriculum/literal_minus_rendering_policy/syn_ne_dp_literal_minus_rendering_policy_0610.txt,feb47c23755f32a8eb3e0c226bbe9694f380909a,6acb47c4ac87607a0283da2f5b2258d06c2e7b79
syn_ne_dp_literal_minus_rendering_policy_0611,literal_minus_rendering_policy,AB_CD_unanimous_literal_minus_rendering,syn_ne_ab_cd_add_minus1_len2_0010,synthetic,docs/train_ready/numeric_equation_transformation_rules/work_on/synthetic/ab_cd_addition/ab_cd_len2/syn_ne_ab_cd_add_minus1_len2_0010.txt,75,AB_CD,-,10081,docs/numeric_equation_decision_point_curriculum/literal_minus_rendering_policy/syn_ne_dp_literal_minus_rendering_policy_0611.txt,b89d5352aa6c34c78edb71e237f19bf875b28c85,fac6f03e5d3a69ebe73ba65c1c1f66029cc1e5e0
syn_ne_dp_literal_minus_rendering_policy_0612,literal_minus_rendering_policy,AB_CD_unanimous_literal_minus_rendering,syn_ne_ab_cd_mul_minus1_len4_0010,synthetic,docs/train_ready/numeric_equation_transformation_rules/work_on/synthetic/ab_cd_multiplication/ab_cd_mul_minus1/syn_ne_ab_cd_mul_minus1_len4_0010.txt,7119,AB_CD,-,6198,docs/numeric_equation_decision_point_curriculum/literal_minus_rendering_policy/syn_ne_dp_literal_minus_rendering_policy_0612.txt,68f81b90b4e47558bf8585a64222d0d19ccf491a,8ad7089369eee2221f83b3b533089e11676529d5
syn_ne_dp_literal_minus_rendering_policy_0613,literal_minus_rendering_policy,BA_DC_unanimous_literal_minus_rendering,syn_ne_ba_dc_mul_xmuly_0092,synthetic,docs/train_ready/numeric_equation_transformation_rules/work_on/synthetic/ba_dc_multiplication/ba_dc_mul/syn_ne_ba_dc_mul_xmuly_0092.txt,2221,BA_DC,-,2341,docs/numeric_equation_decision_point_curriculum/literal_minus_rendering_policy/syn_ne_dp_literal_minus_rendering_policy_0613.txt,c0148d49247ac8b8a4f7e7d228cc0e70f1460f7f,aca96eda5b1dcb403f5916921c082bda8056df7e
syn_ne_dp_literal_minus_rendering_policy_0614,literal_minus_rendering_policy,BA_DC_literal_minus_nonunanimous_policy,syn_ne_low_ba_dc_sub_vote_0081,synthetic,docs/train_ready/numeric_equation_transformation_rules/work_on/synthetic/low_confidence/ba_dc_subtraction/syn_ne_low_ba_dc_sub_vote_0081.txt,-12,BA_DC,-,2328,docs/numeric_equation_decision_point_curriculum/literal_minus_rendering_policy/syn_ne_dp_literal_minus_rendering_policy_0614.txt,c08d6f3c864fb24c7df58ef34a45637bfcc8117d,dd2e04e3deee6269f6e251d19237b0c48f1fa441
syn_ne_dp_literal_minus_rendering_policy_0615,literal_minus_rendering_policy,AB_CD_unanimous_literal_minus_rendering,syn_ne_ab_cd_sub_xminusy_mix_0015,synthetic,docs/train_ready/numeric_equation_transformation_rules/work_on/synthetic/ab_cd_subtraction/ab_cd_mix/syn_ne_ab_cd_sub_xminusy_mix_0015.txt,-52,AB_CD,-,5031,docs/numeric_equation_decision_point_curriculum/literal_minus_rendering_policy/syn_ne_dp_literal_minus_rendering_policy_0615.txt,8d71c9e42b2762eb7355e75ad3eeb849a16b008b,eacf3eb39cc4218147be83fefa482a54b56d3c3b
syn_ne_dp_literal_minus_rendering_policy_0616,literal_minus_rendering_policy,BA_DC_unanimous_literal_minus_rendering,syn_ne_ba_dc_sub_xminusy_0030,synthetic,docs/train_ready/numeric_equation_transformation_rules/work_on/synthetic/ba_dc_subtraction/x_y/syn_ne_ba_dc_sub_xminusy_0030.txt,28,BA_DC,-,2802,docs/numeric_equation_decision_point_curriculum/literal_minus_rendering_policy/syn_ne_dp_literal_minus_rendering_policy_0616.txt,4de7560fe539db55061b8cb8d3aeb894231c28f1,7c309ed7b719fdbb7c7719dc8986e23e5c680731
syn_ne_dp_literal_minus_rendering_policy_0617,literal_minus_rendering_policy,AB_CD_unanimous_literal_minus_rendering,syn_ne_ab_cd_sub_xminusy_len1_0005,synthetic,docs/train_ready/numeric_equation_transformation_rules/work_on/synthetic/ab_cd_subtraction/ab_cd_len1/syn_ne_ab_cd_sub_xminusy_len1_0005.txt,8,AB_CD,-,6929,docs/numeric_equation_decision_point_curriculum/literal_minus_rendering_policy/syn_ne_dp_literal_minus_rendering_policy_0617.txt,6368a41e82f631ec2b365d51e7f3620a02f800f7,aa67ae92eaf943dd2ba70ea273b11489aba9e9b1
syn_ne_dp_literal_minus_rendering_policy_0618,literal_minus_rendering_policy,BA_DC_unanimous_literal_minus_rendering,syn_ne_ba_dc_mul_xmuly_0038,synthetic,docs/train_ready/numeric_equation_transformation_rules/work_on/synthetic/ba_dc_multiplication/ba_dc_mul/syn_ne_ba_dc_mul_xmuly_0038.txt,8083,BA_DC,-,2341,docs/numeric_equation_decision_point_curriculum/literal_minus_rendering_policy/syn_ne_dp_literal_minus_rendering_policy_0618.txt,ed7a93f09c0e7f2f9f4df706b86b264d91b85149,2f9f8e91c3aa4bd5d8aaecd15bd768a123f022dd
syn_ne_dp_literal_minus_rendering_policy_0619,literal_minus_rendering_policy,BA_DC_unanimous_literal_minus_rendering,syn_ne_policy_literal_minus_opposite_sign_0003,synthetic,docs/train_ready/numeric_equation_transformation_rules/work_on/synthetic/non_unanimous_policy/literal_minus_opposite_sign/syn_ne_policy_literal_minus_opposite_sign_0003.txt,-91,BA_DC,-,1532,docs/numeric_equation_decision_point_curriculum/literal_minus_rendering_policy/syn_ne_dp_literal_minus_rendering_policy_0619.txt,7e173be5f9ce164ad1f062589540453fd04410b5,9a389b51a7cc10ca506042ba4866c19de43a179f
syn_ne_dp_literal_minus_rendering_policy_0620,literal_minus_rendering_policy,BA_DC_unanimous_literal_minus_rendering,syn_ne_policy_literal_minus_opposite_sign_0028,synthetic,docs/train_ready/numeric_equation_transformation_rules/work_on/synthetic/non_unanimous_policy/literal_minus_opposite_sign/syn_ne_policy_literal_minus_opposite_sign_0028.txt,-92,BA_DC,-,1532,docs/numeric_equation_decision_point_curriculum/literal_minus_rendering_policy/syn_ne_dp_literal_minus_rendering_policy_0620.txt,90fd1422c0f251773cb225b0d2f5e8e8b98dae9a,e67743281dbb7aa0b81304016df83abd0bb1d114
syn_ne_dp_literal_minus_rendering_policy_0621,literal_minus_rendering_policy,AB_CD_unanimous_literal_minus_rendering,syn_ne_ab_cd_sub_abs_len2_0001,synthetic,docs/train_ready/numeric_equation_transformation_rules/work_on/synthetic/ab_cd_subtraction/ab_cd_len2/syn_ne_ab_cd_sub_abs_len2_0001.txt,-15,AB_CD,-,9113,docs/numeric_equation_decision_point_curriculum/literal_minus_rendering_policy/syn_ne_dp_literal_minus_rendering_policy_0621.txt,a45ef47810dcc2eb576ac5083d9679733768f831,7fcc10d2a37cecb29d129396cab8bdb40f9039b6
syn_ne_dp_literal_minus_rendering_policy_0622,literal_minus_rendering_policy,AB_CD_unanimous_literal_minus_rendering,syn_ne_ab_cd_add_plus1_len3_0026,synthetic,docs/train_ready/numeric_equation_transformation_rules/work_on/synthetic/ab_cd_addition/ab_cd_len3/syn_ne_ab_cd_add_plus1_len3_0026.txt,103,AB_CD,-,7865,docs/numeric_equation_decision_point_curriculum/literal_minus_rendering_policy/syn_ne_dp_literal_minus_rendering_policy_0622.txt,9e6cc4189a1ceb21e5b0c434395c0e46bf91fd94,860c46f27a92c3e93e896b1f35ff941d341de879
syn_ne_dp_literal_minus_rendering_policy_0623,literal_minus_rendering_policy,BA_DC_unanimous_literal_minus_rendering,syn_ne_policy_literal_minus_opposite_sign_0022,synthetic,docs/train_ready/numeric_equation_transformation_rules/work_on/synthetic/non_unanimous_policy/literal_minus_opposite_sign/syn_ne_policy_literal_minus_opposite_sign_0022.txt,-02,BA_DC,-,1532,docs/numeric_equation_decision_point_curriculum/literal_minus_rendering_policy/syn_ne_dp_literal_minus_rendering_policy_0623.txt,ead7869ab26c05003d34b6a6dc21a10b25226525,80be07b58bf7b010478e91939abc331686fe0ee0
syn_ne_dp_literal_minus_rendering_policy_0624,literal_minus_rendering_policy,AB_CD_unanimous_literal_minus_rendering,syn_ne_ab_cd_mul_plus1_len3_0003,synthetic,docs/train_ready/numeric_equation_transformation_rules/work_on/synthetic/ab_cd_multiplication/ab_cd_mul_plus1/syn_ne_ab_cd_mul_plus1_len3_0003.txt,778,AB_CD,-,6612,docs/numeric_equation_decision_point_curriculum/literal_minus_rendering_policy/syn_ne_dp_literal_minus_rendering_policy_0624.txt,c1ec2a2d11c9e2590908370f13e3de6ddfd3cb09,1129153728fe4e23a458a20d2f7dfa12248895ac
syn_ne_dp_literal_minus_rendering_policy_0625,literal_minus_rendering_policy,BA_DC_unanimous_literal_minus_rendering,syn_ne_policy_literal_minus_opposite_sign_0012,synthetic,docs/train_ready/numeric_equation_transformation_rules/work_on/synthetic/non_unanimous_policy/literal_minus_opposite_sign/syn_ne_policy_literal_minus_opposite_sign_0012.txt,-04,BA_DC,-,1532,docs/numeric_equation_decision_point_curriculum/literal_minus_rendering_policy/syn_ne_dp_literal_minus_rendering_policy_0625.txt,3fa2c9382b57694dcce5e58a77d734c7107148cf,20f89b0041e102eeeec1c4db5e7c574a2460a9ad
syn_ne_dp_literal_minus_rendering_policy_0626,literal_minus_rendering_policy,AB_CD_unanimous_literal_minus_rendering,syn_ne_ab_cd_add_minus1_len3_0003,synthetic,docs/train_ready/numeric_equation_transformation_rules/work_on/synthetic/ab_cd_addition/ab_cd_len3/syn_ne_ab_cd_add_minus1_len3_0003.txt,14,AB_CD,-,9047,docs/numeric_equation_decision_point_curriculum/literal_minus_rendering_policy/syn_ne_dp_literal_minus_rendering_policy_0626.txt,235d2406578be66365515677824ac1bbaa91866f,c3d81607e208190616718af282d6801c28da5ff1
syn_ne_dp_literal_minus_rendering_policy_0627,literal_minus_rendering_policy,BA_DC_literal_minus_nonunanimous_policy,syn_ne_low_ba_dc_sub_vote_0085,synthetic,docs/train_ready/numeric_equation_transformation_rules/work_on/synthetic/low_confidence/ba_dc_subtraction/syn_ne_low_ba_dc_sub_vote_0085.txt,-16,BA_DC,-,2328,docs/numeric_equation_decision_point_curriculum/literal_minus_rendering_policy/syn_ne_dp_literal_minus_rendering_policy_0627.txt,8e9b8e6fb9821cfbab77a50e1cf3f263ea8fad13,eee9f29994156f27fca73a855a9da0ff0a0e3139
syn_ne_dp_literal_minus_rendering_policy_0628,literal_minus_rendering_policy,BA_DC_unanimous_literal_minus_rendering,syn_ne_ba_dc_mul_xmulyplus1_0020,synthetic,docs/train_ready/numeric_equation_transformation_rules/work_on/synthetic/ba_dc_multiplication/ba_dc_mul_add_1/syn_ne_ba_dc_mul_xmulyplus1_0020.txt,7372,BA_DC,-,3149,docs/numeric_equation_decision_point_curriculum/literal_minus_rendering_policy/syn_ne_dp_literal_minus_rendering_policy_0628.txt,1b397e9ff88b885c7e37a6bca5620b4b53b0ae24,254e568564e343140d1cbc28c1235ab78b762c2b
syn_ne_dp_literal_minus_rendering_policy_0629,literal_minus_rendering_policy,AB_CD_unanimous_literal_minus_rendering,syn_ne_ab_cd_sub_abs_len2_0015,synthetic,docs/train_ready/numeric_equation_transformation_rules/work_on/synthetic/ab_cd_subtraction/ab_cd_len2/syn_ne_ab_cd_sub_abs_len2_0015.txt,42-,AB_CD,-,9189,docs/numeric_equation_decision_point_curriculum/literal_minus_rendering_policy/syn_ne_dp_literal_minus_rendering_policy_0629.txt,5a607cb8bb19106e9a2c94d8eff924a261e04f62,e6c1e1d39d24e55e844cac5f63d3dcfbdd72b5fd
syn_ne_dp_literal_minus_opposite_sign_continuation_0630,literal_minus_opposite_sign_continuation,BA_DC_literal_minus,syn_ne_policy_literal_minus_opposite_sign_0024,synthetic,docs/train_ready/numeric_equation_transformation_rules/work_on/synthetic/non_unanimous_policy/literal_minus_opposite_sign/syn_ne_policy_literal_minus_opposite_sign_0024.txt,-7,BA_DC,-,1098,docs/numeric_equation_decision_point_curriculum/literal_minus_opposite_sign_continuation/syn_ne_dp_literal_minus_opposite_sign_continuation_0630.txt,a8f3168f3eae4badc03a6ee550d9cee8c34f095d,f2a4b200ff8d45bf72a7cfa9e318d18db7ab8bdd
syn_ne_dp_literal_minus_opposite_sign_continuation_0631,literal_minus_opposite_sign_continuation,BA_DC_literal_minus,syn_ne_policy_literal_minus_opposite_sign_0018,synthetic,docs/train_ready/numeric_equation_transformation_rules/work_on/synthetic/non_unanimous_policy/literal_minus_opposite_sign/syn_ne_policy_literal_minus_opposite_sign_0018.txt,-44,BA_DC,-,1112,docs/numeric_equation_decision_point_curriculum/literal_minus_opposite_sign_continuation/syn_ne_dp_literal_minus_opposite_sign_continuation_0631.txt,1a6e6d2e657af6bcdfe8525fd39b788b4f1749c6,869fc8e59ecd83a64b0727d973f5ea414889f291
syn_ne_dp_literal_minus_opposite_sign_continuation_0632,literal_minus_opposite_sign_continuation,BA_DC_literal_minus,syn_ne_policy_literal_minus_opposite_sign_0020,synthetic,docs/train_ready/numeric_equation_transformation_rules/work_on/synthetic/non_unanimous_policy/literal_minus_opposite_sign/syn_ne_policy_literal_minus_opposite_sign_0020.txt,-2,BA_DC,-,714,docs/numeric_equation_decision_point_curriculum/literal_minus_opposite_sign_continuation/syn_ne_dp_literal_minus_opposite_sign_continuation_0632.txt,8a685bf75b0bd129266979dd473abba195c25940,04f357a942447c68979b8b7fca842beb140a2b0e
syn_ne_dp_literal_minus_opposite_sign_continuation_0633,literal_minus_opposite_sign_continuation,BA_DC_literal_minus,syn_ne_policy_literal_minus_opposite_sign_0004,synthetic,docs/train_ready/numeric_equation_transformation_rules/work_on/synthetic/non_unanimous_policy/literal_minus_opposite_sign/syn_ne_policy_literal_minus_opposite_sign_0004.txt,-51,BA_DC,-,716,docs/numeric_equation_decision_point_curriculum/literal_minus_opposite_sign_continuation/syn_ne_dp_literal_minus_opposite_sign_continuation_0633.txt,240dd1bad52a9c17c01831307e90af3903f84e95,0ceeb9d4bc3a5ac94c412ae3726870939b7b4af6
syn_ne_dp_literal_minus_opposite_sign_continuation_0634,literal_minus_opposite_sign_continuation,BA_DC_literal_minus,syn_ne_policy_literal_minus_opposite_sign_0025,synthetic,docs/train_ready/numeric_equation_transformation_rules/work_on/synthetic/non_unanimous_policy/literal_minus_opposite_sign/syn_ne_policy_literal_minus_opposite_sign_0025.txt,-85,BA_DC,-,716,docs/numeric_equation_decision_point_curriculum/literal_minus_opposite_sign_continuation/syn_ne_dp_literal_minus_opposite_sign_continuation_0634.txt,7835e93580893738615dae1b85cd708a61fe5c6c,303df25c4bbfa784fac04d763713c9b73329d6a0
syn_ne_dp_literal_minus_opposite_sign_continuation_0635,literal_minus_opposite_sign_continuation,BA_DC_literal_minus,syn_ne_policy_literal_minus_opposite_sign_0030,synthetic,docs/train_ready/numeric_equation_transformation_rules/work_on/synthetic/non_unanimous_policy/literal_minus_opposite_sign/syn_ne_policy_literal_minus_opposite_sign_0030.txt,-5,BA_DC,-,714,docs/numeric_equation_decision_point_curriculum/literal_minus_opposite_sign_continuation/syn_ne_dp_literal_minus_opposite_sign_continuation_0635.txt,d74e33b2ba26df611222345216a1e825b8d84aa8,f3c37f1d0351ee6eb9e4e45a879a9263f0d3943f
syn_ne_dp_literal_minus_opposite_sign_continuation_0636,literal_minus_opposite_sign_continuation,BA_DC_literal_minus,syn_ne_policy_literal_minus_opposite_sign_0014,synthetic,docs/train_ready/numeric_equation_transformation_rules/work_on/synthetic/non_unanimous_policy/literal_minus_opposite_sign/syn_ne_policy_literal_minus_opposite_sign_0014.txt,-01,BA_DC,-,716,docs/numeric_equation_decision_point_curriculum/literal_minus_opposite_sign_continuation/syn_ne_dp_literal_minus_opposite_sign_continuation_0636.txt,15037f9763f3a41c5bbe88ea0021dcd7fe18b1af,b07a17b93d23115c60a212c1b97bab64cf2d8a8a
syn_ne_dp_literal_minus_opposite_sign_continuation_0637,literal_minus_opposite_sign_continuation,BA_DC_literal_minus,syn_ne_policy_literal_minus_opposite_sign_0007,synthetic,docs/train_ready/numeric_equation_transformation_rules/work_on/synthetic/non_unanimous_policy/literal_minus_opposite_sign/syn_ne_policy_literal_minus_opposite_sign_0007.txt,-1,BA_DC,-,708,docs/numeric_equation_decision_point_curriculum/literal_minus_opposite_sign_continuation/syn_ne_dp_literal_minus_opposite_sign_continuation_0637.txt,8353e56f02837a02a791ea4fd1ba44fc44b0ad61,e4767f4fc95a3564d2800d5ef3bfcf468c370832
syn_ne_dp_literal_minus_opposite_sign_continuation_0638,literal_minus_opposite_sign_continuation,BA_DC_literal_minus,syn_ne_policy_literal_minus_opposite_sign_0010,synthetic,docs/train_ready/numeric_equation_transformation_rules/work_on/synthetic/non_unanimous_policy/literal_minus_opposite_sign/syn_ne_policy_literal_minus_opposite_sign_0010.txt,-6,BA_DC,-,714,docs/numeric_equation_decision_point_curriculum/literal_minus_opposite_sign_continuation/syn_ne_dp_literal_minus_opposite_sign_continuation_0638.txt,fd1b20fabc5bccbebd40594b75a77af7f2e0341a,a392698ecfae39015c67b56d51935146a6e7620c
syn_ne_dp_literal_minus_opposite_sign_continuation_0639,literal_minus_opposite_sign_continuation,BA_DC_literal_minus,syn_ne_policy_literal_minus_opposite_sign_0027,synthetic,docs/train_ready/numeric_equation_transformation_rules/work_on/synthetic/non_unanimous_policy/literal_minus_opposite_sign/syn_ne_policy_literal_minus_opposite_sign_0027.txt,-97,BA_DC,-,716,docs/numeric_equation_decision_point_curriculum/literal_minus_opposite_sign_continuation/syn_ne_dp_literal_minus_opposite_sign_continuation_0639.txt,6d4944987107a83bd256144d36d256dd6e3864c4,9183a0e821668f8d9e72ed17532507164c9daa24
syn_ne_dp_literal_minus_opposite_sign_continuation_0640,literal_minus_opposite_sign_continuation,BA_DC_literal_minus,syn_ne_policy_literal_minus_opposite_sign_0012,synthetic,docs/train_ready/numeric_equation_transformation_rules/work_on/synthetic/non_unanimous_policy/literal_minus_opposite_sign/syn_ne_policy_literal_minus_opposite_sign_0012.txt,-04,BA_DC,-,1112,docs/numeric_equation_decision_point_curriculum/literal_minus_opposite_sign_continuation/syn_ne_dp_literal_minus_opposite_sign_continuation_0640.txt,b70c833d3f3ec6efc2f5ef1bdff654728bc8f058,59ace54a767c644503adb2539f1ec828b1463aab
syn_ne_dp_literal_minus_opposite_sign_continuation_0641,literal_minus_opposite_sign_continuation,BA_DC_literal_minus,syn_ne_policy_literal_minus_opposite_sign_0029,synthetic,docs/train_ready/numeric_equation_transformation_rules/work_on/synthetic/non_unanimous_policy/literal_minus_opposite_sign/syn_ne_policy_literal_minus_opposite_sign_0029.txt,-44,BA_DC,-,1103,docs/numeric_equation_decision_point_curriculum/literal_minus_opposite_sign_continuation/syn_ne_dp_literal_minus_opposite_sign_continuation_0641.txt,f7863f26d1d6b9517c963ae9290d448a342e3aae,c0accc5131ad60edbf943bcd3b19ce8947147d77
syn_ne_dp_literal_minus_opposite_sign_continuation_0642,literal_minus_opposite_sign_continuation,BA_DC_literal_minus,syn_ne_policy_literal_minus_opposite_sign_0021,synthetic,docs/train_ready/numeric_equation_transformation_rules/work_on/synthetic/non_unanimous_policy/literal_minus_opposite_sign/syn_ne_policy_literal_minus_opposite_sign_0021.txt,-01,BA_DC,-,1112,docs/numeric_equation_decision_point_curriculum/literal_minus_opposite_sign_continuation/syn_ne_dp_literal_minus_opposite_sign_continuation_0642.txt,98422d347923a63e48cb867b3ba88743d4cf26b9,b249f265e076aed37d1824a962c52afcc5721311
syn_ne_dp_literal_minus_opposite_sign_continuation_0643,literal_minus_opposite_sign_continuation,BA_DC_literal_minus,syn_ne_policy_literal_minus_opposite_sign_0008,synthetic,docs/train_ready/numeric_equation_transformation_rules/work_on/synthetic/non_unanimous_policy/literal_minus_opposite_sign/syn_ne_policy_literal_minus_opposite_sign_0008.txt,-05,BA_DC,-,1112,docs/numeric_equation_decision_point_curriculum/literal_minus_opposite_sign_continuation/syn_ne_dp_literal_minus_opposite_sign_continuation_0643.txt,c36336fb96df1285f127444cb2c0899a095d21a4,1dc46444a90aeca75733b0bf1246745f193128ad
syn_ne_dp_literal_minus_opposite_sign_continuation_0644,literal_minus_opposite_sign_continuation,BA_DC_literal_minus,syn_ne_policy_literal_minus_opposite_sign_0007,synthetic,docs/train_ready/numeric_equation_transformation_rules/work_on/synthetic/non_unanimous_policy/literal_minus_opposite_sign/syn_ne_policy_literal_minus_opposite_sign_0007.txt,-1,BA_DC,-,1098,docs/numeric_equation_decision_point_curriculum/literal_minus_opposite_sign_continuation/syn_ne_dp_literal_minus_opposite_sign_continuation_0644.txt,3abcf7e72db55d99fbb588b34a12b99a51edfa42,b4db251ee46f65164b68f334ad893fd1c58fe5c3
syn_ne_dp_literal_minus_opposite_sign_continuation_0645,literal_minus_opposite_sign_continuation,BA_DC_literal_minus,syn_ne_policy_literal_minus_opposite_sign_0022,synthetic,docs/train_ready/numeric_equation_transformation_rules/work_on/synthetic/non_unanimous_policy/literal_minus_opposite_sign/syn_ne_policy_literal_minus_opposite_sign_0022.txt,-02,BA_DC,-,1112,docs/numeric_equation_decision_point_curriculum/literal_minus_opposite_sign_continuation/syn_ne_dp_literal_minus_opposite_sign_continuation_0645.txt,f3b0a4f3dcc3d0fbee3e532309a6746b629c413d,41a33a1625e22e5baaaa8e9dd934e7d5f2fc925b
syn_ne_dp_literal_minus_opposite_sign_continuation_0646,literal_minus_opposite_sign_continuation,BA_DC_literal_minus,syn_ne_policy_literal_minus_opposite_sign_0021,synthetic,docs/train_ready/numeric_equation_transformation_rules/work_on/synthetic/non_unanimous_policy/literal_minus_opposite_sign/syn_ne_policy_literal_minus_opposite_sign_0021.txt,-01,BA_DC,-,716,docs/numeric_equation_decision_point_curriculum/literal_minus_opposite_sign_continuation/syn_ne_dp_literal_minus_opposite_sign_continuation_0646.txt,3756c6515cac99cb0d499cacf924f847c6f0014c,95633f62ae903f14b82ce55f1ee35a89d6c16a46
syn_ne_dp_literal_minus_opposite_sign_continuation_0647,literal_minus_opposite_sign_continuation,BA_DC_literal_minus,syn_ne_policy_literal_minus_opposite_sign_0004,synthetic,docs/train_ready/numeric_equation_transformation_rules/work_on/synthetic/non_unanimous_policy/literal_minus_opposite_sign/syn_ne_policy_literal_minus_opposite_sign_0004.txt,-51,BA_DC,-,1112,docs/numeric_equation_decision_point_curriculum/literal_minus_opposite_sign_continuation/syn_ne_dp_literal_minus_opposite_sign_continuation_0647.txt,866a377bf0c29fd471d845e4beb6145cdbb4510f,33b71647835d0f80e0fece9d12bdf6983e2bb9a3
syn_ne_dp_literal_minus_opposite_sign_continuation_0648,literal_minus_opposite_sign_continuation,BA_DC_literal_minus,syn_ne_policy_literal_minus_opposite_sign_0010,synthetic,docs/train_ready/numeric_equation_transformation_rules/work_on/synthetic/non_unanimous_policy/literal_minus_opposite_sign/syn_ne_policy_literal_minus_opposite_sign_0010.txt,-6,BA_DC,-,1107,docs/numeric_equation_decision_point_curriculum/literal_minus_opposite_sign_continuation/syn_ne_dp_literal_minus_opposite_sign_continuation_0648.txt,f8a9dcca671f41658205a473b196cdc7abf737a1,e42a3ad27976846e8687eae1f340f8f31eeb355f
syn_ne_dp_literal_minus_opposite_sign_continuation_0649,literal_minus_opposite_sign_continuation,BA_DC_literal_minus,syn_ne_policy_literal_minus_opposite_sign_0023,synthetic,docs/train_ready/numeric_equation_transformation_rules/work_on/synthetic/non_unanimous_policy/literal_minus_opposite_sign/syn_ne_policy_literal_minus_opposite_sign_0023.txt,-5,BA_DC,-,1107,docs/numeric_equation_decision_point_curriculum/literal_minus_opposite_sign_continuation/syn_ne_dp_literal_minus_opposite_sign_continuation_0649.txt,055e9ad3d965308f9960408f68b245a84d3003f8,94f858f2b804483b004a26b51c691a72a6a4ad79
syn_ne_dp_literal_minus_opposite_sign_continuation_0650,literal_minus_opposite_sign_continuation,BA_DC_literal_minus,syn_ne_policy_literal_minus_opposite_sign_0006,synthetic,docs/train_ready/numeric_equation_transformation_rules/work_on/synthetic/non_unanimous_policy/literal_minus_opposite_sign/syn_ne_policy_literal_minus_opposite_sign_0006.txt,-31,BA_DC,-,716,docs/numeric_equation_decision_point_curriculum/literal_minus_opposite_sign_continuation/syn_ne_dp_literal_minus_opposite_sign_continuation_0650.txt,fd09ae86b4b35e65dff45554247b58e14c505242,cb94d0c7a6bb13e0f3cee853a175601999f87484
syn_ne_dp_literal_minus_opposite_sign_continuation_0651,literal_minus_opposite_sign_continuation,BA_DC_literal_minus,syn_ne_policy_literal_minus_opposite_sign_0016,synthetic,docs/train_ready/numeric_equation_transformation_rules/work_on/synthetic/non_unanimous_policy/literal_minus_opposite_sign/syn_ne_policy_literal_minus_opposite_sign_0016.txt,-24,BA_DC,-,1112,docs/numeric_equation_decision_point_curriculum/literal_minus_opposite_sign_continuation/syn_ne_dp_literal_minus_opposite_sign_continuation_0651.txt,272524252c8d061b9221af726f89ba362b4ba681,e59e63d9ab70db8f63e3e5267aaf1cfdd2d4fd88
syn_ne_dp_literal_minus_opposite_sign_continuation_0652,literal_minus_opposite_sign_continuation,BA_DC_literal_minus,syn_ne_policy_literal_minus_opposite_sign_0013,synthetic,docs/train_ready/numeric_equation_transformation_rules/work_on/synthetic/non_unanimous_policy/literal_minus_opposite_sign/syn_ne_policy_literal_minus_opposite_sign_0013.txt,-31,BA_DC,-,1112,docs/numeric_equation_decision_point_curriculum/literal_minus_opposite_sign_continuation/syn_ne_dp_literal_minus_opposite_sign_continuation_0652.txt,b5149e5f1f2fcb4d7d2d91810c2a24255dd834fe,a5e52244b4ec0b138e516483fae80c1628bb2caf
syn_ne_dp_literal_minus_opposite_sign_continuation_0653,literal_minus_opposite_sign_continuation,BA_DC_literal_minus,syn_ne_policy_literal_minus_opposite_sign_0001,synthetic,docs/train_ready/numeric_equation_transformation_rules/work_on/synthetic/non_unanimous_policy/literal_minus_opposite_sign/syn_ne_policy_literal_minus_opposite_sign_0001.txt,-11,BA_DC,-,1112,docs/numeric_equation_decision_point_curriculum/literal_minus_opposite_sign_continuation/syn_ne_dp_literal_minus_opposite_sign_continuation_0653.txt,23f9921a4deb3967efafdf225dc24d31732c1d4f,b1cbe7d8aacec2dfa94a933d5006b677411535b3
syn_ne_dp_literal_minus_opposite_sign_continuation_0654,literal_minus_opposite_sign_continuation,BA_DC_literal_minus,syn_ne_policy_literal_minus_opposite_sign_0005,synthetic,docs/train_ready/numeric_equation_transformation_rules/work_on/synthetic/non_unanimous_policy/literal_minus_opposite_sign/syn_ne_policy_literal_minus_opposite_sign_0005.txt,-52,BA_DC,-,716,docs/numeric_equation_decision_point_curriculum/literal_minus_opposite_sign_continuation/syn_ne_dp_literal_minus_opposite_sign_continuation_0654.txt,b5a3501a2fa331cdf560519e32f245a58800161c,17d37016169a92a143a156281b32d1fb63ce22dc
syn_ne_dp_literal_minus_opposite_sign_continuation_0655,literal_minus_opposite_sign_continuation,BA_DC_literal_minus,syn_ne_policy_literal_minus_opposite_sign_0015,synthetic,docs/train_ready/numeric_equation_transformation_rules/work_on/synthetic/non_unanimous_policy/literal_minus_opposite_sign/syn_ne_policy_literal_minus_opposite_sign_0015.txt,-1,BA_DC,-,714,docs/numeric_equation_decision_point_curriculum/literal_minus_opposite_sign_continuation/syn_ne_dp_literal_minus_opposite_sign_continuation_0655.txt,b422d79ce4ca01f8f51d6472638126953978e10b,6e085f0f4fc9c77cc99175e26754ca337a95b299
syn_ne_dp_literal_minus_opposite_sign_continuation_0656,literal_minus_opposite_sign_continuation,BA_DC_literal_minus,syn_ne_policy_literal_minus_opposite_sign_0002,synthetic,docs/train_ready/numeric_equation_transformation_rules/work_on/synthetic/non_unanimous_policy/literal_minus_opposite_sign/syn_ne_policy_literal_minus_opposite_sign_0002.txt,-93,BA_DC,-,1112,docs/numeric_equation_decision_point_curriculum/literal_minus_opposite_sign_continuation/syn_ne_dp_literal_minus_opposite_sign_continuation_0656.txt,d3699637b0103da2d7ec833f2e16b21e2d736f01,6f446fd0d39ab514e4ee3789bab6b49f3f669cf9
syn_ne_dp_literal_minus_opposite_sign_continuation_0657,literal_minus_opposite_sign_continuation,BA_DC_literal_minus,syn_ne_policy_literal_minus_opposite_sign_0015,synthetic,docs/train_ready/numeric_equation_transformation_rules/work_on/synthetic/non_unanimous_policy/literal_minus_opposite_sign/syn_ne_policy_literal_minus_opposite_sign_0015.txt,-1,BA_DC,-,1107,docs/numeric_equation_decision_point_curriculum/literal_minus_opposite_sign_continuation/syn_ne_dp_literal_minus_opposite_sign_continuation_0657.txt,3e087a33ac11b991b3f4828bd1b0f15c49143b5c,b3a2ce3637dfe7bda4865b81596d48e22bcc1371
syn_ne_dp_literal_minus_opposite_sign_continuation_0658,literal_minus_opposite_sign_continuation,BA_DC_literal_minus,syn_ne_policy_literal_minus_opposite_sign_0009,synthetic,docs/train_ready/numeric_equation_transformation_rules/work_on/synthetic/non_unanimous_policy/literal_minus_opposite_sign/syn_ne_policy_literal_minus_opposite_sign_0009.txt,-57,BA_DC,-,1112,docs/numeric_equation_decision_point_curriculum/literal_minus_opposite_sign_continuation/syn_ne_dp_literal_minus_opposite_sign_continuation_0658.txt,b8e882f58a1b9d5005f8c05188382608cdf7d490,c1ad368e96f79fec53c95fab6d9f7f3189f64e43
syn_ne_dp_literal_minus_opposite_sign_continuation_0659,literal_minus_opposite_sign_continuation,BA_DC_literal_minus,syn_ne_policy_literal_minus_opposite_sign_0017,synthetic,docs/train_ready/numeric_equation_transformation_rules/work_on/synthetic/non_unanimous_policy/literal_minus_opposite_sign/syn_ne_policy_literal_minus_opposite_sign_0017.txt,-52,BA_DC,-,716,docs/numeric_equation_decision_point_curriculum/literal_minus_opposite_sign_continuation/syn_ne_dp_literal_minus_opposite_sign_continuation_0659.txt,ba19a8e3fea9b7dbd0f91171cdebdaaa6b6d388f,449f4172465c11cd39c80618c73c703c8f90c5d4
syn_ne_dp_literal_minus_opposite_sign_continuation_0660,literal_minus_opposite_sign_continuation,BA_DC_literal_minus,syn_ne_policy_literal_minus_opposite_sign_0020,synthetic,docs/train_ready/numeric_equation_transformation_rules/work_on/synthetic/non_unanimous_policy/literal_minus_opposite_sign/syn_ne_policy_literal_minus_opposite_sign_0020.txt,-2,BA_DC,-,1107,docs/numeric_equation_decision_point_curriculum/literal_minus_opposite_sign_continuation/syn_ne_dp_literal_minus_opposite_sign_continuation_0660.txt,48a8c5baff17bb6bc6ac68b61d179a98913da6dd,16809f6d5ab9d9733a8f1111d79ad0bca377504e
syn_ne_dp_literal_minus_opposite_sign_continuation_0661,literal_minus_opposite_sign_continuation,BA_DC_literal_minus,syn_ne_policy_literal_minus_opposite_sign_0003,synthetic,docs/train_ready/numeric_equation_transformation_rules/work_on/synthetic/non_unanimous_policy/literal_minus_opposite_sign/syn_ne_policy_literal_minus_opposite_sign_0003.txt,-91,BA_DC,-,716,docs/numeric_equation_decision_point_curriculum/literal_minus_opposite_sign_continuation/syn_ne_dp_literal_minus_opposite_sign_continuation_0661.txt,fe1aa2c3f02d85726090e60955eccf901a9f50cb,a2b6d6f2e73ab7d1807cdb6764ae336442e57a6a
syn_ne_dp_literal_minus_opposite_sign_continuation_0662,literal_minus_opposite_sign_continuation,BA_DC_literal_minus,syn_ne_policy_literal_minus_opposite_sign_0029,synthetic,docs/train_ready/numeric_equation_transformation_rules/work_on/synthetic/non_unanimous_policy/literal_minus_opposite_sign/syn_ne_policy_literal_minus_opposite_sign_0029.txt,-44,BA_DC,-,710,docs/numeric_equation_decision_point_curriculum/literal_minus_opposite_sign_continuation/syn_ne_dp_literal_minus_opposite_sign_continuation_0662.txt,a83065d665c2c1342a542760e9fb8df02c443b1e,0967eefa662f4a28831c365bcbc7151c8a229a93
syn_ne_dp_literal_minus_opposite_sign_continuation_0663,literal_minus_opposite_sign_continuation,BA_DC_literal_minus,syn_ne_policy_literal_minus_opposite_sign_0019,synthetic,docs/train_ready/numeric_equation_transformation_rules/work_on/synthetic/non_unanimous_policy/literal_minus_opposite_sign/syn_ne_policy_literal_minus_opposite_sign_0019.txt,-73,BA_DC,-,1112,docs/numeric_equation_decision_point_curriculum/literal_minus_opposite_sign_continuation/syn_ne_dp_literal_minus_opposite_sign_continuation_0663.txt,309953a1318f2e77cb8261e6b9e1cf19178c4c8c,52828165eb20543bd1cfe24fe025635a6e7e8d17
syn_ne_dp_literal_minus_opposite_sign_continuation_0664,literal_minus_opposite_sign_continuation,BA_DC_literal_minus,syn_ne_policy_literal_minus_opposite_sign_0011,synthetic,docs/train_ready/numeric_equation_transformation_rules/work_on/synthetic/non_unanimous_policy/literal_minus_opposite_sign/syn_ne_policy_literal_minus_opposite_sign_0011.txt,-62,BA_DC,-,716,docs/numeric_equation_decision_point_curriculum/literal_minus_opposite_sign_continuation/syn_ne_dp_literal_minus_opposite_sign_continuation_0664.txt,7ef1807302497434bfc58333dc016588d66aab84,007f2221e7f5a81c53ad32a20f6a9425b2f6dcc1
syn_ne_dp_literal_minus_opposite_sign_continuation_0665,literal_minus_opposite_sign_continuation,BA_DC_literal_minus,syn_ne_policy_literal_minus_opposite_sign_0005,synthetic,docs/train_ready/numeric_equation_transformation_rules/work_on/synthetic/non_unanimous_policy/literal_minus_opposite_sign/syn_ne_policy_literal_minus_opposite_sign_0005.txt,-52,BA_DC,-,1112,docs/numeric_equation_decision_point_curriculum/literal_minus_opposite_sign_continuation/syn_ne_dp_literal_minus_opposite_sign_continuation_0665.txt,9f861aa84127cd2d0495c08def5d789229457350,d8d79d59baa8212fb5498f0cf83dda4c2d66fd36
syn_ne_dp_literal_minus_opposite_sign_continuation_0666,literal_minus_opposite_sign_continuation,BA_DC_literal_minus,syn_ne_policy_literal_minus_opposite_sign_0013,synthetic,docs/train_ready/numeric_equation_transformation_rules/work_on/synthetic/non_unanimous_policy/literal_minus_opposite_sign/syn_ne_policy_literal_minus_opposite_sign_0013.txt,-31,BA_DC,-,716,docs/numeric_equation_decision_point_curriculum/literal_minus_opposite_sign_continuation/syn_ne_dp_literal_minus_opposite_sign_continuation_0666.txt,53ef3d7dc71a60f74fb33e7b09334d2e70b4cac3,0450bdcb6226404b2a91a866967a9326d63ec3e4
syn_ne_dp_literal_minus_opposite_sign_continuation_0667,literal_minus_opposite_sign_continuation,BA_DC_literal_minus,syn_ne_policy_literal_minus_opposite_sign_0025,synthetic,docs/train_ready/numeric_equation_transformation_rules/work_on/synthetic/non_unanimous_policy/literal_minus_opposite_sign/syn_ne_policy_literal_minus_opposite_sign_0025.txt,-85,BA_DC,-,1112,docs/numeric_equation_decision_point_curriculum/literal_minus_opposite_sign_continuation/syn_ne_dp_literal_minus_opposite_sign_continuation_0667.txt,2fbc4c1009eacf203a787b313e65d962707447e9,71070d8e722874d0ae97710d27d92123d23ddae4
syn_ne_dp_literal_minus_opposite_sign_continuation_0668,literal_minus_opposite_sign_continuation,BA_DC_literal_minus,syn_ne_policy_literal_minus_opposite_sign_0026,synthetic,docs/train_ready/numeric_equation_transformation_rules/work_on/synthetic/non_unanimous_policy/literal_minus_opposite_sign/syn_ne_policy_literal_minus_opposite_sign_0026.txt,-25,BA_DC,-,710,docs/numeric_equation_decision_point_curriculum/literal_minus_opposite_sign_continuation/syn_ne_dp_literal_minus_opposite_sign_continuation_0668.txt,230988c8cabf93f2ad07536b6375f3170f9445d8,a6f237a807983d6181c1932c54760c68cd113f96
syn_ne_dp_literal_minus_opposite_sign_continuation_0669,literal_minus_opposite_sign_continuation,BA_DC_literal_minus,syn_ne_policy_literal_minus_opposite_sign_0014,synthetic,docs/train_ready/numeric_equation_transformation_rules/work_on/synthetic/non_unanimous_policy/literal_minus_opposite_sign/syn_ne_policy_literal_minus_opposite_sign_0014.txt,-01,BA_DC,-,1112,docs/numeric_equation_decision_point_curriculum/literal_minus_opposite_sign_continuation/syn_ne_dp_literal_minus_opposite_sign_continuation_0669.txt,08d9e2f87f2f17ab63653f67042189a064a77d48,d9d7e6cac61b44a59a0553084f2afa99964c4c47
syn_ne_dp_literal_minus_opposite_sign_continuation_0670,literal_minus_opposite_sign_continuation,BA_DC_literal_minus,syn_ne_policy_literal_minus_opposite_sign_0019,synthetic,docs/train_ready/numeric_equation_transformation_rules/work_on/synthetic/non_unanimous_policy/literal_minus_opposite_sign/syn_ne_policy_literal_minus_opposite_sign_0019.txt,-73,BA_DC,-,716,docs/numeric_equation_decision_point_curriculum/literal_minus_opposite_sign_continuation/syn_ne_dp_literal_minus_opposite_sign_continuation_0670.txt,3b252bbc9b24e038f9ba316dd44287a33047f990,0338d7689cf210130b9e977a909c80607b118518
syn_ne_dp_literal_minus_opposite_sign_continuation_0671,literal_minus_opposite_sign_continuation,BA_DC_literal_minus,syn_ne_policy_literal_minus_opposite_sign_0026,synthetic,docs/train_ready/numeric_equation_transformation_rules/work_on/synthetic/non_unanimous_policy/literal_minus_opposite_sign/syn_ne_policy_literal_minus_opposite_sign_0026.txt,-25,BA_DC,-,1103,docs/numeric_equation_decision_point_curriculum/literal_minus_opposite_sign_continuation/syn_ne_dp_literal_minus_opposite_sign_continuation_0671.txt,edbc48a27bdb77805e8ae388f172bf740645f3d5,5c77f6313f50de7db4ba8909f0f6bf47c3912db9
syn_ne_dp_literal_minus_opposite_sign_continuation_0672,literal_minus_opposite_sign_continuation,BA_DC_literal_minus,syn_ne_policy_literal_minus_opposite_sign_0009,synthetic,docs/train_ready/numeric_equation_transformation_rules/work_on/synthetic/non_unanimous_policy/literal_minus_opposite_sign/syn_ne_policy_literal_minus_opposite_sign_0009.txt,-57,BA_DC,-,716,docs/numeric_equation_decision_point_curriculum/literal_minus_opposite_sign_continuation/syn_ne_dp_literal_minus_opposite_sign_continuation_0672.txt,68a6e11c58d301929a45c4b08a2220811ce2a266,526f36440c6d6f85a56bcd07026134e7f0b55905
syn_ne_dp_literal_minus_opposite_sign_continuation_0673,literal_minus_opposite_sign_continuation,BA_DC_literal_minus,syn_ne_policy_literal_minus_opposite_sign_0012,synthetic,docs/train_ready/numeric_equation_transformation_rules/work_on/synthetic/non_unanimous_policy/literal_minus_opposite_sign/syn_ne_policy_literal_minus_opposite_sign_0012.txt,-04,BA_DC,-,716,docs/numeric_equation_decision_point_curriculum/literal_minus_opposite_sign_continuation/syn_ne_dp_literal_minus_opposite_sign_continuation_0673.txt,67083880c4541da113bc8f834c50eec93dacc645,36bd5bccc3c91c13a04ddaa6f958614f58adb56a
syn_ne_dp_literal_minus_opposite_sign_continuation_0674,literal_minus_opposite_sign_continuation,BA_DC_literal_minus,syn_ne_policy_literal_minus_opposite_sign_0023,synthetic,docs/train_ready/numeric_equation_transformation_rules/work_on/synthetic/non_unanimous_policy/literal_minus_opposite_sign/syn_ne_policy_literal_minus_opposite_sign_0023.txt,-5,BA_DC,-,714,docs/numeric_equation_decision_point_curriculum/literal_minus_opposite_sign_continuation/syn_ne_dp_literal_minus_opposite_sign_continuation_0674.txt,d6c4f8a9078a225b034bbc9737f1a70fe2b8d54d,16efbb3547c7f2c9593b3c201714d93eaf1ed5ae
syn_ne_dp_literal_minus_opposite_sign_continuation_0675,literal_minus_opposite_sign_continuation,BA_DC_literal_minus,syn_ne_policy_literal_minus_opposite_sign_0002,synthetic,docs/train_ready/numeric_equation_transformation_rules/work_on/synthetic/non_unanimous_policy/literal_minus_opposite_sign/syn_ne_policy_literal_minus_opposite_sign_0002.txt,-93,BA_DC,-,716,docs/numeric_equation_decision_point_curriculum/literal_minus_opposite_sign_continuation/syn_ne_dp_literal_minus_opposite_sign_continuation_0675.txt,e44c20ed510bc09c9ea002522abb90d82a59027c,dd4a0c01657d2f3073a0e6fa270d16649fc00657
syn_ne_dp_literal_minus_opposite_sign_continuation_0676,literal_minus_opposite_sign_continuation,BA_DC_literal_minus,syn_ne_policy_literal_minus_opposite_sign_0003,synthetic,docs/train_ready/numeric_equation_transformation_rules/work_on/synthetic/non_unanimous_policy/literal_minus_opposite_sign/syn_ne_policy_literal_minus_opposite_sign_0003.txt,-91,BA_DC,-,1112,docs/numeric_equation_decision_point_curriculum/literal_minus_opposite_sign_continuation/syn_ne_dp_literal_minus_opposite_sign_continuation_0676.txt,b64850fc09433285a4915c1df519af62cf825f8b,56c507a2e7696b4a3034d5836ad5e17b343c7c20
syn_ne_dp_literal_minus_opposite_sign_continuation_0677,literal_minus_opposite_sign_continuation,BA_DC_literal_minus,syn_ne_policy_literal_minus_opposite_sign_0011,synthetic,docs/train_ready/numeric_equation_transformation_rules/work_on/synthetic/non_unanimous_policy/literal_minus_opposite_sign/syn_ne_policy_literal_minus_opposite_sign_0011.txt,-62,BA_DC,-,1112,docs/numeric_equation_decision_point_curriculum/literal_minus_opposite_sign_continuation/syn_ne_dp_literal_minus_opposite_sign_continuation_0677.txt,a017246f8fdd507c554df7688bd8bcd7bd5671c3,3d15818922c0d51d55dc7c62bd0b4911a040e521
syn_ne_dp_literal_minus_opposite_sign_continuation_0678,literal_minus_opposite_sign_continuation,BA_DC_literal_minus,syn_ne_policy_literal_minus_opposite_sign_0024,synthetic,docs/train_ready/numeric_equation_transformation_rules/work_on/synthetic/non_unanimous_policy/literal_minus_opposite_sign/syn_ne_policy_literal_minus_opposite_sign_0024.txt,-7,BA_DC,-,708,docs/numeric_equation_decision_point_curriculum/literal_minus_opposite_sign_continuation/syn_ne_dp_literal_minus_opposite_sign_continuation_0678.txt,079620a5b672733efa1a0599ae4c8092e3458127,185152719193f92abb075d3ecd51e9f969cf0b65
syn_ne_dp_literal_minus_opposite_sign_continuation_0679,literal_minus_opposite_sign_continuation,BA_DC_literal_minus,syn_ne_policy_literal_minus_opposite_sign_0001,synthetic,docs/train_ready/numeric_equation_transformation_rules/work_on/synthetic/non_unanimous_policy/literal_minus_opposite_sign/syn_ne_policy_literal_minus_opposite_sign_0001.txt,-11,BA_DC,-,716,docs/numeric_equation_decision_point_curriculum/literal_minus_opposite_sign_continuation/syn_ne_dp_literal_minus_opposite_sign_continuation_0679.txt,8e8ed56c1bf2fdd0ed9d6caa9bfeb33fdea92b2a,b5291183a44b81b6c9ce2363855ff25d06c10b23
syn_ne_dp_literal_minus_opposite_sign_continuation_0680,literal_minus_opposite_sign_continuation,BA_DC_literal_minus,syn_ne_policy_literal_minus_opposite_sign_0027,synthetic,docs/train_ready/numeric_equation_transformation_rules/work_on/synthetic/non_unanimous_policy/literal_minus_opposite_sign/syn_ne_policy_literal_minus_opposite_sign_0027.txt,-97,BA_DC,-,1112,docs/numeric_equation_decision_point_curriculum/literal_minus_opposite_sign_continuation/syn_ne_dp_literal_minus_opposite_sign_continuation_0680.txt,712640415a40496b96433828a9b36b32a491f856,937327b3b1fd90345cda1f545198f99587ecdc19
syn_ne_dp_literal_minus_opposite_sign_continuation_0681,literal_minus_opposite_sign_continuation,BA_DC_literal_minus,syn_ne_policy_literal_minus_opposite_sign_0006,synthetic,docs/train_ready/numeric_equation_transformation_rules/work_on/synthetic/non_unanimous_policy/literal_minus_opposite_sign/syn_ne_policy_literal_minus_opposite_sign_0006.txt,-31,BA_DC,-,1112,docs/numeric_equation_decision_point_curriculum/literal_minus_opposite_sign_continuation/syn_ne_dp_literal_minus_opposite_sign_continuation_0681.txt,8b05314b8095037032f8afeec7498511f299651b,c4303eaeeba5bec0725d988858d2a113b664e853
syn_ne_dp_literal_minus_opposite_sign_continuation_0682,literal_minus_opposite_sign_continuation,BA_DC_literal_minus,syn_ne_policy_literal_minus_opposite_sign_0018,synthetic,docs/train_ready/numeric_equation_transformation_rules/work_on/synthetic/non_unanimous_policy/literal_minus_opposite_sign/syn_ne_policy_literal_minus_opposite_sign_0018.txt,-44,BA_DC,-,716,docs/numeric_equation_decision_point_curriculum/literal_minus_opposite_sign_continuation/syn_ne_dp_literal_minus_opposite_sign_continuation_0682.txt,a99a101c834f323e5ca89dba5256510b259bb8c4,6c7c33329a3f109220fbb43c213f2d51f40840e1
syn_ne_dp_literal_minus_opposite_sign_continuation_0683,literal_minus_opposite_sign_continuation,BA_DC_literal_minus,syn_ne_policy_literal_minus_opposite_sign_0008,synthetic,docs/train_ready/numeric_equation_transformation_rules/work_on/synthetic/non_unanimous_policy/literal_minus_opposite_sign/syn_ne_policy_literal_minus_opposite_sign_0008.txt,-05,BA_DC,-,716,docs/numeric_equation_decision_point_curriculum/literal_minus_opposite_sign_continuation/syn_ne_dp_literal_minus_opposite_sign_continuation_0683.txt,b30db4c46e123ef05dd12cd72eff81cec465b1e1,a35cf32d01cf10c3c672be551983a8895b39c5e1
syn_ne_dp_literal_minus_opposite_sign_continuation_0684,literal_minus_opposite_sign_continuation,BA_DC_literal_minus,syn_ne_policy_literal_minus_opposite_sign_0017,synthetic,docs/train_ready/numeric_equation_transformation_rules/work_on/synthetic/non_unanimous_policy/literal_minus_opposite_sign/syn_ne_policy_literal_minus_opposite_sign_0017.txt,-52,BA_DC,-,1112,docs/numeric_equation_decision_point_curriculum/literal_minus_opposite_sign_continuation/syn_ne_dp_literal_minus_opposite_sign_continuation_0684.txt,55c951ce71fc1db30a5b4b148d27c60207971ec3,a602145e7bc5b0df6b2d89125148a06135faa311
syn_ne_dp_literal_minus_opposite_sign_continuation_0685,literal_minus_opposite_sign_continuation,BA_DC_literal_minus,syn_ne_policy_literal_minus_opposite_sign_0016,synthetic,docs/train_ready/numeric_equation_transformation_rules/work_on/synthetic/non_unanimous_policy/literal_minus_opposite_sign/syn_ne_policy_literal_minus_opposite_sign_0016.txt,-24,BA_DC,-,716,docs/numeric_equation_decision_point_curriculum/literal_minus_opposite_sign_continuation/syn_ne_dp_literal_minus_opposite_sign_continuation_0685.txt,b7f865f02f2b4c087bf60279dc235cdf7008dd88,bb682e6045b3713f56faf4cd6c0e3baa3a09e9be
syn_ne_dp_literal_minus_opposite_sign_continuation_0686,literal_minus_opposite_sign_continuation,BA_DC_literal_minus,syn_ne_policy_literal_minus_opposite_sign_0022,synthetic,docs/train_ready/numeric_equation_transformation_rules/work_on/synthetic/non_unanimous_policy/literal_minus_opposite_sign/syn_ne_policy_literal_minus_opposite_sign_0022.txt,-02,BA_DC,-,716,docs/numeric_equation_decision_point_curriculum/literal_minus_opposite_sign_continuation/syn_ne_dp_literal_minus_opposite_sign_continuation_0686.txt,1a87462b628a9e7844cadfd8d8b9088bb3ef97ea,8b193bd7c8cb018681e3191f091a6ce12ae722dd
syn_ne_dp_literal_minus_opposite_sign_continuation_0687,literal_minus_opposite_sign_continuation,BA_DC_literal_minus,syn_ne_policy_literal_minus_opposite_sign_0030,synthetic,docs/train_ready/numeric_equation_transformation_rules/work_on/synthetic/non_unanimous_policy/literal_minus_opposite_sign/syn_ne_policy_literal_minus_opposite_sign_0030.txt,-5,BA_DC,-,1107,docs/numeric_equation_decision_point_curriculum/literal_minus_opposite_sign_continuation/syn_ne_dp_literal_minus_opposite_sign_continuation_0687.txt,f97b86360528b5e0c5968514b60f254b8e68f3d3,38078fa5f08e1298e3c2cc60eabc3c837fd38215
syn_ne_dp_literal_minus_opposite_sign_continuation_0688,literal_minus_opposite_sign_continuation,BA_DC_literal_minus,syn_ne_policy_literal_minus_opposite_sign_0028,synthetic,docs/train_ready/numeric_equation_transformation_rules/work_on/synthetic/non_unanimous_policy/literal_minus_opposite_sign/syn_ne_policy_literal_minus_opposite_sign_0028.txt,-92,BA_DC,-,1112,docs/numeric_equation_decision_point_curriculum/literal_minus_opposite_sign_continuation/syn_ne_dp_literal_minus_opposite_sign_continuation_0688.txt,185df2477ef2eb5f4097b0dd5061dedf21eef822,dc5e445c5e4d1f11f74f13a2ee2975f6e3de6482
syn_ne_dp_literal_minus_opposite_sign_continuation_0689,literal_minus_opposite_sign_continuation,BA_DC_literal_minus,syn_ne_policy_literal_minus_opposite_sign_0028,synthetic,docs/train_ready/numeric_equation_transformation_rules/work_on/synthetic/non_unanimous_policy/literal_minus_opposite_sign/syn_ne_policy_literal_minus_opposite_sign_0028.txt,-92,BA_DC,-,716,docs/numeric_equation_decision_point_curriculum/literal_minus_opposite_sign_continuation/syn_ne_dp_literal_minus_opposite_sign_continuation_0689.txt,f6b45906e8a94507de0bb233abec0bb127fc23b5,9bdab9beca58859c414996925e29ad6f93a649bb
syn_ne_dp_low_confidence_branch_discipline_0690,low_confidence_branch_discipline,AB_CD_&,syn_ne_prefix_ab_cd_xminusy_0012,synthetic,docs/train_ready/numeric_equation_transformation_rules/work_on/synthetic/prefix_postfix/syn_ne_prefix_ab_cd_xminusy_0012.txt,&13,AB_CD,&,5242,docs/numeric_equation_decision_point_curriculum/low_confidence_branch_discipline/syn_ne_dp_low_confidence_branch_discipline_0690.txt,dc3a013fff06c600fe5b481e97ba686206e8cf25,eb3946a25ce6650ea726a96805919d17f6aab88e
syn_ne_dp_low_confidence_branch_discipline_0691,low_confidence_branch_discipline,BA_DC_+,syn_ne_low_ba_dc_add_vote_0163,synthetic,docs/train_ready/numeric_equation_transformation_rules/work_on/synthetic/low_confidence/syn_ne_low_ba_dc_add_vote_0163.txt,07,BA_DC,+,1480,docs/numeric_equation_decision_point_curriculum/low_confidence_branch_discipline/syn_ne_dp_low_confidence_branch_discipline_0691.txt,ede17e3d409db74be3d255172b5ca57c5ac3aa70,5f7fab05a948ebce48fc6b775b9ebe513c35d461
syn_ne_dp_low_confidence_branch_discipline_0692,low_confidence_branch_discipline,AB_CD_&,syn_ne_prefix_ab_cd_xminusy_0002,synthetic,docs/train_ready/numeric_equation_transformation_rules/work_on/synthetic/prefix_postfix/syn_ne_prefix_ab_cd_xminusy_0002.txt,&3,AB_CD,&,5201,docs/numeric_equation_decision_point_curriculum/low_confidence_branch_discipline/syn_ne_dp_low_confidence_branch_discipline_0692.txt,5246383a5989b936ee0b4039272681fd3f75e4cc,e765ead78bf5d2894b83ef835b4345cd111eb9bc
syn_ne_dp_low_confidence_branch_discipline_0693,low_confidence_branch_discipline,BA_DC_@,syn_ne_policy_ba_dc_x_y_negative_prefix_0064,synthetic,docs/train_ready/numeric_equation_transformation_rules/work_on/synthetic/non_unanimous_policy/ba_dc_x_y_negative_prefix/syn_ne_policy_ba_dc_x_y_negative_prefix_0064.txt,@74,BA_DC,@,1352,docs/numeric_equation_decision_point_curriculum/low_confidence_branch_discipline/syn_ne_dp_low_confidence_branch_discipline_0693.txt,4ca2fed7afaafd90020bbba14a8dc38bf670cf32,5b33c7cfdc8b337143f794e7c3913351d066f4f0
syn_ne_dp_low_confidence_branch_discipline_0694,low_confidence_branch_discipline,BA_DC_$,syn_ne_prefix_ba_dc_xminusy_0010,synthetic,docs/train_ready/numeric_equation_transformation_rules/work_on/synthetic/prefix_postfix/syn_ne_prefix_ba_dc_xminusy_0010.txt,$11,BA_DC,$,2875,docs/numeric_equation_decision_point_curriculum/low_confidence_branch_discipline/syn_ne_dp_low_confidence_branch_discipline_0694.txt,897de8318b309e837336d5b3da93ce72f3bd272c,2c0fa8db9a3e4d7c552fd6d67b6a808c0aa3e1e6
syn_ne_dp_low_confidence_branch_discipline_0695,low_confidence_branch_discipline,AB_CD_~,syn_ne_policy_ab_cd_non_x_y_priority_0056,synthetic,docs/train_ready/numeric_equation_transformation_rules/work_on/synthetic/non_unanimous_policy/ab_cd_non_x_y_priority/syn_ne_policy_ab_cd_non_x_y_priority_0056.txt,92,AB_CD,~,1552,docs/numeric_equation_decision_point_curriculum/low_confidence_branch_discipline/syn_ne_dp_low_confidence_branch_discipline_0695.txt,d5d0bcac63cce4b6671d58df1bcb02d5b76085e2,a7ffce9d6cce624b211adaee089bc33019456a32
syn_ne_dp_low_confidence_branch_discipline_0696,low_confidence_branch_discipline,BA_DC_?,syn_ne_policy_ba_dc_x_y_negative_prefix_0063,synthetic,docs/train_ready/numeric_equation_transformation_rules/work_on/synthetic/non_unanimous_policy/ba_dc_x_y_negative_prefix/syn_ne_policy_ba_dc_x_y_negative_prefix_0063.txt,?61,BA_DC,?,1379,docs/numeric_equation_decision_point_curriculum/low_confidence_branch_discipline/syn_ne_dp_low_confidence_branch_discipline_0696.txt,0ffd016055b450f98f44c9fc4ad535340d29f43f,80194d1310b6ac3ced9d1f1745f27aa2713c9689
syn_ne_dp_low_confidence_branch_discipline_0697,low_confidence_branch_discipline,BA_DC_?,syn_ne_policy_ba_dc_x_y_negative_prefix_0112,synthetic,docs/train_ready/numeric_equation_transformation_rules/work_on/synthetic/non_unanimous_policy/ba_dc_x_y_negative_prefix/syn_ne_policy_ba_dc_x_y_negative_prefix_0112.txt,?14,BA_DC,?,1379,docs/numeric_equation_decision_point_curriculum/low_confidence_branch_discipline/syn_ne_dp_low_confidence_branch_discipline_0697.txt,1f57e0aff10f92e64095f631cbdafa5c13d9506c,bc674f1dc8776ae504e21dcdf6b7dde422a91b09
syn_ne_dp_low_confidence_branch_discipline_0698,low_confidence_branch_discipline,AB_CD_^,syn_ne_policy_ab_cd_x_y_positive_priority_0030,synthetic,docs/train_ready/numeric_equation_transformation_rules/work_on/synthetic/non_unanimous_policy/ab_cd_x_y_positive_priority/syn_ne_policy_ab_cd_x_y_positive_priority_0030.txt,28,AB_CD,^,1261,docs/numeric_equation_decision_point_curriculum/low_confidence_branch_discipline/syn_ne_dp_low_confidence_branch_discipline_0698.txt,929bece470606b371c3bdef08e2fa01cebdca42d,ae32ef1478e82fc9ab70d9a6562fb6cabbd3a80b
syn_ne_dp_low_confidence_branch_discipline_0699,low_confidence_branch_discipline,BA_DC_+,syn_ne_low_ba_dc_add_vote_0168,synthetic,docs/train_ready/numeric_equation_transformation_rules/work_on/synthetic/low_confidence/syn_ne_low_ba_dc_add_vote_0168.txt,971,BA_DC,+,1488,docs/numeric_equation_decision_point_curriculum/low_confidence_branch_discipline/syn_ne_dp_low_confidence_branch_discipline_0699.txt,e488b94e91defc779416984fa7baf8a0fd4d8a81,cc4b09377eb7c551806f5381388d2223656acb4d
syn_ne_dp_low_confidence_branch_discipline_0700,low_confidence_branch_discipline,BA_DC_&,syn_ne_policy_ba_dc_x_y_negative_prefix_0051,synthetic,docs/train_ready/numeric_equation_transformation_rules/work_on/synthetic/non_unanimous_policy/ba_dc_x_y_negative_prefix/syn_ne_policy_ba_dc_x_y_negative_prefix_0051.txt,&16,BA_DC,&,1189,docs/numeric_equation_decision_point_curriculum/low_confidence_branch_discipline/syn_ne_dp_low_confidence_branch_discipline_0700.txt,ea262da3abb2c5f7b4cf4a3aa00aea1e49cb2207,1c0e7a98a5399cd3e92515995797107713d6c84d
syn_ne_dp_low_confidence_branch_discipline_0701,low_confidence_branch_discipline,BA_DC_:,syn_ne_low_ba_dc_sub_vote_0038,synthetic,docs/train_ready/numeric_equation_transformation_rules/work_on/synthetic/low_confidence/ba_dc_subtraction/syn_ne_low_ba_dc_sub_vote_0038.txt,34,BA_DC,:,2090,docs/numeric_equation_decision_point_curriculum/low_confidence_branch_discipline/syn_ne_dp_low_confidence_branch_discipline_0701.txt,90545cd14537e696975920d07d4ea55c10e3be7d,3b704a81576d98ed9904171c7331e2c614f4bef8
syn_ne_dp_low_confidence_branch_discipline_0702,low_confidence_branch_discipline,BA_DC_!,syn_ne_policy_ba_dc_x_y_negative_prefix_0050,synthetic,docs/train_ready/numeric_equation_transformation_rules/work_on/synthetic/non_unanimous_policy/ba_dc_x_y_negative_prefix/syn_ne_policy_ba_dc_x_y_negative_prefix_0050.txt,!75,BA_DC,!,1352,docs/numeric_equation_decision_point_curriculum/low_confidence_branch_discipline/syn_ne_dp_low_confidence_branch_discipline_0702.txt,9858e7d237317808a7aa3c86150cb280b83155f0,9aa5dec7638807abdf5e3c1e00745fd88c337055
syn_ne_dp_low_confidence_branch_discipline_0703,low_confidence_branch_discipline,BA_DC_+,syn_ne_low_ba_dc_add_vote_0177,synthetic,docs/train_ready/numeric_equation_transformation_rules/work_on/synthetic/low_confidence/syn_ne_low_ba_dc_add_vote_0177.txt,711,BA_DC,+,1488,docs/numeric_equation_decision_point_curriculum/low_confidence_branch_discipline/syn_ne_dp_low_confidence_branch_discipline_0703.txt,bb79fc8c5f27a003d09459c8698ef94a1ab24e2a,b01140a35c44d6e718f8ce8103c064091e3eb7d0
syn_ne_dp_low_confidence_branch_discipline_0704,low_confidence_branch_discipline,BA_DC_@,syn_ne_policy_ba_dc_x_y_negative_prefix_0013,synthetic,docs/train_ready/numeric_equation_transformation_rules/work_on/synthetic/non_unanimous_policy/ba_dc_x_y_negative_prefix/syn_ne_policy_ba_dc_x_y_negative_prefix_0013.txt,@67,BA_DC,@,1358,docs/numeric_equation_decision_point_curriculum/low_confidence_branch_discipline/syn_ne_dp_low_confidence_branch_discipline_0704.txt,5ecb40f58da48ba124863d208e97000c9f9e6fef,b91ddb105b5c7477434257fe2d61f9ef7f4842a2
syn_ne_dp_low_confidence_branch_discipline_0705,low_confidence_branch_discipline,BA_DC_?,syn_ne_policy_ba_dc_x_y_negative_prefix_0033,synthetic,docs/train_ready/numeric_equation_transformation_rules/work_on/synthetic/non_unanimous_policy/ba_dc_x_y_negative_prefix/syn_ne_policy_ba_dc_x_y_negative_prefix_0033.txt,?56,BA_DC,?,1352,docs/numeric_equation_decision_point_curriculum/low_confidence_branch_discipline/syn_ne_dp_low_confidence_branch_discipline_0705.txt,063ce40c85171d77fdbd65e16fcee7f61995b640,249a8f8cf87084b73b447921d511d940c3a0b350
syn_ne_dp_low_confidence_branch_discipline_0706,low_confidence_branch_discipline,AB_CD_%,syn_ne_policy_ab_cd_non_x_y_priority_0049,synthetic,docs/train_ready/numeric_equation_transformation_rules/work_on/synthetic/non_unanimous_policy/ab_cd_non_x_y_priority/syn_ne_policy_ab_cd_non_x_y_priority_0049.txt,144,AB_CD,%,1560,docs/numeric_equation_decision_point_curriculum/low_confidence_branch_discipline/syn_ne_dp_low_confidence_branch_discipline_0706.txt,f4f9a343f4ab27e36a806d6cc6f885ed5e332292,c6fd12ab060369eae01ca55c9644217fa346a151
syn_ne_dp_low_confidence_branch_discipline_0707,low_confidence_branch_discipline,AB_CD_&,syn_ne_prefix_ab_cd_xminusy_0011,synthetic,docs/train_ready/numeric_equation_transformation_rules/work_on/synthetic/prefix_postfix/syn_ne_prefix_ab_cd_xminusy_0011.txt,&12,AB_CD,&,5220,docs/numeric_equation_decision_point_curriculum/low_confidence_branch_discipline/syn_ne_dp_low_confidence_branch_discipline_0707.txt,823157a7cf83c00de64b435dfcdab41d1188cad2,7979bccd2b5ce26cf6e56da44a9dcbd4e7eaccd2
syn_ne_dp_low_confidence_branch_discipline_0708,low_confidence_branch_discipline,BA_DC_%,syn_ne_mod_ba_dc_xmody_0029,synthetic,docs/train_ready/numeric_equation_transformation_rules/work_on/synthetic/modular/syn_ne_mod_ba_dc_xmody_0029.txt,12,BA_DC,%,4495,docs/numeric_equation_decision_point_curriculum/low_confidence_branch_discipline/syn_ne_dp_low_confidence_branch_discipline_0708.txt,03e6918dc69a80f4d9e96e4fa7d72b5c02fba9a8,c165c309029c07c61105d43330c2adc909004dc0
syn_ne_dp_low_confidence_branch_discipline_0709,low_confidence_branch_discipline,AB_CD_?,syn_ne_policy_ab_cd_non_x_y_priority_0042,synthetic,docs/train_ready/numeric_equation_transformation_rules/work_on/synthetic/non_unanimous_policy/ab_cd_non_x_y_priority/syn_ne_policy_ab_cd_non_x_y_priority_0042.txt,93,AB_CD,?,1552,docs/numeric_equation_decision_point_curriculum/low_confidence_branch_discipline/syn_ne_dp_low_confidence_branch_discipline_0709.txt,b46bde0027cb0292ee2b65a063ec58addf1bf6f7,6442dd67a1c6296c9309cce6f9bb7d9f5b4f41d4
syn_ne_dp_low_confidence_branch_discipline_0710,low_confidence_branch_discipline,AB_CD_^,syn_ne_policy_ab_cd_non_x_y_priority_0001,synthetic,docs/train_ready/numeric_equation_transformation_rules/work_on/synthetic/non_unanimous_policy/ab_cd_non_x_y_priority/syn_ne_policy_ab_cd_non_x_y_priority_0001.txt,17,AB_CD,^,1609,docs/numeric_equation_decision_point_curriculum/low_confidence_branch_discipline/syn_ne_dp_low_confidence_branch_discipline_0710.txt,7a6b452d6e80730a5d4597ba211ebe041bb0a5a7,db94a2f5feed94cee2f256a1ae2c84f290d77129
syn_ne_dp_low_confidence_branch_discipline_0711,low_confidence_branch_discipline,BA_DC_#,syn_ne_low_ba_dc_sub_vote_0039,synthetic,docs/train_ready/numeric_equation_transformation_rules/work_on/synthetic/low_confidence/ba_dc_subtraction/syn_ne_low_ba_dc_sub_vote_0039.txt,25,BA_DC,#,2124,docs/numeric_equation_decision_point_curriculum/low_confidence_branch_discipline/syn_ne_dp_low_confidence_branch_discipline_0711.txt,4a52c15833c136eca0e5bdba686d773ab39c9afc,b1ecc2fa622b951d1752430b5d41138a7977cb17
syn_ne_dp_low_confidence_branch_discipline_0712,low_confidence_branch_discipline,AB_CD_-,syn_ne_low_ab_cd_sub_vote_0006,synthetic,docs/train_ready/numeric_equation_transformation_rules/work_on/synthetic/low_confidence/syn_ne_low_ab_cd_sub_vote_0006.txt,-10,AB_CD,-,5227,docs/numeric_equation_decision_point_curriculum/low_confidence_branch_discipline/syn_ne_dp_low_confidence_branch_discipline_0712.txt,0ee9ee34729d6bd46c31a4bca0286ab804db88a4,fb79f591e9b8dd2166f0e96e0787c5535c882171
syn_ne_dp_low_confidence_branch_discipline_0713,low_confidence_branch_discipline,BA_DC_?,syn_ne_policy_ba_dc_x_y_negative_prefix_0023,synthetic,docs/train_ready/numeric_equation_transformation_rules/work_on/synthetic/non_unanimous_policy/ba_dc_x_y_negative_prefix/syn_ne_policy_ba_dc_x_y_negative_prefix_0023.txt,?7,BA_DC,?,1347,docs/numeric_equation_decision_point_curriculum/low_confidence_branch_discipline/syn_ne_dp_low_confidence_branch_discipline_0713.txt,8cb20115cbeef5d8d0359117caed07bd8c97dd90,1705b280d41fc4b351ee75b8bf7743bfa3fada66
syn_ne_dp_low_confidence_branch_discipline_0714,low_confidence_branch_discipline,BA_DC_%,syn_ne_mod_ba_dc_maxxymodminxy_0013,synthetic,docs/train_ready/numeric_equation_transformation_rules/work_on/synthetic/modular/syn_ne_mod_ba_dc_maxxymodminxy_0013.txt,01,BA_DC,%,3951,docs/numeric_equation_decision_point_curriculum/low_confidence_branch_discipline/syn_ne_dp_low_confidence_branch_discipline_0714.txt,e5978b457bf030be81c63fd6ca96e5de818d01da,98d28864e8a3f5e73b8f93f2bdd752eac83f9190
syn_ne_dp_low_confidence_branch_discipline_0715,low_confidence_branch_discipline,BA_DC_&,syn_ne_policy_ba_dc_x_y_negative_prefix_0097,synthetic,docs/train_ready/numeric_equation_transformation_rules/work_on/synthetic/non_unanimous_policy/ba_dc_x_y_negative_prefix/syn_ne_policy_ba_dc_x_y_negative_prefix_0097.txt,&64,BA_DC,&,1352,docs/numeric_equation_decision_point_curriculum/low_confidence_branch_discipline/syn_ne_dp_low_confidence_branch_discipline_0715.txt,9be6185a09d82ac7cf4377f814d80c3f25f31bf5,cfe300463931433ada43e2009063cd52a1f6eb20
syn_ne_dp_low_confidence_branch_discipline_0716,low_confidence_branch_discipline,BA_DC_+,syn_ne_low_ba_dc_add_vote_0108,synthetic,docs/train_ready/numeric_equation_transformation_rules/work_on/synthetic/low_confidence/syn_ne_low_ba_dc_add_vote_0108.txt,95,BA_DC,+,1458,docs/numeric_equation_decision_point_curriculum/low_confidence_branch_discipline/syn_ne_dp_low_confidence_branch_discipline_0716.txt,f6036357eeaf69f7bd08ebb42c5cdea8daa9eedc,32bd3e393c758bf3baa8e3cf56229c4df6311249
syn_ne_dp_low_confidence_branch_discipline_0717,low_confidence_branch_discipline,BA_DC_$,syn_ne_policy_ba_dc_x_y_negative_prefix_0047,synthetic,docs/train_ready/numeric_equation_transformation_rules/work_on/synthetic/non_unanimous_policy/ba_dc_x_y_negative_prefix/syn_ne_policy_ba_dc_x_y_negative_prefix_0047.txt,$46,BA_DC,$,1379,docs/numeric_equation_decision_point_curriculum/low_confidence_branch_discipline/syn_ne_dp_low_confidence_branch_discipline_0717.txt,ef6aff8cad7ab4226f38e9ac678bb571778be8e8,dcea56cd4b3571e4ef0215111b3d8a83e6d31651
syn_ne_dp_low_confidence_branch_discipline_0718,low_confidence_branch_discipline,AB_CD_@,syn_ne_policy_ab_cd_x_y_positive_priority_0034,synthetic,docs/train_ready/numeric_equation_transformation_rules/work_on/synthetic/non_unanimous_policy/ab_cd_x_y_positive_priority/syn_ne_policy_ab_cd_x_y_positive_priority_0034.txt,21,AB_CD,@,1499,docs/numeric_equation_decision_point_curriculum/low_confidence_branch_discipline/syn_ne_dp_low_confidence_branch_discipline_0718.txt,71c43866e33c0d8cd6c1536189cb5b145994f1c9,b4a9c0fde29b6a60585ea69f0486e9dddef1376c
syn_ne_dp_low_confidence_branch_discipline_0719,low_confidence_branch_discipline,BA_DC_%,syn_ne_mod_ba_dc_xmody_0045,synthetic,docs/train_ready/numeric_equation_transformation_rules/work_on/synthetic/modular/syn_ne_mod_ba_dc_xmody_0045.txt,13,BA_DC,%,4495,docs/numeric_equation_decision_point_curriculum/low_confidence_branch_discipline/syn_ne_dp_low_confidence_branch_discipline_0719.txt,8912c3bc2dc47c39901ff0361ee974e8c6579dcb,25b8e778bb9e4d801a842da7239a3e8f7118ae56
syn_ne_dp_low_confidence_branch_discipline_0720,low_confidence_branch_discipline,AB_CD_-,syn_ne_low_ab_cd_sub_vote_0015,synthetic,docs/train_ready/numeric_equation_transformation_rules/work_on/synthetic/low_confidence/syn_ne_low_ab_cd_sub_vote_0015.txt,-10,AB_CD,-,5227,docs/numeric_equation_decision_point_curriculum/low_confidence_branch_discipline/syn_ne_dp_low_confidence_branch_discipline_0720.txt,167ce785dfa20fbd25eb0387155a5d9e639a1c6b,33337bb904012425fb22841da298f62b50f611fa
syn_ne_dp_low_confidence_branch_discipline_0721,low_confidence_branch_discipline,BA_DC_#,syn_ne_policy_ba_dc_x_y_negative_prefix_0101,synthetic,docs/train_ready/numeric_equation_transformation_rules/work_on/synthetic/non_unanimous_policy/ba_dc_x_y_negative_prefix/syn_ne_policy_ba_dc_x_y_negative_prefix_0101.txt,#11,BA_DC,#,1358,docs/numeric_equation_decision_point_curriculum/low_confidence_branch_discipline/syn_ne_dp_low_confidence_branch_discipline_0721.txt,4eb0a8d7acdc63d135410ed396e8dc5183749939,ac61599e387ef16f6d24b032bbbeada94e7dd9f8
syn_ne_dp_low_confidence_branch_discipline_0722,low_confidence_branch_discipline,BA_DC_@,syn_ne_policy_ba_dc_x_y_negative_prefix_0093,synthetic,docs/train_ready/numeric_equation_transformation_rules/work_on/synthetic/non_unanimous_policy/ba_dc_x_y_negative_prefix/syn_ne_policy_ba_dc_x_y_negative_prefix_0093.txt,@75,BA_DC,@,1352,docs/numeric_equation_decision_point_curriculum/low_confidence_branch_discipline/syn_ne_dp_low_confidence_branch_discipline_0722.txt,ea46f4e32aca5ae92a86d0f05f364a05c8fdd8a8,ba5542e730598f9a1615ab24d3b16187844ae179
syn_ne_dp_low_confidence_branch_discipline_0723,low_confidence_branch_discipline,AB_CD_^,syn_ne_policy_ab_cd_x_y_positive_priority_0020,synthetic,docs/train_ready/numeric_equation_transformation_rules/work_on/synthetic/non_unanimous_policy/ab_cd_x_y_positive_priority/syn_ne_policy_ab_cd_x_y_positive_priority_0020.txt,20,AB_CD,^,1168,docs/numeric_equation_decision_point_curriculum/low_confidence_branch_discipline/syn_ne_dp_low_confidence_branch_discipline_0723.txt,af08ed77000bf876df1c370eafe75948e5338254,2d2f50b3e0bd3d0581917c204262f26ecdf2e0b8
syn_ne_dp_low_confidence_branch_discipline_0724,low_confidence_branch_discipline,BA_DC_$,syn_ne_policy_ba_dc_x_y_negative_prefix_0124,synthetic,docs/train_ready/numeric_equation_transformation_rules/work_on/synthetic/non_unanimous_policy/ba_dc_x_y_negative_prefix/syn_ne_policy_ba_dc_x_y_negative_prefix_0124.txt,$61,BA_DC,$,1379,docs/numeric_equation_decision_point_curriculum/low_confidence_branch_discipline/syn_ne_dp_low_confidence_branch_discipline_0724.txt,024dbc9597c416bd971eac742fa2f564e734becf,a77eac8d995940c83508ed6d7390887b98c62d9b
syn_ne_dp_low_confidence_branch_discipline_0725,low_confidence_branch_discipline,AB_CD_?,syn_ne_policy_ab_cd_non_x_y_priority_0030,synthetic,docs/train_ready/numeric_equation_transformation_rules/work_on/synthetic/non_unanimous_policy/ab_cd_non_x_y_priority/syn_ne_policy_ab_cd_non_x_y_priority_0030.txt,106,AB_CD,?,1548,docs/numeric_equation_decision_point_curriculum/low_confidence_branch_discipline/syn_ne_dp_low_confidence_branch_discipline_0725.txt,901092e955581c6b1e8544d3a13232506c6b57c1,1537f6e3135b9937eced15ff11f553d5818e54f3
syn_ne_dp_low_confidence_branch_discipline_0726,low_confidence_branch_discipline,BA_DC_#,syn_ne_policy_ba_dc_x_y_negative_prefix_0099,synthetic,docs/train_ready/numeric_equation_transformation_rules/work_on/synthetic/non_unanimous_policy/ba_dc_x_y_negative_prefix/syn_ne_policy_ba_dc_x_y_negative_prefix_0099.txt,#2,BA_DC,#,1347,docs/numeric_equation_decision_point_curriculum/low_confidence_branch_discipline/syn_ne_dp_low_confidence_branch_discipline_0726.txt,898f13bc517e308cb56da2288be4cb7bef4feaf1,6f02bd29a39c915004f5b0b7f85cc26de35ab1a2
syn_ne_dp_low_confidence_branch_discipline_0727,low_confidence_branch_discipline,BA_DC_+,syn_ne_low_ba_dc_add_vote_0077,synthetic,docs/train_ready/numeric_equation_transformation_rules/work_on/synthetic/low_confidence/syn_ne_low_ba_dc_add_vote_0077.txt,611,BA_DC,+,1488,docs/numeric_equation_decision_point_curriculum/low_confidence_branch_discipline/syn_ne_dp_low_confidence_branch_discipline_0727.txt,9477fb33b24d94c4fd6f6bdaf271cc049a1cc0ce,75fb4219d508d19c6f6adbbcaedee59d329608f0
syn_ne_dp_low_confidence_branch_discipline_0728,low_confidence_branch_discipline,BA_DC_@,syn_ne_low_ba_dc_sub_vote_0025,synthetic,docs/train_ready/numeric_equation_transformation_rules/work_on/synthetic/low_confidence/ba_dc_subtraction/syn_ne_low_ba_dc_sub_vote_0025.txt,19,BA_DC,@,1422,docs/numeric_equation_decision_point_curriculum/low_confidence_branch_discipline/syn_ne_dp_low_confidence_branch_discipline_0728.txt,c2879be4b26ff5802ff2282898be329c5339eaf2,490d618d7f57086876178c1ba009b02224d4ca7c
syn_ne_dp_low_confidence_branch_discipline_0729,low_confidence_branch_discipline,BA_DC_-,syn_ne_low_ba_dc_sub_vote_0097,synthetic,docs/train_ready/numeric_equation_transformation_rules/work_on/synthetic/low_confidence/ba_dc_subtraction/syn_ne_low_ba_dc_sub_vote_0097.txt,-42,BA_DC,-,2328,docs/numeric_equation_decision_point_curriculum/low_confidence_branch_discipline/syn_ne_dp_low_confidence_branch_discipline_0729.txt,b0030a9779a214c0bf31d66ef2ed54eee4d6fa4b,d4d3342f803dd9f43d213bb8b21296c32e7b5f6c
syn_ne_dp_low_confidence_branch_discipline_0730,low_confidence_branch_discipline,BA_DC_+,syn_ne_low_ba_dc_add_vote_0099,synthetic,docs/train_ready/numeric_equation_transformation_rules/work_on/synthetic/low_confidence/syn_ne_low_ba_dc_add_vote_0099.txt,12,BA_DC,+,1480,docs/numeric_equation_decision_point_curriculum/low_confidence_branch_discipline/syn_ne_dp_low_confidence_branch_discipline_0730.txt,5a2f4c20a380b80d249200525dfebcad0079f414,20bdcb25afbbf13e1faa4f2be20cbb8758b977b9
syn_ne_dp_low_confidence_branch_discipline_0731,low_confidence_branch_discipline,AB_CD_@,syn_ne_policy_ab_cd_x_y_positive_priority_0017,synthetic,docs/train_ready/numeric_equation_transformation_rules/work_on/synthetic/non_unanimous_policy/ab_cd_x_y_positive_priority/syn_ne_policy_ab_cd_x_y_positive_priority_0017.txt,61,AB_CD,@,1168,docs/numeric_equation_decision_point_curriculum/low_confidence_branch_discipline/syn_ne_dp_low_confidence_branch_discipline_0731.txt,7265941bae68bcebc22d3e3d106243a60261d2bf,4718a614a31c9f9cb26100d0058d79d834fe63b1
syn_ne_dp_low_confidence_branch_discipline_0732,low_confidence_branch_discipline,BA_DC_%,syn_ne_mod_ba_dc_xmody_0049,synthetic,docs/train_ready/numeric_equation_transformation_rules/work_on/synthetic/modular/syn_ne_mod_ba_dc_xmody_0049.txt,13,BA_DC,%,4495,docs/numeric_equation_decision_point_curriculum/low_confidence_branch_discipline/syn_ne_dp_low_confidence_branch_discipline_0732.txt,c05a23b22cf50b35e7ed0a99d3546b8aeb298e12,25b8e778bb9e4d801a842da7239a3e8f7118ae56
syn_ne_dp_low_confidence_branch_discipline_0733,low_confidence_branch_discipline,BA_DC_+,syn_ne_low_ba_dc_add_vote_0075,synthetic,docs/train_ready/numeric_equation_transformation_rules/work_on/synthetic/low_confidence/syn_ne_low_ba_dc_add_vote_0075.txt,25,BA_DC,+,1480,docs/numeric_equation_decision_point_curriculum/low_confidence_branch_discipline/syn_ne_dp_low_confidence_branch_discipline_0733.txt,9fcd269920351ba03e1034587f69f644c0105635,8846bbca34e7ea6a68e43147b21418dbb0c58b67
syn_ne_dp_low_confidence_branch_discipline_0734,low_confidence_branch_discipline,BA_DC_#,syn_ne_policy_ba_dc_x_y_negative_prefix_0011,synthetic,docs/train_ready/numeric_equation_transformation_rules/work_on/synthetic/non_unanimous_policy/ba_dc_x_y_negative_prefix/syn_ne_policy_ba_dc_x_y_negative_prefix_0011.txt,#09,BA_DC,#,1358,docs/numeric_equation_decision_point_curriculum/low_confidence_branch_discipline/syn_ne_dp_low_confidence_branch_discipline_0734.txt,3426baae4f109190cf5a01758ca95cff79cd4313,208e772a07fb8f9e30dabe418bf36db2a51078cf
syn_ne_dp_low_confidence_branch_discipline_0735,low_confidence_branch_discipline,BA_DC_+,syn_ne_low_ba_dc_add_vote_0166,synthetic,docs/train_ready/numeric_equation_transformation_rules/work_on/synthetic/low_confidence/syn_ne_low_ba_dc_add_vote_0166.txt,611,BA_DC,+,1466,docs/numeric_equation_decision_point_curriculum/low_confidence_branch_discipline/syn_ne_dp_low_confidence_branch_discipline_0735.txt,97884143a6fbf185700d0ee5c3a4801ab0663a50,75fb4219d508d19c6f6adbbcaedee59d329608f0
syn_ne_dp_low_confidence_branch_discipline_0736,low_confidence_branch_discipline,BA_DC_@,syn_ne_policy_ba_dc_x_y_negative_prefix_0015,synthetic,docs/train_ready/numeric_equation_transformation_rules/work_on/synthetic/non_unanimous_policy/ba_dc_x_y_negative_prefix/syn_ne_policy_ba_dc_x_y_negative_prefix_0015.txt,@2,BA_DC,@,1374,docs/numeric_equation_decision_point_curriculum/low_confidence_branch_discipline/syn_ne_dp_low_confidence_branch_discipline_0736.txt,1d34875f520b488d95faba91715f7949328ac4e8,b2f4b5df09bc8ef4738409278ee8e551e7b7f0d1
syn_ne_dp_low_confidence_branch_discipline_0737,low_confidence_branch_discipline,BA_DC_+,syn_ne_low_ba_dc_add_vote_0010,synthetic,docs/train_ready/numeric_equation_transformation_rules/work_on/synthetic/low_confidence/syn_ne_low_ba_dc_add_vote_0010.txt,12,BA_DC,+,1480,docs/numeric_equation_decision_point_curriculum/low_confidence_branch_discipline/syn_ne_dp_low_confidence_branch_discipline_0737.txt,44a7c60480020b33442bb66e2dbd21ffabe1653c,20bdcb25afbbf13e1faa4f2be20cbb8758b977b9
syn_ne_dp_low_confidence_branch_discipline_0738,low_confidence_branch_discipline,BA_DC_$,syn_ne_policy_ba_dc_x_y_negative_prefix_0036,synthetic,docs/train_ready/numeric_equation_transformation_rules/work_on/synthetic/non_unanimous_policy/ba_dc_x_y_negative_prefix/syn_ne_policy_ba_dc_x_y_negative_prefix_0036.txt,$3,BA_DC,$,1353,docs/numeric_equation_decision_point_curriculum/low_confidence_branch_discipline/syn_ne_dp_low_confidence_branch_discipline_0738.txt,06299a41d3fa4a0380ef3efc2aff87d933fe1ee2,8c7a06102eb76db938aa68d891c0e131bbc384c4
syn_ne_dp_low_confidence_branch_discipline_0739,low_confidence_branch_discipline,BA_DC_&,syn_ne_policy_ba_dc_x_y_negative_prefix_0067,synthetic,docs/train_ready/numeric_equation_transformation_rules/work_on/synthetic/non_unanimous_policy/ba_dc_x_y_negative_prefix/syn_ne_policy_ba_dc_x_y_negative_prefix_0067.txt,&91,BA_DC,&,1352,docs/numeric_equation_decision_point_curriculum/low_confidence_branch_discipline/syn_ne_dp_low_confidence_branch_discipline_0739.txt,cabdf4ceb11938da9559c8f63c6ec22c79718912,8f74fede28c82f367609b14b958267995552ab0f
syn_ne_dp_low_confidence_branch_discipline_0740,low_confidence_branch_discipline,BA_DC_$,syn_ne_prefix_ba_dc_xminusy_0003,synthetic,docs/train_ready/numeric_equation_transformation_rules/work_on/synthetic/prefix_postfix/syn_ne_prefix_ba_dc_xminusy_0003.txt,$04,BA_DC,$,1326,docs/numeric_equation_decision_point_curriculum/low_confidence_branch_discipline/syn_ne_dp_low_confidence_branch_discipline_0740.txt,bf2d9d4d5296104022f8dcce7839d60aafda433d,72ee157e82feaea64e44b56d8457f99da4bed3d1
syn_ne_dp_low_confidence_branch_discipline_0741,low_confidence_branch_discipline,AB_CD_&,syn_ne_policy_ab_cd_x_y_positive_priority_0046,synthetic,docs/train_ready/numeric_equation_transformation_rules/work_on/synthetic/non_unanimous_policy/ab_cd_x_y_positive_priority/syn_ne_policy_ab_cd_x_y_positive_priority_0046.txt,63,AB_CD,&,1261,docs/numeric_equation_decision_point_curriculum/low_confidence_branch_discipline/syn_ne_dp_low_confidence_branch_discipline_0741.txt,2a37d916a69ed2286e39690bcb7db1812922807f,3e5fb1eb3880d1b7efe22b7d2b998b9d52eb4406
syn_ne_dp_low_confidence_branch_discipline_0742,low_confidence_branch_discipline,BA_DC_#,syn_ne_policy_ba_dc_x_y_negative_prefix_0018,synthetic,docs/train_ready/numeric_equation_transformation_rules/work_on/synthetic/non_unanimous_policy/ba_dc_x_y_negative_prefix/syn_ne_policy_ba_dc_x_y_negative_prefix_0018.txt,#02,BA_DC,#,1352,docs/numeric_equation_decision_point_curriculum/low_confidence_branch_discipline/syn_ne_dp_low_confidence_branch_discipline_0742.txt,163244e986a22a3ccb744ac9f229a2bdfecdbfea,7a0fcde21abe8329b9d97d7791a8a24529d966bd
syn_ne_dp_low_confidence_branch_discipline_0743,low_confidence_branch_discipline,BA_DC_@,syn_ne_policy_ba_dc_x_y_negative_prefix_0134,synthetic,docs/train_ready/numeric_equation_transformation_rules/work_on/synthetic/non_unanimous_policy/ba_dc_x_y_negative_prefix/syn_ne_policy_ba_dc_x_y_negative_prefix_0134.txt,@93,BA_DC,@,1352,docs/numeric_equation_decision_point_curriculum/low_confidence_branch_discipline/syn_ne_dp_low_confidence_branch_discipline_0743.txt,3a48569ed9b5234fa4b07570493378f33d51cd82,53c031be16ec5eb27c6d0b70db07a10f48238deb
syn_ne_dp_low_confidence_branch_discipline_0744,low_confidence_branch_discipline,AB_CD_^,syn_ne_policy_ab_cd_non_x_y_priority_0008,synthetic,docs/train_ready/numeric_equation_transformation_rules/work_on/synthetic/non_unanimous_policy/ab_cd_non_x_y_priority/syn_ne_policy_ab_cd_non_x_y_priority_0008.txt,17,AB_CD,^,1589,docs/numeric_equation_decision_point_curriculum/low_confidence_branch_discipline/syn_ne_dp_low_confidence_branch_discipline_0744.txt,956103c459ab5b22f6f7e614a30c221362521135,db94a2f5feed94cee2f256a1ae2c84f290d77129
syn_ne_dp_low_confidence_branch_discipline_0745,low_confidence_branch_discipline,BA_DC_#,syn_ne_policy_ba_dc_x_y_negative_prefix_0091,synthetic,docs/train_ready/numeric_equation_transformation_rules/work_on/synthetic/non_unanimous_policy/ba_dc_x_y_negative_prefix/syn_ne_policy_ba_dc_x_y_negative_prefix_0091.txt,#51,BA_DC,#,1358,docs/numeric_equation_decision_point_curriculum/low_confidence_branch_discipline/syn_ne_dp_low_confidence_branch_discipline_0745.txt,fd8d0b2cf998678a2f3d148ee0e9565f6ed37008,4d050d1c6dd909e20b36b68b923fd4e2fe272375
syn_ne_dp_low_confidence_branch_discipline_0746,low_confidence_branch_discipline,AB_CD_~,syn_ne_policy_ab_cd_non_x_y_priority_0089,synthetic,docs/train_ready/numeric_equation_transformation_rules/work_on/synthetic/non_unanimous_policy/ab_cd_non_x_y_priority/syn_ne_policy_ab_cd_non_x_y_priority_0089.txt,15,AB_CD,~,1549,docs/numeric_equation_decision_point_curriculum/low_confidence_branch_discipline/syn_ne_dp_low_confidence_branch_discipline_0746.txt,7d9bda2404df5a16d2ecd60deedc2417b9f7e463,27dd19c52f54531667f74f6cefe566904c261baf
syn_ne_dp_low_confidence_branch_discipline_0747,low_confidence_branch_discipline,AB_CD_&,syn_ne_prefix_ab_cd_xminusy_0007,synthetic,docs/train_ready/numeric_equation_transformation_rules/work_on/synthetic/prefix_postfix/syn_ne_prefix_ab_cd_xminusy_0007.txt,&8,AB_CD,&,5234,docs/numeric_equation_decision_point_curriculum/low_confidence_branch_discipline/syn_ne_dp_low_confidence_branch_discipline_0747.txt,9bf6f852c6f5d6891e8ce8da908040f309a3b639,cffd063f0225368631c87e7ab99bc581c74024ba
syn_ne_dp_low_confidence_branch_discipline_0748,low_confidence_branch_discipline,AB_CD_&,syn_ne_prefix_ab_cd_xminusy_0016,synthetic,docs/train_ready/numeric_equation_transformation_rules/work_on/synthetic/prefix_postfix/syn_ne_prefix_ab_cd_xminusy_0016.txt,&17,AB_CD,&,5242,docs/numeric_equation_decision_point_curriculum/low_confidence_branch_discipline/syn_ne_dp_low_confidence_branch_discipline_0748.txt,582e62f7372bd4a16b135b6e86d43e3301e54309,0a8e3d366d8022bdad413c88d0faa27d5cea1526
syn_ne_dp_low_confidence_branch_discipline_0749,low_confidence_branch_discipline,BA_DC_+,syn_ne_low_ba_dc_add_vote_0009,synthetic,docs/train_ready/numeric_equation_transformation_rules/work_on/synthetic/low_confidence/syn_ne_low_ba_dc_add_vote_0009.txt,93,BA_DC,+,1480,docs/numeric_equation_decision_point_curriculum/low_confidence_branch_discipline/syn_ne_dp_low_confidence_branch_discipline_0749.txt,41afc011b01287a595d6e90767549fdce164f502,8d79929eb7174bc59d676335a68fc2fcfb061d70
syn_ne_dp_low_confidence_branch_discipline_0750,low_confidence_branch_discipline,BA_DC_$,syn_ne_policy_ba_dc_x_y_negative_prefix_0005,synthetic,docs/train_ready/numeric_equation_transformation_rules/work_on/synthetic/non_unanimous_policy/ba_dc_x_y_negative_prefix/syn_ne_policy_ba_dc_x_y_negative_prefix_0005.txt,$35,BA_DC,$,1352,docs/numeric_equation_decision_point_curriculum/low_confidence_branch_discipline/syn_ne_dp_low_confidence_branch_discipline_0750.txt,e4c444033b41a6682023dea3a80554738d2c4521,1dd3f6548aeef97f5193e9f64acd5244b99517fc
syn_ne_dp_low_confidence_branch_discipline_0751,low_confidence_branch_discipline,AB_CD_?,syn_ne_policy_ab_cd_x_y_positive_priority_0045,synthetic,docs/train_ready/numeric_equation_transformation_rules/work_on/synthetic/non_unanimous_policy/ab_cd_x_y_positive_priority/syn_ne_policy_ab_cd_x_y_positive_priority_0045.txt,12,AB_CD,?,1168,docs/numeric_equation_decision_point_curriculum/low_confidence_branch_discipline/syn_ne_dp_low_confidence_branch_discipline_0751.txt,3adbe4b730c1ed21bea277d409582e2cad585888,d4b1336770cb13a879cd052f3f2bb521969f088a
syn_ne_dp_low_confidence_branch_discipline_0752,low_confidence_branch_discipline,BA_DC_~,syn_ne_low_ba_dc_sub_vote_0010,synthetic,docs/train_ready/numeric_equation_transformation_rules/work_on/synthetic/low_confidence/ba_dc_subtraction/syn_ne_low_ba_dc_sub_vote_0010.txt,14,BA_DC,~,1423,docs/numeric_equation_decision_point_curriculum/low_confidence_branch_discipline/syn_ne_dp_low_confidence_branch_discipline_0752.txt,82caea65c457106996b1583380e836162352fa99,6d52993dccb828d0b00a41da54422d3856a37b62
syn_ne_dp_low_confidence_branch_discipline_0753,low_confidence_branch_discipline,BA_DC_#,syn_ne_low_ba_dc_sub_vote_0049,synthetic,docs/train_ready/numeric_equation_transformation_rules/work_on/synthetic/low_confidence/ba_dc_subtraction/syn_ne_low_ba_dc_sub_vote_0049.txt,28,BA_DC,#,2090,docs/numeric_equation_decision_point_curriculum/low_confidence_branch_discipline/syn_ne_dp_low_confidence_branch_discipline_0753.txt,852a168df426413f70673b65a4f1c85422a80dfb,6555b032fe4ca80a5fe6c2c480612f9336c43311
syn_ne_dp_low_confidence_branch_discipline_0754,low_confidence_branch_discipline,AB_CD_^,syn_ne_prefix_ab_cd_xminusy_0018,synthetic,docs/train_ready/numeric_equation_transformation_rules/work_on/synthetic/prefix_postfix/syn_ne_prefix_ab_cd_xminusy_0018.txt,^46,AB_CD,^,5313,docs/numeric_equation_decision_point_curriculum/low_confidence_branch_discipline/syn_ne_dp_low_confidence_branch_discipline_0754.txt,a7fd156096846412ff142cecc354268e9f1fc9e2,ad041b40e5d0e167db3277a76cf303d9716e7f0e
syn_ne_dp_low_confidence_branch_discipline_0755,low_confidence_branch_discipline,AB_CD_%,syn_ne_policy_ab_cd_non_x_y_priority_0075,synthetic,docs/train_ready/numeric_equation_transformation_rules/work_on/synthetic/non_unanimous_policy/ab_cd_non_x_y_priority/syn_ne_policy_ab_cd_non_x_y_priority_0075.txt,24,AB_CD,%,1589,docs/numeric_equation_decision_point_curriculum/low_confidence_branch_discipline/syn_ne_dp_low_confidence_branch_discipline_0755.txt,01ac734c20cb86f31b19afdc5436209f8b1a2edb,d97e3331cb90338f7eb7148220c0946ff10d58a3
syn_ne_dp_low_confidence_branch_discipline_0756,low_confidence_branch_discipline,BA_DC_!,syn_ne_policy_ba_dc_x_y_negative_prefix_0071,synthetic,docs/train_ready/numeric_equation_transformation_rules/work_on/synthetic/non_unanimous_policy/ba_dc_x_y_negative_prefix/syn_ne_policy_ba_dc_x_y_negative_prefix_0071.txt,!3,BA_DC,!,1347,docs/numeric_equation_decision_point_curriculum/low_confidence_branch_discipline/syn_ne_dp_low_confidence_branch_discipline_0756.txt,72781c0fcbf36e21d0106422f02dfdd83e0fed22,6676efef9c6a8e096700e4fd1a632d193d4d8783
syn_ne_dp_low_confidence_branch_discipline_0757,low_confidence_branch_discipline,BA_DC_+,syn_ne_low_ba_dc_add_vote_0156,synthetic,docs/train_ready/numeric_equation_transformation_rules/work_on/synthetic/low_confidence/syn_ne_low_ba_dc_add_vote_0156.txt,69,BA_DC,+,1480,docs/numeric_equation_decision_point_curriculum/low_confidence_branch_discipline/syn_ne_dp_low_confidence_branch_discipline_0757.txt,4eaba6d107d87bf07ccf41ca16bfcf58846049d7,afcabbc96dc6b6e6f1e708f754ced4fba9461fd1
syn_ne_dp_low_confidence_branch_discipline_0758,low_confidence_branch_discipline,BA_DC_~,syn_ne_policy_ba_dc_y_x_negative_nonliteral_suffix_0004,synthetic,docs/train_ready/numeric_equation_transformation_rules/work_on/synthetic/non_unanimous_policy/ba_dc_y_x_negative_nonliteral_suffix/syn_ne_policy_ba_dc_y_x_negative_nonliteral_suffix_0004.txt,21~,BA_DC,~,1352,docs/numeric_equation_decision_point_curriculum/low_confidence_branch_discipline/syn_ne_dp_low_confidence_branch_discipline_0758.txt,12843af355d0be989e8b536c4505ca7f7e4f7839,7f55186d0ff12c9d999330db2a59175dfac82f99
syn_ne_dp_low_confidence_branch_discipline_0759,low_confidence_branch_discipline,BA_DC_+,syn_ne_low_ba_dc_add_vote_0034,synthetic,docs/train_ready/numeric_equation_transformation_rules/work_on/synthetic/low_confidence/syn_ne_low_ba_dc_add_vote_0034.txt,98,BA_DC,+,1480,docs/numeric_equation_decision_point_curriculum/low_confidence_branch_discipline/syn_ne_dp_low_confidence_branch_discipline_0759.txt,82739315f7becaaa84a395673d9178e6b133f58a,7c8dc9befb365b5c33637933bcae22b08555e3a8
syn_ne_dp_low_confidence_branch_discipline_0760,low_confidence_branch_discipline,BA_DC_:,syn_ne_low_ba_dc_sub_vote_0058,synthetic,docs/train_ready/numeric_equation_transformation_rules/work_on/synthetic/low_confidence/ba_dc_subtraction/syn_ne_low_ba_dc_sub_vote_0058.txt,42,BA_DC,:,3020,docs/numeric_equation_decision_point_curriculum/low_confidence_branch_discipline/syn_ne_dp_low_confidence_branch_discipline_0760.txt,6016a4aa60540e4b678027ede5604394a4318b87,88c50e2fa43bd31e5110d9d1e5acd8a2537889f5
syn_ne_dp_low_confidence_branch_discipline_0761,low_confidence_branch_discipline,BA_DC_$,syn_ne_prefix_ba_dc_xminusy_0004,synthetic,docs/train_ready/numeric_equation_transformation_rules/work_on/synthetic/prefix_postfix/syn_ne_prefix_ba_dc_xminusy_0004.txt,$05,BA_DC,$,1326,docs/numeric_equation_decision_point_curriculum/low_confidence_branch_discipline/syn_ne_dp_low_confidence_branch_discipline_0761.txt,7d7b43146000ea08cf340e0042d9d81cb4bb5f3f,a83b5bcac8d93b93cb4e217e20203d86aeba1a20
syn_ne_dp_low_confidence_branch_discipline_0762,low_confidence_branch_discipline,AB_CD_^,syn_ne_policy_ab_cd_non_x_y_priority_0074,synthetic,docs/train_ready/numeric_equation_transformation_rules/work_on/synthetic/non_unanimous_policy/ab_cd_non_x_y_priority/syn_ne_policy_ab_cd_non_x_y_priority_0074.txt,16,AB_CD,^,1609,docs/numeric_equation_decision_point_curriculum/low_confidence_branch_discipline/syn_ne_dp_low_confidence_branch_discipline_0762.txt,0309570b6b1f2f89636e94fab5a4e9aef3c6f5d8,0b145a2f402f51c9db4ee101f136fa33a91ae2ec
syn_ne_dp_low_confidence_branch_discipline_0763,low_confidence_branch_discipline,BA_DC_+,syn_ne_low_ba_dc_add_vote_0092,synthetic,docs/train_ready/numeric_equation_transformation_rules/work_on/synthetic/low_confidence/syn_ne_low_ba_dc_add_vote_0092.txt,74,BA_DC,+,1480,docs/numeric_equation_decision_point_curriculum/low_confidence_branch_discipline/syn_ne_dp_low_confidence_branch_discipline_0763.txt,38173755e115c65a9b5d82a4a9c6a21861ae1e77,aed997eb5e18f1a7d3170d99df3e6303a3e62704
syn_ne_dp_low_confidence_branch_discipline_0764,low_confidence_branch_discipline,BA_DC_+,syn_ne_low_ba_dc_sub_vote_0011,synthetic,docs/train_ready/numeric_equation_transformation_rules/work_on/synthetic/low_confidence/ba_dc_subtraction/syn_ne_low_ba_dc_sub_vote_0011.txt,24,BA_DC,+,1423,docs/numeric_equation_decision_point_curriculum/low_confidence_branch_discipline/syn_ne_dp_low_confidence_branch_discipline_0764.txt,84e0334af7d450f74804a6ef702c02739f8ecb26,762d2f02394a583be9e20beae8d4c90f7e91baf3
syn_ne_dp_low_confidence_branch_discipline_0765,low_confidence_branch_discipline,BA_DC_@,syn_ne_policy_ba_dc_x_y_negative_prefix_0117,synthetic,docs/train_ready/numeric_equation_transformation_rules/work_on/synthetic/non_unanimous_policy/ba_dc_x_y_negative_prefix/syn_ne_policy_ba_dc_x_y_negative_prefix_0117.txt,@6,BA_DC,@,1347,docs/numeric_equation_decision_point_curriculum/low_confidence_branch_discipline/syn_ne_dp_low_confidence_branch_discipline_0765.txt,f848b19cbef7065990a026e5614a915f09ab7e9c,1db1b66ea135ff4903e5c20e2800dbfd842dc3a7
syn_ne_dp_low_confidence_branch_discipline_0766,low_confidence_branch_discipline,BA_DC_+,syn_ne_low_ba_dc_add_vote_0096,synthetic,docs/train_ready/numeric_equation_transformation_rules/work_on/synthetic/low_confidence/syn_ne_low_ba_dc_add_vote_0096.txt,371,BA_DC,+,1488,docs/numeric_equation_decision_point_curriculum/low_confidence_branch_discipline/syn_ne_dp_low_confidence_branch_discipline_0766.txt,1801a80d0af5b3453d74f426fce759bb9227f7ad,824157c3d10c49eac32d9ec56f62d8139a5e40a8
syn_ne_dp_low_confidence_branch_discipline_0767,low_confidence_branch_discipline,AB_CD_&,syn_ne_prefix_ab_cd_xminusy_0004,synthetic,docs/train_ready/numeric_equation_transformation_rules/work_on/synthetic/prefix_postfix/syn_ne_prefix_ab_cd_xminusy_0004.txt,&5,AB_CD,&,5234,docs/numeric_equation_decision_point_curriculum/low_confidence_branch_discipline/syn_ne_dp_low_confidence_branch_discipline_0767.txt,745547602ffaba494a0c7f3829bfae8aafb16142,6614ccdfa76bf94d71e5352ee7897792c7a0e2d4
syn_ne_dp_low_confidence_branch_discipline_0768,low_confidence_branch_discipline,BA_DC_#,syn_ne_policy_ba_dc_x_y_negative_prefix_0062,synthetic,docs/train_ready/numeric_equation_transformation_rules/work_on/synthetic/non_unanimous_policy/ba_dc_x_y_negative_prefix/syn_ne_policy_ba_dc_x_y_negative_prefix_0062.txt,#91,BA_DC,#,1352,docs/numeric_equation_decision_point_curriculum/low_confidence_branch_discipline/syn_ne_dp_low_confidence_branch_discipline_0768.txt,41bf20269c49c457fc146b9ca6aae896b2f16b22,070afadefd8bba100350608ee56c9aeab96d7445
syn_ne_dp_low_confidence_branch_discipline_0769,low_confidence_branch_discipline,AB_CD_@,syn_ne_policy_ab_cd_x_y_positive_priority_0016,synthetic,docs/train_ready/numeric_equation_transformation_rules/work_on/synthetic/non_unanimous_policy/ab_cd_x_y_positive_priority/syn_ne_policy_ab_cd_x_y_positive_priority_0016.txt,46,AB_CD,@,1499,docs/numeric_equation_decision_point_curriculum/low_confidence_branch_discipline/syn_ne_dp_low_confidence_branch_discipline_0769.txt,b0c92e4f046efa33ffe33061c84cadb19648e946,e6d5c2dcfd8ccbca82788e9d9578d4f252497a9a
syn_ne_dp_low_confidence_branch_discipline_0770,low_confidence_branch_discipline,BA_DC_&,syn_ne_policy_ba_dc_x_y_negative_prefix_0121,synthetic,docs/train_ready/numeric_equation_transformation_rules/work_on/synthetic/non_unanimous_policy/ba_dc_x_y_negative_prefix/syn_ne_policy_ba_dc_x_y_negative_prefix_0121.txt,&01,BA_DC,&,1430,docs/numeric_equation_decision_point_curriculum/low_confidence_branch_discipline/syn_ne_dp_low_confidence_branch_discipline_0770.txt,a90e577ee6a59026d7a2e2fcb6c54e303776ee58,b7882f278d710ea4daf4e45bbdab2494cb345f55
syn_ne_dp_low_confidence_branch_discipline_0771,low_confidence_branch_discipline,AB_CD_?,syn_ne_policy_ab_cd_x_y_positive_priority_0050,synthetic,docs/train_ready/numeric_equation_transformation_rules/work_on/synthetic/non_unanimous_policy/ab_cd_x_y_positive_priority/syn_ne_policy_ab_cd_x_y_positive_priority_0050.txt,41,AB_CD,?,1261,docs/numeric_equation_decision_point_curriculum/low_confidence_branch_discipline/syn_ne_dp_low_confidence_branch_discipline_0771.txt,2f7b9ded91def0a04aeca8613dd5aecc36d55d82,cbc0785a4f979a08da3888d137a4dc88621e85ea
syn_ne_dp_low_confidence_branch_discipline_0772,low_confidence_branch_discipline,BA_DC_+,syn_ne_low_ba_dc_add_vote_0049,synthetic,docs/train_ready/numeric_equation_transformation_rules/work_on/synthetic/low_confidence/syn_ne_low_ba_dc_add_vote_0049.txt,911,BA_DC,+,1488,docs/numeric_equation_decision_point_curriculum/low_confidence_branch_discipline/syn_ne_dp_low_confidence_branch_discipline_0772.txt,ba0391af6225577bf670e6300b6c3cbcb9a9ccfa,3217f5ee88276b5b17a4d3a4260063cbac153176
syn_ne_dp_low_confidence_branch_discipline_0773,low_confidence_branch_discipline,BA_DC_+,syn_ne_low_ba_dc_add_vote_0058,synthetic,docs/train_ready/numeric_equation_transformation_rules/work_on/synthetic/low_confidence/syn_ne_low_ba_dc_add_vote_0058.txt,85,BA_DC,+,1458,docs/numeric_equation_decision_point_curriculum/low_confidence_branch_discipline/syn_ne_dp_low_confidence_branch_discipline_0773.txt,407c74306eae8cd4a816553847cdc248632f89a3,d2731ea61bff4600de01963cd45801562e9444d5
syn_ne_dp_low_confidence_branch_discipline_0774,low_confidence_branch_discipline,BA_DC_%,syn_ne_low_ba_dc_sub_vote_0024,synthetic,docs/train_ready/numeric_equation_transformation_rules/work_on/synthetic/low_confidence/ba_dc_subtraction/syn_ne_low_ba_dc_sub_vote_0024.txt,38,BA_DC,%,1456,docs/numeric_equation_decision_point_curriculum/low_confidence_branch_discipline/syn_ne_dp_low_confidence_branch_discipline_0774.txt,cee9dc1c5f05c6aa668836a021673a0e2e5a2cca,6e34a20851c3e01ba0f2a627921e99ea9139978c
syn_ne_dp_low_confidence_branch_discipline_0775,low_confidence_branch_discipline,BA_DC_#,syn_ne_low_ba_dc_sub_vote_0009,synthetic,docs/train_ready/numeric_equation_transformation_rules/work_on/synthetic/low_confidence/ba_dc_subtraction/syn_ne_low_ba_dc_sub_vote_0009.txt,43,BA_DC,#,1457,docs/numeric_equation_decision_point_curriculum/low_confidence_branch_discipline/syn_ne_dp_low_confidence_branch_discipline_0775.txt,9fba1c0e96f7cbc315af6f191980101027253cb0,09402c50488ef6fd626158cab264d00097dc04af
syn_ne_dp_low_confidence_branch_discipline_0776,low_confidence_branch_discipline,BA_DC_?,syn_ne_policy_ba_dc_x_y_negative_prefix_0135,synthetic,docs/train_ready/numeric_equation_transformation_rules/work_on/synthetic/non_unanimous_policy/ba_dc_x_y_negative_prefix/syn_ne_policy_ba_dc_x_y_negative_prefix_0135.txt,?3,BA_DC,?,1347,docs/numeric_equation_decision_point_curriculum/low_confidence_branch_discipline/syn_ne_dp_low_confidence_branch_discipline_0776.txt,a53bf8bf11e44203c37ca8329f896e42c0524296,0f3b5a620dc7f64629296fb32b048b5bb87eeb5e
syn_ne_dp_low_confidence_branch_discipline_0777,low_confidence_branch_discipline,BA_DC_!,syn_ne_policy_ba_dc_x_y_negative_prefix_0077,synthetic,docs/train_ready/numeric_equation_transformation_rules/work_on/synthetic/non_unanimous_policy/ba_dc_x_y_negative_prefix/syn_ne_policy_ba_dc_x_y_negative_prefix_0077.txt,!41,BA_DC,!,1352,docs/numeric_equation_decision_point_curriculum/low_confidence_branch_discipline/syn_ne_dp_low_confidence_branch_discipline_0777.txt,48811139281f1a58f9009d0a075cf645218196d3,47912966dd2b0cabcbf4f958dda946c7db966772
syn_ne_dp_low_confidence_branch_discipline_0778,low_confidence_branch_discipline,BA_DC_+,syn_ne_low_ba_dc_add_vote_0173,synthetic,docs/train_ready/numeric_equation_transformation_rules/work_on/synthetic/low_confidence/syn_ne_low_ba_dc_add_vote_0173.txt,09,BA_DC,+,1458,docs/numeric_equation_decision_point_curriculum/low_confidence_branch_discipline/syn_ne_dp_low_confidence_branch_discipline_0778.txt,aaf3eb45ca927640cca35ae3764c164e114fbc52,0cd1a2a62458cea17636f50588a5959b09ad19fb
syn_ne_dp_low_confidence_branch_discipline_0779,low_confidence_branch_discipline,AB_CD_?,syn_ne_policy_ab_cd_non_x_y_priority_0069,synthetic,docs/train_ready/numeric_equation_transformation_rules/work_on/synthetic/non_unanimous_policy/ab_cd_non_x_y_priority/syn_ne_policy_ab_cd_non_x_y_priority_0069.txt,28,AB_CD,?,1540,docs/numeric_equation_decision_point_curriculum/low_confidence_branch_discipline/syn_ne_dp_low_confidence_branch_discipline_0779.txt,72d83a8cbf071a74e2999bb6e42425a026c53459,5b15192a60d088e17eac108e57d141e536028632
syn_ne_dp_low_confidence_branch_discipline_0780,low_confidence_branch_discipline,BA_DC_%,syn_ne_mod_ba_dc_xmody_0026,synthetic,docs/train_ready/numeric_equation_transformation_rules/work_on/synthetic/modular/syn_ne_mod_ba_dc_xmody_0026.txt,12,BA_DC,%,4495,docs/numeric_equation_decision_point_curriculum/low_confidence_branch_discipline/syn_ne_dp_low_confidence_branch_discipline_0780.txt,084338bc19f6de44e212bcf1fda79481bdf37305,c165c309029c07c61105d43330c2adc909004dc0
syn_ne_dp_low_confidence_branch_discipline_0781,low_confidence_branch_discipline,BA_DC_!,syn_ne_policy_ba_dc_x_y_negative_prefix_0076,synthetic,docs/train_ready/numeric_equation_transformation_rules/work_on/synthetic/non_unanimous_policy/ba_dc_x_y_negative_prefix/syn_ne_policy_ba_dc_x_y_negative_prefix_0076.txt,!34,BA_DC,!,1096,docs/numeric_equation_decision_point_curriculum/low_confidence_branch_discipline/syn_ne_dp_low_confidence_branch_discipline_0781.txt,b27260f43d5a725c7f14592441be8948073b1537,ca9d16d55168186f92671457ac04ac16fccac195
syn_ne_dp_low_confidence_branch_discipline_0782,low_confidence_branch_discipline,AB_CD_~,syn_ne_policy_ab_cd_non_x_y_priority_0062,synthetic,docs/train_ready/numeric_equation_transformation_rules/work_on/synthetic/non_unanimous_policy/ab_cd_non_x_y_priority/syn_ne_policy_ab_cd_non_x_y_priority_0062.txt,38,AB_CD,~,1552,docs/numeric_equation_decision_point_curriculum/low_confidence_branch_discipline/syn_ne_dp_low_confidence_branch_discipline_0782.txt,75a6931fa95116cc9e29fbdda69d382181989244,e7d2c94a1b6fa981784f473e8decd7456494b6ac
syn_ne_dp_low_confidence_branch_discipline_0783,low_confidence_branch_discipline,AB_CD_?,syn_ne_policy_ab_cd_non_x_y_priority_0032,synthetic,docs/train_ready/numeric_equation_transformation_rules/work_on/synthetic/non_unanimous_policy/ab_cd_non_x_y_priority/syn_ne_policy_ab_cd_non_x_y_priority_0032.txt,64,AB_CD,?,1529,docs/numeric_equation_decision_point_curriculum/low_confidence_branch_discipline/syn_ne_dp_low_confidence_branch_discipline_0783.txt,0c83ac12a5e01aee3407b01839fcd6fa72c77222,6d0bc694bfa08e850239ee67b81600cf7b336e16
syn_ne_dp_low_confidence_branch_discipline_0784,low_confidence_branch_discipline,BA_DC_+,syn_ne_low_ba_dc_add_vote_0137,synthetic,docs/train_ready/numeric_equation_transformation_rules/work_on/synthetic/low_confidence/syn_ne_low_ba_dc_add_vote_0137.txt,631,BA_DC,+,1466,docs/numeric_equation_decision_point_curriculum/low_confidence_branch_discipline/syn_ne_dp_low_confidence_branch_discipline_0784.txt,8e31f6d0a88c4a1f2d202f1102c61bdb3cd70903,f10a9ef534a7bd37c473ebb62406cf4dc83cbf26
syn_ne_dp_low_confidence_branch_discipline_0785,low_confidence_branch_discipline,AB_CD_?,syn_ne_prefix_ab_cd_xminusy_0019,synthetic,docs/train_ready/numeric_equation_transformation_rules/work_on/synthetic/prefix_postfix/syn_ne_prefix_ab_cd_xminusy_0019.txt,?77,AB_CD,?,5313,docs/numeric_equation_decision_point_curriculum/low_confidence_branch_discipline/syn_ne_dp_low_confidence_branch_discipline_0785.txt,5d6ac5499704e92eb2fe470511a2ea075e82f0ca,45dbdf2ba085b78133a76867ccd787d3e2e9ff0e
syn_ne_dp_low_confidence_branch_discipline_0786,low_confidence_branch_discipline,AB_CD_^,syn_ne_policy_ab_cd_x_y_positive_priority_0049,synthetic,docs/train_ready/numeric_equation_transformation_rules/work_on/synthetic/non_unanimous_policy/ab_cd_x_y_positive_priority/syn_ne_policy_ab_cd_x_y_positive_priority_0049.txt,36,AB_CD,^,1519,docs/numeric_equation_decision_point_curriculum/low_confidence_branch_discipline/syn_ne_dp_low_confidence_branch_discipline_0786.txt,f55c3eed1924ec633193a7726306421e74ed37a6,09c3a777771ff51b16334c2f3d2642b4f6869b34
syn_ne_dp_low_confidence_branch_discipline_0787,low_confidence_branch_discipline,AB_CD_^,syn_ne_policy_ab_cd_non_x_y_priority_0027,synthetic,docs/train_ready/numeric_equation_transformation_rules/work_on/synthetic/non_unanimous_policy/ab_cd_non_x_y_priority/syn_ne_policy_ab_cd_non_x_y_priority_0027.txt,155,AB_CD,^,1548,docs/numeric_equation_decision_point_curriculum/low_confidence_branch_discipline/syn_ne_dp_low_confidence_branch_discipline_0787.txt,4b32305f1774a7bab8bc2ddb6436b258dd11a1d3,456f98f30f27c22fc70783b351e142b7d763c76a
syn_ne_dp_low_confidence_branch_discipline_0788,low_confidence_branch_discipline,BA_DC_-,syn_ne_policy_ba_dc_y_x_negative_literal_vote_0005,synthetic,docs/train_ready/numeric_equation_transformation_rules/work_on/synthetic/non_unanimous_policy/ba_dc_y_x_negative_literal_vote/syn_ne_policy_ba_dc_y_x_negative_literal_vote_0005.txt,-04,BA_DC,-,1340,docs/numeric_equation_decision_point_curriculum/low_confidence_branch_discipline/syn_ne_dp_low_confidence_branch_discipline_0788.txt,0d70c9dc1d15502efcb3e433925cb379fe58cebb,2643f43e921051bf73d2db4ac490cebce50ec599
syn_ne_dp_low_confidence_branch_discipline_0789,low_confidence_branch_discipline,BA_DC_@,syn_ne_low_ba_dc_sub_vote_0005,synthetic,docs/train_ready/numeric_equation_transformation_rules/work_on/synthetic/low_confidence/ba_dc_subtraction/syn_ne_low_ba_dc_sub_vote_0005.txt,32,BA_DC,@,1423,docs/numeric_equation_decision_point_curriculum/low_confidence_branch_discipline/syn_ne_dp_low_confidence_branch_discipline_0789.txt,299b267ab17cc26a413b4479da08a457fd658581,4c0109d2357c2cbe5a11503f1961da0e81dbf9cf
syn_ne_dp_low_confidence_branch_discipline_0790,low_confidence_branch_discipline,AB_CD_?,syn_ne_policy_ab_cd_x_y_positive_priority_0041,synthetic,docs/train_ready/numeric_equation_transformation_rules/work_on/synthetic/non_unanimous_policy/ab_cd_x_y_positive_priority/syn_ne_policy_ab_cd_x_y_positive_priority_0041.txt,12,AB_CD,?,1499,docs/numeric_equation_decision_point_curriculum/low_confidence_branch_discipline/syn_ne_dp_low_confidence_branch_discipline_0790.txt,5052b4739ce315bf4413995560450a98fcc21efd,a8574ff63d41a4b0a43c499ffabc9a30f530ab25
syn_ne_dp_low_confidence_branch_discipline_0791,low_confidence_branch_discipline,AB_CD_-,syn_ne_low_ab_cd_sub_vote_0011,synthetic,docs/train_ready/numeric_equation_transformation_rules/work_on/synthetic/low_confidence/syn_ne_low_ab_cd_sub_vote_0011.txt,-15,AB_CD,-,5227,docs/numeric_equation_decision_point_curriculum/low_confidence_branch_discipline/syn_ne_dp_low_confidence_branch_discipline_0791.txt,e006b29e53996a737e7c1be2de7d8aa1395bf0db,083cc91e9df8b2e1b4c1670696dcfbd84148e43b
syn_ne_dp_low_confidence_branch_discipline_0792,low_confidence_branch_discipline,BA_DC_&,syn_ne_policy_ba_dc_x_y_negative_prefix_0040,synthetic,docs/train_ready/numeric_equation_transformation_rules/work_on/synthetic/non_unanimous_policy/ba_dc_x_y_negative_prefix/syn_ne_policy_ba_dc_x_y_negative_prefix_0040.txt,&7,BA_DC,&,1347,docs/numeric_equation_decision_point_curriculum/low_confidence_branch_discipline/syn_ne_dp_low_confidence_branch_discipline_0792.txt,be1846a99db931a8d84010d7ca939f707918cab9,cf3d29f9c8a026bc653092ac72109a3005c87911
syn_ne_dp_low_confidence_branch_discipline_0793,low_confidence_branch_discipline,BA_DC_+,syn_ne_low_ba_dc_add_vote_0098,synthetic,docs/train_ready/numeric_equation_transformation_rules/work_on/synthetic/low_confidence/syn_ne_low_ba_dc_add_vote_0098.txt,93,BA_DC,+,1480,docs/numeric_equation_decision_point_curriculum/low_confidence_branch_discipline/syn_ne_dp_low_confidence_branch_discipline_0793.txt,790eaed52b1d9a8cf3fbc1c086d9b2d156772679,8d79929eb7174bc59d676335a68fc2fcfb061d70
syn_ne_dp_low_confidence_branch_discipline_0794,low_confidence_branch_discipline,BA_DC_$,syn_ne_prefix_ba_dc_xminusy_0006,synthetic,docs/train_ready/numeric_equation_transformation_rules/work_on/synthetic/prefix_postfix/syn_ne_prefix_ba_dc_xminusy_0006.txt,$07,BA_DC,$,1326,docs/numeric_equation_decision_point_curriculum/low_confidence_branch_discipline/syn_ne_dp_low_confidence_branch_discipline_0794.txt,5e149053f23f89e7de7536929d36354fe206ddf2,cd6f8a744dbef5f7db8f52716a4fe0a8abe98849
syn_ne_dp_low_confidence_branch_discipline_0795,low_confidence_branch_discipline,BA_DC_#,syn_ne_policy_ba_dc_x_y_negative_prefix_0128,synthetic,docs/train_ready/numeric_equation_transformation_rules/work_on/synthetic/non_unanimous_policy/ba_dc_x_y_negative_prefix/syn_ne_policy_ba_dc_x_y_negative_prefix_0128.txt,#21,BA_DC,#,1352,docs/numeric_equation_decision_point_curriculum/low_confidence_branch_discipline/syn_ne_dp_low_confidence_branch_discipline_0795.txt,ab195d18246bdd76f5a9c7ded6272de2c1c8633c,0ad4fccf4604b6dcbb55ede16df5c5f168c53818
syn_ne_dp_low_confidence_branch_discipline_0796,low_confidence_branch_discipline,BA_DC_$,syn_ne_policy_ba_dc_x_y_negative_prefix_0105,synthetic,docs/train_ready/numeric_equation_transformation_rules/work_on/synthetic/non_unanimous_policy/ba_dc_x_y_negative_prefix/syn_ne_policy_ba_dc_x_y_negative_prefix_0105.txt,$26,BA_DC,$,1379,docs/numeric_equation_decision_point_curriculum/low_confidence_branch_discipline/syn_ne_dp_low_confidence_branch_discipline_0796.txt,70c95a158788aaa8528a68ef9f3a8a6c599c2d34,f0ac10ceed82f6d8c14ebd22fb6c08b8fc81e888
syn_ne_dp_low_confidence_branch_discipline_0797,low_confidence_branch_discipline,AB_CD_?,syn_ne_policy_ab_cd_x_y_positive_priority_0039,synthetic,docs/train_ready/numeric_equation_transformation_rules/work_on/synthetic/non_unanimous_policy/ab_cd_x_y_positive_priority/syn_ne_policy_ab_cd_x_y_positive_priority_0039.txt,24,AB_CD,?,1241,docs/numeric_equation_decision_point_curriculum/low_confidence_branch_discipline/syn_ne_dp_low_confidence_branch_discipline_0797.txt,06f190d4f7d37ba270ea622a3f32296711338a05,3dc81b1cd403b472391d35135462c739a4156fd3
syn_ne_dp_low_confidence_branch_discipline_0798,low_confidence_branch_discipline,BA_DC_+,syn_ne_low_ba_dc_add_vote_0101,synthetic,docs/train_ready/numeric_equation_transformation_rules/work_on/synthetic/low_confidence/syn_ne_low_ba_dc_add_vote_0101.txt,48,BA_DC,+,1458,docs/numeric_equation_decision_point_curriculum/low_confidence_branch_discipline/syn_ne_dp_low_confidence_branch_discipline_0798.txt,c76a5ed78f954e8733a2fc8115a00f47e59aa529,9e8ddd4b5b61bb2f7a4a52789739af996725333f
syn_ne_dp_low_confidence_branch_discipline_0799,low_confidence_branch_discipline,BA_DC_+,syn_ne_low_ba_dc_add_vote_0185,synthetic,docs/train_ready/numeric_equation_transformation_rules/work_on/synthetic/low_confidence/syn_ne_low_ba_dc_add_vote_0185.txt,371,BA_DC,+,1488,docs/numeric_equation_decision_point_curriculum/low_confidence_branch_discipline/syn_ne_dp_low_confidence_branch_discipline_0799.txt,af8dd3c9c8f1ff00cf0f4422154272f4daa78120,824157c3d10c49eac32d9ec56f62d8139a5e40a8
syn_ne_dp_low_confidence_branch_discipline_0800,low_confidence_branch_discipline,BA_DC_?,syn_ne_policy_ba_dc_x_y_negative_prefix_0027,synthetic,docs/train_ready/numeric_equation_transformation_rules/work_on/synthetic/non_unanimous_policy/ba_dc_x_y_negative_prefix/syn_ne_policy_ba_dc_x_y_negative_prefix_0027.txt,?41,BA_DC,?,1358,docs/numeric_equation_decision_point_curriculum/low_confidence_branch_discipline/syn_ne_dp_low_confidence_branch_discipline_0800.txt,f8bb37108a0b098e00a0b3daf70c6254ed8b5892,4733bde637045537c76405854d11471a212fccec
syn_ne_dp_low_confidence_branch_discipline_0801,low_confidence_branch_discipline,AB_CD_@,syn_ne_policy_ab_cd_x_y_positive_priority_0042,synthetic,docs/train_ready/numeric_equation_transformation_rules/work_on/synthetic/non_unanimous_policy/ab_cd_x_y_positive_priority/syn_ne_policy_ab_cd_x_y_positive_priority_0042.txt,49,AB_CD,@,1499,docs/numeric_equation_decision_point_curriculum/low_confidence_branch_discipline/syn_ne_dp_low_confidence_branch_discipline_0801.txt,a1f8a99b403db513e21c6574fd5c02a00d3f8a14,08df5caeb21c110ec8712eb5137056927bcab8c3
syn_ne_dp_low_confidence_branch_discipline_0802,low_confidence_branch_discipline,BA_DC_$,syn_ne_policy_ba_dc_x_y_negative_prefix_0125,synthetic,docs/train_ready/numeric_equation_transformation_rules/work_on/synthetic/non_unanimous_policy/ba_dc_x_y_negative_prefix/syn_ne_policy_ba_dc_x_y_negative_prefix_0125.txt,$52,BA_DC,$,1169,docs/numeric_equation_decision_point_curriculum/low_confidence_branch_discipline/syn_ne_dp_low_confidence_branch_discipline_0802.txt,b05434eb4c21a8af44fbdf9c99ab0800fa87f82f,f3df74c67efd0b488895eac7028d1fe8f6d1c675
syn_ne_dp_low_confidence_branch_discipline_0803,low_confidence_branch_discipline,BA_DC_$,syn_ne_policy_ba_dc_x_y_negative_prefix_0073,synthetic,docs/train_ready/numeric_equation_transformation_rules/work_on/synthetic/non_unanimous_policy/ba_dc_x_y_negative_prefix/syn_ne_policy_ba_dc_x_y_negative_prefix_0073.txt,$4,BA_DC,$,1374,docs/numeric_equation_decision_point_curriculum/low_confidence_branch_discipline/syn_ne_dp_low_confidence_branch_discipline_0803.txt,4d1f89cb5af8a000418d40c98725870953a2ebcd,7c63175f81f77b3931efb3c0b6aa897630230a71
syn_ne_dp_low_confidence_branch_discipline_0804,low_confidence_branch_discipline,AB_CD_%,syn_ne_policy_ab_cd_non_x_y_priority_0034,synthetic,docs/train_ready/numeric_equation_transformation_rules/work_on/synthetic/non_unanimous_policy/ab_cd_non_x_y_priority/syn_ne_policy_ab_cd_non_x_y_priority_0034.txt,25,AB_CD,%,1549,docs/numeric_equation_decision_point_curriculum/low_confidence_branch_discipline/syn_ne_dp_low_confidence_branch_discipline_0804.txt,028877f5db156e5295f5a20683a076b959c423ea,827c0212556a0f4bc70f81cc36243719f5ef7493
syn_ne_dp_low_confidence_branch_discipline_0805,low_confidence_branch_discipline,BA_DC_#,syn_ne_policy_ba_dc_x_y_negative_prefix_0017,synthetic,docs/train_ready/numeric_equation_transformation_rules/work_on/synthetic/non_unanimous_policy/ba_dc_x_y_negative_prefix/syn_ne_policy_ba_dc_x_y_negative_prefix_0017.txt,#6,BA_DC,#,1347,docs/numeric_equation_decision_point_curriculum/low_confidence_branch_discipline/syn_ne_dp_low_confidence_branch_discipline_0805.txt,479cff7ecd2e97f779578b69e3b1326eaf1b0fab,d846f170dee0873c3c42f0beda83511a831d56c1
syn_ne_dp_low_confidence_branch_discipline_0806,low_confidence_branch_discipline,AB_CD_?,syn_ne_policy_ab_cd_non_x_y_priority_0012,synthetic,docs/train_ready/numeric_equation_transformation_rules/work_on/synthetic/non_unanimous_policy/ab_cd_non_x_y_priority/syn_ne_policy_ab_cd_non_x_y_priority_0012.txt,92,AB_CD,?,1552,docs/numeric_equation_decision_point_curriculum/low_confidence_branch_discipline/syn_ne_dp_low_confidence_branch_discipline_0806.txt,c50801e6c7157ef7b60487e7e6ad38e293540f7d,a7ffce9d6cce624b211adaee089bc33019456a32
syn_ne_dp_low_confidence_branch_discipline_0807,low_confidence_branch_discipline,BA_DC_?,syn_ne_policy_ba_dc_x_y_negative_prefix_0069,synthetic,docs/train_ready/numeric_equation_transformation_rules/work_on/synthetic/non_unanimous_policy/ba_dc_x_y_negative_prefix/syn_ne_policy_ba_dc_x_y_negative_prefix_0069.txt,?33,BA_DC,?,1358,docs/numeric_equation_decision_point_curriculum/low_confidence_branch_discipline/syn_ne_dp_low_confidence_branch_discipline_0807.txt,cd01a92b0fb3683ab9cf280dccf8b1ae17c1da47,886834913a8d549ab3ba6bd9d42c3d95f5ab8c78
syn_ne_dp_low_confidence_branch_discipline_0808,low_confidence_branch_discipline,AB_CD_?,syn_ne_policy_ab_cd_non_x_y_priority_0039,synthetic,docs/train_ready/numeric_equation_transformation_rules/work_on/synthetic/non_unanimous_policy/ab_cd_non_x_y_priority/syn_ne_policy_ab_cd_non_x_y_priority_0039.txt,61,AB_CD,?,1549,docs/numeric_equation_decision_point_curriculum/low_confidence_branch_discipline/syn_ne_dp_low_confidence_branch_discipline_0808.txt,4763db098baf73ea80e846b65002df7e976f3ded,10575bc7a4be53d6e5e30c8e20de19672213462d
syn_ne_dp_low_confidence_branch_discipline_0809,low_confidence_branch_discipline,AB_CD_?,syn_ne_policy_ab_cd_x_y_positive_priority_0026,synthetic,docs/train_ready/numeric_equation_transformation_rules/work_on/synthetic/non_unanimous_policy/ab_cd_x_y_positive_priority/syn_ne_policy_ab_cd_x_y_positive_priority_0026.txt,84,AB_CD,?,1519,docs/numeric_equation_decision_point_curriculum/low_confidence_branch_discipline/syn_ne_dp_low_confidence_branch_discipline_0809.txt,bef1e42d7a49d48a44728d1c60333753a6827fb3,9ce225bf0ba51899fa79a46af2804961392b6651
syn_ne_dp_low_confidence_branch_discipline_0810,low_confidence_branch_discipline,AB_CD_~,syn_ne_policy_ab_cd_non_x_y_priority_0023,synthetic,docs/train_ready/numeric_equation_transformation_rules/work_on/synthetic/non_unanimous_policy/ab_cd_non_x_y_priority/syn_ne_policy_ab_cd_non_x_y_priority_0023.txt,46,AB_CD,~,1540,docs/numeric_equation_decision_point_curriculum/low_confidence_branch_discipline/syn_ne_dp_low_confidence_branch_discipline_0810.txt,1e11ce8b6000f801c990e29603fcaaa399c19902,4eaa7567cd88e7d32117388497952aea19d7fdd9
syn_ne_dp_low_confidence_branch_discipline_0811,low_confidence_branch_discipline,BA_DC_&,syn_ne_policy_ba_dc_x_y_negative_prefix_0074,synthetic,docs/train_ready/numeric_equation_transformation_rules/work_on/synthetic/non_unanimous_policy/ba_dc_x_y_negative_prefix/syn_ne_policy_ba_dc_x_y_negative_prefix_0074.txt,&5,BA_DC,&,1374,docs/numeric_equation_decision_point_curriculum/low_confidence_branch_discipline/syn_ne_dp_low_confidence_branch_discipline_0811.txt,5e3e5ba42ecd88da3400f03b82c8cda871f5f948,8946a499fdfb9023f9281ded86520b39cb8a76c3
syn_ne_dp_low_confidence_branch_discipline_0812,low_confidence_branch_discipline,BA_DC_#,syn_ne_policy_ba_dc_x_y_negative_prefix_0061,synthetic,docs/train_ready/numeric_equation_transformation_rules/work_on/synthetic/non_unanimous_policy/ba_dc_x_y_negative_prefix/syn_ne_policy_ba_dc_x_y_negative_prefix_0061.txt,#81,BA_DC,#,1352,docs/numeric_equation_decision_point_curriculum/low_confidence_branch_discipline/syn_ne_dp_low_confidence_branch_discipline_0812.txt,61c60fa147ce739bd33449765b20d80e960ae652,e811370a44a3d7e9e65b917af10562b49eae34fe
syn_ne_dp_low_confidence_branch_discipline_0813,low_confidence_branch_discipline,AB_CD_-,syn_ne_low_ab_cd_sub_vote_0003,synthetic,docs/train_ready/numeric_equation_transformation_rules/work_on/synthetic/low_confidence/syn_ne_low_ab_cd_sub_vote_0003.txt,-10,AB_CD,-,5227,docs/numeric_equation_decision_point_curriculum/low_confidence_branch_discipline/syn_ne_dp_low_confidence_branch_discipline_0813.txt,27b261a7cba41f455b9898241d1e0d7832bf61ea,151acec33e3e4b62b41539c0aa0894c92a78d37a
syn_ne_dp_low_confidence_branch_discipline_0814,low_confidence_branch_discipline,BA_DC_+,syn_ne_low_ba_dc_add_vote_0001,synthetic,docs/train_ready/numeric_equation_transformation_rules/work_on/synthetic/low_confidence/syn_ne_low_ba_dc_add_vote_0001.txt,38,BA_DC,+,1480,docs/numeric_equation_decision_point_curriculum/low_confidence_branch_discipline/syn_ne_dp_low_confidence_branch_discipline_0814.txt,9622858382066c24d06f2e5936718b91199597e9,8b284765dae17011198da22846fe69c4e70fb899
syn_ne_dp_low_confidence_branch_discipline_0815,low_confidence_branch_discipline,BA_DC_+,syn_ne_low_ba_dc_add_vote_0152,synthetic,docs/train_ready/numeric_equation_transformation_rules/work_on/synthetic/low_confidence/syn_ne_low_ba_dc_add_vote_0152.txt,76,BA_DC,+,1480,docs/numeric_equation_decision_point_curriculum/low_confidence_branch_discipline/syn_ne_dp_low_confidence_branch_discipline_0815.txt,73452a2257f7d587a71a890fcae2a2a8b5aa46c5,4e6d0f0d2ffaa6829f7467f9f0da766292d5ae66
syn_ne_dp_low_confidence_branch_discipline_0816,low_confidence_branch_discipline,BA_DC_?,syn_ne_policy_ba_dc_x_y_negative_prefix_0094,synthetic,docs/train_ready/numeric_equation_transformation_rules/work_on/synthetic/non_unanimous_policy/ba_dc_x_y_negative_prefix/syn_ne_policy_ba_dc_x_y_negative_prefix_0094.txt,?8,BA_DC,?,1374,docs/numeric_equation_decision_point_curriculum/low_confidence_branch_discipline/syn_ne_dp_low_confidence_branch_discipline_0816.txt,eed0398e50fadfbbe040d446ecf45a2da0e7dcf6,a172117a1b20fdded87fec645c1dced24c098676
syn_ne_dp_low_confidence_branch_discipline_0817,low_confidence_branch_discipline,AB_CD_%,syn_ne_mod_ab_cd_maxxymodminxy_0092,synthetic,docs/train_ready/numeric_equation_transformation_rules/work_on/synthetic/modular/syn_ne_mod_ab_cd_maxxymodminxy_0092.txt,14,AB_CD,%,8258,docs/numeric_equation_decision_point_curriculum/low_confidence_branch_discipline/syn_ne_dp_low_confidence_branch_discipline_0817.txt,34149b47d079ef7ea53e06390ac577f2bedab6c4,3212a0a59f0b433e57929a62cc4b543372c3bbba
syn_ne_dp_low_confidence_branch_discipline_0818,low_confidence_branch_discipline,BA_DC_?,syn_ne_policy_ba_dc_x_y_negative_prefix_0122,synthetic,docs/train_ready/numeric_equation_transformation_rules/work_on/synthetic/non_unanimous_policy/ba_dc_x_y_negative_prefix/syn_ne_policy_ba_dc_x_y_negative_prefix_0122.txt,?82,BA_DC,?,1358,docs/numeric_equation_decision_point_curriculum/low_confidence_branch_discipline/syn_ne_dp_low_confidence_branch_discipline_0818.txt,6ee0001300c18f140695412d1ece32a28aba8fbb,2a89399b35245dd3013983a47b533c0b7fa58025
syn_ne_dp_low_confidence_branch_discipline_0819,low_confidence_branch_discipline,AB_CD_&,syn_ne_prefix_ab_cd_xminusy_0006,synthetic,docs/train_ready/numeric_equation_transformation_rules/work_on/synthetic/prefix_postfix/syn_ne_prefix_ab_cd_xminusy_0006.txt,&7,AB_CD,&,5212,docs/numeric_equation_decision_point_curriculum/low_confidence_branch_discipline/syn_ne_dp_low_confidence_branch_discipline_0819.txt,aa44d809880d8f782986167abf2dd0a136747029,acadbfd04949375036372ef9128600885411bc5c
syn_ne_dp_low_confidence_branch_discipline_0820,low_confidence_branch_discipline,AB_CD_^,syn_ne_policy_ab_cd_x_y_positive_priority_0029,synthetic,docs/train_ready/numeric_equation_transformation_rules/work_on/synthetic/non_unanimous_policy/ab_cd_x_y_positive_priority/syn_ne_policy_ab_cd_x_y_positive_priority_0029.txt,15,AB_CD,^,1499,docs/numeric_equation_decision_point_curriculum/low_confidence_branch_discipline/syn_ne_dp_low_confidence_branch_discipline_0820.txt,2a59a67668a9e5b7815a7b38b71c7de995173142,4b894079a9f7cb69e46935bc3be6541565f63866
syn_ne_dp_low_confidence_branch_discipline_0821,low_confidence_branch_discipline,"AB_CD_""",syn_ne_policy_ab_cd_x_y_positive_priority_0040,synthetic,docs/train_ready/numeric_equation_transformation_rules/work_on/synthetic/non_unanimous_policy/ab_cd_x_y_positive_priority/syn_ne_policy_ab_cd_x_y_positive_priority_0040.txt,29,AB_CD,"""",1188,docs/numeric_equation_decision_point_curriculum/low_confidence_branch_discipline/syn_ne_dp_low_confidence_branch_discipline_0821.txt,163996c18cf1be8a863242e9fee9e270754bcd97,9005608920c70c635790d7ac487d62ae8b38ebd1
syn_ne_dp_low_confidence_branch_discipline_0822,low_confidence_branch_discipline,AB_CD_?,syn_ne_policy_ab_cd_non_x_y_priority_0068,synthetic,docs/train_ready/numeric_equation_transformation_rules/work_on/synthetic/non_unanimous_policy/ab_cd_non_x_y_priority/syn_ne_policy_ab_cd_non_x_y_priority_0068.txt,148,AB_CD,?,1548,docs/numeric_equation_decision_point_curriculum/low_confidence_branch_discipline/syn_ne_dp_low_confidence_branch_discipline_0822.txt,6515be73d7e56eea9344565d48300c09c44d06af,de9544f0fcea6fc72738326a95cef197bb27f779
syn_ne_dp_low_confidence_branch_discipline_0823,low_confidence_branch_discipline,AB_CD_&,syn_ne_policy_ab_cd_x_y_negative_nonliteral_prefix_0004,synthetic,docs/train_ready/numeric_equation_transformation_rules/work_on/synthetic/non_unanimous_policy/ab_cd_x_y_negative_nonliteral_prefix/syn_ne_policy_ab_cd_x_y_negative_nonliteral_prefix_0004.txt,&8,AB_CD,&,1302,docs/numeric_equation_decision_point_curriculum/low_confidence_branch_discipline/syn_ne_dp_low_confidence_branch_discipline_0823.txt,9db1a93ed86a7cb38bebb58cbb1ed27f19155419,26c1c77c8c345d5ef746def8ee5737c8917bd273
syn_ne_dp_low_confidence_branch_discipline_0824,low_confidence_branch_discipline,BA_DC_$,syn_ne_prefix_ba_dc_xminusy_0002,synthetic,docs/train_ready/numeric_equation_transformation_rules/work_on/synthetic/prefix_postfix/syn_ne_prefix_ba_dc_xminusy_0002.txt,$03,BA_DC,$,1326,docs/numeric_equation_decision_point_curriculum/low_confidence_branch_discipline/syn_ne_dp_low_confidence_branch_discipline_0824.txt,f9bae509c327f3259a80966cc93d1f49ad08f79b,40924445b0aab28b0d14a5cbe9325223a0983c9b
syn_ne_dp_low_confidence_branch_discipline_0825,low_confidence_branch_discipline,AB_CD_~,syn_ne_policy_ab_cd_non_x_y_priority_0038,synthetic,docs/train_ready/numeric_equation_transformation_rules/work_on/synthetic/non_unanimous_policy/ab_cd_non_x_y_priority/syn_ne_policy_ab_cd_non_x_y_priority_0038.txt,28,AB_CD,~,1589,docs/numeric_equation_decision_point_curriculum/low_confidence_branch_discipline/syn_ne_dp_low_confidence_branch_discipline_0825.txt,00a0e9e508f79fa1b97b132a1e164894d028a2ea,a000e80a7b87ed2f3a1157bf6e30a10000bb8a5a
syn_ne_dp_low_confidence_branch_discipline_0826,low_confidence_branch_discipline,AB_CD_?,syn_ne_policy_ab_cd_non_x_y_priority_0009,synthetic,docs/train_ready/numeric_equation_transformation_rules/work_on/synthetic/non_unanimous_policy/ab_cd_non_x_y_priority/syn_ne_policy_ab_cd_non_x_y_priority_0009.txt,14,AB_CD,?,1609,docs/numeric_equation_decision_point_curriculum/low_confidence_branch_discipline/syn_ne_dp_low_confidence_branch_discipline_0826.txt,f979716a8d5867fab618696dc371be98b5bd1618,3212a0a59f0b433e57929a62cc4b543372c3bbba
syn_ne_dp_low_confidence_branch_discipline_0827,low_confidence_branch_discipline,AB_CD_&,syn_ne_policy_ab_cd_x_y_positive_priority_0036,synthetic,docs/train_ready/numeric_equation_transformation_rules/work_on/synthetic/non_unanimous_policy/ab_cd_x_y_positive_priority/syn_ne_policy_ab_cd_x_y_positive_priority_0036.txt,25,AB_CD,&,1168,docs/numeric_equation_decision_point_curriculum/low_confidence_branch_discipline/syn_ne_dp_low_confidence_branch_discipline_0827.txt,34a116ade3bbf1c9d7edca018e82c40fbd462b02,8efe7357c4de067c753111b5e25ecfdc72d36b09
syn_ne_dp_low_confidence_branch_discipline_0828,low_confidence_branch_discipline,AB_CD_^,syn_ne_policy_ab_cd_non_x_y_priority_0029,synthetic,docs/train_ready/numeric_equation_transformation_rules/work_on/synthetic/non_unanimous_policy/ab_cd_non_x_y_priority/syn_ne_policy_ab_cd_non_x_y_priority_0029.txt,60,AB_CD,^,1529,docs/numeric_equation_decision_point_curriculum/low_confidence_branch_discipline/syn_ne_dp_low_confidence_branch_discipline_0828.txt,67f324810ea86e89ec9bbfebf6f367e6a1022d3c,2bd748092a44e2cbe18bf598315129f3a8978125
syn_ne_dp_low_confidence_branch_discipline_0829,low_confidence_branch_discipline,BA_DC_+,syn_ne_low_ba_dc_add_vote_0027,synthetic,docs/train_ready/numeric_equation_transformation_rules/work_on/synthetic/low_confidence/syn_ne_low_ba_dc_add_vote_0027.txt,61,BA_DC,+,1480,docs/numeric_equation_decision_point_curriculum/low_confidence_branch_discipline/syn_ne_dp_low_confidence_branch_discipline_0829.txt,73b5f400bad5125a83b4556a947c639321c65bea,481f7d2b90ca80145dceafccbaf6d4958965dab8
syn_ne_dp_low_confidence_branch_discipline_0830,low_confidence_branch_discipline,BA_DC_#,syn_ne_policy_ba_dc_x_y_negative_prefix_0030,synthetic,docs/train_ready/numeric_equation_transformation_rules/work_on/synthetic/non_unanimous_policy/ba_dc_x_y_negative_prefix/syn_ne_policy_ba_dc_x_y_negative_prefix_0030.txt,#75,BA_DC,#,1379,docs/numeric_equation_decision_point_curriculum/low_confidence_branch_discipline/syn_ne_dp_low_confidence_branch_discipline_0830.txt,0c59c403ab426d62defd2debfc636431c731dd15,4c2c7f23a7cadfca98597f3c1cfee0fb820bed86
syn_ne_dp_low_confidence_branch_discipline_0831,low_confidence_branch_discipline,AB_CD_?,syn_ne_policy_ab_cd_non_x_y_priority_0065,synthetic,docs/train_ready/numeric_equation_transformation_rules/work_on/synthetic/non_unanimous_policy/ab_cd_non_x_y_priority/syn_ne_policy_ab_cd_non_x_y_priority_0065.txt,29,AB_CD,?,1529,docs/numeric_equation_decision_point_curriculum/low_confidence_branch_discipline/syn_ne_dp_low_confidence_branch_discipline_0831.txt,7aefec1dcd58ba9f535534d348c02d59e34f9e1d,96e7fc36773ca9cedaf524c40683b76fed8ca0bf
syn_ne_dp_low_confidence_branch_discipline_0832,low_confidence_branch_discipline,"AB_CD_""",syn_ne_policy_ab_cd_x_y_positive_priority_0028,synthetic,docs/train_ready/numeric_equation_transformation_rules/work_on/synthetic/non_unanimous_policy/ab_cd_x_y_positive_priority/syn_ne_policy_ab_cd_x_y_positive_priority_0028.txt,46,AB_CD,"""",1519,docs/numeric_equation_decision_point_curriculum/low_confidence_branch_discipline/syn_ne_dp_low_confidence_branch_discipline_0832.txt,1b87d369d7752c3ff7e4d11607a089f76889b45a,86eeae995c506b2634b7fe632f81569b61361d51
syn_ne_dp_low_confidence_branch_discipline_0833,low_confidence_branch_discipline,BA_DC_&,syn_ne_policy_ba_dc_x_y_negative_prefix_0109,synthetic,docs/train_ready/numeric_equation_transformation_rules/work_on/synthetic/non_unanimous_policy/ba_dc_x_y_negative_prefix/syn_ne_policy_ba_dc_x_y_negative_prefix_0109.txt,&72,BA_DC,&,1352,docs/numeric_equation_decision_point_curriculum/low_confidence_branch_discipline/syn_ne_dp_low_confidence_branch_discipline_0833.txt,71728ad90a24ca965a5dacb5e8a0a9d0048ce2e7,54a8799a0e864024b79b820be96a826a5cbcadfd
syn_ne_dp_low_confidence_branch_discipline_0834,low_confidence_branch_discipline,BA_DC_-,syn_ne_low_ba_dc_sub_vote_0093,synthetic,docs/train_ready/numeric_equation_transformation_rules/work_on/synthetic/low_confidence/ba_dc_subtraction/syn_ne_low_ba_dc_sub_vote_0093.txt,-34,BA_DC,-,2328,docs/numeric_equation_decision_point_curriculum/low_confidence_branch_discipline/syn_ne_dp_low_confidence_branch_discipline_0834.txt,3347e02798a11641109c8e0de3faa7a6e45781f2,3be98a2422f8b55847bc25055d11a5785b624705
syn_ne_dp_low_confidence_branch_discipline_0835,low_confidence_branch_discipline,BA_DC_#,syn_ne_policy_ba_dc_x_y_negative_prefix_0120,synthetic,docs/train_ready/numeric_equation_transformation_rules/work_on/synthetic/non_unanimous_policy/ba_dc_x_y_negative_prefix/syn_ne_policy_ba_dc_x_y_negative_prefix_0120.txt,#64,BA_DC,#,1352,docs/numeric_equation_decision_point_curriculum/low_confidence_branch_discipline/syn_ne_dp_low_confidence_branch_discipline_0835.txt,417f609e53cd5ff29dbc065f9e38184bef4240b4,09c4e362c247c0734e9e6c4b864c3cb43e2cbc2f
syn_ne_dp_low_confidence_branch_discipline_0836,low_confidence_branch_discipline,BA_DC_!,syn_ne_policy_ba_dc_x_y_negative_prefix_0096,synthetic,docs/train_ready/numeric_equation_transformation_rules/work_on/synthetic/non_unanimous_policy/ba_dc_x_y_negative_prefix/syn_ne_policy_ba_dc_x_y_negative_prefix_0096.txt,!55,BA_DC,!,1358,docs/numeric_equation_decision_point_curriculum/low_confidence_branch_discipline/syn_ne_dp_low_confidence_branch_discipline_0836.txt,c13dfd2e9e57be8d5388486a4b8c1a510eee80ce,e266d7b8fef82b8f4518b5ac71ff0211a7ecded0
syn_ne_dp_low_confidence_branch_discipline_0837,low_confidence_branch_discipline,AB_CD_%,syn_ne_mod_ab_cd_maxxymodminxy_0099,synthetic,docs/train_ready/numeric_equation_transformation_rules/work_on/synthetic/modular/syn_ne_mod_ab_cd_maxxymodminxy_0099.txt,12,AB_CD,%,8280,docs/numeric_equation_decision_point_curriculum/low_confidence_branch_discipline/syn_ne_dp_low_confidence_branch_discipline_0837.txt,b17d453b06fb6f3e06dd28a668a1e94d0715b1d7,b6cdd9bf176d4a0b04868f343bd78c6dabbeaa55
syn_ne_dp_low_confidence_branch_discipline_0838,low_confidence_branch_discipline,BA_DC_~,syn_ne_low_ba_dc_sub_vote_0050,synthetic,docs/train_ready/numeric_equation_transformation_rules/work_on/synthetic/low_confidence/ba_dc_subtraction/syn_ne_low_ba_dc_sub_vote_0050.txt,38,BA_DC,~,2090,docs/numeric_equation_decision_point_curriculum/low_confidence_branch_discipline/syn_ne_dp_low_confidence_branch_discipline_0838.txt,5d2e817b3f69a6c20f117912db11409e03ab6b51,c96fd6cfaa483d9b259110029e701006466d0900
syn_ne_dp_low_confidence_branch_discipline_0839,low_confidence_branch_discipline,BA_DC_-,syn_ne_low_ba_dc_sub_vote_0052,synthetic,docs/train_ready/numeric_equation_transformation_rules/work_on/synthetic/low_confidence/ba_dc_subtraction/syn_ne_low_ba_dc_sub_vote_0052.txt,29,BA_DC,-,3085,docs/numeric_equation_decision_point_curriculum/low_confidence_branch_discipline/syn_ne_dp_low_confidence_branch_discipline_0839.txt,cbb82f51463abfff93b173aa828f403617bc5b7b,58a32bca7b493a39b7451c4cc0aab847234065b1
syn_ne_dp_low_confidence_branch_discipline_0840,low_confidence_branch_discipline,"AB_CD_""",syn_ne_policy_ab_cd_x_y_positive_priority_0002,synthetic,docs/train_ready/numeric_equation_transformation_rules/work_on/synthetic/non_unanimous_policy/ab_cd_x_y_positive_priority/syn_ne_policy_ab_cd_x_y_positive_priority_0002.txt,54,AB_CD,"""",1168,docs/numeric_equation_decision_point_curriculum/low_confidence_branch_discipline/syn_ne_dp_low_confidence_branch_discipline_0840.txt,81ccbc9baf1a26d6434bcab319e933742ea3e33b,d76a8eb5a0aa1098a8143b57c82126d1e3462fbe
syn_ne_dp_low_confidence_branch_discipline_0841,low_confidence_branch_discipline,BA_DC_%,syn_ne_mod_ba_dc_xmody_0031,synthetic,docs/train_ready/numeric_equation_transformation_rules/work_on/synthetic/modular/syn_ne_mod_ba_dc_xmody_0031.txt,12,BA_DC,%,4495,docs/numeric_equation_decision_point_curriculum/low_confidence_branch_discipline/syn_ne_dp_low_confidence_branch_discipline_0841.txt,cfe4128f842ebd23b301bf16b4fe2d73033d471e,c165c309029c07c61105d43330c2adc909004dc0
syn_ne_dp_low_confidence_branch_discipline_0842,low_confidence_branch_discipline,AB_CD_~,syn_ne_policy_ab_cd_non_x_y_priority_0036,synthetic,docs/train_ready/numeric_equation_transformation_rules/work_on/synthetic/non_unanimous_policy/ab_cd_non_x_y_priority/syn_ne_policy_ab_cd_non_x_y_priority_0036.txt,19,AB_CD,~,1589,docs/numeric_equation_decision_point_curriculum/low_confidence_branch_discipline/syn_ne_dp_low_confidence_branch_discipline_0842.txt,834db1aa5a888f62ce009ca7a69e5f61423863d5,9eeebafded9d855ae30b5becdc8d3b7a5bd13cf7
syn_ne_dp_low_confidence_branch_discipline_0843,low_confidence_branch_discipline,BA_DC_@,syn_ne_policy_ba_dc_x_y_negative_prefix_0020,synthetic,docs/train_ready/numeric_equation_transformation_rules/work_on/synthetic/non_unanimous_policy/ba_dc_x_y_negative_prefix/syn_ne_policy_ba_dc_x_y_negative_prefix_0020.txt,@52,BA_DC,@,1352,docs/numeric_equation_decision_point_curriculum/low_confidence_branch_discipline/syn_ne_dp_low_confidence_branch_discipline_0843.txt,ef9ac6b9f99214832bb5c1d1c17169ed6b61c024,e3a4b3f64ae8a19bd76299473b3c5b6b7211e17d
syn_ne_dp_low_confidence_branch_discipline_0844,low_confidence_branch_discipline,BA_DC_#,syn_ne_policy_ba_dc_x_y_negative_prefix_0034,synthetic,docs/train_ready/numeric_equation_transformation_rules/work_on/synthetic/non_unanimous_policy/ba_dc_x_y_negative_prefix/syn_ne_policy_ba_dc_x_y_negative_prefix_0034.txt,#43,BA_DC,#,1352,docs/numeric_equation_decision_point_curriculum/low_confidence_branch_discipline/syn_ne_dp_low_confidence_branch_discipline_0844.txt,4a993003b096cf2328f6c7ee3ada49baa9667cd6,f43eea66a3d21b11c77a52b63f8860e2e52fc70c
syn_ne_dp_low_confidence_branch_discipline_0845,low_confidence_branch_discipline,BA_DC_:,syn_ne_prefix_ba_dc_xminusy_0024,synthetic,docs/train_ready/numeric_equation_transformation_rules/work_on/synthetic/prefix_postfix/syn_ne_prefix_ba_dc_xminusy_0024.txt,:42,BA_DC,:,1339,docs/numeric_equation_decision_point_curriculum/low_confidence_branch_discipline/syn_ne_dp_low_confidence_branch_discipline_0845.txt,751719d776ce73fc7e5f093be6009d338fb1e01a,6d63a21b167c4d8bde4bd0d7ba47cd74e88cac71
syn_ne_dp_low_confidence_branch_discipline_0846,low_confidence_branch_discipline,AB_CD_~,syn_ne_policy_ab_cd_non_x_y_priority_0019,synthetic,docs/train_ready/numeric_equation_transformation_rules/work_on/synthetic/non_unanimous_policy/ab_cd_non_x_y_priority/syn_ne_policy_ab_cd_non_x_y_priority_0019.txt,75,AB_CD,~,1552,docs/numeric_equation_decision_point_curriculum/low_confidence_branch_discipline/syn_ne_dp_low_confidence_branch_discipline_0846.txt,ee2934ba406b871d4800463187d63ca1c9dd4136,d57d9aa558beafc910dcccdb2c6fc1e1927d20e1
syn_ne_dp_low_confidence_branch_discipline_0847,low_confidence_branch_discipline,BA_DC_%,syn_ne_mod_ba_dc_xmody_0030,synthetic,docs/train_ready/numeric_equation_transformation_rules/work_on/synthetic/modular/syn_ne_mod_ba_dc_xmody_0030.txt,12,BA_DC,%,4495,docs/numeric_equation_decision_point_curriculum/low_confidence_branch_discipline/syn_ne_dp_low_confidence_branch_discipline_0847.txt,1c1357c5eb35385720e7ff8b8ad33ff8031e1607,c165c309029c07c61105d43330c2adc909004dc0
syn_ne_dp_low_confidence_branch_discipline_0848,low_confidence_branch_discipline,AB_CD_&,syn_ne_prefix_ab_cd_xminusy_0010,synthetic,docs/train_ready/numeric_equation_transformation_rules/work_on/synthetic/prefix_postfix/syn_ne_prefix_ab_cd_xminusy_0010.txt,&11,AB_CD,&,5220,docs/numeric_equation_decision_point_curriculum/low_confidence_branch_discipline/syn_ne_dp_low_confidence_branch_discipline_0848.txt,29092c359cfc1e36a70781bab3d3f2f4e88f6cee,b9c221aedb1311a7010ef637a0cf08c7996783e1
syn_ne_dp_low_confidence_branch_discipline_0849,low_confidence_branch_discipline,BA_DC_#,syn_ne_policy_ba_dc_x_y_negative_prefix_0049,synthetic,docs/train_ready/numeric_equation_transformation_rules/work_on/synthetic/non_unanimous_policy/ba_dc_x_y_negative_prefix/syn_ne_policy_ba_dc_x_y_negative_prefix_0049.txt,#9,BA_DC,#,1353,docs/numeric_equation_decision_point_curriculum/low_confidence_branch_discipline/syn_ne_dp_low_confidence_branch_discipline_0849.txt,481d10b929fb81e1c164d69089a58e875b462d03,8cc3b353add4729729a7bb6a6d5678c576bf9e58
syn_ne_dp_low_confidence_branch_discipline_0850,low_confidence_branch_discipline,BA_DC_!,syn_ne_prefix_ba_dc_xminusy_0023,synthetic,docs/train_ready/numeric_equation_transformation_rules/work_on/synthetic/prefix_postfix/syn_ne_prefix_ba_dc_xminusy_0023.txt,!94,BA_DC,!,2967,docs/numeric_equation_decision_point_curriculum/low_confidence_branch_discipline/syn_ne_dp_low_confidence_branch_discipline_0850.txt,c55cc265f84cc05e5e2a7236a716a1610a880c63,942945cef36717fe6322037b3bf39abd6d0f8290
syn_ne_dp_low_confidence_branch_discipline_0851,low_confidence_branch_discipline,BA_DC_&,syn_ne_policy_ba_dc_x_y_negative_prefix_0127,synthetic,docs/train_ready/numeric_equation_transformation_rules/work_on/synthetic/non_unanimous_policy/ba_dc_x_y_negative_prefix/syn_ne_policy_ba_dc_x_y_negative_prefix_0127.txt,&31,BA_DC,&,1352,docs/numeric_equation_decision_point_curriculum/low_confidence_branch_discipline/syn_ne_dp_low_confidence_branch_discipline_0851.txt,f31e195f80008bbb8af14c8a39a9c3908d4bf1f0,b6ae08ca4638657b9a1aaf9311dca1ec6a917ca3
syn_ne_dp_low_confidence_branch_discipline_0852,low_confidence_branch_discipline,AB_CD_~,syn_ne_policy_ab_cd_non_x_y_priority_0020,synthetic,docs/train_ready/numeric_equation_transformation_rules/work_on/synthetic/non_unanimous_policy/ab_cd_non_x_y_priority/syn_ne_policy_ab_cd_non_x_y_priority_0020.txt,56,AB_CD,~,1552,docs/numeric_equation_decision_point_curriculum/low_confidence_branch_discipline/syn_ne_dp_low_confidence_branch_discipline_0852.txt,2d9322ae34de42caac13f4b5e8e97739c9503232,0bfc9b30be12d1f5ab48c6f9a96a98420b6d00e7
syn_ne_dp_low_confidence_branch_discipline_0853,low_confidence_branch_discipline,BA_DC_@,syn_ne_policy_ba_dc_x_y_negative_prefix_0118,synthetic,docs/train_ready/numeric_equation_transformation_rules/work_on/synthetic/non_unanimous_policy/ba_dc_x_y_negative_prefix/syn_ne_policy_ba_dc_x_y_negative_prefix_0118.txt,@76,BA_DC,@,1352,docs/numeric_equation_decision_point_curriculum/low_confidence_branch_discipline/syn_ne_dp_low_confidence_branch_discipline_0853.txt,552c95dff713b226b6694e4dbee63f52970d3563,29d64c462cbc9f22869aa6dbc7e9c1a57e145218
syn_ne_dp_low_confidence_branch_discipline_0854,low_confidence_branch_discipline,AB_CD_&,syn_ne_prefix_ab_cd_xminusy_0014,synthetic,docs/train_ready/numeric_equation_transformation_rules/work_on/synthetic/prefix_postfix/syn_ne_prefix_ab_cd_xminusy_0014.txt,&15,AB_CD,&,5209,docs/numeric_equation_decision_point_curriculum/low_confidence_branch_discipline/syn_ne_dp_low_confidence_branch_discipline_0854.txt,1155f72376f3f2e77bddfafe2ab340ddee4478bc,79a2155f7219bf230230eef241a9776df01c1cf3
syn_ne_dp_low_confidence_branch_discipline_0855,low_confidence_branch_discipline,BA_DC_^,syn_ne_low_ba_dc_sub_vote_0056,synthetic,docs/train_ready/numeric_equation_transformation_rules/work_on/synthetic/low_confidence/ba_dc_subtraction/syn_ne_low_ba_dc_sub_vote_0056.txt,12,BA_DC,^,3086,docs/numeric_equation_decision_point_curriculum/low_confidence_branch_discipline/syn_ne_dp_low_confidence_branch_discipline_0855.txt,0bb8bd07ab0fcb2c69c7aab7b6ce7c71eaef942a,c7555bfe0681bdd109ac04ca521b95b85f21b29b
syn_ne_dp_low_confidence_branch_discipline_0856,low_confidence_branch_discipline,BA_DC_@,syn_ne_policy_ba_dc_x_y_negative_prefix_0019,synthetic,docs/train_ready/numeric_equation_transformation_rules/work_on/synthetic/non_unanimous_policy/ba_dc_x_y_negative_prefix/syn_ne_policy_ba_dc_x_y_negative_prefix_0019.txt,@7,BA_DC,@,1374,docs/numeric_equation_decision_point_curriculum/low_confidence_branch_discipline/syn_ne_dp_low_confidence_branch_discipline_0856.txt,d577677f86c97bdc342aed0c71a5df3963b68c02,c049dae0e6006c638a4c3a2ea7968b3053f96a67
syn_ne_dp_low_confidence_branch_discipline_0857,low_confidence_branch_discipline,BA_DC_-,syn_ne_low_ba_dc_sub_vote_0022,synthetic,docs/train_ready/numeric_equation_transformation_rules/work_on/synthetic/low_confidence/ba_dc_subtraction/syn_ne_low_ba_dc_sub_vote_0022.txt,18,BA_DC,-,1423,docs/numeric_equation_decision_point_curriculum/low_confidence_branch_discipline/syn_ne_dp_low_confidence_branch_discipline_0857.txt,f1bfd3925599d1a9e6c2e692ee2193d3340f3594,09dfabfd1fb017de496c2ff080ddfb234cede0e3
syn_ne_dp_low_confidence_branch_discipline_0858,low_confidence_branch_discipline,BA_DC_$,syn_ne_prefix_ba_dc_xminusy_0005,synthetic,docs/train_ready/numeric_equation_transformation_rules/work_on/synthetic/prefix_postfix/syn_ne_prefix_ba_dc_xminusy_0005.txt,$06,BA_DC,$,1326,docs/numeric_equation_decision_point_curriculum/low_confidence_branch_discipline/syn_ne_dp_low_confidence_branch_discipline_0858.txt,d3f3e2f72e9b509ae919516d3254c4d3360b9f76,75af91a6db2c14f69d136914129bd9258a0a0292
syn_ne_dp_low_confidence_branch_discipline_0859,low_confidence_branch_discipline,BA_DC_$,syn_ne_policy_ba_dc_x_y_negative_prefix_0119,synthetic,docs/train_ready/numeric_equation_transformation_rules/work_on/synthetic/non_unanimous_policy/ba_dc_x_y_negative_prefix/syn_ne_policy_ba_dc_x_y_negative_prefix_0119.txt,$1,BA_DC,$,1347,docs/numeric_equation_decision_point_curriculum/low_confidence_branch_discipline/syn_ne_dp_low_confidence_branch_discipline_0859.txt,468c5e82e9a7f17070d83c60c602367f015b6fd4,79a79db0f7b07e9592faab67476e01f7a36d6277
syn_ne_dp_operator_absence_fallback_choice_0860,operator_absence_fallback_choice,BA_DC_choose_x+y,syn_ne_opa_ba_dc_fallback_0015,synthetic,docs/train_ready/numeric_equation_transformation_rules/work_on/synthetic/operator_absence/syn_ne_opa_ba_dc_fallback_0015.txt,37,BA_DC,"""",4232,docs/numeric_equation_decision_point_curriculum/operator_absence_fallback_choice/syn_ne_dp_operator_absence_fallback_choice_0860.txt,b04a305e158ca213fe2d2a390fdfb1c7f25670f4,8c273220d0b2ca5851434d22d92e1f8f0edc5de8
syn_ne_dp_operator_absence_fallback_choice_0861,operator_absence_fallback_choice,AB_CD_choose_template0134,syn_ne_opa_ab_cd_fallback_0044,synthetic,docs/train_ready/numeric_equation_transformation_rules/work_on/synthetic/operator_absence/syn_ne_opa_ab_cd_fallback_0044.txt,1153,AB_CD,[,3736,docs/numeric_equation_decision_point_curriculum/operator_absence_fallback_choice/syn_ne_dp_operator_absence_fallback_choice_0861.txt,adbf5233ae16946b29b0ad330ae6519efab949b8,07763af2730f0710bfec59ef6da8449772c449ed
syn_ne_dp_operator_absence_fallback_choice_0862,operator_absence_fallback_choice,AB_CD_choose_template0134,syn_ne_opa_ab_cd_fallback_0031,synthetic,docs/train_ready/numeric_equation_transformation_rules/work_on/synthetic/operator_absence/syn_ne_opa_ab_cd_fallback_0031.txt,1114,AB_CD,$,3736,docs/numeric_equation_decision_point_curriculum/operator_absence_fallback_choice/syn_ne_dp_operator_absence_fallback_choice_0862.txt,cfea41219ad15ecba4586d6fcddd8740c779e9e5,ed94703d5740c640b0aaff747d7d1b4187799e40
syn_ne_dp_operator_absence_fallback_choice_0863,operator_absence_fallback_choice,BA_DC_choose_x+y,syn_ne_opa_ba_dc_fallback_0006,synthetic,docs/train_ready/numeric_equation_transformation_rules/work_on/synthetic/operator_absence/syn_ne_opa_ba_dc_fallback_0006.txt,62,BA_DC,[,4241,docs/numeric_equation_decision_point_curriculum/operator_absence_fallback_choice/syn_ne_dp_operator_absence_fallback_choice_0863.txt,26260872ad1614aebeffd04fd0e00e6381b54203,75a91626acba67026735c50d1ee4c9f2e0435cbd
syn_ne_dp_operator_absence_fallback_choice_0864,operator_absence_fallback_choice,AB_CD_choose_template0134,syn_ne_opa_ab_cd_fallback_0036,synthetic,docs/train_ready/numeric_equation_transformation_rules/work_on/synthetic/operator_absence/syn_ne_opa_ab_cd_fallback_0036.txt,1129,AB_CD,?,3664,docs/numeric_equation_decision_point_curriculum/operator_absence_fallback_choice/syn_ne_dp_operator_absence_fallback_choice_0864.txt,78c434c63432a473a00d901743734fb45bc066a3,96314db10ff6348236a6b45b135889f40e1bc0cb
syn_ne_dp_operator_absence_fallback_choice_0865,operator_absence_fallback_choice,AB_CD_choose_template0134,syn_ne_opa_ab_cd_fallback_0039,synthetic,docs/train_ready/numeric_equation_transformation_rules/work_on/synthetic/operator_absence/syn_ne_opa_ab_cd_fallback_0039.txt,1138,AB_CD,},3736,docs/numeric_equation_decision_point_curriculum/operator_absence_fallback_choice/syn_ne_dp_operator_absence_fallback_choice_0865.txt,d83e6e11a21c7f2791a687b4fd51763c14763277,1168b46db3a9e06bd701c82e149a14c4f0ee966e
syn_ne_dp_operator_absence_fallback_choice_0866,operator_absence_fallback_choice,AB_CD_choose_template0134,syn_ne_opa_ab_cd_fallback_0043,synthetic,docs/train_ready/numeric_equation_transformation_rules/work_on/synthetic/operator_absence/syn_ne_opa_ab_cd_fallback_0043.txt,1150,AB_CD,$,3703,docs/numeric_equation_decision_point_curriculum/operator_absence_fallback_choice/syn_ne_dp_operator_absence_fallback_choice_0866.txt,6c982d731928e73069b30931cf9f011a10462dac,9532c005608c6e95980f6e50d3bdd587dd98628e
syn_ne_dp_operator_absence_fallback_choice_0867,operator_absence_fallback_choice,AB_CD_choose_template0134,syn_ne_opa_ab_cd_fallback_0046,synthetic,docs/train_ready/numeric_equation_transformation_rules/work_on/synthetic/operator_absence/syn_ne_opa_ab_cd_fallback_0046.txt,1159,AB_CD,:,3664,docs/numeric_equation_decision_point_curriculum/operator_absence_fallback_choice/syn_ne_dp_operator_absence_fallback_choice_0867.txt,006162b052e12e93da3fee7e563a921bec6c44cd,6bc7fb19eb0269fee7df2e35641ecc8f3da2a547
syn_ne_dp_operator_absence_fallback_choice_0868,operator_absence_fallback_choice,AB_CD_choose_template0134,syn_ne_opa_ab_cd_fallback_0040,synthetic,docs/train_ready/numeric_equation_transformation_rules/work_on/synthetic/operator_absence/syn_ne_opa_ab_cd_fallback_0040.txt,1141,AB_CD,:,3736,docs/numeric_equation_decision_point_curriculum/operator_absence_fallback_choice/syn_ne_dp_operator_absence_fallback_choice_0868.txt,bbf64a10c3e3593e95001605cae0235153def554,e3983acfa4613c21c375e7bb06e45dc83940813d
syn_ne_dp_operator_absence_fallback_choice_0869,operator_absence_fallback_choice,BA_DC_choose_x+y,syn_ne_opa_ba_dc_fallback_0023,synthetic,docs/train_ready/numeric_equation_transformation_rules/work_on/synthetic/operator_absence/syn_ne_opa_ba_dc_fallback_0023.txt,93,BA_DC,&,2757,docs/numeric_equation_decision_point_curriculum/operator_absence_fallback_choice/syn_ne_dp_operator_absence_fallback_choice_0869.txt,06a269f039d986946714e9bbafefbe6b577b2c0d,905315a4aacd2410c1d7eeea5d77cf3519d22327
syn_ne_dp_operator_absence_fallback_choice_0870,operator_absence_fallback_choice,BA_DC_choose_x+y,syn_ne_opa_ba_dc_fallback_0019,synthetic,docs/train_ready/numeric_equation_transformation_rules/work_on/synthetic/operator_absence/syn_ne_opa_ba_dc_fallback_0019.txt,65,BA_DC,@,2757,docs/numeric_equation_decision_point_curriculum/operator_absence_fallback_choice/syn_ne_dp_operator_absence_fallback_choice_0870.txt,f05a4f53d82b51a5a1a084e549e79535307e6693,bcbb4a6c209762dec7e19967256156cdd412813d
syn_ne_dp_operator_absence_fallback_choice_0871,operator_absence_fallback_choice,AB_CD_choose_template0134,syn_ne_opa_ab_cd_fallback_0028,synthetic,docs/train_ready/numeric_equation_transformation_rules/work_on/synthetic/operator_absence/syn_ne_opa_ab_cd_fallback_0028.txt,1094,AB_CD,:,3703,docs/numeric_equation_decision_point_curriculum/operator_absence_fallback_choice/syn_ne_dp_operator_absence_fallback_choice_0871.txt,b4311a969e43029d8dbb0eb9081d731b1abb3e21,906c597fc25175c916bbd8a9dfd8e4c26b1b11e4
syn_ne_dp_operator_absence_fallback_choice_0872,operator_absence_fallback_choice,AB_CD_choose_template0134,syn_ne_opa_ab_cd_fallback_0027,synthetic,docs/train_ready/numeric_equation_transformation_rules/work_on/synthetic/operator_absence/syn_ne_opa_ab_cd_fallback_0027.txt,1091,AB_CD,},3670,docs/numeric_equation_decision_point_curriculum/operator_absence_fallback_choice/syn_ne_dp_operator_absence_fallback_choice_0872.txt,94ef8d8abf817f50be176855e538755d961734de,d5b4f57800f0e6621694099ea155b52dd0437e42
syn_ne_dp_operator_absence_fallback_choice_0873,operator_absence_fallback_choice,BA_DC_choose_x+y,syn_ne_opa_ba_dc_fallback_0008,synthetic,docs/train_ready/numeric_equation_transformation_rules/work_on/synthetic/operator_absence/syn_ne_opa_ba_dc_fallback_0008.txt,76,BA_DC,{,4241,docs/numeric_equation_decision_point_curriculum/operator_absence_fallback_choice/syn_ne_dp_operator_absence_fallback_choice_0873.txt,128681600f480c0b57a89e23b1fb14da72def414,367e2e3a2014c12a470ce1aa9b505f4de1da2aa1
syn_ne_dp_operator_absence_fallback_choice_0874,operator_absence_fallback_choice,AB_CD_choose_template0134,syn_ne_opa_ab_cd_fallback_0025,synthetic,docs/train_ready/numeric_equation_transformation_rules/work_on/synthetic/operator_absence/syn_ne_opa_ab_cd_fallback_0025.txt,1085,AB_CD,$,3736,docs/numeric_equation_decision_point_curriculum/operator_absence_fallback_choice/syn_ne_dp_operator_absence_fallback_choice_0874.txt,74d07a4e1540c95100705d88210cea1d3625887b,7382e1e0d674374fb947ad5587865fce80cf1538
syn_ne_dp_operator_absence_fallback_choice_0875,operator_absence_fallback_choice,AB_CD_choose_template0134,syn_ne_opa_ab_cd_fallback_0034,synthetic,docs/train_ready/numeric_equation_transformation_rules/work_on/synthetic/operator_absence/syn_ne_opa_ab_cd_fallback_0034.txt,1123,AB_CD,:,3736,docs/numeric_equation_decision_point_curriculum/operator_absence_fallback_choice/syn_ne_dp_operator_absence_fallback_choice_0875.txt,f6a983848622233a4f9bae627e72f5e6486b46fc,c4c6c45f123a8befa5d3f5ea616914ba55a25087
syn_ne_dp_operator_absence_fallback_choice_0876,operator_absence_fallback_choice,AB_CD_choose_template0134,syn_ne_opa_ab_cd_fallback_0023,synthetic,docs/train_ready/numeric_equation_transformation_rules/work_on/synthetic/operator_absence/syn_ne_opa_ab_cd_fallback_0023.txt,1079,AB_CD,"""",3703,docs/numeric_equation_decision_point_curriculum/operator_absence_fallback_choice/syn_ne_dp_operator_absence_fallback_choice_0876.txt,099819016d79a5186a7bce0220103de9aecf70c3,37fec6d713df7a44fde3bab8d3a9c3d310d43072
syn_ne_dp_operator_absence_fallback_choice_0877,operator_absence_fallback_choice,BA_DC_choose_x+y,syn_ne_opa_ba_dc_fallback_0012,synthetic,docs/train_ready/numeric_equation_transformation_rules/work_on/synthetic/operator_absence/syn_ne_opa_ba_dc_fallback_0012.txt,05,BA_DC,:,4241,docs/numeric_equation_decision_point_curriculum/operator_absence_fallback_choice/syn_ne_dp_operator_absence_fallback_choice_0877.txt,e891fcf2f05097cc02ee7a2b67e14d28ba73fd84,842cb978a86dbc2bee68b3ddfefcbc95d71552a5
syn_ne_dp_operator_absence_fallback_choice_0878,operator_absence_fallback_choice,AB_CD_choose_template0134,syn_ne_opa_ab_cd_fallback_0042,synthetic,docs/train_ready/numeric_equation_transformation_rules/work_on/synthetic/operator_absence/syn_ne_opa_ab_cd_fallback_0042.txt,1147,AB_CD,?,3664,docs/numeric_equation_decision_point_curriculum/operator_absence_fallback_choice/syn_ne_dp_operator_absence_fallback_choice_0878.txt,71c177ec5f69bc7f7ec57a0266d1c76f96ee8793,4ac1ece536f67bf389a1ce3fd266ba195c35b56f
syn_ne_dp_operator_absence_fallback_choice_0879,operator_absence_fallback_choice,BA_DC_choose_x+y,syn_ne_opa_ba_dc_fallback_0021,synthetic,docs/train_ready/numeric_equation_transformation_rules/work_on/synthetic/operator_absence/syn_ne_opa_ba_dc_fallback_0021.txt,79,BA_DC,$,2757,docs/numeric_equation_decision_point_curriculum/operator_absence_fallback_choice/syn_ne_dp_operator_absence_fallback_choice_0879.txt,c5274fea52413d8566a45144ed92a9f28438fd93,7a2016b8dce4c2c4c379588b228331f735814f54
syn_ne_dp_operator_absence_fallback_choice_0880,operator_absence_fallback_choice,AB_CD_choose_template0134,syn_ne_opa_ab_cd_fallback_0041,synthetic,docs/train_ready/numeric_equation_transformation_rules/work_on/synthetic/operator_absence/syn_ne_opa_ab_cd_fallback_0041.txt,1144,AB_CD,"""",3736,docs/numeric_equation_decision_point_curriculum/operator_absence_fallback_choice/syn_ne_dp_operator_absence_fallback_choice_0880.txt,c4189b331f0e4f6bb4384780aa5f40dbeef910e9,457b724b505af25055b7cee02751d99a028c2b3b
syn_ne_dp_operator_absence_fallback_choice_0881,operator_absence_fallback_choice,BA_DC_choose_x+y,syn_ne_opa_ba_dc_fallback_0017,synthetic,docs/train_ready/numeric_equation_transformation_rules/work_on/synthetic/operator_absence/syn_ne_opa_ba_dc_fallback_0017.txt,51,BA_DC,>,4255,docs/numeric_equation_decision_point_curriculum/operator_absence_fallback_choice/syn_ne_dp_operator_absence_fallback_choice_0881.txt,7bfa349fbb144051d8bde62eb84ee8ac7bca62a8,bac5b9d7891c497a0bbb128b3378d841c75b11b2
syn_ne_dp_operator_absence_fallback_choice_0882,operator_absence_fallback_choice,BA_DC_choose_x+y,syn_ne_opa_ba_dc_fallback_0009,synthetic,docs/train_ready/numeric_equation_transformation_rules/work_on/synthetic/operator_absence/syn_ne_opa_ba_dc_fallback_0009.txt,83,BA_DC,},4228,docs/numeric_equation_decision_point_curriculum/operator_absence_fallback_choice/syn_ne_dp_operator_absence_fallback_choice_0882.txt,44ecabc3912bec66558466ed3d44bb33db3d01cf,3a555e171ef130c2d37afeea9d35b4b769bc9d50
syn_ne_dp_operator_absence_fallback_choice_0883,operator_absence_fallback_choice,AB_CD_choose_template0134,syn_ne_opa_ab_cd_fallback_0020,synthetic,docs/train_ready/numeric_equation_transformation_rules/work_on/synthetic/operator_absence/syn_ne_opa_ab_cd_fallback_0020.txt,1070,AB_CD,[,3736,docs/numeric_equation_decision_point_curriculum/operator_absence_fallback_choice/syn_ne_dp_operator_absence_fallback_choice_0883.txt,8a1ab229c6937fbe5ea6b6ad74d3b8fd894a85fc,e682f684d6e38bd98a4b38cc847e0ef34e6a12bb
syn_ne_dp_operator_absence_fallback_choice_0884,operator_absence_fallback_choice,AB_CD_choose_template0134,syn_ne_opa_ab_cd_fallback_0033,synthetic,docs/train_ready/numeric_equation_transformation_rules/work_on/synthetic/operator_absence/syn_ne_opa_ab_cd_fallback_0033.txt,1120,AB_CD,},3703,docs/numeric_equation_decision_point_curriculum/operator_absence_fallback_choice/syn_ne_dp_operator_absence_fallback_choice_0884.txt,df2932a41048fc4ab8881cb47f14a4fec83ca0d4,5d69ad7b9e479ae52639ad0dc5f80188500d8da1
syn_ne_dp_operator_absence_fallback_choice_0885,operator_absence_fallback_choice,AB_CD_choose_template0134,syn_ne_opa_ab_cd_fallback_0045,synthetic,docs/train_ready/numeric_equation_transformation_rules/work_on/synthetic/operator_absence/syn_ne_opa_ab_cd_fallback_0045.txt,1156,AB_CD,},3736,docs/numeric_equation_decision_point_curriculum/operator_absence_fallback_choice/syn_ne_dp_operator_absence_fallback_choice_0885.txt,91e010f6f4396a90b2fa9c0e38daf9af5d59226c,5474e9c622dacc38cbe4fc1707ae30cb7abd3fc4
syn_ne_dp_operator_absence_fallback_choice_0886,operator_absence_fallback_choice,AB_CD_choose_template0134,syn_ne_opa_ab_cd_fallback_0029,synthetic,docs/train_ready/numeric_equation_transformation_rules/work_on/synthetic/operator_absence/syn_ne_opa_ab_cd_fallback_0029.txt,1097,AB_CD,"""",3736,docs/numeric_equation_decision_point_curriculum/operator_absence_fallback_choice/syn_ne_dp_operator_absence_fallback_choice_0886.txt,787f5f906128a5561f4c80f4f1dc6e149c2e52c3,c831e2e09340b901396d163cf5a257b3fa8647a5
syn_ne_dp_operator_absence_fallback_choice_0887,operator_absence_fallback_choice,BA_DC_choose_x+y,syn_ne_opa_ba_dc_fallback_0002,synthetic,docs/train_ready/numeric_equation_transformation_rules/work_on/synthetic/operator_absence/syn_ne_opa_ba_dc_fallback_0002.txt,34,BA_DC,#,4241,docs/numeric_equation_decision_point_curriculum/operator_absence_fallback_choice/syn_ne_dp_operator_absence_fallback_choice_0887.txt,93bd1f18fb3aceb7d3a17864f9b9da5165e89f0b,595ca17af32dd1a5d8359f5b9e7e931f37871aa4
syn_ne_dp_operator_absence_fallback_choice_0888,operator_absence_fallback_choice,AB_CD_choose_template0134,syn_ne_opa_ab_cd_fallback_0037,synthetic,docs/train_ready/numeric_equation_transformation_rules/work_on/synthetic/operator_absence/syn_ne_opa_ab_cd_fallback_0037.txt,1132,AB_CD,$,3670,docs/numeric_equation_decision_point_curriculum/operator_absence_fallback_choice/syn_ne_dp_operator_absence_fallback_choice_0888.txt,1235695113fbffdac20eba4883a604a3f697e377,d7b714efba2762558c90113976d4e9e952ec2d09
syn_ne_dp_operator_absence_fallback_choice_0889,operator_absence_fallback_choice,AB_CD_choose_template0134,syn_ne_opa_ab_cd_fallback_0019,synthetic,docs/train_ready/numeric_equation_transformation_rules/work_on/synthetic/operator_absence/syn_ne_opa_ab_cd_fallback_0019.txt,1067,AB_CD,$,3736,docs/numeric_equation_decision_point_curriculum/operator_absence_fallback_choice/syn_ne_dp_operator_absence_fallback_choice_0889.txt,a845bb32ef66854a1bbc886c90991861c2669cdc,cac9caad328a9dc48d82a0b22097f48a32b03b69
syn_ne_dp_operator_absence_fallback_choice_0890,operator_absence_fallback_choice,BA_DC_choose_x+y,syn_ne_opa_ba_dc_fallback_0025,synthetic,docs/train_ready/numeric_equation_transformation_rules/work_on/synthetic/operator_absence/syn_ne_opa_ba_dc_fallback_0025.txt,08,BA_DC,],2757,docs/numeric_equation_decision_point_curriculum/operator_absence_fallback_choice/syn_ne_dp_operator_absence_fallback_choice_0890.txt,aef9a2542aaeb993e15c91c491ea778e8aa0cd05,354670889a7766223fd768c64ec1d092d43ebd70
syn_ne_dp_operator_absence_fallback_choice_0891,operator_absence_fallback_choice,AB_CD_choose_template0134,syn_ne_opa_ab_cd_fallback_0022,synthetic,docs/train_ready/numeric_equation_transformation_rules/work_on/synthetic/operator_absence/syn_ne_opa_ab_cd_fallback_0022.txt,1076,AB_CD,:,3664,docs/numeric_equation_decision_point_curriculum/operator_absence_fallback_choice/syn_ne_dp_operator_absence_fallback_choice_0891.txt,3271035fc09f269dbafe372650e031218d919881,11fd2a607c61ff0ac325d50e85748090c17f7aaf
syn_ne_dp_operator_absence_fallback_choice_0892,operator_absence_fallback_choice,AB_CD_choose_template0134,syn_ne_opa_ab_cd_fallback_0038,synthetic,docs/train_ready/numeric_equation_transformation_rules/work_on/synthetic/operator_absence/syn_ne_opa_ab_cd_fallback_0038.txt,1135,AB_CD,[,3703,docs/numeric_equation_decision_point_curriculum/operator_absence_fallback_choice/syn_ne_dp_operator_absence_fallback_choice_0892.txt,6ba72fac508c93d92d4f66006fb456d4c6e3ee5e,1530e3c1cac4de3e9f348002cb00228af161e285
syn_ne_dp_operator_absence_fallback_choice_0893,operator_absence_fallback_choice,BA_DC_choose_x+y,syn_ne_opa_ba_dc_fallback_0010,synthetic,docs/train_ready/numeric_equation_transformation_rules/work_on/synthetic/operator_absence/syn_ne_opa_ba_dc_fallback_0010.txt,9,BA_DC,|,4241,docs/numeric_equation_decision_point_curriculum/operator_absence_fallback_choice/syn_ne_dp_operator_absence_fallback_choice_0893.txt,75452fae0f793e579605f9a6128119c06ba435ed,5f1915d187a761e22a418f953c9e064f2fc4e5f1
syn_ne_dp_operator_absence_fallback_choice_0894,operator_absence_fallback_choice,AB_CD_choose_template0134,syn_ne_opa_ab_cd_fallback_0026,synthetic,docs/train_ready/numeric_equation_transformation_rules/work_on/synthetic/operator_absence/syn_ne_opa_ab_cd_fallback_0026.txt,1088,AB_CD,[,3664,docs/numeric_equation_decision_point_curriculum/operator_absence_fallback_choice/syn_ne_dp_operator_absence_fallback_choice_0894.txt,cdc3ce049ec50a8a458b9527ee463608c9d37616,d180de87b5019ae4bc64f2eba4f3acee56d62871
syn_ne_dp_operator_absence_fallback_choice_0895,operator_absence_fallback_choice,AB_CD_choose_template0134,syn_ne_opa_ab_cd_fallback_0030,synthetic,docs/train_ready/numeric_equation_transformation_rules/work_on/synthetic/operator_absence/syn_ne_opa_ab_cd_fallback_0030.txt,1111,AB_CD,?,3736,docs/numeric_equation_decision_point_curriculum/operator_absence_fallback_choice/syn_ne_dp_operator_absence_fallback_choice_0895.txt,a44765e89efb18e32a38772082315918ded61653,85048d244c093354d10054cfb1665d61f044b184
syn_ne_dp_operator_absence_fallback_choice_0896,operator_absence_fallback_choice,AB_CD_choose_template0134,syn_ne_opa_ab_cd_fallback_0032,synthetic,docs/train_ready/numeric_equation_transformation_rules/work_on/synthetic/operator_absence/syn_ne_opa_ab_cd_fallback_0032.txt,1117,AB_CD,[,3664,docs/numeric_equation_decision_point_curriculum/operator_absence_fallback_choice/syn_ne_dp_operator_absence_fallback_choice_0896.txt,6cb9f44ca766f124f3817d3276e0ebfd70abd88a,d0340289c6c478c0ff73b1edee2e436ec9022973
syn_ne_dp_operator_absence_fallback_choice_0897,operator_absence_fallback_choice,BA_DC_choose_x+y,syn_ne_opa_ba_dc_fallback_0013,synthetic,docs/train_ready/numeric_equation_transformation_rules/work_on/synthetic/operator_absence/syn_ne_opa_ba_dc_fallback_0013.txt,23,BA_DC,`,4232,docs/numeric_equation_decision_point_curriculum/operator_absence_fallback_choice/syn_ne_dp_operator_absence_fallback_choice_0897.txt,f8bc4ed4d0aa650f52a2f6b0ef76a0c73f679c79,c0f90a48e53eb5fd6a680f009757e4b6b52aa710
syn_ne_dp_operator_absence_fallback_choice_0898,operator_absence_fallback_choice,BA_DC_choose_x+y,syn_ne_opa_ba_dc_fallback_0011,synthetic,docs/train_ready/numeric_equation_transformation_rules/work_on/synthetic/operator_absence/syn_ne_opa_ba_dc_fallback_0011.txt,97,BA_DC,\,4228,docs/numeric_equation_decision_point_curriculum/operator_absence_fallback_choice/syn_ne_dp_operator_absence_fallback_choice_0898.txt,78c51c57976cc3e5397d6ce6db99201b686e4b0a,ea6daa6fd976f27203cd79c8df72bc902e5c5d9d
syn_ne_dp_operator_absence_fallback_choice_0899,operator_absence_fallback_choice,BA_DC_choose_x+y,syn_ne_opa_ba_dc_fallback_0004,synthetic,docs/train_ready/numeric_equation_transformation_rules/work_on/synthetic/operator_absence/syn_ne_opa_ba_dc_fallback_0004.txt,48,BA_DC,^,4264,docs/numeric_equation_decision_point_curriculum/operator_absence_fallback_choice/syn_ne_dp_operator_absence_fallback_choice_0899.txt,5bd2722f89891ba6859d14593fdbb973c18a3657,4f3c2af396f05cd49adb8c4a2c6bf952baad98bb
syn_ne_dp_operator_absence_fallback_choice_0900,operator_absence_fallback_choice,AB_CD_choose_template0134,syn_ne_opa_ab_cd_fallback_0021,synthetic,docs/train_ready/numeric_equation_transformation_rules/work_on/synthetic/operator_absence/syn_ne_opa_ab_cd_fallback_0021.txt,1073,AB_CD,},3736,docs/numeric_equation_decision_point_curriculum/operator_absence_fallback_choice/syn_ne_dp_operator_absence_fallback_choice_0900.txt,1675eed0517ab4bc38b887a45e2daa66c0105c44,db6b28939d10ea707f0e961039c91d15b9353aa8
